{"Lines": [[{"y": "80", "x": "0"}, {"y": "80", "x": "0"}, {"y": "74", "x": "12"}, {"y": "69", "x": "24"}, {"y": "63", "x": "37"}, {"y": "57", "x": "49"}, {"y": "52", "x": "62"}, {"y": "46", "x": "74"}, {"y": "40", "x": "87"}, {"y": "35", "x": "99"}, {"y": "29", "x": "112"}, {"y": "29", "x": "112"}, {"y": "29", "x": "112"}, {"y": "22", "x": "129"}, {"y": "14", "x": "147"}, {"y": "7", "x": "164"}, {"y": "0", "x": "182"}, {"y": "0", "x": "182"}], [{"y": "1", "x": "283"}, {"y": "9", "x": "287"}, {"y": "9", "x": "287"}, {"y": "17", "x": "299"}, {"y": "26", "x": "311"}, {"y": "26", "x": "311"}, {"y": "26", "x": "311"}, {"y": "31", "x": "319"}, {"y": "37", "x": "326"}, {"y": "42", "x": "334"}, {"y": "47", "x": "342"}, {"y": "53", "x": "349"}, {"y": "58", "x": "357"}, {"y": "64", "x": "365"}, {"y": "69", "x": "372"}, {"y": "75", "x": "380"}, {"y": "80", "x": "388"}, {"y": "86", "x": "395"}, {"y": "91", "x": "403"}, {"y": "96", "x": "411"}, {"y": "102", "x": "418"}, {"y": "102", "x": "418"}, {"y": "102", "x": "418"}, {"y": "107", "x": "427"}, {"y": "113", "x": "435"}, {"y": "119", "x": "443"}, {"y": "124", "x": "452"}, {"y": "130", "x": "460"}, {"y": "136", "x": "468"}, {"y": "141", "x": "476"}, {"y": "147", "x": "485"}, {"y": "153", "x": "493"}, {"y": "158", "x": "501"}, {"y": "164", "x": "510"}, {"y": "164", "x": "510"}]]}