{"Lines": [[{"y": "72", "x": "2"}, {"y": "72", "x": "2"}, {"y": "65", "x": "21"}, {"y": "58", "x": "40"}, {"y": "51", "x": "59"}, {"y": "45", "x": "78"}, {"y": "38", "x": "97"}, {"y": "38", "x": "97"}, {"y": "31", "x": "118"}, {"y": "25", "x": "139"}, {"y": "19", "x": "161"}, {"y": "12", "x": "182"}, {"y": "6", "x": "203"}, {"y": "0", "x": "225"}], [{"y": "26", "x": "355"}, {"y": "26", "x": "355"}, {"y": "17", "x": "356"}, {"y": "17", "x": "356"}, {"y": "36", "x": "357"}, {"y": "36", "x": "357"}, {"y": "36", "x": "357"}, {"y": "7", "x": "361"}, {"y": "7", "x": "361"}, {"y": "7", "x": "361"}, {"y": "45", "x": "361"}, {"y": "54", "x": "366"}, {"y": "54", "x": "366"}, {"y": "54", "x": "366"}, {"y": "0", "x": "367"}, {"y": "61", "x": "370"}, {"y": "67", "x": "374"}, {"y": "74", "x": "379"}, {"y": "80", "x": "383"}, {"y": "86", "x": "388"}, {"y": "86", "x": "388"}, {"y": "86", "x": "388"}, {"y": "92", "x": "392"}, {"y": "98", "x": "397"}, {"y": "103", "x": "402"}, {"y": "109", "x": "406"}, {"y": "114", "x": "411"}, {"y": "120", "x": "416"}, {"y": "125", "x": "420"}, {"y": "131", "x": "425"}, {"y": "136", "x": "430"}, {"y": "142", "x": "434"}, {"y": "148", "x": "439"}, {"y": "153", "x": "443"}, {"y": "159", "x": "448"}, {"y": "164", "x": "453"}, {"y": "164", "x": "453"}, {"y": "164", "x": "453"}, {"y": "170", "x": "458"}, {"y": "175", "x": "463"}, {"y": "181", "x": "469"}, {"y": "186", "x": "474"}, {"y": "192", "x": "479"}, {"y": "197", "x": "484"}, {"y": "203", "x": "490"}, {"y": "208", "x": "495"}, {"y": "214", "x": "500"}, {"y": "219", "x": "505"}, {"y": "225", "x": "511"}]]}