{"Lines": [[{"y": "77", "x": "1"}, {"y": "77", "x": "1"}, {"y": "70", "x": "21"}, {"y": "63", "x": "41"}, {"y": "56", "x": "61"}, {"y": "49", "x": "81"}, {"y": "42", "x": "101"}, {"y": "42", "x": "101"}, {"y": "42", "x": "101"}, {"y": "37", "x": "119"}, {"y": "31", "x": "138"}, {"y": "25", "x": "156"}, {"y": "19", "x": "174"}, {"y": "13", "x": "193"}, {"y": "7", "x": "211"}, {"y": "2", "x": "230"}, {"y": "2", "x": "230"}], [{"y": "1", "x": "376"}, {"y": "8", "x": "376"}, {"y": "15", "x": "376"}, {"y": "22", "x": "376"}, {"y": "22", "x": "376"}, {"y": "30", "x": "378"}, {"y": "39", "x": "380"}, {"y": "39", "x": "380"}, {"y": "39", "x": "380"}, {"y": "45", "x": "384"}, {"y": "51", "x": "388"}, {"y": "57", "x": "391"}, {"y": "63", "x": "395"}, {"y": "69", "x": "398"}, {"y": "75", "x": "402"}, {"y": "81", "x": "406"}, {"y": "81", "x": "406"}, {"y": "87", "x": "410"}, {"y": "92", "x": "414"}, {"y": "97", "x": "419"}, {"y": "102", "x": "423"}, {"y": "108", "x": "428"}, {"y": "113", "x": "432"}, {"y": "118", "x": "436"}, {"y": "124", "x": "441"}, {"y": "129", "x": "445"}, {"y": "134", "x": "449"}, {"y": "140", "x": "454"}, {"y": "145", "x": "458"}, {"y": "150", "x": "462"}, {"y": "155", "x": "467"}, {"y": "161", "x": "471"}, {"y": "166", "x": "476"}, {"y": "171", "x": "480"}, {"y": "177", "x": "484"}, {"y": "182", "x": "489"}, {"y": "187", "x": "493"}, {"y": "193", "x": "497"}, {"y": "198", "x": "502"}, {"y": "203", "x": "506"}, {"y": "209", "x": "511"}]]}