{"Lines": [[{"y": "254", "x": "326"}, {"y": "249", "x": "327"}, {"y": "243", "x": "328"}, {"y": "238", "x": "328"}, {"y": "233", "x": "329"}, {"y": "227", "x": "330"}, {"y": "222", "x": "331"}, {"y": "217", "x": "331"}, {"y": "211", "x": "332"}, {"y": "206", "x": "333"}, {"y": "201", "x": "333"}, {"y": "195", "x": "334"}, {"y": "190", "x": "335"}, {"y": "185", "x": "336"}, {"y": "179", "x": "336"}, {"y": "174", "x": "337"}, {"y": "169", "x": "338"}, {"y": "163", "x": "338"}, {"y": "158", "x": "339"}, {"y": "153", "x": "340"}, {"y": "147", "x": "341"}, {"y": "142", "x": "341"}, {"y": "137", "x": "342"}, {"y": "131", "x": "343"}, {"y": "126", "x": "343"}, {"y": "121", "x": "344"}, {"y": "115", "x": "345"}, {"y": "110", "x": "346"}, {"y": "110", "x": "346"}, {"y": "110", "x": "346"}, {"y": "104", "x": "347"}, {"y": "99", "x": "348"}, {"y": "93", "x": "349"}, {"y": "88", "x": "350"}, {"y": "82", "x": "351"}, {"y": "76", "x": "352"}, {"y": "71", "x": "353"}, {"y": "65", "x": "354"}, {"y": "60", "x": "355"}, {"y": "54", "x": "356"}, {"y": "49", "x": "357"}, {"y": "43", "x": "359"}, {"y": "37", "x": "361"}, {"y": "31", "x": "364"}, {"y": "25", "x": "366"}, {"y": "19", "x": "368"}, {"y": "13", "x": "370"}, {"y": "13", "x": "370"}], [{"y": "145", "x": "3"}, {"y": "145", "x": "3"}, {"y": "139", "x": "14"}, {"y": "134", "x": "26"}, {"y": "128", "x": "37"}, {"y": "123", "x": "48"}, {"y": "117", "x": "60"}, {"y": "112", "x": "71"}, {"y": "106", "x": "82"}, {"y": "101", "x": "93"}, {"y": "95", "x": "105"}, {"y": "90", "x": "116"}, {"y": "84", "x": "127"}, {"y": "79", "x": "139"}, {"y": "73", "x": "150"}, {"y": "68", "x": "161"}, {"y": "62", "x": "172"}, {"y": "62", "x": "172"}, {"y": "62", "x": "172"}, {"y": "57", "x": "185"}, {"y": "51", "x": "198"}, {"y": "46", "x": "211"}, {"y": "40", "x": "223"}, {"y": "35", "x": "236"}, {"y": "29", "x": "249"}, {"y": "24", "x": "261"}, {"y": "19", "x": "274"}, {"y": "13", "x": "287"}, {"y": "8", "x": "300"}, {"y": "2", "x": "312"}, {"y": "2", "x": "312"}]]}