{"Lines": [[{"y": "84", "x": "3"}, {"y": "84", "x": "3"}, {"y": "78", "x": "19"}, {"y": "72", "x": "34"}, {"y": "66", "x": "50"}, {"y": "59", "x": "66"}, {"y": "53", "x": "81"}, {"y": "47", "x": "97"}, {"y": "41", "x": "113"}, {"y": "41", "x": "113"}, {"y": "41", "x": "113"}, {"y": "35", "x": "128"}, {"y": "29", "x": "143"}, {"y": "23", "x": "158"}, {"y": "16", "x": "173"}, {"y": "10", "x": "189"}, {"y": "4", "x": "204"}, {"y": "4", "x": "204"}], [{"y": "3", "x": "332"}, {"y": "3", "x": "332"}, {"y": "9", "x": "338"}, {"y": "15", "x": "344"}, {"y": "21", "x": "350"}, {"y": "27", "x": "356"}, {"y": "33", "x": "362"}, {"y": "39", "x": "368"}, {"y": "45", "x": "374"}, {"y": "51", "x": "380"}, {"y": "51", "x": "380"}, {"y": "51", "x": "380"}, {"y": "57", "x": "385"}, {"y": "62", "x": "391"}, {"y": "67", "x": "397"}, {"y": "73", "x": "402"}, {"y": "78", "x": "408"}, {"y": "84", "x": "414"}, {"y": "89", "x": "419"}, {"y": "94", "x": "425"}, {"y": "100", "x": "431"}, {"y": "105", "x": "436"}, {"y": "111", "x": "442"}, {"y": "116", "x": "448"}, {"y": "121", "x": "454"}, {"y": "127", "x": "459"}, {"y": "132", "x": "465"}, {"y": "138", "x": "471"}, {"y": "143", "x": "476"}, {"y": "148", "x": "482"}, {"y": "154", "x": "488"}, {"y": "159", "x": "493"}, {"y": "165", "x": "499"}, {"y": "170", "x": "505"}, {"y": "176", "x": "511"}, {"y": "176", "x": "511"}]]}