{"Lines": [[{"y": "255", "x": "20"}, {"y": "255", "x": "20"}, {"y": "249", "x": "24"}, {"y": "244", "x": "29"}, {"y": "239", "x": "34"}, {"y": "233", "x": "39"}, {"y": "228", "x": "44"}, {"y": "223", "x": "49"}, {"y": "217", "x": "53"}, {"y": "212", "x": "58"}, {"y": "207", "x": "63"}, {"y": "202", "x": "68"}, {"y": "196", "x": "73"}, {"y": "191", "x": "78"}, {"y": "186", "x": "83"}, {"y": "180", "x": "87"}, {"y": "175", "x": "92"}, {"y": "170", "x": "97"}, {"y": "165", "x": "102"}, {"y": "159", "x": "107"}, {"y": "154", "x": "112"}, {"y": "149", "x": "117"}, {"y": "143", "x": "121"}, {"y": "138", "x": "126"}, {"y": "133", "x": "131"}, {"y": "128", "x": "136"}, {"y": "122", "x": "141"}, {"y": "117", "x": "146"}, {"y": "112", "x": "151"}, {"y": "106", "x": "155"}, {"y": "106", "x": "155"}, {"y": "106", "x": "155"}, {"y": "101", "x": "160"}, {"y": "95", "x": "164"}, {"y": "90", "x": "169"}, {"y": "84", "x": "174"}, {"y": "79", "x": "178"}, {"y": "74", "x": "183"}, {"y": "68", "x": "187"}, {"y": "63", "x": "192"}, {"y": "57", "x": "196"}, {"y": "52", "x": "201"}, {"y": "46", "x": "205"}, {"y": "41", "x": "210"}, {"y": "35", "x": "214"}, {"y": "30", "x": "219"}, {"y": "24", "x": "223"}, {"y": "19", "x": "228"}, {"y": "13", "x": "233"}, {"y": "13", "x": "233"}], [{"y": "17", "x": "308"}, {"y": "17", "x": "308"}, {"y": "22", "x": "311"}, {"y": "28", "x": "315"}, {"y": "34", "x": "319"}, {"y": "39", "x": "323"}, {"y": "45", "x": "327"}, {"y": "50", "x": "330"}, {"y": "56", "x": "334"}, {"y": "61", "x": "338"}, {"y": "67", "x": "342"}, {"y": "72", "x": "346"}, {"y": "78", "x": "349"}, {"y": "78", "x": "350"}, {"y": "78", "x": "350"}, {"y": "83", "x": "353"}, {"y": "88", "x": "356"}, {"y": "94", "x": "360"}, {"y": "99", "x": "363"}, {"y": "104", "x": "367"}, {"y": "109", "x": "370"}, {"y": "114", "x": "373"}, {"y": "119", "x": "377"}, {"y": "125", "x": "380"}, {"y": "130", "x": "384"}, {"y": "135", "x": "387"}, {"y": "140", "x": "390"}, {"y": "145", "x": "394"}, {"y": "151", "x": "397"}, {"y": "156", "x": "401"}, {"y": "161", "x": "404"}, {"y": "166", "x": "407"}, {"y": "171", "x": "411"}, {"y": "177", "x": "414"}, {"y": "182", "x": "418"}, {"y": "187", "x": "421"}, {"y": "192", "x": "424"}, {"y": "197", "x": "428"}, {"y": "203", "x": "431"}, {"y": "208", "x": "435"}, {"y": "213", "x": "438"}, {"y": "218", "x": "441"}, {"y": "223", "x": "445"}, {"y": "228", "x": "448"}, {"y": "234", "x": "452"}, {"y": "239", "x": "455"}, {"y": "244", "x": "458"}, {"y": "249", "x": "462"}, {"y": "254", "x": "465"}, {"y": "254", "x": "465"}], [{"y": "83", "x": "0"}, {"y": "83", "x": "0"}, {"y": "76", "x": "17"}, {"y": "69", "x": "34"}, {"y": "62", "x": "51"}, {"y": "55", "x": "68"}, {"y": "49", "x": "84"}, {"y": "49", "x": "84"}, {"y": "49", "x": "84"}, {"y": "43", "x": "99"}, {"y": "37", "x": "113"}, {"y": "31", "x": "127"}, {"y": "25", "x": "141"}, {"y": "19", "x": "156"}, {"y": "13", "x": "170"}, {"y": "13", "x": "170"}]]}