{"Lines": [[{"y": "254", "x": "76"}, {"y": "254", "x": "76"}, {"y": "249", "x": "78"}, {"y": "243", "x": "80"}, {"y": "238", "x": "82"}, {"y": "233", "x": "84"}, {"y": "227", "x": "86"}, {"y": "222", "x": "89"}, {"y": "217", "x": "91"}, {"y": "211", "x": "93"}, {"y": "206", "x": "95"}, {"y": "201", "x": "97"}, {"y": "196", "x": "99"}, {"y": "190", "x": "101"}, {"y": "185", "x": "103"}, {"y": "180", "x": "105"}, {"y": "174", "x": "107"}, {"y": "169", "x": "109"}, {"y": "164", "x": "112"}, {"y": "159", "x": "114"}, {"y": "153", "x": "116"}, {"y": "148", "x": "118"}, {"y": "148", "x": "118"}, {"y": "148", "x": "118"}, {"y": "142", "x": "120"}, {"y": "137", "x": "122"}, {"y": "131", "x": "124"}, {"y": "125", "x": "126"}, {"y": "120", "x": "128"}, {"y": "114", "x": "130"}, {"y": "108", "x": "132"}, {"y": "103", "x": "133"}, {"y": "97", "x": "135"}, {"y": "91", "x": "137"}, {"y": "86", "x": "139"}, {"y": "86", "x": "139"}, {"y": "80", "x": "141"}, {"y": "73", "x": "144"}, {"y": "67", "x": "146"}, {"y": "61", "x": "148"}, {"y": "61", "x": "148"}, {"y": "61", "x": "148"}, {"y": "52", "x": "149"}, {"y": "44", "x": "150"}, {"y": "36", "x": "152"}, {"y": "36", "x": "152"}], [{"y": "30", "x": "231"}, {"y": "30", "x": "231"}, {"y": "37", "x": "247"}, {"y": "44", "x": "264"}, {"y": "51", "x": "281"}, {"y": "51", "x": "281"}, {"y": "51", "x": "281"}, {"y": "57", "x": "290"}, {"y": "63", "x": "300"}, {"y": "68", "x": "309"}, {"y": "74", "x": "319"}, {"y": "80", "x": "328"}, {"y": "86", "x": "338"}, {"y": "91", "x": "347"}, {"y": "91", "x": "347"}, {"y": "97", "x": "355"}, {"y": "102", "x": "363"}, {"y": "108", "x": "372"}, {"y": "113", "x": "380"}, {"y": "119", "x": "388"}, {"y": "124", "x": "396"}, {"y": "129", "x": "404"}, {"y": "135", "x": "412"}, {"y": "140", "x": "420"}, {"y": "146", "x": "428"}, {"y": "151", "x": "437"}, {"y": "157", "x": "445"}, {"y": "162", "x": "453"}, {"y": "168", "x": "461"}, {"y": "173", "x": "469"}, {"y": "178", "x": "477"}, {"y": "184", "x": "485"}, {"y": "189", "x": "493"}, {"y": "195", "x": "502"}, {"y": "200", "x": "510"}, {"y": "200", "x": "510"}], [{"y": "70", "x": "1"}, {"y": "70", "x": "1"}, {"y": "62", "x": "20"}, {"y": "55", "x": "39"}, {"y": "47", "x": "58"}, {"y": "47", "x": "58"}, {"y": "47", "x": "58"}, {"y": "33", "x": "93"}]]}