{"Lines": [[{"y": "73", "x": "1"}, {"y": "73", "x": "1"}, {"y": "68", "x": "15"}, {"y": "62", "x": "29"}, {"y": "56", "x": "43"}, {"y": "50", "x": "56"}, {"y": "44", "x": "70"}, {"y": "38", "x": "84"}, {"y": "38", "x": "84"}, {"y": "38", "x": "84"}, {"y": "32", "x": "98"}, {"y": "25", "x": "113"}, {"y": "19", "x": "127"}, {"y": "13", "x": "141"}, {"y": "7", "x": "155"}, {"y": "0", "x": "170"}, {"y": "0", "x": "170"}], [{"y": "255", "x": "61"}, {"y": "255", "x": "62"}, {"y": "249", "x": "65"}, {"y": "243", "x": "69"}, {"y": "238", "x": "73"}, {"y": "232", "x": "76"}, {"y": "227", "x": "80"}, {"y": "221", "x": "84"}, {"y": "216", "x": "87"}, {"y": "210", "x": "91"}, {"y": "205", "x": "95"}, {"y": "199", "x": "99"}, {"y": "194", "x": "102"}, {"y": "188", "x": "106"}, {"y": "188", "x": "106"}, {"y": "183", "x": "109"}, {"y": "178", "x": "113"}, {"y": "172", "x": "116"}, {"y": "167", "x": "120"}, {"y": "162", "x": "123"}, {"y": "157", "x": "127"}, {"y": "152", "x": "130"}, {"y": "146", "x": "133"}, {"y": "141", "x": "137"}, {"y": "136", "x": "140"}, {"y": "131", "x": "144"}, {"y": "126", "x": "147"}, {"y": "120", "x": "151"}, {"y": "115", "x": "154"}, {"y": "110", "x": "158"}, {"y": "105", "x": "161"}, {"y": "99", "x": "164"}, {"y": "94", "x": "168"}, {"y": "89", "x": "171"}, {"y": "84", "x": "175"}, {"y": "79", "x": "178"}, {"y": "73", "x": "182"}, {"y": "68", "x": "185"}, {"y": "63", "x": "188"}, {"y": "63", "x": "188"}, {"y": "57", "x": "192"}, {"y": "51", "x": "196"}, {"y": "45", "x": "199"}, {"y": "39", "x": "203"}, {"y": "34", "x": "207"}, {"y": "28", "x": "210"}, {"y": "22", "x": "214"}, {"y": "16", "x": "217"}, {"y": "10", "x": "221"}, {"y": "4", "x": "225"}], [{"y": "0", "x": "285"}, {"y": "0", "x": "285"}, {"y": "6", "x": "292"}, {"y": "12", "x": "298"}, {"y": "18", "x": "305"}, {"y": "24", "x": "311"}, {"y": "30", "x": "318"}, {"y": "36", "x": "324"}, {"y": "36", "x": "324"}, {"y": "36", "x": "324"}, {"y": "41", "x": "330"}, {"y": "47", "x": "336"}, {"y": "52", "x": "342"}, {"y": "58", "x": "348"}, {"y": "63", "x": "354"}, {"y": "69", "x": "360"}, {"y": "74", "x": "366"}, {"y": "80", "x": "372"}, {"y": "85", "x": "378"}, {"y": "91", "x": "384"}, {"y": "96", "x": "390"}, {"y": "102", "x": "396"}, {"y": "107", "x": "402"}, {"y": "113", "x": "408"}, {"y": "118", "x": "414"}, {"y": "124", "x": "420"}, {"y": "129", "x": "426"}, {"y": "135", "x": "432"}, {"y": "135", "x": "432"}, {"y": "135", "x": "432"}, {"y": "140", "x": "438"}, {"y": "146", "x": "444"}, {"y": "151", "x": "450"}, {"y": "157", "x": "456"}, {"y": "162", "x": "462"}, {"y": "168", "x": "468"}, {"y": "173", "x": "474"}, {"y": "179", "x": "480"}, {"y": "184", "x": "486"}, {"y": "190", "x": "492"}, {"y": "195", "x": "498"}, {"y": "201", "x": "504"}, {"y": "206", "x": "510"}, {"y": "206", "x": "510"}]]}