{"Lines": [[{"y": "76", "x": "1"}, {"y": "76", "x": "1"}, {"y": "69", "x": "16"}, {"y": "63", "x": "31"}, {"y": "56", "x": "46"}, {"y": "50", "x": "60"}, {"y": "44", "x": "75"}, {"y": "37", "x": "90"}, {"y": "37", "x": "90"}, {"y": "37", "x": "90"}, {"y": "31", "x": "103"}, {"y": "25", "x": "117"}, {"y": "18", "x": "130"}, {"y": "12", "x": "143"}, {"y": "6", "x": "156"}, {"y": "0", "x": "169"}, {"y": "0", "x": "170"}], [{"y": "255", "x": "104"}, {"y": "255", "x": "105"}, {"y": "249", "x": "107"}, {"y": "244", "x": "109"}, {"y": "239", "x": "112"}, {"y": "233", "x": "114"}, {"y": "228", "x": "117"}, {"y": "223", "x": "119"}, {"y": "218", "x": "122"}, {"y": "212", "x": "124"}, {"y": "207", "x": "127"}, {"y": "202", "x": "129"}, {"y": "197", "x": "132"}, {"y": "191", "x": "134"}, {"y": "186", "x": "137"}, {"y": "181", "x": "139"}, {"y": "176", "x": "142"}, {"y": "170", "x": "144"}, {"y": "165", "x": "146"}, {"y": "160", "x": "149"}, {"y": "155", "x": "151"}, {"y": "149", "x": "154"}, {"y": "144", "x": "156"}, {"y": "139", "x": "159"}, {"y": "133", "x": "161"}, {"y": "128", "x": "164"}, {"y": "123", "x": "166"}, {"y": "118", "x": "169"}, {"y": "112", "x": "171"}, {"y": "107", "x": "174"}, {"y": "102", "x": "176"}, {"y": "97", "x": "179"}, {"y": "91", "x": "181"}, {"y": "86", "x": "183"}, {"y": "86", "x": "183"}, {"y": "86", "x": "183"}, {"y": "81", "x": "186"}, {"y": "75", "x": "189"}, {"y": "70", "x": "191"}, {"y": "64", "x": "194"}, {"y": "58", "x": "197"}, {"y": "53", "x": "199"}, {"y": "47", "x": "202"}, {"y": "42", "x": "204"}, {"y": "36", "x": "207"}, {"y": "31", "x": "210"}, {"y": "25", "x": "212"}, {"y": "20", "x": "215"}, {"y": "14", "x": "217"}, {"y": "9", "x": "220"}, {"y": "3", "x": "223"}], [{"y": "0", "x": "283"}, {"y": "7", "x": "291"}, {"y": "14", "x": "300"}, {"y": "21", "x": "309"}, {"y": "28", "x": "317"}, {"y": "35", "x": "326"}, {"y": "35", "x": "326"}, {"y": "40", "x": "333"}, {"y": "46", "x": "340"}, {"y": "52", "x": "347"}, {"y": "57", "x": "354"}, {"y": "63", "x": "361"}, {"y": "69", "x": "369"}, {"y": "74", "x": "376"}, {"y": "80", "x": "383"}, {"y": "85", "x": "390"}, {"y": "91", "x": "397"}, {"y": "97", "x": "404"}, {"y": "102", "x": "411"}, {"y": "108", "x": "418"}, {"y": "114", "x": "425"}, {"y": "119", "x": "433"}, {"y": "119", "x": "433"}, {"y": "125", "x": "440"}, {"y": "131", "x": "447"}, {"y": "136", "x": "454"}, {"y": "142", "x": "461"}, {"y": "147", "x": "468"}, {"y": "153", "x": "475"}, {"y": "158", "x": "482"}, {"y": "164", "x": "489"}, {"y": "169", "x": "496"}, {"y": "175", "x": "503"}, {"y": "181", "x": "510"}, {"y": "181", "x": "511"}]]}