{"Lines": [[{"y": "56", "x": "2"}, {"y": "56", "x": "2"}, {"y": "48", "x": "21"}, {"y": "40", "x": "41"}, {"y": "33", "x": "60"}, {"y": "33", "x": "60"}, {"y": "33", "x": "60"}, {"y": "25", "x": "77"}, {"y": "17", "x": "94"}, {"y": "17", "x": "94"}], [{"y": "226", "x": "1"}, {"y": "226", "x": "1"}, {"y": "220", "x": "6"}, {"y": "214", "x": "11"}, {"y": "208", "x": "16"}, {"y": "203", "x": "21"}, {"y": "197", "x": "26"}, {"y": "191", "x": "30"}, {"y": "185", "x": "35"}, {"y": "185", "x": "35"}, {"y": "185", "x": "35"}, {"y": "180", "x": "40"}, {"y": "174", "x": "45"}, {"y": "169", "x": "50"}, {"y": "163", "x": "55"}, {"y": "158", "x": "60"}, {"y": "152", "x": "65"}, {"y": "147", "x": "70"}, {"y": "141", "x": "75"}, {"y": "135", "x": "80"}, {"y": "130", "x": "86"}, {"y": "124", "x": "91"}, {"y": "119", "x": "96"}, {"y": "113", "x": "101"}, {"y": "108", "x": "106"}, {"y": "102", "x": "111"}, {"y": "97", "x": "116"}, {"y": "91", "x": "121"}, {"y": "86", "x": "126"}, {"y": "80", "x": "131"}, {"y": "80", "x": "131"}, {"y": "74", "x": "136"}, {"y": "68", "x": "141"}, {"y": "62", "x": "145"}, {"y": "56", "x": "150"}, {"y": "50", "x": "155"}, {"y": "44", "x": "160"}, {"y": "39", "x": "165"}, {"y": "33", "x": "170"}, {"y": "33", "x": "170"}, {"y": "33", "x": "170"}, {"y": "25", "x": "174"}, {"y": "18", "x": "178"}, {"y": "11", "x": "183"}, {"y": "4", "x": "187"}, {"y": "4", "x": "187"}], [{"y": "1", "x": "243"}, {"y": "1", "x": "243"}, {"y": "10", "x": "256"}, {"y": "18", "x": "269"}, {"y": "18", "x": "269"}, {"y": "24", "x": "275"}, {"y": "30", "x": "281"}, {"y": "37", "x": "286"}, {"y": "43", "x": "292"}, {"y": "49", "x": "298"}, {"y": "56", "x": "304"}, {"y": "56", "x": "304"}, {"y": "61", "x": "308"}, {"y": "66", "x": "313"}, {"y": "72", "x": "318"}, {"y": "77", "x": "322"}, {"y": "82", "x": "327"}, {"y": "88", "x": "332"}, {"y": "93", "x": "336"}, {"y": "98", "x": "341"}, {"y": "103", "x": "345"}, {"y": "109", "x": "350"}, {"y": "114", "x": "355"}, {"y": "119", "x": "359"}, {"y": "125", "x": "364"}, {"y": "130", "x": "369"}, {"y": "135", "x": "373"}, {"y": "141", "x": "378"}, {"y": "146", "x": "383"}, {"y": "151", "x": "387"}, {"y": "157", "x": "392"}, {"y": "162", "x": "396"}, {"y": "167", "x": "401"}, {"y": "172", "x": "406"}, {"y": "172", "x": "406"}, {"y": "178", "x": "410"}, {"y": "183", "x": "415"}, {"y": "189", "x": "419"}, {"y": "194", "x": "424"}, {"y": "200", "x": "429"}, {"y": "205", "x": "433"}, {"y": "211", "x": "438"}, {"y": "216", "x": "442"}, {"y": "222", "x": "447"}, {"y": "227", "x": "452"}, {"y": "233", "x": "456"}, {"y": "238", "x": "461"}, {"y": "244", "x": "465"}, {"y": "249", "x": "470"}, {"y": "255", "x": "475"}]]}