{"Lines": [[{"y": "167", "x": "0"}, {"y": "167", "x": "0"}, {"y": "161", "x": "7"}, {"y": "156", "x": "13"}, {"y": "151", "x": "20"}, {"y": "145", "x": "26"}, {"y": "140", "x": "33"}, {"y": "134", "x": "39"}, {"y": "129", "x": "46"}, {"y": "123", "x": "52"}, {"y": "118", "x": "59"}, {"y": "112", "x": "65"}, {"y": "107", "x": "72"}, {"y": "101", "x": "78"}, {"y": "96", "x": "84"}, {"y": "91", "x": "91"}, {"y": "85", "x": "97"}, {"y": "80", "x": "104"}, {"y": "74", "x": "110"}, {"y": "69", "x": "117"}, {"y": "63", "x": "123"}, {"y": "58", "x": "130"}, {"y": "52", "x": "136"}, {"y": "47", "x": "143"}, {"y": "47", "x": "143"}, {"y": "40", "x": "148"}, {"y": "33", "x": "153"}, {"y": "26", "x": "158"}, {"y": "26", "x": "158"}, {"y": "1", "x": "158"}, {"y": "1", "x": "158"}, {"y": "12", "x": "162"}, {"y": "12", "x": "162"}, {"y": "12", "x": "162"}], [{"y": "3", "x": "300"}, {"y": "3", "x": "300"}, {"y": "10", "x": "322"}, {"y": "17", "x": "344"}, {"y": "24", "x": "366"}, {"y": "30", "x": "381"}, {"y": "36", "x": "395"}, {"y": "42", "x": "409"}, {"y": "48", "x": "423"}, {"y": "53", "x": "438"}, {"y": "59", "x": "452"}, {"y": "65", "x": "466"}, {"y": "71", "x": "480"}, {"y": "77", "x": "495"}, {"y": "83", "x": "509"}, {"y": "83", "x": "509"}]]}