{"Lines": [[{"y": "72", "x": "1"}, {"y": "72", "x": "1"}, {"y": "66", "x": "16"}, {"y": "60", "x": "32"}, {"y": "54", "x": "47"}, {"y": "47", "x": "62"}, {"y": "41", "x": "78"}, {"y": "41", "x": "78"}, {"y": "41", "x": "78"}, {"y": "35", "x": "94"}, {"y": "28", "x": "110"}, {"y": "22", "x": "126"}, {"y": "16", "x": "142"}, {"y": "9", "x": "158"}], [{"y": "230", "x": "0"}, {"y": "230", "x": "0"}, {"y": "225", "x": "6"}, {"y": "219", "x": "12"}, {"y": "213", "x": "18"}, {"y": "207", "x": "24"}, {"y": "202", "x": "30"}, {"y": "196", "x": "36"}, {"y": "190", "x": "42"}, {"y": "184", "x": "48"}, {"y": "179", "x": "54"}, {"y": "173", "x": "60"}, {"y": "167", "x": "66"}, {"y": "167", "x": "66"}, {"y": "167", "x": "66"}, {"y": "162", "x": "72"}, {"y": "156", "x": "77"}, {"y": "151", "x": "83"}, {"y": "146", "x": "88"}, {"y": "140", "x": "94"}, {"y": "135", "x": "99"}, {"y": "129", "x": "105"}, {"y": "124", "x": "110"}, {"y": "119", "x": "116"}, {"y": "113", "x": "121"}, {"y": "108", "x": "127"}, {"y": "102", "x": "132"}, {"y": "97", "x": "138"}, {"y": "92", "x": "143"}, {"y": "86", "x": "149"}, {"y": "81", "x": "154"}, {"y": "75", "x": "159"}, {"y": "70", "x": "165"}, {"y": "65", "x": "170"}, {"y": "65", "x": "170"}, {"y": "65", "x": "170"}, {"y": "59", "x": "176"}, {"y": "53", "x": "181"}, {"y": "48", "x": "187"}, {"y": "42", "x": "192"}, {"y": "37", "x": "198"}, {"y": "31", "x": "203"}, {"y": "25", "x": "208"}, {"y": "20", "x": "214"}, {"y": "14", "x": "219"}, {"y": "9", "x": "225"}, {"y": "9", "x": "225"}], [{"y": "13", "x": "292"}, {"y": "13", "x": "292"}, {"y": "19", "x": "296"}, {"y": "26", "x": "299"}, {"y": "32", "x": "302"}, {"y": "38", "x": "305"}, {"y": "44", "x": "309"}, {"y": "50", "x": "312"}, {"y": "56", "x": "315"}, {"y": "56", "x": "315"}, {"y": "62", "x": "318"}, {"y": "67", "x": "321"}, {"y": "72", "x": "323"}, {"y": "77", "x": "326"}, {"y": "83", "x": "329"}, {"y": "88", "x": "332"}, {"y": "93", "x": "334"}, {"y": "99", "x": "337"}, {"y": "104", "x": "340"}, {"y": "109", "x": "343"}, {"y": "114", "x": "346"}, {"y": "120", "x": "348"}, {"y": "125", "x": "351"}, {"y": "130", "x": "354"}, {"y": "135", "x": "357"}, {"y": "141", "x": "359"}, {"y": "146", "x": "362"}, {"y": "151", "x": "365"}, {"y": "157", "x": "368"}, {"y": "162", "x": "370"}, {"y": "167", "x": "373"}, {"y": "172", "x": "376"}, {"y": "178", "x": "379"}, {"y": "178", "x": "379"}, {"y": "183", "x": "382"}, {"y": "189", "x": "385"}, {"y": "194", "x": "388"}, {"y": "200", "x": "391"}, {"y": "205", "x": "394"}, {"y": "211", "x": "397"}, {"y": "216", "x": "400"}, {"y": "222", "x": "403"}, {"y": "227", "x": "406"}, {"y": "233", "x": "409"}, {"y": "238", "x": "412"}, {"y": "244", "x": "415"}, {"y": "249", "x": "418"}, {"y": "255", "x": "422"}, {"y": "255", "x": "422"}]]}