{"Lines": [[{"y": "197", "x": "0"}, {"y": "197", "x": "0"}, {"y": "191", "x": "7"}, {"y": "186", "x": "13"}, {"y": "180", "x": "19"}, {"y": "175", "x": "25"}, {"y": "169", "x": "31"}, {"y": "164", "x": "37"}, {"y": "158", "x": "43"}, {"y": "153", "x": "49"}, {"y": "147", "x": "55"}, {"y": "142", "x": "61"}, {"y": "136", "x": "67"}, {"y": "131", "x": "73"}, {"y": "125", "x": "79"}, {"y": "120", "x": "85"}, {"y": "114", "x": "91"}, {"y": "109", "x": "97"}, {"y": "103", "x": "103"}, {"y": "98", "x": "109"}, {"y": "92", "x": "116"}, {"y": "92", "x": "116"}, {"y": "92", "x": "116"}, {"y": "87", "x": "121"}, {"y": "82", "x": "127"}, {"y": "76", "x": "133"}, {"y": "71", "x": "139"}, {"y": "65", "x": "145"}, {"y": "60", "x": "151"}, {"y": "55", "x": "157"}, {"y": "49", "x": "163"}, {"y": "44", "x": "169"}, {"y": "39", "x": "175"}, {"y": "33", "x": "181"}, {"y": "28", "x": "187"}, {"y": "22", "x": "193"}, {"y": "17", "x": "199"}, {"y": "12", "x": "205"}, {"y": "12", "x": "205"}], [{"y": "6", "x": "278"}, {"y": "6", "x": "278"}, {"y": "11", "x": "282"}, {"y": "17", "x": "285"}, {"y": "23", "x": "288"}, {"y": "28", "x": "292"}, {"y": "34", "x": "295"}, {"y": "39", "x": "299"}, {"y": "45", "x": "302"}, {"y": "51", "x": "306"}, {"y": "56", "x": "309"}, {"y": "62", "x": "312"}, {"y": "67", "x": "316"}, {"y": "73", "x": "319"}, {"y": "79", "x": "323"}, {"y": "84", "x": "326"}, {"y": "84", "x": "326"}, {"y": "89", "x": "329"}, {"y": "95", "x": "333"}, {"y": "100", "x": "337"}, {"y": "105", "x": "340"}, {"y": "111", "x": "344"}, {"y": "116", "x": "347"}, {"y": "121", "x": "351"}, {"y": "127", "x": "354"}, {"y": "132", "x": "358"}, {"y": "137", "x": "361"}, {"y": "142", "x": "365"}, {"y": "148", "x": "368"}, {"y": "153", "x": "372"}, {"y": "158", "x": "375"}, {"y": "164", "x": "379"}, {"y": "169", "x": "382"}, {"y": "174", "x": "386"}, {"y": "180", "x": "389"}, {"y": "185", "x": "393"}, {"y": "190", "x": "396"}, {"y": "195", "x": "400"}, {"y": "201", "x": "403"}, {"y": "206", "x": "407"}, {"y": "211", "x": "411"}, {"y": "217", "x": "414"}, {"y": "222", "x": "418"}, {"y": "227", "x": "421"}, {"y": "233", "x": "425"}, {"y": "238", "x": "428"}, {"y": "243", "x": "432"}, {"y": "248", "x": "435"}, {"y": "254", "x": "439"}, {"y": "254", "x": "439"}], [{"y": "57", "x": "0"}, {"y": "57", "x": "0"}, {"y": "50", "x": "22"}, {"y": "43", "x": "44"}, {"y": "35", "x": "66"}, {"y": "35", "x": "66"}, {"y": "35", "x": "66"}, {"y": "28", "x": "88"}, {"y": "20", "x": "110"}, {"y": "13", "x": "132"}, {"y": "5", "x": "154"}, {"y": "5", "x": "154"}]]}