{"Lines": [[{"y": "177", "x": "1"}, {"y": "177", "x": "1"}, {"y": "171", "x": "8"}, {"y": "165", "x": "14"}, {"y": "160", "x": "20"}, {"y": "154", "x": "26"}, {"y": "148", "x": "32"}, {"y": "143", "x": "38"}, {"y": "137", "x": "44"}, {"y": "131", "x": "50"}, {"y": "125", "x": "56"}, {"y": "120", "x": "62"}, {"y": "114", "x": "69"}, {"y": "108", "x": "75"}, {"y": "108", "x": "75"}, {"y": "108", "x": "75"}, {"y": "103", "x": "81"}, {"y": "97", "x": "87"}, {"y": "92", "x": "93"}, {"y": "86", "x": "100"}, {"y": "81", "x": "106"}, {"y": "75", "x": "112"}, {"y": "69", "x": "118"}, {"y": "64", "x": "125"}, {"y": "58", "x": "131"}, {"y": "53", "x": "137"}, {"y": "53", "x": "137"}, {"y": "46", "x": "144"}, {"y": "40", "x": "152"}, {"y": "33", "x": "159"}, {"y": "27", "x": "166"}, {"y": "20", "x": "173"}, {"y": "14", "x": "181"}, {"y": "14", "x": "181"}], [{"y": "4", "x": "257"}, {"y": "4", "x": "257"}, {"y": "9", "x": "261"}, {"y": "15", "x": "264"}, {"y": "21", "x": "267"}, {"y": "26", "x": "271"}, {"y": "32", "x": "274"}, {"y": "37", "x": "277"}, {"y": "43", "x": "280"}, {"y": "49", "x": "284"}, {"y": "54", "x": "287"}, {"y": "60", "x": "290"}, {"y": "66", "x": "294"}, {"y": "71", "x": "297"}, {"y": "71", "x": "297"}, {"y": "71", "x": "297"}, {"y": "76", "x": "300"}, {"y": "82", "x": "304"}, {"y": "87", "x": "307"}, {"y": "92", "x": "310"}, {"y": "97", "x": "314"}, {"y": "103", "x": "317"}, {"y": "108", "x": "320"}, {"y": "113", "x": "324"}, {"y": "118", "x": "327"}, {"y": "124", "x": "330"}, {"y": "129", "x": "334"}, {"y": "134", "x": "337"}, {"y": "139", "x": "341"}, {"y": "144", "x": "344"}, {"y": "150", "x": "347"}, {"y": "155", "x": "351"}, {"y": "160", "x": "354"}, {"y": "165", "x": "357"}, {"y": "171", "x": "361"}, {"y": "176", "x": "364"}, {"y": "181", "x": "367"}, {"y": "186", "x": "371"}, {"y": "192", "x": "374"}, {"y": "197", "x": "378"}, {"y": "202", "x": "381"}, {"y": "207", "x": "384"}, {"y": "213", "x": "388"}, {"y": "218", "x": "391"}, {"y": "223", "x": "394"}, {"y": "228", "x": "398"}, {"y": "234", "x": "401"}, {"y": "239", "x": "404"}, {"y": "244", "x": "408"}, {"y": "249", "x": "411"}, {"y": "255", "x": "415"}, {"y": "255", "x": "415"}], [{"y": "50", "x": "2"}, {"y": "50", "x": "2"}, {"y": "42", "x": "23"}, {"y": "34", "x": "45"}, {"y": "26", "x": "66"}, {"y": "26", "x": "66"}, {"y": "26", "x": "66"}, {"y": "19", "x": "86"}, {"y": "13", "x": "106"}, {"y": "6", "x": "126"}, {"y": "0", "x": "145"}, {"y": "0", "x": "146"}]]}