{"Lines": [[{"y": "86", "x": "1"}, {"y": "86", "x": "1"}, {"y": "80", "x": "15"}, {"y": "74", "x": "29"}, {"y": "68", "x": "42"}, {"y": "62", "x": "56"}, {"y": "56", "x": "70"}, {"y": "50", "x": "83"}, {"y": "44", "x": "97"}, {"y": "37", "x": "111"}, {"y": "37", "x": "111"}, {"y": "37", "x": "111"}, {"y": "30", "x": "126"}, {"y": "23", "x": "142"}, {"y": "16", "x": "158"}, {"y": "9", "x": "173"}, {"y": "2", "x": "189"}], [{"y": "1", "x": "299"}, {"y": "1", "x": "299"}, {"y": "8", "x": "308"}, {"y": "14", "x": "317"}, {"y": "21", "x": "327"}, {"y": "27", "x": "336"}, {"y": "34", "x": "345"}, {"y": "40", "x": "355"}, {"y": "40", "x": "355"}, {"y": "40", "x": "355"}, {"y": "45", "x": "361"}, {"y": "51", "x": "368"}, {"y": "56", "x": "375"}, {"y": "61", "x": "382"}, {"y": "66", "x": "388"}, {"y": "72", "x": "395"}, {"y": "77", "x": "402"}, {"y": "82", "x": "409"}, {"y": "88", "x": "415"}, {"y": "93", "x": "422"}, {"y": "98", "x": "429"}, {"y": "103", "x": "436"}, {"y": "109", "x": "442"}, {"y": "114", "x": "449"}, {"y": "119", "x": "456"}, {"y": "125", "x": "463"}, {"y": "130", "x": "469"}, {"y": "135", "x": "476"}, {"y": "140", "x": "483"}, {"y": "146", "x": "490"}, {"y": "151", "x": "496"}, {"y": "156", "x": "503"}, {"y": "162", "x": "510"}, {"y": "162", "x": "510"}]]}