{"Lines": [[{"y": "172", "x": "0"}, {"y": "172", "x": "0"}, {"y": "166", "x": "7"}, {"y": "160", "x": "14"}, {"y": "155", "x": "21"}, {"y": "149", "x": "28"}, {"y": "143", "x": "35"}, {"y": "138", "x": "42"}, {"y": "132", "x": "49"}, {"y": "126", "x": "56"}, {"y": "121", "x": "63"}, {"y": "115", "x": "70"}, {"y": "109", "x": "77"}, {"y": "104", "x": "84"}, {"y": "98", "x": "91"}, {"y": "92", "x": "98"}, {"y": "92", "x": "98"}, {"y": "92", "x": "98"}, {"y": "86", "x": "105"}, {"y": "80", "x": "111"}, {"y": "74", "x": "118"}, {"y": "67", "x": "125"}, {"y": "61", "x": "131"}, {"y": "55", "x": "138"}, {"y": "49", "x": "145"}, {"y": "49", "x": "145"}, {"y": "49", "x": "145"}, {"y": "41", "x": "152"}, {"y": "34", "x": "159"}, {"y": "26", "x": "166"}, {"y": "19", "x": "173"}, {"y": "19", "x": "173"}, {"y": "19", "x": "173"}, {"y": "10", "x": "179"}, {"y": "1", "x": "186"}, {"y": "1", "x": "186"}], [{"y": "1", "x": "308"}, {"y": "8", "x": "331"}, {"y": "16", "x": "354"}, {"y": "24", "x": "377"}, {"y": "24", "x": "377"}, {"y": "29", "x": "391"}, {"y": "35", "x": "404"}, {"y": "41", "x": "417"}, {"y": "46", "x": "430"}, {"y": "52", "x": "443"}, {"y": "58", "x": "457"}, {"y": "63", "x": "470"}, {"y": "69", "x": "483"}, {"y": "75", "x": "496"}, {"y": "80", "x": "510"}, {"y": "80", "x": "510"}]]}