{"Lines": [[{"y": "255", "x": "52"}, {"y": "255", "x": "53"}, {"y": "249", "x": "56"}, {"y": "244", "x": "60"}, {"y": "239", "x": "63"}, {"y": "234", "x": "67"}, {"y": "228", "x": "71"}, {"y": "223", "x": "74"}, {"y": "218", "x": "78"}, {"y": "213", "x": "81"}, {"y": "208", "x": "85"}, {"y": "202", "x": "89"}, {"y": "197", "x": "92"}, {"y": "192", "x": "96"}, {"y": "187", "x": "99"}, {"y": "182", "x": "103"}, {"y": "176", "x": "107"}, {"y": "171", "x": "110"}, {"y": "166", "x": "114"}, {"y": "161", "x": "118"}, {"y": "156", "x": "121"}, {"y": "150", "x": "125"}, {"y": "145", "x": "128"}, {"y": "140", "x": "132"}, {"y": "135", "x": "136"}, {"y": "130", "x": "139"}, {"y": "124", "x": "143"}, {"y": "119", "x": "146"}, {"y": "114", "x": "150"}, {"y": "109", "x": "154"}, {"y": "103", "x": "157"}, {"y": "103", "x": "157"}, {"y": "103", "x": "157"}, {"y": "98", "x": "161"}, {"y": "92", "x": "165"}, {"y": "86", "x": "169"}, {"y": "80", "x": "172"}, {"y": "74", "x": "176"}, {"y": "69", "x": "180"}, {"y": "63", "x": "184"}, {"y": "57", "x": "188"}, {"y": "51", "x": "191"}, {"y": "51", "x": "191"}, {"y": "51", "x": "191"}, {"y": "45", "x": "194"}, {"y": "39", "x": "197"}, {"y": "33", "x": "200"}, {"y": "27", "x": "203"}, {"y": "21", "x": "206"}, {"y": "15", "x": "209"}, {"y": "15", "x": "209"}], [{"y": "12", "x": "281"}, {"y": "19", "x": "288"}, {"y": "26", "x": "295"}, {"y": "33", "x": "302"}, {"y": "40", "x": "309"}, {"y": "40", "x": "309"}, {"y": "46", "x": "314"}, {"y": "51", "x": "319"}, {"y": "57", "x": "324"}, {"y": "63", "x": "329"}, {"y": "69", "x": "334"}, {"y": "75", "x": "340"}, {"y": "80", "x": "345"}, {"y": "86", "x": "350"}, {"y": "92", "x": "355"}, {"y": "92", "x": "355"}, {"y": "92", "x": "355"}, {"y": "98", "x": "360"}, {"y": "104", "x": "365"}, {"y": "110", "x": "370"}, {"y": "115", "x": "375"}, {"y": "121", "x": "380"}, {"y": "127", "x": "385"}, {"y": "133", "x": "390"}, {"y": "139", "x": "395"}, {"y": "145", "x": "400"}, {"y": "151", "x": "405"}, {"y": "156", "x": "410"}, {"y": "156", "x": "410"}, {"y": "156", "x": "410"}, {"y": "162", "x": "415"}, {"y": "167", "x": "420"}, {"y": "173", "x": "424"}, {"y": "178", "x": "429"}, {"y": "184", "x": "434"}, {"y": "189", "x": "438"}, {"y": "195", "x": "443"}, {"y": "200", "x": "448"}, {"y": "205", "x": "452"}, {"y": "211", "x": "457"}, {"y": "216", "x": "462"}, {"y": "222", "x": "466"}, {"y": "227", "x": "471"}, {"y": "233", "x": "476"}, {"y": "238", "x": "480"}, {"y": "244", "x": "485"}, {"y": "249", "x": "490"}, {"y": "255", "x": "495"}, {"y": "255", "x": "495"}], [{"y": "79", "x": "0"}, {"y": "79", "x": "0"}, {"y": "73", "x": "14"}, {"y": "67", "x": "28"}, {"y": "60", "x": "42"}, {"y": "54", "x": "57"}, {"y": "48", "x": "71"}, {"y": "42", "x": "85"}, {"y": "42", "x": "85"}, {"y": "42", "x": "85"}, {"y": "35", "x": "99"}, {"y": "27", "x": "113"}, {"y": "20", "x": "128"}, {"y": "12", "x": "142"}, {"y": "12", "x": "142"}]]}