{"Lines": [[{"y": "235", "x": "16"}, {"y": "235", "x": "16"}, {"y": "230", "x": "21"}, {"y": "225", "x": "26"}, {"y": "220", "x": "31"}, {"y": "214", "x": "36"}, {"y": "209", "x": "41"}, {"y": "204", "x": "46"}, {"y": "198", "x": "51"}, {"y": "193", "x": "56"}, {"y": "188", "x": "61"}, {"y": "183", "x": "66"}, {"y": "177", "x": "71"}, {"y": "172", "x": "76"}, {"y": "167", "x": "81"}, {"y": "161", "x": "86"}, {"y": "156", "x": "91"}, {"y": "151", "x": "96"}, {"y": "145", "x": "101"}, {"y": "140", "x": "106"}, {"y": "135", "x": "111"}, {"y": "130", "x": "116"}, {"y": "130", "x": "116"}, {"y": "130", "x": "116"}, {"y": "124", "x": "122"}, {"y": "119", "x": "127"}, {"y": "113", "x": "132"}, {"y": "107", "x": "138"}, {"y": "102", "x": "143"}, {"y": "96", "x": "148"}, {"y": "91", "x": "154"}, {"y": "85", "x": "159"}, {"y": "80", "x": "164"}, {"y": "74", "x": "169"}, {"y": "69", "x": "175"}, {"y": "69", "x": "175"}, {"y": "62", "x": "180"}, {"y": "56", "x": "185"}, {"y": "50", "x": "190"}, {"y": "44", "x": "195"}, {"y": "38", "x": "200"}, {"y": "32", "x": "205"}, {"y": "26", "x": "210"}, {"y": "26", "x": "210"}], [{"y": "10", "x": "301"}, {"y": "10", "x": "301"}, {"y": "16", "x": "306"}, {"y": "21", "x": "310"}, {"y": "26", "x": "314"}, {"y": "32", "x": "319"}, {"y": "37", "x": "323"}, {"y": "43", "x": "328"}, {"y": "48", "x": "332"}, {"y": "53", "x": "336"}, {"y": "59", "x": "341"}, {"y": "64", "x": "345"}, {"y": "69", "x": "350"}, {"y": "75", "x": "354"}, {"y": "80", "x": "359"}, {"y": "85", "x": "363"}, {"y": "91", "x": "367"}, {"y": "96", "x": "372"}, {"y": "102", "x": "376"}, {"y": "107", "x": "381"}, {"y": "112", "x": "385"}, {"y": "118", "x": "390"}, {"y": "123", "x": "394"}, {"y": "123", "x": "394"}, {"y": "123", "x": "394"}, {"y": "128", "x": "398"}, {"y": "134", "x": "403"}, {"y": "139", "x": "407"}, {"y": "144", "x": "412"}, {"y": "149", "x": "416"}, {"y": "155", "x": "421"}, {"y": "160", "x": "425"}, {"y": "165", "x": "430"}, {"y": "170", "x": "434"}, {"y": "176", "x": "439"}, {"y": "181", "x": "443"}, {"y": "186", "x": "448"}, {"y": "191", "x": "452"}, {"y": "197", "x": "457"}, {"y": "202", "x": "461"}, {"y": "207", "x": "466"}, {"y": "212", "x": "470"}, {"y": "218", "x": "475"}, {"y": "223", "x": "479"}, {"y": "228", "x": "484"}, {"y": "233", "x": "488"}, {"y": "239", "x": "493"}, {"y": "244", "x": "497"}, {"y": "249", "x": "502"}, {"y": "255", "x": "506"}, {"y": "255", "x": "507"}], [{"y": "69", "x": "0"}, {"y": "69", "x": "0"}, {"y": "63", "x": "17"}, {"y": "56", "x": "34"}, {"y": "50", "x": "50"}, {"y": "43", "x": "67"}, {"y": "43", "x": "67"}, {"y": "43", "x": "67"}, {"y": "37", "x": "83"}, {"y": "31", "x": "99"}, {"y": "25", "x": "114"}, {"y": "19", "x": "130"}, {"y": "13", "x": "146"}, {"y": "7", "x": "161"}]]}