{"Lines": [[{"y": "220", "x": "2"}, {"y": "220", "x": "2"}, {"y": "214", "x": "7"}, {"y": "209", "x": "12"}, {"y": "204", "x": "17"}, {"y": "198", "x": "23"}, {"y": "193", "x": "28"}, {"y": "188", "x": "33"}, {"y": "182", "x": "38"}, {"y": "177", "x": "44"}, {"y": "172", "x": "49"}, {"y": "166", "x": "54"}, {"y": "161", "x": "59"}, {"y": "156", "x": "64"}, {"y": "150", "x": "70"}, {"y": "145", "x": "75"}, {"y": "140", "x": "80"}, {"y": "134", "x": "85"}, {"y": "129", "x": "90"}, {"y": "124", "x": "96"}, {"y": "118", "x": "101"}, {"y": "113", "x": "106"}, {"y": "108", "x": "111"}, {"y": "102", "x": "117"}, {"y": "97", "x": "122"}, {"y": "92", "x": "127"}, {"y": "86", "x": "132"}, {"y": "81", "x": "137"}, {"y": "76", "x": "143"}, {"y": "76", "x": "143"}, {"y": "70", "x": "148"}, {"y": "65", "x": "153"}, {"y": "59", "x": "158"}, {"y": "54", "x": "163"}, {"y": "48", "x": "168"}, {"y": "43", "x": "173"}, {"y": "38", "x": "178"}, {"y": "32", "x": "183"}, {"y": "27", "x": "188"}, {"y": "21", "x": "193"}, {"y": "16", "x": "198"}, {"y": "10", "x": "203"}, {"y": "5", "x": "208"}, {"y": "5", "x": "208"}], [{"y": "65", "x": "6"}, {"y": "65", "x": "6"}, {"y": "59", "x": "21"}, {"y": "53", "x": "36"}, {"y": "47", "x": "51"}, {"y": "41", "x": "66"}, {"y": "35", "x": "81"}, {"y": "29", "x": "96"}, {"y": "29", "x": "96"}, {"y": "21", "x": "113"}, {"y": "13", "x": "131"}, {"y": "5", "x": "149"}, {"y": "5", "x": "149"}], [{"y": "8", "x": "270"}, {"y": "8", "x": "270"}, {"y": "14", "x": "273"}, {"y": "20", "x": "276"}, {"y": "26", "x": "280"}, {"y": "32", "x": "283"}, {"y": "37", "x": "286"}, {"y": "43", "x": "290"}, {"y": "49", "x": "293"}, {"y": "55", "x": "296"}, {"y": "61", "x": "300"}, {"y": "67", "x": "303"}, {"y": "67", "x": "303"}, {"y": "67", "x": "303"}, {"y": "72", "x": "306"}, {"y": "78", "x": "309"}, {"y": "83", "x": "312"}, {"y": "88", "x": "315"}, {"y": "93", "x": "319"}, {"y": "98", "x": "322"}, {"y": "104", "x": "325"}, {"y": "109", "x": "328"}, {"y": "114", "x": "331"}, {"y": "119", "x": "334"}, {"y": "124", "x": "337"}, {"y": "130", "x": "340"}, {"y": "135", "x": "343"}, {"y": "140", "x": "346"}, {"y": "145", "x": "350"}, {"y": "150", "x": "353"}, {"y": "156", "x": "356"}, {"y": "161", "x": "359"}, {"y": "166", "x": "362"}, {"y": "171", "x": "365"}, {"y": "176", "x": "368"}, {"y": "182", "x": "371"}, {"y": "187", "x": "374"}, {"y": "192", "x": "377"}, {"y": "197", "x": "380"}, {"y": "202", "x": "384"}, {"y": "208", "x": "387"}, {"y": "213", "x": "390"}, {"y": "218", "x": "393"}, {"y": "223", "x": "396"}, {"y": "228", "x": "399"}, {"y": "234", "x": "402"}, {"y": "239", "x": "405"}, {"y": "244", "x": "408"}, {"y": "249", "x": "411"}, {"y": "255", "x": "415"}]]}