{"Lines": [[{"y": "253", "x": "35"}, {"y": "253", "x": "35"}, {"y": "248", "x": "39"}, {"y": "242", "x": "43"}, {"y": "237", "x": "48"}, {"y": "232", "x": "52"}, {"y": "226", "x": "56"}, {"y": "221", "x": "60"}, {"y": "216", "x": "64"}, {"y": "210", "x": "68"}, {"y": "205", "x": "73"}, {"y": "200", "x": "77"}, {"y": "194", "x": "81"}, {"y": "189", "x": "85"}, {"y": "184", "x": "89"}, {"y": "179", "x": "93"}, {"y": "173", "x": "97"}, {"y": "168", "x": "102"}, {"y": "163", "x": "106"}, {"y": "157", "x": "110"}, {"y": "152", "x": "114"}, {"y": "147", "x": "118"}, {"y": "141", "x": "122"}, {"y": "136", "x": "127"}, {"y": "131", "x": "131"}, {"y": "125", "x": "135"}, {"y": "120", "x": "139"}, {"y": "120", "x": "139"}, {"y": "115", "x": "143"}, {"y": "109", "x": "148"}, {"y": "103", "x": "152"}, {"y": "98", "x": "156"}, {"y": "92", "x": "161"}, {"y": "87", "x": "165"}, {"y": "81", "x": "169"}, {"y": "75", "x": "173"}, {"y": "70", "x": "178"}, {"y": "64", "x": "182"}, {"y": "59", "x": "186"}, {"y": "53", "x": "191"}, {"y": "47", "x": "195"}, {"y": "42", "x": "199"}, {"y": "36", "x": "203"}, {"y": "36", "x": "203"}, {"y": "36", "x": "203"}, {"y": "29", "x": "208"}, {"y": "23", "x": "213"}, {"y": "16", "x": "217"}], [{"y": "14", "x": "289"}, {"y": "14", "x": "289"}, {"y": "21", "x": "295"}, {"y": "27", "x": "301"}, {"y": "34", "x": "306"}, {"y": "41", "x": "312"}, {"y": "47", "x": "317"}, {"y": "54", "x": "323"}, {"y": "54", "x": "323"}, {"y": "54", "x": "323"}, {"y": "59", "x": "327"}, {"y": "64", "x": "331"}, {"y": "70", "x": "335"}, {"y": "75", "x": "339"}, {"y": "81", "x": "343"}, {"y": "86", "x": "347"}, {"y": "91", "x": "352"}, {"y": "97", "x": "356"}, {"y": "102", "x": "360"}, {"y": "107", "x": "364"}, {"y": "113", "x": "368"}, {"y": "118", "x": "372"}, {"y": "123", "x": "376"}, {"y": "129", "x": "380"}, {"y": "134", "x": "384"}, {"y": "139", "x": "388"}, {"y": "145", "x": "392"}, {"y": "145", "x": "392"}, {"y": "145", "x": "392"}, {"y": "150", "x": "397"}, {"y": "156", "x": "401"}, {"y": "161", "x": "405"}, {"y": "167", "x": "409"}, {"y": "172", "x": "413"}, {"y": "178", "x": "418"}, {"y": "183", "x": "422"}, {"y": "189", "x": "426"}, {"y": "194", "x": "430"}, {"y": "200", "x": "434"}, {"y": "205", "x": "439"}, {"y": "211", "x": "443"}, {"y": "216", "x": "447"}, {"y": "222", "x": "451"}, {"y": "227", "x": "455"}, {"y": "233", "x": "460"}, {"y": "238", "x": "464"}, {"y": "244", "x": "468"}, {"y": "249", "x": "472"}, {"y": "255", "x": "476"}, {"y": "255", "x": "477"}], [{"y": "70", "x": "2"}, {"y": "70", "x": "2"}, {"y": "63", "x": "21"}, {"y": "56", "x": "39"}, {"y": "49", "x": "57"}, {"y": "41", "x": "76"}, {"y": "41", "x": "76"}, {"y": "41", "x": "76"}, {"y": "34", "x": "93"}, {"y": "27", "x": "110"}, {"y": "20", "x": "127"}, {"y": "13", "x": "144"}, {"y": "13", "x": "144"}]]}