{"Lines": [[{"y": "66", "x": "0"}, {"y": "66", "x": "0"}, {"y": "59", "x": "18"}, {"y": "53", "x": "35"}, {"y": "46", "x": "53"}, {"y": "39", "x": "70"}, {"y": "33", "x": "87"}, {"y": "33", "x": "87"}, {"y": "33", "x": "87"}, {"y": "26", "x": "105"}, {"y": "20", "x": "122"}, {"y": "13", "x": "139"}, {"y": "6", "x": "156"}, {"y": "0", "x": "174"}, {"y": "0", "x": "174"}], [{"y": "243", "x": "0"}, {"y": "243", "x": "0"}, {"y": "238", "x": "5"}, {"y": "233", "x": "10"}, {"y": "228", "x": "15"}, {"y": "222", "x": "21"}, {"y": "217", "x": "26"}, {"y": "212", "x": "31"}, {"y": "207", "x": "36"}, {"y": "201", "x": "41"}, {"y": "196", "x": "46"}, {"y": "191", "x": "51"}, {"y": "186", "x": "56"}, {"y": "180", "x": "61"}, {"y": "175", "x": "66"}, {"y": "170", "x": "72"}, {"y": "165", "x": "77"}, {"y": "159", "x": "82"}, {"y": "154", "x": "87"}, {"y": "149", "x": "92"}, {"y": "144", "x": "97"}, {"y": "138", "x": "102"}, {"y": "133", "x": "107"}, {"y": "128", "x": "112"}, {"y": "123", "x": "117"}, {"y": "123", "x": "117"}, {"y": "123", "x": "117"}, {"y": "117", "x": "122"}, {"y": "112", "x": "127"}, {"y": "107", "x": "132"}, {"y": "101", "x": "137"}, {"y": "96", "x": "142"}, {"y": "90", "x": "147"}, {"y": "85", "x": "151"}, {"y": "80", "x": "156"}, {"y": "74", "x": "161"}, {"y": "69", "x": "166"}, {"y": "63", "x": "171"}, {"y": "58", "x": "176"}, {"y": "53", "x": "180"}, {"y": "47", "x": "185"}, {"y": "42", "x": "190"}, {"y": "36", "x": "195"}, {"y": "31", "x": "200"}, {"y": "26", "x": "205"}, {"y": "20", "x": "209"}, {"y": "15", "x": "214"}, {"y": "10", "x": "219"}, {"y": "4", "x": "224"}, {"y": "4", "x": "224"}], [{"y": "2", "x": "284"}, {"y": "2", "x": "284"}, {"y": "8", "x": "290"}, {"y": "14", "x": "295"}, {"y": "20", "x": "301"}, {"y": "25", "x": "306"}, {"y": "31", "x": "311"}, {"y": "37", "x": "317"}, {"y": "43", "x": "322"}, {"y": "48", "x": "328"}, {"y": "48", "x": "328"}, {"y": "48", "x": "328"}, {"y": "54", "x": "332"}, {"y": "59", "x": "336"}, {"y": "64", "x": "341"}, {"y": "69", "x": "345"}, {"y": "75", "x": "349"}, {"y": "80", "x": "354"}, {"y": "85", "x": "358"}, {"y": "91", "x": "362"}, {"y": "96", "x": "367"}, {"y": "101", "x": "371"}, {"y": "107", "x": "375"}, {"y": "112", "x": "380"}, {"y": "117", "x": "384"}, {"y": "123", "x": "388"}, {"y": "128", "x": "393"}, {"y": "133", "x": "397"}, {"y": "139", "x": "402"}, {"y": "144", "x": "406"}, {"y": "149", "x": "410"}, {"y": "155", "x": "415"}, {"y": "160", "x": "419"}, {"y": "165", "x": "423"}, {"y": "170", "x": "428"}, {"y": "170", "x": "428"}, {"y": "170", "x": "428"}, {"y": "176", "x": "432"}, {"y": "182", "x": "436"}, {"y": "187", "x": "441"}, {"y": "193", "x": "445"}, {"y": "198", "x": "449"}, {"y": "204", "x": "454"}, {"y": "210", "x": "458"}, {"y": "215", "x": "462"}, {"y": "221", "x": "467"}, {"y": "226", "x": "471"}, {"y": "232", "x": "475"}, {"y": "238", "x": "480"}, {"y": "243", "x": "484"}, {"y": "249", "x": "488"}, {"y": "255", "x": "493"}]]}