{"Lines": [[{"y": "68", "x": "0"}, {"y": "68", "x": "0"}, {"y": "62", "x": "16"}, {"y": "56", "x": "31"}, {"y": "49", "x": "46"}, {"y": "43", "x": "61"}, {"y": "37", "x": "76"}, {"y": "37", "x": "76"}, {"y": "31", "x": "89"}, {"y": "24", "x": "102"}, {"y": "18", "x": "116"}, {"y": "12", "x": "129"}, {"y": "6", "x": "143"}, {"y": "0", "x": "156"}], [{"y": "255", "x": "57"}, {"y": "255", "x": "57"}, {"y": "249", "x": "60"}, {"y": "243", "x": "64"}, {"y": "237", "x": "68"}, {"y": "232", "x": "71"}, {"y": "226", "x": "75"}, {"y": "220", "x": "79"}, {"y": "214", "x": "82"}, {"y": "209", "x": "86"}, {"y": "203", "x": "90"}, {"y": "197", "x": "94"}, {"y": "197", "x": "94"}, {"y": "197", "x": "94"}, {"y": "192", "x": "97"}, {"y": "186", "x": "101"}, {"y": "181", "x": "104"}, {"y": "176", "x": "108"}, {"y": "170", "x": "111"}, {"y": "165", "x": "115"}, {"y": "159", "x": "119"}, {"y": "154", "x": "122"}, {"y": "149", "x": "126"}, {"y": "143", "x": "129"}, {"y": "138", "x": "133"}, {"y": "132", "x": "137"}, {"y": "127", "x": "140"}, {"y": "121", "x": "144"}, {"y": "116", "x": "147"}, {"y": "111", "x": "151"}, {"y": "105", "x": "154"}, {"y": "99", "x": "157"}, {"y": "94", "x": "161"}, {"y": "88", "x": "164"}, {"y": "82", "x": "167"}, {"y": "77", "x": "171"}, {"y": "71", "x": "174"}, {"y": "65", "x": "177"}, {"y": "60", "x": "181"}, {"y": "54", "x": "184"}, {"y": "48", "x": "187"}, {"y": "48", "x": "187"}, {"y": "48", "x": "187"}, {"y": "42", "x": "191"}, {"y": "35", "x": "194"}, {"y": "29", "x": "198"}, {"y": "23", "x": "201"}, {"y": "16", "x": "205"}, {"y": "10", "x": "208"}, {"y": "10", "x": "208"}], [{"y": "4", "x": "274"}, {"y": "4", "x": "274"}, {"y": "11", "x": "282"}, {"y": "17", "x": "289"}, {"y": "23", "x": "297"}, {"y": "29", "x": "305"}, {"y": "35", "x": "313"}, {"y": "41", "x": "321"}, {"y": "48", "x": "329"}, {"y": "54", "x": "336"}, {"y": "54", "x": "336"}, {"y": "54", "x": "336"}, {"y": "59", "x": "342"}, {"y": "65", "x": "348"}, {"y": "70", "x": "354"}, {"y": "75", "x": "360"}, {"y": "81", "x": "366"}, {"y": "86", "x": "372"}, {"y": "92", "x": "378"}, {"y": "97", "x": "384"}, {"y": "102", "x": "390"}, {"y": "108", "x": "396"}, {"y": "113", "x": "402"}, {"y": "119", "x": "407"}, {"y": "124", "x": "413"}, {"y": "129", "x": "419"}, {"y": "135", "x": "425"}, {"y": "140", "x": "431"}, {"y": "146", "x": "437"}, {"y": "146", "x": "437"}, {"y": "146", "x": "437"}, {"y": "151", "x": "443"}, {"y": "157", "x": "449"}, {"y": "162", "x": "455"}, {"y": "168", "x": "462"}, {"y": "173", "x": "468"}, {"y": "179", "x": "474"}, {"y": "184", "x": "480"}, {"y": "190", "x": "486"}, {"y": "195", "x": "492"}, {"y": "201", "x": "498"}, {"y": "206", "x": "504"}, {"y": "212", "x": "511"}, {"y": "212", "x": "511"}]]}