{"Lines": [[{"y": "254", "x": "31"}, {"y": "254", "x": "31"}, {"y": "248", "x": "35"}, {"y": "243", "x": "39"}, {"y": "238", "x": "43"}, {"y": "232", "x": "47"}, {"y": "227", "x": "51"}, {"y": "221", "x": "55"}, {"y": "216", "x": "59"}, {"y": "211", "x": "64"}, {"y": "205", "x": "68"}, {"y": "200", "x": "72"}, {"y": "195", "x": "76"}, {"y": "189", "x": "80"}, {"y": "184", "x": "84"}, {"y": "178", "x": "88"}, {"y": "173", "x": "93"}, {"y": "168", "x": "97"}, {"y": "162", "x": "101"}, {"y": "157", "x": "105"}, {"y": "151", "x": "109"}, {"y": "146", "x": "113"}, {"y": "141", "x": "117"}, {"y": "135", "x": "122"}, {"y": "130", "x": "126"}, {"y": "130", "x": "126"}, {"y": "130", "x": "126"}, {"y": "124", "x": "130"}, {"y": "119", "x": "134"}, {"y": "113", "x": "138"}, {"y": "108", "x": "142"}, {"y": "102", "x": "146"}, {"y": "96", "x": "150"}, {"y": "91", "x": "154"}, {"y": "85", "x": "158"}, {"y": "80", "x": "162"}, {"y": "74", "x": "166"}, {"y": "69", "x": "170"}, {"y": "69", "x": "170"}, {"y": "69", "x": "170"}, {"y": "63", "x": "174"}, {"y": "57", "x": "177"}, {"y": "52", "x": "181"}, {"y": "46", "x": "184"}, {"y": "40", "x": "188"}, {"y": "35", "x": "191"}, {"y": "29", "x": "195"}, {"y": "24", "x": "198"}, {"y": "18", "x": "202"}, {"y": "12", "x": "205"}, {"y": "7", "x": "209"}, {"y": "7", "x": "209"}], [{"y": "66", "x": "0"}, {"y": "66", "x": "0"}, {"y": "59", "x": "16"}, {"y": "53", "x": "32"}, {"y": "47", "x": "47"}, {"y": "41", "x": "63"}, {"y": "35", "x": "79"}, {"y": "35", "x": "79"}, {"y": "35", "x": "79"}, {"y": "28", "x": "95"}, {"y": "21", "x": "110"}, {"y": "14", "x": "126"}, {"y": "7", "x": "142"}, {"y": "1", "x": "158"}, {"y": "1", "x": "158"}], [{"y": "2", "x": "267"}, {"y": "2", "x": "267"}, {"y": "16", "x": "289"}, {"y": "16", "x": "289"}, {"y": "16", "x": "289"}, {"y": "22", "x": "296"}, {"y": "28", "x": "302"}, {"y": "34", "x": "309"}, {"y": "40", "x": "316"}, {"y": "47", "x": "322"}, {"y": "53", "x": "329"}, {"y": "59", "x": "336"}, {"y": "59", "x": "336"}, {"y": "59", "x": "336"}, {"y": "64", "x": "341"}, {"y": "69", "x": "346"}, {"y": "75", "x": "352"}, {"y": "80", "x": "357"}, {"y": "85", "x": "362"}, {"y": "90", "x": "367"}, {"y": "95", "x": "373"}, {"y": "100", "x": "378"}, {"y": "105", "x": "383"}, {"y": "111", "x": "388"}, {"y": "116", "x": "394"}, {"y": "121", "x": "399"}, {"y": "126", "x": "404"}, {"y": "131", "x": "410"}, {"y": "136", "x": "415"}, {"y": "142", "x": "420"}, {"y": "147", "x": "425"}, {"y": "152", "x": "431"}, {"y": "157", "x": "436"}, {"y": "162", "x": "441"}, {"y": "167", "x": "446"}, {"y": "173", "x": "452"}, {"y": "178", "x": "457"}, {"y": "183", "x": "462"}, {"y": "188", "x": "467"}, {"y": "193", "x": "473"}, {"y": "198", "x": "478"}, {"y": "203", "x": "483"}, {"y": "209", "x": "489"}, {"y": "214", "x": "494"}, {"y": "219", "x": "499"}, {"y": "224", "x": "504"}, {"y": "229", "x": "510"}, {"y": "229", "x": "510"}]]}