{"Lines": [[{"y": "226", "x": "1"}, {"y": "226", "x": "1"}, {"y": "220", "x": "6"}, {"y": "215", "x": "11"}, {"y": "210", "x": "16"}, {"y": "205", "x": "21"}, {"y": "199", "x": "26"}, {"y": "194", "x": "31"}, {"y": "189", "x": "36"}, {"y": "184", "x": "41"}, {"y": "178", "x": "46"}, {"y": "173", "x": "51"}, {"y": "168", "x": "56"}, {"y": "163", "x": "62"}, {"y": "157", "x": "67"}, {"y": "152", "x": "72"}, {"y": "147", "x": "77"}, {"y": "142", "x": "82"}, {"y": "136", "x": "87"}, {"y": "131", "x": "92"}, {"y": "126", "x": "97"}, {"y": "120", "x": "102"}, {"y": "115", "x": "107"}, {"y": "110", "x": "112"}, {"y": "105", "x": "117"}, {"y": "99", "x": "122"}, {"y": "94", "x": "127"}, {"y": "89", "x": "132"}, {"y": "84", "x": "137"}, {"y": "78", "x": "142"}, {"y": "73", "x": "148"}, {"y": "68", "x": "153"}, {"y": "63", "x": "158"}, {"y": "57", "x": "163"}, {"y": "52", "x": "168"}, {"y": "46", "x": "174"}, {"y": "40", "x": "179"}, {"y": "35", "x": "184"}, {"y": "29", "x": "189"}, {"y": "24", "x": "195"}, {"y": "18", "x": "200"}, {"y": "13", "x": "205"}, {"y": "7", "x": "211"}, {"y": "2", "x": "216"}, {"y": "2", "x": "216"}], [{"y": "1", "x": "331"}, {"y": "1", "x": "331"}, {"y": "8", "x": "352"}, {"y": "15", "x": "373"}, {"y": "22", "x": "394"}, {"y": "22", "x": "394"}, {"y": "22", "x": "394"}, {"y": "28", "x": "410"}, {"y": "35", "x": "427"}, {"y": "41", "x": "443"}, {"y": "47", "x": "460"}, {"y": "54", "x": "476"}, {"y": "60", "x": "492"}, {"y": "67", "x": "509"}, {"y": "67", "x": "509"}]]}