{"Lines": [[{"y": "250", "x": "2"}, {"y": "250", "x": "2"}, {"y": "245", "x": "6"}, {"y": "239", "x": "10"}, {"y": "234", "x": "14"}, {"y": "229", "x": "18"}, {"y": "223", "x": "23"}, {"y": "218", "x": "27"}, {"y": "212", "x": "31"}, {"y": "207", "x": "35"}, {"y": "202", "x": "39"}, {"y": "196", "x": "43"}, {"y": "191", "x": "48"}, {"y": "186", "x": "52"}, {"y": "180", "x": "56"}, {"y": "175", "x": "60"}, {"y": "170", "x": "64"}, {"y": "164", "x": "68"}, {"y": "159", "x": "73"}, {"y": "154", "x": "77"}, {"y": "148", "x": "81"}, {"y": "143", "x": "85"}, {"y": "138", "x": "89"}, {"y": "132", "x": "93"}, {"y": "127", "x": "97"}, {"y": "122", "x": "102"}, {"y": "116", "x": "106"}, {"y": "111", "x": "110"}, {"y": "111", "x": "110"}, {"y": "111", "x": "110"}, {"y": "105", "x": "114"}, {"y": "99", "x": "118"}, {"y": "93", "x": "123"}, {"y": "87", "x": "127"}, {"y": "81", "x": "131"}, {"y": "75", "x": "135"}, {"y": "69", "x": "140"}, {"y": "63", "x": "144"}, {"y": "57", "x": "148"}, {"y": "57", "x": "148"}, {"y": "50", "x": "153"}, {"y": "43", "x": "157"}, {"y": "36", "x": "161"}, {"y": "29", "x": "166"}, {"y": "29", "x": "166"}, {"y": "29", "x": "166"}, {"y": "21", "x": "168"}, {"y": "13", "x": "171"}, {"y": "6", "x": "174"}, {"y": "6", "x": "174"}], [{"y": "54", "x": "0"}, {"y": "54", "x": "0"}, {"y": "47", "x": "18"}, {"y": "39", "x": "37"}, {"y": "32", "x": "56"}, {"y": "32", "x": "56"}, {"y": "25", "x": "71"}, {"y": "18", "x": "86"}, {"y": "11", "x": "100"}, {"y": "11", "x": "100"}, {"y": "0", "x": "117"}, {"y": "0", "x": "117"}], [{"y": "1", "x": "228"}, {"y": "1", "x": "228"}, {"y": "12", "x": "250"}, {"y": "12", "x": "250"}, {"y": "18", "x": "258"}, {"y": "25", "x": "266"}, {"y": "31", "x": "274"}, {"y": "37", "x": "282"}, {"y": "44", "x": "290"}, {"y": "50", "x": "298"}, {"y": "50", "x": "298"}, {"y": "50", "x": "298"}, {"y": "55", "x": "303"}, {"y": "61", "x": "309"}, {"y": "67", "x": "314"}, {"y": "72", "x": "320"}, {"y": "78", "x": "326"}, {"y": "83", "x": "331"}, {"y": "89", "x": "337"}, {"y": "94", "x": "342"}, {"y": "100", "x": "348"}, {"y": "105", "x": "353"}, {"y": "111", "x": "359"}, {"y": "117", "x": "365"}, {"y": "122", "x": "370"}, {"y": "128", "x": "376"}, {"y": "133", "x": "381"}, {"y": "139", "x": "387"}, {"y": "144", "x": "393"}, {"y": "144", "x": "393"}, {"y": "150", "x": "398"}, {"y": "155", "x": "403"}, {"y": "160", "x": "408"}, {"y": "165", "x": "413"}, {"y": "171", "x": "418"}, {"y": "176", "x": "423"}, {"y": "181", "x": "428"}, {"y": "186", "x": "433"}, {"y": "192", "x": "438"}, {"y": "197", "x": "443"}, {"y": "202", "x": "448"}, {"y": "207", "x": "453"}, {"y": "213", "x": "458"}, {"y": "218", "x": "463"}, {"y": "223", "x": "468"}, {"y": "228", "x": "473"}, {"y": "234", "x": "478"}, {"y": "239", "x": "483"}, {"y": "244", "x": "488"}, {"y": "249", "x": "493"}, {"y": "255", "x": "498"}, {"y": "255", "x": "498"}]]}