{"Lines": [[{"y": "255", "x": "59"}, {"y": "255", "x": "60"}, {"y": "249", "x": "63"}, {"y": "244", "x": "67"}, {"y": "239", "x": "71"}, {"y": "233", "x": "75"}, {"y": "228", "x": "79"}, {"y": "223", "x": "83"}, {"y": "218", "x": "86"}, {"y": "212", "x": "90"}, {"y": "207", "x": "94"}, {"y": "202", "x": "98"}, {"y": "196", "x": "102"}, {"y": "191", "x": "106"}, {"y": "186", "x": "110"}, {"y": "181", "x": "113"}, {"y": "175", "x": "117"}, {"y": "170", "x": "121"}, {"y": "165", "x": "125"}, {"y": "159", "x": "129"}, {"y": "154", "x": "133"}, {"y": "149", "x": "136"}, {"y": "144", "x": "140"}, {"y": "144", "x": "140"}, {"y": "144", "x": "140"}, {"y": "138", "x": "144"}, {"y": "133", "x": "148"}, {"y": "127", "x": "152"}, {"y": "122", "x": "156"}, {"y": "116", "x": "160"}, {"y": "110", "x": "164"}, {"y": "105", "x": "168"}, {"y": "99", "x": "172"}, {"y": "94", "x": "176"}, {"y": "88", "x": "180"}, {"y": "83", "x": "184"}, {"y": "77", "x": "188"}, {"y": "72", "x": "192"}, {"y": "66", "x": "196"}, {"y": "66", "x": "196"}, {"y": "66", "x": "196"}, {"y": "60", "x": "200"}, {"y": "55", "x": "203"}, {"y": "49", "x": "207"}, {"y": "43", "x": "210"}, {"y": "38", "x": "214"}, {"y": "32", "x": "217"}, {"y": "26", "x": "221"}, {"y": "20", "x": "225"}, {"y": "20", "x": "225"}], [{"y": "3", "x": "283"}, {"y": "3", "x": "283"}, {"y": "9", "x": "290"}, {"y": "16", "x": "297"}, {"y": "22", "x": "304"}, {"y": "28", "x": "311"}, {"y": "34", "x": "318"}, {"y": "40", "x": "324"}, {"y": "46", "x": "331"}, {"y": "46", "x": "331"}, {"y": "51", "x": "337"}, {"y": "56", "x": "343"}, {"y": "62", "x": "349"}, {"y": "67", "x": "355"}, {"y": "72", "x": "361"}, {"y": "78", "x": "366"}, {"y": "83", "x": "372"}, {"y": "88", "x": "378"}, {"y": "94", "x": "384"}, {"y": "99", "x": "390"}, {"y": "104", "x": "396"}, {"y": "110", "x": "402"}, {"y": "115", "x": "408"}, {"y": "120", "x": "414"}, {"y": "126", "x": "419"}, {"y": "131", "x": "425"}, {"y": "136", "x": "431"}, {"y": "142", "x": "437"}, {"y": "147", "x": "443"}, {"y": "152", "x": "449"}, {"y": "152", "x": "449"}, {"y": "152", "x": "449"}, {"y": "158", "x": "455"}, {"y": "164", "x": "461"}, {"y": "170", "x": "467"}, {"y": "176", "x": "474"}, {"y": "182", "x": "480"}, {"y": "188", "x": "486"}, {"y": "194", "x": "492"}, {"y": "200", "x": "498"}, {"y": "206", "x": "504"}, {"y": "212", "x": "511"}, {"y": "212", "x": "511"}], [{"y": "82", "x": "2"}, {"y": "82", "x": "2"}, {"y": "75", "x": "18"}, {"y": "69", "x": "35"}, {"y": "62", "x": "51"}, {"y": "56", "x": "67"}, {"y": "49", "x": "84"}, {"y": "42", "x": "100"}, {"y": "42", "x": "100"}, {"y": "42", "x": "100"}, {"y": "33", "x": "124"}, {"y": "23", "x": "148"}, {"y": "23", "x": "148"}, {"y": "15", "x": "163"}, {"y": "6", "x": "178"}, {"y": "6", "x": "178"}]]}