{"Lines": [[{"y": "148", "x": "5"}, {"y": "148", "x": "5"}, {"y": "142", "x": "10"}, {"y": "136", "x": "15"}, {"y": "131", "x": "21"}, {"y": "125", "x": "26"}, {"y": "120", "x": "31"}, {"y": "114", "x": "37"}, {"y": "109", "x": "42"}, {"y": "103", "x": "47"}, {"y": "98", "x": "53"}, {"y": "92", "x": "58"}, {"y": "86", "x": "64"}, {"y": "81", "x": "69"}, {"y": "75", "x": "74"}, {"y": "70", "x": "80"}, {"y": "70", "x": "80"}, {"y": "64", "x": "86"}, {"y": "58", "x": "92"}, {"y": "53", "x": "99"}, {"y": "47", "x": "105"}, {"y": "41", "x": "111"}, {"y": "36", "x": "118"}, {"y": "30", "x": "124"}, {"y": "24", "x": "131"}, {"y": "24", "x": "131"}, {"y": "24", "x": "131"}, {"y": "16", "x": "140"}, {"y": "8", "x": "150"}, {"y": "0", "x": "160"}, {"y": "0", "x": "160"}], [{"y": "47", "x": "4"}, {"y": "47", "x": "4"}, {"y": "33", "x": "32"}, {"y": "33", "x": "32"}, {"y": "33", "x": "32"}, {"y": "26", "x": "46"}, {"y": "18", "x": "61"}, {"y": "11", "x": "75"}, {"y": "11", "x": "75"}]]}