{"Lines": [[{"y": "221", "x": "2"}, {"y": "221", "x": "2"}, {"y": "215", "x": "7"}, {"y": "210", "x": "13"}, {"y": "204", "x": "18"}, {"y": "199", "x": "24"}, {"y": "193", "x": "29"}, {"y": "188", "x": "35"}, {"y": "182", "x": "40"}, {"y": "177", "x": "46"}, {"y": "171", "x": "51"}, {"y": "166", "x": "57"}, {"y": "160", "x": "62"}, {"y": "155", "x": "68"}, {"y": "149", "x": "73"}, {"y": "144", "x": "79"}, {"y": "138", "x": "84"}, {"y": "138", "x": "84"}, {"y": "132", "x": "90"}, {"y": "127", "x": "96"}, {"y": "121", "x": "101"}, {"y": "115", "x": "107"}, {"y": "109", "x": "113"}, {"y": "103", "x": "118"}, {"y": "98", "x": "124"}, {"y": "92", "x": "130"}, {"y": "86", "x": "135"}, {"y": "80", "x": "141"}, {"y": "75", "x": "147"}, {"y": "69", "x": "152"}, {"y": "69", "x": "152"}, {"y": "69", "x": "152"}, {"y": "63", "x": "158"}, {"y": "57", "x": "163"}, {"y": "51", "x": "169"}, {"y": "45", "x": "174"}, {"y": "39", "x": "180"}, {"y": "33", "x": "185"}, {"y": "27", "x": "191"}, {"y": "27", "x": "191"}], [{"y": "14", "x": "286"}, {"y": "14", "x": "286"}, {"y": "20", "x": "290"}, {"y": "25", "x": "294"}, {"y": "30", "x": "299"}, {"y": "36", "x": "303"}, {"y": "41", "x": "307"}, {"y": "47", "x": "311"}, {"y": "52", "x": "315"}, {"y": "58", "x": "320"}, {"y": "63", "x": "324"}, {"y": "68", "x": "328"}, {"y": "74", "x": "332"}, {"y": "79", "x": "336"}, {"y": "85", "x": "341"}, {"y": "90", "x": "345"}, {"y": "95", "x": "349"}, {"y": "101", "x": "353"}, {"y": "106", "x": "357"}, {"y": "112", "x": "361"}, {"y": "117", "x": "366"}, {"y": "123", "x": "370"}, {"y": "128", "x": "374"}, {"y": "128", "x": "374"}, {"y": "128", "x": "374"}, {"y": "133", "x": "378"}, {"y": "139", "x": "382"}, {"y": "144", "x": "386"}, {"y": "149", "x": "390"}, {"y": "154", "x": "394"}, {"y": "160", "x": "398"}, {"y": "165", "x": "402"}, {"y": "170", "x": "406"}, {"y": "175", "x": "410"}, {"y": "181", "x": "414"}, {"y": "186", "x": "418"}, {"y": "191", "x": "422"}, {"y": "197", "x": "426"}, {"y": "202", "x": "430"}, {"y": "207", "x": "434"}, {"y": "212", "x": "438"}, {"y": "218", "x": "442"}, {"y": "223", "x": "446"}, {"y": "228", "x": "450"}, {"y": "233", "x": "454"}, {"y": "239", "x": "458"}, {"y": "244", "x": "462"}, {"y": "249", "x": "466"}, {"y": "255", "x": "470"}, {"y": "255", "x": "470"}], [{"y": "61", "x": "1"}, {"y": "61", "x": "1"}, {"y": "54", "x": "20"}, {"y": "47", "x": "39"}, {"y": "40", "x": "57"}, {"y": "33", "x": "76"}, {"y": "33", "x": "76"}, {"y": "27", "x": "93"}, {"y": "20", "x": "111"}, {"y": "14", "x": "129"}, {"y": "7", "x": "147"}, {"y": "7", "x": "147"}]]}