{"Lines": [[{"y": "255", "x": "191"}, {"y": "249", "x": "191"}, {"y": "244", "x": "191"}, {"y": "239", "x": "192"}, {"y": "233", "x": "192"}, {"y": "228", "x": "193"}, {"y": "223", "x": "193"}, {"y": "217", "x": "194"}, {"y": "212", "x": "194"}, {"y": "207", "x": "195"}, {"y": "201", "x": "195"}, {"y": "196", "x": "196"}, {"y": "191", "x": "196"}, {"y": "185", "x": "197"}, {"y": "180", "x": "197"}, {"y": "175", "x": "198"}, {"y": "169", "x": "198"}, {"y": "164", "x": "199"}, {"y": "159", "x": "199"}, {"y": "154", "x": "200"}, {"y": "148", "x": "200"}, {"y": "143", "x": "201"}, {"y": "138", "x": "201"}, {"y": "132", "x": "202"}, {"y": "127", "x": "202"}, {"y": "122", "x": "202"}, {"y": "116", "x": "203"}, {"y": "111", "x": "203"}, {"y": "111", "x": "203"}, {"y": "111", "x": "203"}, {"y": "106", "x": "204"}, {"y": "100", "x": "204"}, {"y": "95", "x": "204"}, {"y": "90", "x": "205"}, {"y": "84", "x": "205"}, {"y": "79", "x": "205"}, {"y": "74", "x": "205"}, {"y": "69", "x": "206"}, {"y": "63", "x": "206"}, {"y": "58", "x": "206"}, {"y": "53", "x": "206"}, {"y": "47", "x": "207"}, {"y": "42", "x": "207"}, {"y": "37", "x": "207"}, {"y": "31", "x": "208"}, {"y": "26", "x": "208"}, {"y": "21", "x": "208"}, {"y": "15", "x": "208"}, {"y": "10", "x": "209"}, {"y": "5", "x": "209"}, {"y": "5", "x": "209"}], [{"y": "82", "x": "4"}, {"y": "82", "x": "4"}, {"y": "76", "x": "15"}, {"y": "70", "x": "25"}, {"y": "64", "x": "36"}, {"y": "59", "x": "46"}, {"y": "53", "x": "57"}, {"y": "47", "x": "67"}, {"y": "41", "x": "78"}, {"y": "36", "x": "88"}, {"y": "30", "x": "99"}, {"y": "30", "x": "99"}, {"y": "30", "x": "99"}, {"y": "24", "x": "110"}, {"y": "18", "x": "122"}, {"y": "12", "x": "133"}, {"y": "6", "x": "145"}, {"y": "0", "x": "157"}, {"y": "0", "x": "157"}], [{"y": "1", "x": "263"}, {"y": "1", "x": "263"}, {"y": "7", "x": "273"}, {"y": "13", "x": "284"}, {"y": "18", "x": "294"}, {"y": "24", "x": "305"}, {"y": "30", "x": "315"}, {"y": "36", "x": "326"}, {"y": "42", "x": "336"}, {"y": "48", "x": "347"}, {"y": "54", "x": "357"}, {"y": "59", "x": "367"}, {"y": "65", "x": "378"}, {"y": "65", "x": "378"}, {"y": "65", "x": "378"}, {"y": "71", "x": "387"}, {"y": "76", "x": "397"}, {"y": "82", "x": "406"}, {"y": "88", "x": "416"}, {"y": "93", "x": "425"}, {"y": "99", "x": "435"}, {"y": "104", "x": "444"}, {"y": "110", "x": "454"}, {"y": "116", "x": "463"}, {"y": "121", "x": "473"}, {"y": "127", "x": "482"}, {"y": "132", "x": "492"}, {"y": "138", "x": "501"}, {"y": "144", "x": "511"}, {"y": "144", "x": "511"}]]}