{"Lines": [[{"y": "205", "x": "5"}, {"y": "205", "x": "5"}, {"y": "200", "x": "11"}, {"y": "194", "x": "17"}, {"y": "189", "x": "23"}, {"y": "183", "x": "29"}, {"y": "178", "x": "35"}, {"y": "173", "x": "41"}, {"y": "167", "x": "46"}, {"y": "162", "x": "52"}, {"y": "156", "x": "58"}, {"y": "151", "x": "64"}, {"y": "146", "x": "70"}, {"y": "140", "x": "76"}, {"y": "135", "x": "82"}, {"y": "129", "x": "88"}, {"y": "124", "x": "94"}, {"y": "119", "x": "100"}, {"y": "113", "x": "106"}, {"y": "108", "x": "112"}, {"y": "102", "x": "117"}, {"y": "97", "x": "123"}, {"y": "97", "x": "123"}, {"y": "91", "x": "130"}, {"y": "85", "x": "136"}, {"y": "80", "x": "142"}, {"y": "74", "x": "148"}, {"y": "68", "x": "154"}, {"y": "62", "x": "160"}, {"y": "56", "x": "167"}, {"y": "50", "x": "173"}, {"y": "45", "x": "179"}, {"y": "45", "x": "179"}, {"y": "45", "x": "179"}, {"y": "38", "x": "186"}, {"y": "32", "x": "192"}, {"y": "26", "x": "199"}, {"y": "20", "x": "205"}, {"y": "14", "x": "212"}, {"y": "14", "x": "212"}], [{"y": "9", "x": "290"}, {"y": "9", "x": "290"}, {"y": "14", "x": "294"}, {"y": "19", "x": "297"}, {"y": "25", "x": "301"}, {"y": "30", "x": "304"}, {"y": "36", "x": "308"}, {"y": "41", "x": "311"}, {"y": "46", "x": "315"}, {"y": "52", "x": "318"}, {"y": "57", "x": "322"}, {"y": "63", "x": "325"}, {"y": "68", "x": "329"}, {"y": "73", "x": "332"}, {"y": "79", "x": "336"}, {"y": "84", "x": "339"}, {"y": "90", "x": "343"}, {"y": "95", "x": "346"}, {"y": "100", "x": "350"}, {"y": "106", "x": "353"}, {"y": "111", "x": "357"}, {"y": "117", "x": "360"}, {"y": "122", "x": "364"}, {"y": "122", "x": "364"}, {"y": "122", "x": "364"}, {"y": "127", "x": "367"}, {"y": "133", "x": "371"}, {"y": "138", "x": "374"}, {"y": "143", "x": "378"}, {"y": "149", "x": "381"}, {"y": "154", "x": "385"}, {"y": "159", "x": "388"}, {"y": "164", "x": "392"}, {"y": "170", "x": "396"}, {"y": "175", "x": "399"}, {"y": "180", "x": "403"}, {"y": "185", "x": "406"}, {"y": "191", "x": "410"}, {"y": "196", "x": "413"}, {"y": "201", "x": "417"}, {"y": "207", "x": "420"}, {"y": "212", "x": "424"}, {"y": "217", "x": "427"}, {"y": "222", "x": "431"}, {"y": "228", "x": "434"}, {"y": "233", "x": "438"}, {"y": "238", "x": "441"}, {"y": "244", "x": "445"}, {"y": "249", "x": "448"}, {"y": "254", "x": "452"}, {"y": "254", "x": "452"}], [{"y": "63", "x": "1"}, {"y": "63", "x": "1"}, {"y": "56", "x": "21"}, {"y": "48", "x": "41"}, {"y": "41", "x": "61"}, {"y": "34", "x": "81"}, {"y": "34", "x": "81"}, {"y": "34", "x": "81"}, {"y": "27", "x": "99"}, {"y": "20", "x": "118"}, {"y": "14", "x": "136"}, {"y": "7", "x": "154"}, {"y": "7", "x": "154"}]]}