{"Lines": [[{"y": "75", "x": "0"}, {"y": "75", "x": "0"}, {"y": "69", "x": "15"}, {"y": "62", "x": "30"}, {"y": "56", "x": "45"}, {"y": "49", "x": "60"}, {"y": "43", "x": "75"}, {"y": "43", "x": "75"}, {"y": "37", "x": "89"}, {"y": "31", "x": "103"}, {"y": "24", "x": "117"}, {"y": "18", "x": "131"}, {"y": "12", "x": "145"}, {"y": "6", "x": "159"}, {"y": "0", "x": "172"}, {"y": "0", "x": "173"}], [{"y": "255", "x": "81"}, {"y": "249", "x": "84"}, {"y": "244", "x": "87"}, {"y": "239", "x": "90"}, {"y": "233", "x": "93"}, {"y": "228", "x": "96"}, {"y": "223", "x": "99"}, {"y": "217", "x": "102"}, {"y": "212", "x": "105"}, {"y": "207", "x": "108"}, {"y": "202", "x": "111"}, {"y": "196", "x": "114"}, {"y": "191", "x": "117"}, {"y": "186", "x": "120"}, {"y": "180", "x": "123"}, {"y": "175", "x": "126"}, {"y": "170", "x": "129"}, {"y": "165", "x": "132"}, {"y": "159", "x": "135"}, {"y": "154", "x": "138"}, {"y": "149", "x": "141"}, {"y": "143", "x": "144"}, {"y": "138", "x": "147"}, {"y": "133", "x": "150"}, {"y": "128", "x": "153"}, {"y": "122", "x": "156"}, {"y": "117", "x": "160"}, {"y": "112", "x": "163"}, {"y": "106", "x": "166"}, {"y": "101", "x": "169"}, {"y": "96", "x": "172"}, {"y": "91", "x": "175"}, {"y": "85", "x": "178"}, {"y": "80", "x": "181"}, {"y": "75", "x": "184"}, {"y": "75", "x": "184"}, {"y": "75", "x": "184"}, {"y": "69", "x": "187"}, {"y": "63", "x": "190"}, {"y": "58", "x": "193"}, {"y": "52", "x": "196"}, {"y": "47", "x": "200"}, {"y": "41", "x": "203"}, {"y": "35", "x": "206"}, {"y": "30", "x": "209"}, {"y": "24", "x": "212"}, {"y": "18", "x": "215"}, {"y": "13", "x": "219"}, {"y": "7", "x": "222"}, {"y": "2", "x": "225"}, {"y": "2", "x": "225"}], [{"y": "2", "x": "283"}, {"y": "2", "x": "283"}, {"y": "8", "x": "291"}, {"y": "14", "x": "298"}, {"y": "20", "x": "306"}, {"y": "26", "x": "313"}, {"y": "32", "x": "321"}, {"y": "38", "x": "328"}, {"y": "44", "x": "336"}, {"y": "50", "x": "343"}, {"y": "50", "x": "343"}, {"y": "50", "x": "343"}, {"y": "55", "x": "349"}, {"y": "61", "x": "355"}, {"y": "66", "x": "361"}, {"y": "71", "x": "368"}, {"y": "76", "x": "374"}, {"y": "82", "x": "380"}, {"y": "87", "x": "386"}, {"y": "92", "x": "392"}, {"y": "97", "x": "399"}, {"y": "103", "x": "405"}, {"y": "108", "x": "411"}, {"y": "113", "x": "417"}, {"y": "118", "x": "423"}, {"y": "124", "x": "429"}, {"y": "129", "x": "436"}, {"y": "134", "x": "442"}, {"y": "139", "x": "448"}, {"y": "145", "x": "454"}, {"y": "150", "x": "460"}, {"y": "155", "x": "466"}, {"y": "160", "x": "473"}, {"y": "165", "x": "479"}, {"y": "171", "x": "485"}, {"y": "176", "x": "491"}, {"y": "181", "x": "497"}, {"y": "186", "x": "503"}, {"y": "192", "x": "510"}, {"y": "192", "x": "510"}]]}