{"Lines": [[{"y": "166", "x": "3"}, {"y": "166", "x": "3"}, {"y": "160", "x": "10"}, {"y": "155", "x": "17"}, {"y": "149", "x": "24"}, {"y": "144", "x": "31"}, {"y": "139", "x": "38"}, {"y": "133", "x": "45"}, {"y": "128", "x": "52"}, {"y": "122", "x": "59"}, {"y": "117", "x": "66"}, {"y": "112", "x": "73"}, {"y": "106", "x": "80"}, {"y": "101", "x": "87"}, {"y": "96", "x": "93"}, {"y": "90", "x": "100"}, {"y": "85", "x": "107"}, {"y": "79", "x": "114"}, {"y": "74", "x": "121"}, {"y": "74", "x": "121"}, {"y": "74", "x": "121"}, {"y": "68", "x": "128"}, {"y": "62", "x": "134"}, {"y": "57", "x": "141"}, {"y": "51", "x": "147"}, {"y": "45", "x": "153"}, {"y": "39", "x": "160"}, {"y": "34", "x": "166"}, {"y": "34", "x": "166"}, {"y": "34", "x": "166"}, {"y": "27", "x": "171"}, {"y": "21", "x": "176"}, {"y": "15", "x": "182"}, {"y": "9", "x": "187"}, {"y": "3", "x": "192"}, {"y": "3", "x": "192"}], [{"y": "4", "x": "311"}, {"y": "4", "x": "311"}, {"y": "12", "x": "326"}, {"y": "20", "x": "341"}, {"y": "28", "x": "356"}, {"y": "28", "x": "356"}, {"y": "28", "x": "356"}, {"y": "33", "x": "368"}, {"y": "39", "x": "379"}, {"y": "45", "x": "391"}, {"y": "51", "x": "402"}, {"y": "57", "x": "414"}, {"y": "63", "x": "425"}, {"y": "68", "x": "436"}, {"y": "74", "x": "448"}, {"y": "80", "x": "459"}, {"y": "80", "x": "459"}, {"y": "80", "x": "459"}, {"y": "86", "x": "470"}, {"y": "92", "x": "480"}, {"y": "99", "x": "490"}, {"y": "105", "x": "500"}, {"y": "111", "x": "510"}]]}