{"Lines": [[{"y": "147", "x": "5"}, {"y": "147", "x": "5"}, {"y": "141", "x": "12"}, {"y": "136", "x": "20"}, {"y": "130", "x": "27"}, {"y": "125", "x": "35"}, {"y": "120", "x": "43"}, {"y": "114", "x": "50"}, {"y": "109", "x": "58"}, {"y": "104", "x": "65"}, {"y": "98", "x": "73"}, {"y": "93", "x": "80"}, {"y": "87", "x": "88"}, {"y": "82", "x": "95"}, {"y": "77", "x": "103"}, {"y": "71", "x": "111"}, {"y": "66", "x": "118"}, {"y": "66", "x": "118"}, {"y": "66", "x": "118"}, {"y": "60", "x": "125"}, {"y": "55", "x": "132"}, {"y": "50", "x": "140"}, {"y": "44", "x": "147"}, {"y": "39", "x": "154"}, {"y": "33", "x": "161"}, {"y": "28", "x": "168"}, {"y": "22", "x": "175"}, {"y": "17", "x": "182"}, {"y": "11", "x": "189"}, {"y": "6", "x": "197"}, {"y": "1", "x": "204"}, {"y": "1", "x": "204"}], [{"y": "1", "x": "341"}, {"y": "1", "x": "341"}, {"y": "7", "x": "352"}, {"y": "13", "x": "363"}, {"y": "19", "x": "373"}, {"y": "25", "x": "384"}, {"y": "31", "x": "394"}, {"y": "31", "x": "394"}, {"y": "31", "x": "394"}, {"y": "38", "x": "408"}, {"y": "45", "x": "422"}, {"y": "52", "x": "436"}, {"y": "59", "x": "450"}, {"y": "59", "x": "450"}, {"y": "65", "x": "462"}, {"y": "71", "x": "474"}, {"y": "77", "x": "486"}, {"y": "83", "x": "498"}, {"y": "90", "x": "510"}, {"y": "90", "x": "511"}]]}