{"Lines": [[{"y": "64", "x": "0"}, {"y": "64", "x": "0"}, {"y": "58", "x": "15"}, {"y": "52", "x": "30"}, {"y": "46", "x": "45"}, {"y": "40", "x": "60"}, {"y": "35", "x": "75"}, {"y": "29", "x": "91"}, {"y": "23", "x": "106"}, {"y": "23", "x": "106"}, {"y": "23", "x": "106"}, {"y": "15", "x": "131"}, {"y": "7", "x": "156"}, {"y": "0", "x": "181"}], [{"y": "0", "x": "299"}, {"y": "0", "x": "299"}, {"y": "13", "x": "299"}, {"y": "13", "x": "300"}, {"y": "13", "x": "300"}, {"y": "21", "x": "304"}, {"y": "28", "x": "308"}, {"y": "36", "x": "313"}, {"y": "36", "x": "313"}, {"y": "41", "x": "317"}, {"y": "46", "x": "321"}, {"y": "52", "x": "325"}, {"y": "57", "x": "330"}, {"y": "62", "x": "334"}, {"y": "68", "x": "338"}, {"y": "73", "x": "342"}, {"y": "78", "x": "347"}, {"y": "84", "x": "351"}, {"y": "89", "x": "355"}, {"y": "94", "x": "359"}, {"y": "99", "x": "364"}, {"y": "105", "x": "368"}, {"y": "110", "x": "372"}, {"y": "115", "x": "377"}, {"y": "121", "x": "381"}, {"y": "126", "x": "385"}, {"y": "131", "x": "389"}, {"y": "137", "x": "394"}, {"y": "142", "x": "398"}, {"y": "147", "x": "402"}, {"y": "147", "x": "402"}, {"y": "153", "x": "407"}, {"y": "158", "x": "411"}, {"y": "163", "x": "416"}, {"y": "169", "x": "420"}, {"y": "174", "x": "425"}, {"y": "179", "x": "430"}, {"y": "185", "x": "434"}, {"y": "190", "x": "439"}, {"y": "196", "x": "443"}, {"y": "201", "x": "448"}, {"y": "206", "x": "452"}, {"y": "212", "x": "457"}, {"y": "217", "x": "462"}, {"y": "222", "x": "466"}, {"y": "228", "x": "471"}, {"y": "233", "x": "475"}, {"y": "238", "x": "480"}, {"y": "244", "x": "484"}, {"y": "249", "x": "489"}, {"y": "255", "x": "494"}, {"y": "255", "x": "494"}]]}