{"Lines": [[{"y": "67", "x": "330"}, {"y": "67", "x": "330"}, {"y": "72", "x": "333"}, {"y": "78", "x": "336"}, {"y": "83", "x": "340"}, {"y": "88", "x": "343"}, {"y": "94", "x": "346"}, {"y": "99", "x": "349"}, {"y": "105", "x": "353"}, {"y": "110", "x": "356"}, {"y": "116", "x": "359"}, {"y": "121", "x": "363"}, {"y": "126", "x": "366"}, {"y": "132", "x": "369"}, {"y": "137", "x": "373"}, {"y": "137", "x": "373"}, {"y": "137", "x": "373"}, {"y": "142", "x": "376"}, {"y": "148", "x": "380"}, {"y": "153", "x": "383"}, {"y": "158", "x": "387"}, {"y": "164", "x": "390"}, {"y": "169", "x": "394"}, {"y": "174", "x": "397"}, {"y": "180", "x": "401"}, {"y": "185", "x": "405"}, {"y": "190", "x": "408"}, {"y": "196", "x": "412"}, {"y": "201", "x": "415"}, {"y": "206", "x": "419"}, {"y": "212", "x": "422"}, {"y": "217", "x": "426"}, {"y": "222", "x": "429"}, {"y": "228", "x": "433"}, {"y": "233", "x": "436"}, {"y": "238", "x": "440"}, {"y": "244", "x": "443"}, {"y": "249", "x": "447"}, {"y": "255", "x": "450"}, {"y": "255", "x": "451"}]]}