{"Lines": [[{"y": "96", "x": "0"}, {"y": "90", "x": "12"}, {"y": "84", "x": "25"}, {"y": "78", "x": "37"}, {"y": "72", "x": "50"}, {"y": "66", "x": "62"}, {"y": "59", "x": "75"}, {"y": "53", "x": "88"}, {"y": "47", "x": "100"}, {"y": "47", "x": "100"}, {"y": "42", "x": "111"}, {"y": "36", "x": "122"}, {"y": "30", "x": "133"}, {"y": "25", "x": "143"}, {"y": "19", "x": "154"}, {"y": "13", "x": "165"}, {"y": "8", "x": "176"}, {"y": "2", "x": "187"}, {"y": "2", "x": "187"}], [{"y": "2", "x": "306"}, {"y": "2", "x": "306"}, {"y": "9", "x": "319"}, {"y": "17", "x": "333"}, {"y": "25", "x": "347"}, {"y": "31", "x": "356"}, {"y": "37", "x": "365"}, {"y": "43", "x": "373"}, {"y": "49", "x": "382"}, {"y": "55", "x": "391"}, {"y": "61", "x": "400"}, {"y": "67", "x": "409"}, {"y": "73", "x": "417"}, {"y": "73", "x": "417"}, {"y": "73", "x": "417"}, {"y": "79", "x": "426"}, {"y": "84", "x": "434"}, {"y": "90", "x": "443"}, {"y": "96", "x": "451"}, {"y": "101", "x": "460"}, {"y": "107", "x": "468"}, {"y": "113", "x": "477"}, {"y": "118", "x": "485"}, {"y": "124", "x": "494"}, {"y": "130", "x": "502"}, {"y": "136", "x": "510"}, {"y": "136", "x": "511"}]]}