{"Lines": [[{"y": "80", "x": "0"}, {"y": "80", "x": "0"}, {"y": "74", "x": "15"}, {"y": "67", "x": "30"}, {"y": "60", "x": "46"}, {"y": "54", "x": "61"}, {"y": "47", "x": "76"}, {"y": "47", "x": "76"}, {"y": "47", "x": "76"}, {"y": "41", "x": "90"}, {"y": "35", "x": "104"}, {"y": "30", "x": "118"}, {"y": "24", "x": "132"}, {"y": "18", "x": "146"}, {"y": "12", "x": "159"}, {"y": "6", "x": "173"}, {"y": "6", "x": "173"}], [{"y": "255", "x": "79"}, {"y": "255", "x": "80"}, {"y": "249", "x": "83"}, {"y": "243", "x": "87"}, {"y": "238", "x": "91"}, {"y": "232", "x": "94"}, {"y": "227", "x": "98"}, {"y": "221", "x": "102"}, {"y": "216", "x": "106"}, {"y": "210", "x": "109"}, {"y": "205", "x": "113"}, {"y": "199", "x": "117"}, {"y": "194", "x": "120"}, {"y": "188", "x": "124"}, {"y": "183", "x": "128"}, {"y": "177", "x": "132"}, {"y": "171", "x": "135"}, {"y": "166", "x": "139"}, {"y": "166", "x": "139"}, {"y": "160", "x": "142"}, {"y": "155", "x": "146"}, {"y": "150", "x": "149"}, {"y": "144", "x": "153"}, {"y": "139", "x": "156"}, {"y": "134", "x": "160"}, {"y": "128", "x": "163"}, {"y": "123", "x": "166"}, {"y": "117", "x": "170"}, {"y": "112", "x": "173"}, {"y": "107", "x": "177"}, {"y": "101", "x": "180"}, {"y": "96", "x": "184"}, {"y": "90", "x": "187"}, {"y": "85", "x": "191"}, {"y": "80", "x": "194"}, {"y": "80", "x": "194"}, {"y": "74", "x": "198"}, {"y": "68", "x": "202"}, {"y": "62", "x": "205"}, {"y": "57", "x": "209"}, {"y": "51", "x": "213"}, {"y": "45", "x": "217"}, {"y": "39", "x": "221"}, {"y": "39", "x": "221"}, {"y": "33", "x": "224"}, {"y": "27", "x": "228"}, {"y": "20", "x": "231"}, {"y": "14", "x": "235"}, {"y": "8", "x": "238"}, {"y": "8", "x": "238"}], [{"y": "5", "x": "302"}, {"y": "5", "x": "302"}, {"y": "16", "x": "316"}, {"y": "16", "x": "316"}, {"y": "22", "x": "323"}, {"y": "28", "x": "330"}, {"y": "35", "x": "337"}, {"y": "41", "x": "344"}, {"y": "47", "x": "351"}, {"y": "53", "x": "358"}, {"y": "60", "x": "365"}, {"y": "60", "x": "365"}, {"y": "65", "x": "371"}, {"y": "70", "x": "377"}, {"y": "76", "x": "383"}, {"y": "81", "x": "389"}, {"y": "87", "x": "395"}, {"y": "92", "x": "401"}, {"y": "97", "x": "407"}, {"y": "103", "x": "413"}, {"y": "108", "x": "419"}, {"y": "113", "x": "425"}, {"y": "119", "x": "431"}, {"y": "124", "x": "438"}, {"y": "129", "x": "444"}, {"y": "135", "x": "450"}, {"y": "140", "x": "456"}, {"y": "146", "x": "462"}, {"y": "151", "x": "468"}, {"y": "156", "x": "474"}, {"y": "162", "x": "480"}, {"y": "167", "x": "486"}, {"y": "172", "x": "492"}, {"y": "178", "x": "498"}, {"y": "183", "x": "504"}, {"y": "189", "x": "510"}, {"y": "189", "x": "511"}]]}