{"Lines": [[{"y": "252", "x": "12"}, {"y": "252", "x": "12"}, {"y": "247", "x": "16"}, {"y": "241", "x": "21"}, {"y": "236", "x": "25"}, {"y": "230", "x": "29"}, {"y": "225", "x": "34"}, {"y": "219", "x": "38"}, {"y": "214", "x": "42"}, {"y": "208", "x": "47"}, {"y": "203", "x": "51"}, {"y": "197", "x": "56"}, {"y": "192", "x": "60"}, {"y": "186", "x": "64"}, {"y": "181", "x": "69"}, {"y": "175", "x": "73"}, {"y": "170", "x": "77"}, {"y": "164", "x": "82"}, {"y": "159", "x": "86"}, {"y": "153", "x": "91"}, {"y": "148", "x": "95"}, {"y": "148", "x": "95"}, {"y": "148", "x": "95"}, {"y": "142", "x": "99"}, {"y": "136", "x": "103"}, {"y": "131", "x": "107"}, {"y": "125", "x": "111"}, {"y": "119", "x": "114"}, {"y": "114", "x": "118"}, {"y": "108", "x": "122"}, {"y": "103", "x": "126"}, {"y": "97", "x": "130"}, {"y": "91", "x": "134"}, {"y": "86", "x": "138"}, {"y": "80", "x": "142"}, {"y": "74", "x": "146"}, {"y": "74", "x": "146"}, {"y": "69", "x": "151"}, {"y": "63", "x": "156"}, {"y": "58", "x": "161"}, {"y": "52", "x": "166"}, {"y": "46", "x": "172"}, {"y": "41", "x": "177"}, {"y": "35", "x": "182"}, {"y": "30", "x": "187"}, {"y": "24", "x": "192"}, {"y": "24", "x": "192"}, {"y": "24", "x": "192"}, {"y": "12", "x": "210"}], [{"y": "15", "x": "335"}, {"y": "15", "x": "335"}, {"y": "24", "x": "363"}, {"y": "33", "x": "391"}, {"y": "33", "x": "391"}, {"y": "39", "x": "408"}, {"y": "45", "x": "425"}, {"y": "51", "x": "442"}, {"y": "57", "x": "459"}, {"y": "63", "x": "476"}, {"y": "69", "x": "493"}, {"y": "75", "x": "510"}, {"y": "75", "x": "510"}]]}