{"Lines": [[{"y": "109", "x": "2"}, {"y": "109", "x": "2"}, {"y": "103", "x": "12"}, {"y": "97", "x": "21"}, {"y": "92", "x": "31"}, {"y": "86", "x": "40"}, {"y": "80", "x": "50"}, {"y": "74", "x": "59"}, {"y": "68", "x": "69"}, {"y": "63", "x": "78"}, {"y": "57", "x": "88"}, {"y": "51", "x": "97"}, {"y": "45", "x": "107"}, {"y": "39", "x": "116"}, {"y": "39", "x": "116"}, {"y": "33", "x": "126"}, {"y": "26", "x": "136"}, {"y": "20", "x": "146"}, {"y": "13", "x": "156"}, {"y": "7", "x": "166"}, {"y": "1", "x": "176"}], [{"y": "2", "x": "274"}, {"y": "2", "x": "274"}, {"y": "9", "x": "291"}, {"y": "17", "x": "309"}, {"y": "24", "x": "327"}, {"y": "24", "x": "327"}, {"y": "24", "x": "327"}, {"y": "29", "x": "337"}, {"y": "35", "x": "348"}, {"y": "41", "x": "359"}, {"y": "46", "x": "370"}, {"y": "52", "x": "381"}, {"y": "57", "x": "392"}, {"y": "63", "x": "403"}, {"y": "69", "x": "414"}, {"y": "74", "x": "424"}, {"y": "80", "x": "435"}, {"y": "85", "x": "446"}, {"y": "91", "x": "457"}, {"y": "91", "x": "457"}, {"y": "91", "x": "457"}, {"y": "98", "x": "470"}, {"y": "105", "x": "484"}, {"y": "112", "x": "497"}, {"y": "120", "x": "510"}, {"y": "120", "x": "511"}]]}