{"Lines": [[{"y": "69", "x": "2"}, {"y": "69", "x": "2"}, {"y": "62", "x": "19"}, {"y": "56", "x": "36"}, {"y": "50", "x": "53"}, {"y": "44", "x": "71"}, {"y": "37", "x": "88"}, {"y": "31", "x": "105"}, {"y": "31", "x": "105"}, {"y": "24", "x": "128"}, {"y": "17", "x": "151"}, {"y": "10", "x": "175"}, {"y": "3", "x": "198"}, {"y": "3", "x": "198"}], [{"y": "12", "x": "332"}, {"y": "12", "x": "332"}, {"y": "12", "x": "332"}, {"y": "0", "x": "334"}, {"y": "0", "x": "334"}, {"y": "27", "x": "335"}, {"y": "27", "x": "335"}, {"y": "27", "x": "335"}, {"y": "35", "x": "339"}, {"y": "42", "x": "342"}, {"y": "50", "x": "346"}, {"y": "50", "x": "346"}, {"y": "50", "x": "346"}, {"y": "55", "x": "349"}, {"y": "60", "x": "353"}, {"y": "65", "x": "357"}, {"y": "71", "x": "361"}, {"y": "76", "x": "365"}, {"y": "81", "x": "369"}, {"y": "86", "x": "373"}, {"y": "92", "x": "377"}, {"y": "97", "x": "381"}, {"y": "102", "x": "385"}, {"y": "107", "x": "389"}, {"y": "113", "x": "392"}, {"y": "118", "x": "396"}, {"y": "123", "x": "400"}, {"y": "128", "x": "404"}, {"y": "134", "x": "408"}, {"y": "139", "x": "412"}, {"y": "144", "x": "416"}, {"y": "149", "x": "420"}, {"y": "155", "x": "424"}, {"y": "160", "x": "428"}, {"y": "165", "x": "432"}, {"y": "170", "x": "435"}, {"y": "176", "x": "439"}, {"y": "181", "x": "443"}, {"y": "186", "x": "447"}, {"y": "191", "x": "451"}, {"y": "191", "x": "451"}, {"y": "191", "x": "451"}, {"y": "197", "x": "456"}, {"y": "203", "x": "460"}, {"y": "209", "x": "464"}, {"y": "214", "x": "469"}, {"y": "220", "x": "473"}, {"y": "226", "x": "478"}, {"y": "232", "x": "482"}, {"y": "237", "x": "486"}, {"y": "243", "x": "491"}, {"y": "249", "x": "495"}, {"y": "255", "x": "499"}, {"y": "255", "x": "500"}]]}