{"Lines": [[{"y": "223", "x": "0"}, {"y": "223", "x": "0"}, {"y": "217", "x": "5"}, {"y": "212", "x": "11"}, {"y": "206", "x": "16"}, {"y": "201", "x": "21"}, {"y": "195", "x": "27"}, {"y": "190", "x": "32"}, {"y": "185", "x": "37"}, {"y": "179", "x": "42"}, {"y": "174", "x": "48"}, {"y": "168", "x": "53"}, {"y": "163", "x": "58"}, {"y": "157", "x": "64"}, {"y": "152", "x": "69"}, {"y": "146", "x": "74"}, {"y": "141", "x": "80"}, {"y": "135", "x": "85"}, {"y": "135", "x": "85"}, {"y": "135", "x": "85"}, {"y": "130", "x": "90"}, {"y": "125", "x": "94"}, {"y": "119", "x": "99"}, {"y": "114", "x": "104"}, {"y": "108", "x": "109"}, {"y": "103", "x": "114"}, {"y": "97", "x": "119"}, {"y": "92", "x": "123"}, {"y": "86", "x": "128"}, {"y": "81", "x": "133"}, {"y": "76", "x": "138"}, {"y": "70", "x": "143"}, {"y": "70", "x": "143"}, {"y": "70", "x": "143"}, {"y": "63", "x": "149"}, {"y": "57", "x": "155"}, {"y": "50", "x": "162"}, {"y": "43", "x": "168"}, {"y": "43", "x": "168"}, {"y": "43", "x": "168"}, {"y": "37", "x": "172"}, {"y": "32", "x": "176"}, {"y": "26", "x": "180"}, {"y": "20", "x": "184"}, {"y": "14", "x": "188"}, {"y": "8", "x": "192"}, {"y": "2", "x": "196"}, {"y": "2", "x": "196"}], [{"y": "1", "x": "251"}, {"y": "1", "x": "251"}, {"y": "9", "x": "262"}, {"y": "18", "x": "274"}, {"y": "18", "x": "274"}, {"y": "23", "x": "279"}, {"y": "29", "x": "284"}, {"y": "35", "x": "289"}, {"y": "40", "x": "294"}, {"y": "46", "x": "299"}, {"y": "51", "x": "304"}, {"y": "57", "x": "309"}, {"y": "62", "x": "314"}, {"y": "68", "x": "319"}, {"y": "73", "x": "324"}, {"y": "79", "x": "329"}, {"y": "85", "x": "334"}, {"y": "85", "x": "334"}, {"y": "85", "x": "334"}, {"y": "90", "x": "339"}, {"y": "95", "x": "343"}, {"y": "100", "x": "347"}, {"y": "106", "x": "351"}, {"y": "111", "x": "355"}, {"y": "116", "x": "359"}, {"y": "122", "x": "363"}, {"y": "127", "x": "367"}, {"y": "132", "x": "372"}, {"y": "138", "x": "376"}, {"y": "143", "x": "380"}, {"y": "148", "x": "384"}, {"y": "154", "x": "388"}, {"y": "159", "x": "392"}, {"y": "164", "x": "396"}, {"y": "170", "x": "400"}, {"y": "175", "x": "405"}, {"y": "180", "x": "409"}, {"y": "185", "x": "413"}, {"y": "191", "x": "417"}, {"y": "196", "x": "421"}, {"y": "201", "x": "425"}, {"y": "207", "x": "429"}, {"y": "212", "x": "433"}, {"y": "217", "x": "438"}, {"y": "223", "x": "442"}, {"y": "228", "x": "446"}, {"y": "233", "x": "450"}, {"y": "239", "x": "454"}, {"y": "244", "x": "458"}, {"y": "249", "x": "462"}, {"y": "255", "x": "467"}, {"y": "255", "x": "467"}]]}