{"Lines": [[{"y": "158", "x": "3"}, {"y": "158", "x": "3"}, {"y": "152", "x": "9"}, {"y": "147", "x": "15"}, {"y": "141", "x": "22"}, {"y": "136", "x": "28"}, {"y": "130", "x": "34"}, {"y": "124", "x": "41"}, {"y": "119", "x": "47"}, {"y": "113", "x": "53"}, {"y": "107", "x": "60"}, {"y": "102", "x": "66"}, {"y": "96", "x": "72"}, {"y": "90", "x": "78"}, {"y": "85", "x": "85"}, {"y": "85", "x": "85"}, {"y": "79", "x": "92"}, {"y": "73", "x": "100"}, {"y": "67", "x": "107"}, {"y": "61", "x": "114"}, {"y": "55", "x": "122"}, {"y": "49", "x": "129"}, {"y": "49", "x": "129"}, {"y": "37", "x": "150"}, {"y": "37", "x": "150"}, {"y": "29", "x": "167"}, {"y": "21", "x": "184"}, {"y": "21", "x": "184"}], [{"y": "18", "x": "329"}, {"y": "18", "x": "329"}, {"y": "24", "x": "342"}, {"y": "30", "x": "355"}, {"y": "36", "x": "369"}, {"y": "42", "x": "382"}, {"y": "48", "x": "396"}, {"y": "54", "x": "409"}, {"y": "60", "x": "423"}, {"y": "60", "x": "423"}, {"y": "67", "x": "440"}, {"y": "74", "x": "458"}, {"y": "81", "x": "475"}, {"y": "88", "x": "493"}, {"y": "95", "x": "510"}, {"y": "95", "x": "510"}]]}