{"Lines": [[{"y": "255", "x": "82"}, {"y": "255", "x": "82"}, {"y": "249", "x": "85"}, {"y": "243", "x": "89"}, {"y": "237", "x": "92"}, {"y": "231", "x": "96"}, {"y": "225", "x": "100"}, {"y": "220", "x": "103"}, {"y": "214", "x": "107"}, {"y": "208", "x": "111"}, {"y": "202", "x": "114"}, {"y": "196", "x": "118"}, {"y": "190", "x": "121"}, {"y": "190", "x": "121"}, {"y": "185", "x": "125"}, {"y": "180", "x": "128"}, {"y": "174", "x": "131"}, {"y": "169", "x": "134"}, {"y": "164", "x": "138"}, {"y": "159", "x": "141"}, {"y": "153", "x": "144"}, {"y": "148", "x": "147"}, {"y": "143", "x": "151"}, {"y": "137", "x": "154"}, {"y": "132", "x": "157"}, {"y": "127", "x": "160"}, {"y": "121", "x": "164"}, {"y": "116", "x": "167"}, {"y": "111", "x": "170"}, {"y": "105", "x": "173"}, {"y": "100", "x": "177"}, {"y": "95", "x": "180"}, {"y": "89", "x": "183"}, {"y": "84", "x": "186"}, {"y": "79", "x": "190"}, {"y": "74", "x": "193"}, {"y": "68", "x": "196"}, {"y": "63", "x": "200"}, {"y": "63", "x": "200"}, {"y": "57", "x": "203"}, {"y": "51", "x": "206"}, {"y": "45", "x": "209"}, {"y": "39", "x": "213"}, {"y": "33", "x": "216"}, {"y": "27", "x": "219"}, {"y": "20", "x": "223"}, {"y": "14", "x": "226"}, {"y": "8", "x": "229"}], [{"y": "4", "x": "293"}, {"y": "4", "x": "293"}, {"y": "11", "x": "302"}, {"y": "18", "x": "311"}, {"y": "24", "x": "319"}, {"y": "31", "x": "328"}, {"y": "31", "x": "328"}, {"y": "31", "x": "328"}, {"y": "37", "x": "334"}, {"y": "42", "x": "340"}, {"y": "47", "x": "346"}, {"y": "52", "x": "352"}, {"y": "58", "x": "358"}, {"y": "63", "x": "364"}, {"y": "68", "x": "370"}, {"y": "74", "x": "376"}, {"y": "79", "x": "383"}, {"y": "84", "x": "389"}, {"y": "89", "x": "395"}, {"y": "95", "x": "401"}, {"y": "100", "x": "407"}, {"y": "105", "x": "413"}, {"y": "111", "x": "419"}, {"y": "116", "x": "425"}, {"y": "121", "x": "431"}, {"y": "127", "x": "437"}, {"y": "132", "x": "443"}, {"y": "137", "x": "449"}, {"y": "142", "x": "455"}, {"y": "148", "x": "461"}, {"y": "153", "x": "467"}, {"y": "158", "x": "474"}, {"y": "164", "x": "480"}, {"y": "169", "x": "486"}, {"y": "174", "x": "492"}, {"y": "179", "x": "498"}, {"y": "185", "x": "504"}, {"y": "190", "x": "510"}, {"y": "190", "x": "510"}], [{"y": "78", "x": "1"}, {"y": "78", "x": "1"}, {"y": "71", "x": "17"}, {"y": "64", "x": "32"}, {"y": "57", "x": "48"}, {"y": "51", "x": "64"}, {"y": "44", "x": "79"}, {"y": "44", "x": "79"}, {"y": "44", "x": "79"}, {"y": "37", "x": "94"}, {"y": "31", "x": "109"}, {"y": "25", "x": "123"}, {"y": "19", "x": "138"}, {"y": "12", "x": "152"}, {"y": "6", "x": "167"}]]}