{"Lines": [[{"y": "59", "x": "2"}, {"y": "59", "x": "2"}, {"y": "52", "x": "22"}, {"y": "45", "x": "42"}, {"y": "38", "x": "62"}, {"y": "31", "x": "82"}, {"y": "31", "x": "82"}, {"y": "31", "x": "82"}, {"y": "24", "x": "99"}, {"y": "18", "x": "117"}, {"y": "12", "x": "134"}, {"y": "5", "x": "152"}, {"y": "5", "x": "152"}], [{"y": "210", "x": "1"}, {"y": "210", "x": "1"}, {"y": "203", "x": "7"}, {"y": "197", "x": "14"}, {"y": "190", "x": "21"}, {"y": "184", "x": "27"}, {"y": "177", "x": "34"}, {"y": "177", "x": "34"}, {"y": "177", "x": "34"}, {"y": "172", "x": "40"}, {"y": "166", "x": "46"}, {"y": "161", "x": "52"}, {"y": "155", "x": "57"}, {"y": "150", "x": "63"}, {"y": "144", "x": "69"}, {"y": "139", "x": "75"}, {"y": "133", "x": "81"}, {"y": "128", "x": "86"}, {"y": "122", "x": "92"}, {"y": "117", "x": "98"}, {"y": "111", "x": "104"}, {"y": "106", "x": "110"}, {"y": "100", "x": "115"}, {"y": "95", "x": "121"}, {"y": "90", "x": "127"}, {"y": "84", "x": "133"}, {"y": "79", "x": "139"}, {"y": "79", "x": "139"}, {"y": "79", "x": "139"}, {"y": "73", "x": "144"}, {"y": "68", "x": "150"}, {"y": "62", "x": "156"}, {"y": "57", "x": "161"}, {"y": "51", "x": "167"}, {"y": "46", "x": "173"}, {"y": "40", "x": "178"}, {"y": "35", "x": "184"}, {"y": "29", "x": "189"}, {"y": "24", "x": "195"}, {"y": "18", "x": "201"}, {"y": "13", "x": "206"}, {"y": "13", "x": "206"}], [{"y": "12", "x": "285"}, {"y": "17", "x": "289"}, {"y": "23", "x": "292"}, {"y": "28", "x": "296"}, {"y": "34", "x": "300"}, {"y": "40", "x": "304"}, {"y": "45", "x": "308"}, {"y": "51", "x": "311"}, {"y": "56", "x": "315"}, {"y": "62", "x": "319"}, {"y": "68", "x": "323"}, {"y": "73", "x": "327"}, {"y": "79", "x": "330"}, {"y": "84", "x": "334"}, {"y": "90", "x": "338"}, {"y": "96", "x": "342"}, {"y": "101", "x": "346"}, {"y": "101", "x": "346"}, {"y": "101", "x": "346"}, {"y": "106", "x": "349"}, {"y": "112", "x": "353"}, {"y": "117", "x": "357"}, {"y": "122", "x": "361"}, {"y": "128", "x": "364"}, {"y": "133", "x": "368"}, {"y": "138", "x": "372"}, {"y": "143", "x": "376"}, {"y": "149", "x": "379"}, {"y": "154", "x": "383"}, {"y": "159", "x": "387"}, {"y": "165", "x": "391"}, {"y": "170", "x": "394"}, {"y": "175", "x": "398"}, {"y": "180", "x": "402"}, {"y": "186", "x": "406"}, {"y": "191", "x": "409"}, {"y": "196", "x": "413"}, {"y": "202", "x": "417"}, {"y": "207", "x": "421"}, {"y": "212", "x": "424"}, {"y": "217", "x": "428"}, {"y": "223", "x": "432"}, {"y": "228", "x": "436"}, {"y": "233", "x": "439"}, {"y": "239", "x": "443"}, {"y": "244", "x": "447"}, {"y": "249", "x": "451"}, {"y": "255", "x": "455"}, {"y": "255", "x": "455"}]]}