{"Lines": [[{"y": "73", "x": "0"}, {"y": "73", "x": "0"}, {"y": "67", "x": "16"}, {"y": "61", "x": "32"}, {"y": "55", "x": "48"}, {"y": "49", "x": "64"}, {"y": "43", "x": "80"}, {"y": "37", "x": "96"}, {"y": "31", "x": "112"}, {"y": "31", "x": "112"}, {"y": "31", "x": "112"}, {"y": "25", "x": "128"}, {"y": "19", "x": "143"}, {"y": "12", "x": "159"}, {"y": "6", "x": "175"}, {"y": "0", "x": "190"}, {"y": "0", "x": "191"}], [{"y": "255", "x": "29"}, {"y": "255", "x": "29"}, {"y": "249", "x": "33"}, {"y": "244", "x": "38"}, {"y": "238", "x": "42"}, {"y": "233", "x": "47"}, {"y": "227", "x": "51"}, {"y": "222", "x": "56"}, {"y": "217", "x": "61"}, {"y": "211", "x": "65"}, {"y": "206", "x": "70"}, {"y": "200", "x": "74"}, {"y": "195", "x": "79"}, {"y": "189", "x": "84"}, {"y": "184", "x": "88"}, {"y": "179", "x": "93"}, {"y": "173", "x": "97"}, {"y": "168", "x": "102"}, {"y": "162", "x": "107"}, {"y": "157", "x": "111"}, {"y": "152", "x": "116"}, {"y": "146", "x": "120"}, {"y": "141", "x": "125"}, {"y": "141", "x": "125"}, {"y": "141", "x": "125"}, {"y": "135", "x": "130"}, {"y": "129", "x": "135"}, {"y": "124", "x": "140"}, {"y": "118", "x": "144"}, {"y": "112", "x": "149"}, {"y": "107", "x": "154"}, {"y": "101", "x": "159"}, {"y": "95", "x": "164"}, {"y": "90", "x": "169"}, {"y": "84", "x": "174"}, {"y": "78", "x": "179"}, {"y": "73", "x": "184"}, {"y": "67", "x": "188"}, {"y": "67", "x": "188"}, {"y": "67", "x": "188"}, {"y": "61", "x": "193"}, {"y": "55", "x": "198"}, {"y": "49", "x": "203"}, {"y": "43", "x": "208"}, {"y": "37", "x": "213"}, {"y": "31", "x": "217"}, {"y": "25", "x": "222"}, {"y": "20", "x": "227"}, {"y": "14", "x": "232"}, {"y": "8", "x": "237"}], [{"y": "5", "x": "306"}, {"y": "5", "x": "306"}, {"y": "11", "x": "311"}, {"y": "17", "x": "316"}, {"y": "22", "x": "321"}, {"y": "28", "x": "326"}, {"y": "33", "x": "331"}, {"y": "39", "x": "336"}, {"y": "44", "x": "341"}, {"y": "50", "x": "346"}, {"y": "55", "x": "351"}, {"y": "61", "x": "356"}, {"y": "67", "x": "361"}, {"y": "72", "x": "366"}, {"y": "78", "x": "371"}, {"y": "83", "x": "376"}, {"y": "89", "x": "381"}, {"y": "89", "x": "381"}, {"y": "89", "x": "381"}, {"y": "94", "x": "386"}, {"y": "99", "x": "390"}, {"y": "105", "x": "395"}, {"y": "110", "x": "400"}, {"y": "115", "x": "405"}, {"y": "120", "x": "410"}, {"y": "126", "x": "414"}, {"y": "131", "x": "419"}, {"y": "136", "x": "424"}, {"y": "141", "x": "429"}, {"y": "147", "x": "434"}, {"y": "152", "x": "438"}, {"y": "157", "x": "443"}, {"y": "162", "x": "448"}, {"y": "168", "x": "453"}, {"y": "173", "x": "458"}, {"y": "178", "x": "462"}, {"y": "183", "x": "467"}, {"y": "189", "x": "472"}, {"y": "194", "x": "477"}, {"y": "199", "x": "482"}, {"y": "204", "x": "486"}, {"y": "210", "x": "491"}, {"y": "215", "x": "496"}, {"y": "220", "x": "501"}, {"y": "225", "x": "506"}, {"y": "231", "x": "510"}, {"y": "231", "x": "511"}]]}