{"Lines": [[{"y": "255", "x": "18"}, {"y": "255", "x": "19"}, {"y": "249", "x": "23"}, {"y": "244", "x": "27"}, {"y": "239", "x": "31"}, {"y": "234", "x": "36"}, {"y": "229", "x": "40"}, {"y": "223", "x": "44"}, {"y": "218", "x": "49"}, {"y": "213", "x": "53"}, {"y": "208", "x": "57"}, {"y": "203", "x": "61"}, {"y": "197", "x": "66"}, {"y": "192", "x": "70"}, {"y": "187", "x": "74"}, {"y": "182", "x": "79"}, {"y": "177", "x": "83"}, {"y": "171", "x": "87"}, {"y": "166", "x": "91"}, {"y": "161", "x": "96"}, {"y": "156", "x": "100"}, {"y": "151", "x": "104"}, {"y": "145", "x": "109"}, {"y": "140", "x": "113"}, {"y": "135", "x": "117"}, {"y": "130", "x": "122"}, {"y": "125", "x": "126"}, {"y": "119", "x": "130"}, {"y": "114", "x": "134"}, {"y": "109", "x": "139"}, {"y": "104", "x": "143"}, {"y": "104", "x": "143"}, {"y": "98", "x": "148"}, {"y": "91", "x": "153"}, {"y": "85", "x": "158"}, {"y": "79", "x": "163"}, {"y": "73", "x": "168"}, {"y": "67", "x": "173"}, {"y": "60", "x": "178"}, {"y": "60", "x": "178"}, {"y": "60", "x": "178"}, {"y": "54", "x": "182"}, {"y": "49", "x": "185"}, {"y": "43", "x": "189"}, {"y": "37", "x": "193"}, {"y": "31", "x": "196"}, {"y": "25", "x": "200"}, {"y": "19", "x": "204"}, {"y": "14", "x": "207"}, {"y": "8", "x": "211"}, {"y": "8", "x": "211"}], [{"y": "68", "x": "0"}, {"y": "68", "x": "0"}, {"y": "61", "x": "17"}, {"y": "54", "x": "35"}, {"y": "47", "x": "52"}, {"y": "40", "x": "69"}, {"y": "33", "x": "86"}, {"y": "33", "x": "86"}, {"y": "33", "x": "86"}, {"y": "27", "x": "101"}, {"y": "20", "x": "115"}, {"y": "14", "x": "129"}, {"y": "8", "x": "143"}, {"y": "2", "x": "157"}], [{"y": "5", "x": "277"}, {"y": "5", "x": "277"}, {"y": "12", "x": "285"}, {"y": "18", "x": "293"}, {"y": "24", "x": "300"}, {"y": "31", "x": "308"}, {"y": "37", "x": "316"}, {"y": "37", "x": "316"}, {"y": "37", "x": "316"}, {"y": "42", "x": "321"}, {"y": "48", "x": "326"}, {"y": "53", "x": "331"}, {"y": "58", "x": "336"}, {"y": "64", "x": "341"}, {"y": "69", "x": "347"}, {"y": "74", "x": "352"}, {"y": "80", "x": "357"}, {"y": "85", "x": "362"}, {"y": "91", "x": "367"}, {"y": "96", "x": "373"}, {"y": "101", "x": "378"}, {"y": "107", "x": "383"}, {"y": "112", "x": "388"}, {"y": "118", "x": "393"}, {"y": "118", "x": "393"}, {"y": "123", "x": "398"}, {"y": "128", "x": "403"}, {"y": "133", "x": "408"}, {"y": "139", "x": "414"}, {"y": "144", "x": "419"}, {"y": "149", "x": "424"}, {"y": "155", "x": "429"}, {"y": "160", "x": "434"}, {"y": "165", "x": "439"}, {"y": "171", "x": "444"}, {"y": "176", "x": "449"}, {"y": "181", "x": "454"}, {"y": "186", "x": "459"}, {"y": "192", "x": "464"}, {"y": "197", "x": "469"}, {"y": "202", "x": "474"}, {"y": "208", "x": "479"}, {"y": "213", "x": "484"}, {"y": "218", "x": "489"}, {"y": "224", "x": "494"}, {"y": "229", "x": "500"}, {"y": "234", "x": "505"}, {"y": "239", "x": "510"}]]}