{"Lines": [[{"y": "217", "x": "0"}, {"y": "217", "x": "0"}, {"y": "212", "x": "6"}, {"y": "206", "x": "12"}, {"y": "201", "x": "18"}, {"y": "195", "x": "24"}, {"y": "190", "x": "29"}, {"y": "185", "x": "35"}, {"y": "179", "x": "41"}, {"y": "174", "x": "47"}, {"y": "169", "x": "52"}, {"y": "163", "x": "58"}, {"y": "158", "x": "64"}, {"y": "152", "x": "70"}, {"y": "147", "x": "76"}, {"y": "142", "x": "81"}, {"y": "136", "x": "87"}, {"y": "131", "x": "93"}, {"y": "126", "x": "99"}, {"y": "120", "x": "104"}, {"y": "115", "x": "110"}, {"y": "110", "x": "116"}, {"y": "104", "x": "122"}, {"y": "99", "x": "127"}, {"y": "93", "x": "133"}, {"y": "88", "x": "139"}, {"y": "88", "x": "139"}, {"y": "82", "x": "145"}, {"y": "77", "x": "151"}, {"y": "71", "x": "158"}, {"y": "65", "x": "164"}, {"y": "59", "x": "170"}, {"y": "54", "x": "176"}, {"y": "48", "x": "182"}, {"y": "42", "x": "188"}, {"y": "37", "x": "194"}, {"y": "31", "x": "201"}, {"y": "25", "x": "207"}, {"y": "19", "x": "213"}, {"y": "14", "x": "219"}, {"y": "14", "x": "219"}], [{"y": "70", "x": "0"}, {"y": "70", "x": "0"}, {"y": "65", "x": "15"}, {"y": "59", "x": "31"}, {"y": "53", "x": "47"}, {"y": "47", "x": "63"}, {"y": "41", "x": "79"}, {"y": "35", "x": "95"}, {"y": "29", "x": "111"}, {"y": "29", "x": "111"}, {"y": "21", "x": "133"}, {"y": "12", "x": "155"}, {"y": "4", "x": "177"}, {"y": "4", "x": "177"}], [{"y": "6", "x": "288"}, {"y": "6", "x": "288"}, {"y": "12", "x": "290"}, {"y": "18", "x": "293"}, {"y": "24", "x": "295"}, {"y": "30", "x": "298"}, {"y": "36", "x": "300"}, {"y": "42", "x": "302"}, {"y": "48", "x": "305"}, {"y": "54", "x": "307"}, {"y": "60", "x": "309"}, {"y": "60", "x": "309"}, {"y": "65", "x": "312"}, {"y": "70", "x": "314"}, {"y": "75", "x": "317"}, {"y": "81", "x": "319"}, {"y": "86", "x": "322"}, {"y": "91", "x": "324"}, {"y": "97", "x": "327"}, {"y": "102", "x": "329"}, {"y": "107", "x": "331"}, {"y": "112", "x": "334"}, {"y": "118", "x": "336"}, {"y": "123", "x": "339"}, {"y": "128", "x": "341"}, {"y": "133", "x": "344"}, {"y": "139", "x": "346"}, {"y": "144", "x": "349"}, {"y": "149", "x": "351"}, {"y": "154", "x": "354"}, {"y": "160", "x": "356"}, {"y": "165", "x": "359"}, {"y": "170", "x": "361"}, {"y": "176", "x": "364"}, {"y": "181", "x": "366"}, {"y": "186", "x": "368"}, {"y": "191", "x": "371"}, {"y": "197", "x": "373"}, {"y": "202", "x": "376"}, {"y": "207", "x": "378"}, {"y": "212", "x": "381"}, {"y": "218", "x": "383"}, {"y": "223", "x": "386"}, {"y": "228", "x": "388"}, {"y": "233", "x": "391"}, {"y": "239", "x": "393"}, {"y": "244", "x": "396"}, {"y": "249", "x": "398"}, {"y": "255", "x": "400"}, {"y": "255", "x": "401"}]]}