{"Lines": [[{"y": "191", "x": "1"}, {"y": "191", "x": "1"}, {"y": "186", "x": "6"}, {"y": "180", "x": "10"}, {"y": "175", "x": "15"}, {"y": "169", "x": "20"}, {"y": "164", "x": "25"}, {"y": "158", "x": "30"}, {"y": "153", "x": "35"}, {"y": "147", "x": "40"}, {"y": "142", "x": "44"}, {"y": "136", "x": "49"}, {"y": "131", "x": "54"}, {"y": "125", "x": "59"}, {"y": "120", "x": "64"}, {"y": "114", "x": "69"}, {"y": "109", "x": "73"}, {"y": "109", "x": "73"}, {"y": "102", "x": "80"}, {"y": "96", "x": "87"}, {"y": "90", "x": "93"}, {"y": "83", "x": "100"}, {"y": "77", "x": "107"}, {"y": "71", "x": "113"}, {"y": "64", "x": "120"}, {"y": "64", "x": "120"}, {"y": "64", "x": "120"}, {"y": "58", "x": "126"}, {"y": "52", "x": "133"}, {"y": "46", "x": "139"}, {"y": "40", "x": "146"}, {"y": "34", "x": "152"}, {"y": "34", "x": "152"}, {"y": "27", "x": "162"}, {"y": "20", "x": "172"}, {"y": "13", "x": "182"}, {"y": "13", "x": "182"}], [{"y": "4", "x": "257"}, {"y": "13", "x": "259"}, {"y": "21", "x": "261"}, {"y": "28", "x": "264"}, {"y": "34", "x": "268"}, {"y": "40", "x": "271"}, {"y": "46", "x": "275"}, {"y": "52", "x": "279"}, {"y": "52", "x": "279"}, {"y": "52", "x": "279"}, {"y": "58", "x": "283"}, {"y": "64", "x": "287"}, {"y": "70", "x": "292"}, {"y": "76", "x": "296"}, {"y": "82", "x": "301"}, {"y": "87", "x": "305"}, {"y": "93", "x": "309"}, {"y": "99", "x": "314"}, {"y": "105", "x": "318"}, {"y": "111", "x": "323"}, {"y": "117", "x": "327"}, {"y": "117", "x": "327"}, {"y": "117", "x": "327"}, {"y": "122", "x": "331"}, {"y": "127", "x": "336"}, {"y": "133", "x": "341"}, {"y": "138", "x": "345"}, {"y": "143", "x": "350"}, {"y": "148", "x": "354"}, {"y": "154", "x": "359"}, {"y": "159", "x": "363"}, {"y": "164", "x": "368"}, {"y": "169", "x": "372"}, {"y": "175", "x": "377"}, {"y": "180", "x": "381"}, {"y": "185", "x": "386"}, {"y": "190", "x": "390"}, {"y": "196", "x": "395"}, {"y": "201", "x": "399"}, {"y": "206", "x": "404"}, {"y": "211", "x": "408"}, {"y": "217", "x": "413"}, {"y": "222", "x": "417"}, {"y": "227", "x": "422"}, {"y": "232", "x": "426"}, {"y": "238", "x": "431"}, {"y": "243", "x": "435"}, {"y": "248", "x": "440"}, {"y": "254", "x": "444"}, {"y": "254", "x": "445"}], [{"y": "48", "x": "1"}, {"y": "48", "x": "1"}, {"y": "41", "x": "21"}, {"y": "35", "x": "41"}, {"y": "28", "x": "61"}, {"y": "28", "x": "61"}, {"y": "28", "x": "61"}, {"y": "21", "x": "82"}, {"y": "14", "x": "104"}, {"y": "7", "x": "126"}, {"y": "7", "x": "126"}]]}