{"Lines": [[{"y": "82", "x": "1"}, {"y": "82", "x": "1"}, {"y": "75", "x": "15"}, {"y": "69", "x": "29"}, {"y": "62", "x": "43"}, {"y": "56", "x": "57"}, {"y": "49", "x": "71"}, {"y": "42", "x": "85"}, {"y": "42", "x": "85"}, {"y": "42", "x": "85"}, {"y": "36", "x": "97"}, {"y": "30", "x": "110"}, {"y": "24", "x": "122"}, {"y": "18", "x": "134"}, {"y": "12", "x": "147"}, {"y": "6", "x": "159"}, {"y": "0", "x": "172"}, {"y": "0", "x": "172"}], [{"y": "2", "x": "320"}, {"y": "2", "x": "320"}, {"y": "8", "x": "327"}, {"y": "14", "x": "333"}, {"y": "20", "x": "340"}, {"y": "26", "x": "347"}, {"y": "32", "x": "354"}, {"y": "38", "x": "361"}, {"y": "44", "x": "368"}, {"y": "50", "x": "375"}, {"y": "56", "x": "382"}, {"y": "56", "x": "382"}, {"y": "62", "x": "388"}, {"y": "67", "x": "395"}, {"y": "73", "x": "402"}, {"y": "78", "x": "409"}, {"y": "84", "x": "415"}, {"y": "89", "x": "422"}, {"y": "95", "x": "429"}, {"y": "100", "x": "436"}, {"y": "106", "x": "443"}, {"y": "111", "x": "449"}, {"y": "117", "x": "456"}, {"y": "122", "x": "463"}, {"y": "128", "x": "470"}, {"y": "133", "x": "477"}, {"y": "139", "x": "483"}, {"y": "144", "x": "490"}, {"y": "150", "x": "497"}, {"y": "155", "x": "504"}, {"y": "161", "x": "511"}, {"y": "161", "x": "511"}]]}