{"Lines": [[{"y": "255", "x": "15"}, {"y": "255", "x": "16"}, {"y": "249", "x": "20"}, {"y": "244", "x": "25"}, {"y": "239", "x": "29"}, {"y": "234", "x": "34"}, {"y": "228", "x": "38"}, {"y": "223", "x": "43"}, {"y": "218", "x": "47"}, {"y": "213", "x": "52"}, {"y": "207", "x": "56"}, {"y": "202", "x": "61"}, {"y": "197", "x": "65"}, {"y": "192", "x": "70"}, {"y": "186", "x": "74"}, {"y": "181", "x": "79"}, {"y": "176", "x": "83"}, {"y": "171", "x": "88"}, {"y": "165", "x": "92"}, {"y": "160", "x": "97"}, {"y": "155", "x": "101"}, {"y": "150", "x": "106"}, {"y": "144", "x": "110"}, {"y": "139", "x": "115"}, {"y": "134", "x": "119"}, {"y": "134", "x": "119"}, {"y": "134", "x": "119"}, {"y": "128", "x": "124"}, {"y": "122", "x": "128"}, {"y": "117", "x": "133"}, {"y": "111", "x": "138"}, {"y": "105", "x": "142"}, {"y": "100", "x": "147"}, {"y": "94", "x": "151"}, {"y": "88", "x": "156"}, {"y": "83", "x": "160"}, {"y": "77", "x": "165"}, {"y": "71", "x": "169"}, {"y": "66", "x": "174"}, {"y": "66", "x": "174"}, {"y": "66", "x": "174"}, {"y": "60", "x": "178"}, {"y": "54", "x": "182"}, {"y": "48", "x": "187"}, {"y": "42", "x": "191"}, {"y": "36", "x": "195"}, {"y": "30", "x": "200"}, {"y": "25", "x": "204"}, {"y": "19", "x": "208"}, {"y": "13", "x": "213"}, {"y": "7", "x": "217"}, {"y": "7", "x": "217"}], [{"y": "3", "x": "283"}, {"y": "3", "x": "283"}, {"y": "9", "x": "288"}, {"y": "14", "x": "294"}, {"y": "20", "x": "300"}, {"y": "26", "x": "306"}, {"y": "32", "x": "312"}, {"y": "38", "x": "318"}, {"y": "43", "x": "324"}, {"y": "49", "x": "330"}, {"y": "55", "x": "335"}, {"y": "61", "x": "341"}, {"y": "61", "x": "341"}, {"y": "66", "x": "346"}, {"y": "71", "x": "351"}, {"y": "76", "x": "356"}, {"y": "81", "x": "361"}, {"y": "86", "x": "365"}, {"y": "92", "x": "370"}, {"y": "97", "x": "375"}, {"y": "102", "x": "380"}, {"y": "107", "x": "385"}, {"y": "112", "x": "389"}, {"y": "117", "x": "394"}, {"y": "123", "x": "399"}, {"y": "128", "x": "404"}, {"y": "133", "x": "409"}, {"y": "138", "x": "413"}, {"y": "143", "x": "418"}, {"y": "148", "x": "423"}, {"y": "154", "x": "428"}, {"y": "159", "x": "433"}, {"y": "164", "x": "437"}, {"y": "169", "x": "442"}, {"y": "174", "x": "447"}, {"y": "179", "x": "452"}, {"y": "185", "x": "457"}, {"y": "190", "x": "461"}, {"y": "195", "x": "466"}, {"y": "200", "x": "471"}, {"y": "205", "x": "476"}, {"y": "210", "x": "481"}, {"y": "216", "x": "485"}, {"y": "221", "x": "490"}, {"y": "226", "x": "495"}, {"y": "231", "x": "500"}, {"y": "236", "x": "505"}, {"y": "241", "x": "509"}, {"y": "241", "x": "509"}], [{"y": "68", "x": "0"}, {"y": "68", "x": "0"}, {"y": "61", "x": "17"}, {"y": "54", "x": "33"}, {"y": "48", "x": "49"}, {"y": "41", "x": "66"}, {"y": "35", "x": "82"}, {"y": "28", "x": "99"}, {"y": "28", "x": "99"}, {"y": "28", "x": "99"}, {"y": "21", "x": "116"}, {"y": "14", "x": "133"}, {"y": "7", "x": "149"}, {"y": "0", "x": "166"}, {"y": "0", "x": "166"}]]}