{"Lines": [[{"y": "183", "x": "4"}, {"y": "183", "x": "4"}, {"y": "177", "x": "10"}, {"y": "172", "x": "17"}, {"y": "166", "x": "23"}, {"y": "161", "x": "29"}, {"y": "155", "x": "36"}, {"y": "149", "x": "42"}, {"y": "144", "x": "49"}, {"y": "138", "x": "55"}, {"y": "133", "x": "61"}, {"y": "127", "x": "68"}, {"y": "122", "x": "74"}, {"y": "116", "x": "80"}, {"y": "110", "x": "87"}, {"y": "105", "x": "93"}, {"y": "105", "x": "93"}, {"y": "105", "x": "93"}, {"y": "99", "x": "100"}, {"y": "92", "x": "107"}, {"y": "86", "x": "114"}, {"y": "80", "x": "121"}, {"y": "74", "x": "128"}, {"y": "68", "x": "135"}, {"y": "62", "x": "142"}, {"y": "62", "x": "142"}, {"y": "62", "x": "142"}, {"y": "55", "x": "149"}, {"y": "49", "x": "156"}, {"y": "43", "x": "163"}, {"y": "37", "x": "170"}, {"y": "31", "x": "177"}, {"y": "25", "x": "184"}, {"y": "25", "x": "184"}, {"y": "25", "x": "184"}, {"y": "17", "x": "191"}, {"y": "8", "x": "198"}, {"y": "0", "x": "205"}, {"y": "0", "x": "205"}], [{"y": "2", "x": "256"}, {"y": "2", "x": "256"}, {"y": "10", "x": "262"}, {"y": "19", "x": "268"}, {"y": "19", "x": "268"}, {"y": "19", "x": "268"}, {"y": "26", "x": "272"}, {"y": "34", "x": "276"}, {"y": "42", "x": "280"}, {"y": "42", "x": "280"}, {"y": "48", "x": "282"}, {"y": "54", "x": "284"}, {"y": "59", "x": "286"}, {"y": "65", "x": "289"}, {"y": "71", "x": "291"}, {"y": "77", "x": "293"}, {"y": "83", "x": "296"}, {"y": "88", "x": "298"}, {"y": "88", "x": "298"}, {"y": "94", "x": "300"}, {"y": "99", "x": "302"}, {"y": "105", "x": "303"}, {"y": "110", "x": "305"}, {"y": "116", "x": "307"}, {"y": "122", "x": "309"}, {"y": "127", "x": "311"}, {"y": "133", "x": "312"}, {"y": "138", "x": "314"}, {"y": "144", "x": "316"}, {"y": "149", "x": "318"}, {"y": "155", "x": "320"}, {"y": "160", "x": "321"}, {"y": "166", "x": "323"}, {"y": "171", "x": "325"}, {"y": "177", "x": "327"}, {"y": "177", "x": "327"}, {"y": "177", "x": "327"}, {"y": "182", "x": "329"}, {"y": "188", "x": "331"}, {"y": "193", "x": "333"}, {"y": "199", "x": "335"}, {"y": "204", "x": "337"}, {"y": "210", "x": "339"}, {"y": "216", "x": "341"}, {"y": "221", "x": "343"}, {"y": "227", "x": "345"}, {"y": "232", "x": "347"}, {"y": "238", "x": "349"}, {"y": "243", "x": "351"}, {"y": "249", "x": "353"}, {"y": "255", "x": "355"}, {"y": "255", "x": "355"}], [{"y": "65", "x": "1"}, {"y": "65", "x": "1"}, {"y": "59", "x": "17"}, {"y": "53", "x": "32"}, {"y": "47", "x": "47"}, {"y": "40", "x": "62"}, {"y": "34", "x": "77"}, {"y": "28", "x": "92"}, {"y": "22", "x": "108"}, {"y": "22", "x": "108"}, {"y": "22", "x": "108"}, {"y": "15", "x": "123"}, {"y": "7", "x": "138"}, {"y": "0", "x": "153"}]]}