{"Lines": [[{"y": "68", "x": "3"}, {"y": "68", "x": "3"}, {"y": "61", "x": "20"}, {"y": "55", "x": "37"}, {"y": "48", "x": "54"}, {"y": "42", "x": "71"}, {"y": "35", "x": "89"}, {"y": "29", "x": "106"}, {"y": "29", "x": "106"}, {"y": "29", "x": "106"}, {"y": "22", "x": "122"}, {"y": "15", "x": "138"}, {"y": "9", "x": "154"}, {"y": "2", "x": "170"}, {"y": "2", "x": "170"}], [{"y": "196", "x": "1"}, {"y": "196", "x": "1"}, {"y": "191", "x": "8"}, {"y": "186", "x": "14"}, {"y": "180", "x": "20"}, {"y": "175", "x": "26"}, {"y": "170", "x": "32"}, {"y": "165", "x": "39"}, {"y": "159", "x": "45"}, {"y": "154", "x": "51"}, {"y": "149", "x": "57"}, {"y": "143", "x": "63"}, {"y": "138", "x": "69"}, {"y": "133", "x": "76"}, {"y": "128", "x": "82"}, {"y": "122", "x": "88"}, {"y": "117", "x": "94"}, {"y": "112", "x": "100"}, {"y": "106", "x": "107"}, {"y": "101", "x": "113"}, {"y": "96", "x": "119"}, {"y": "91", "x": "125"}, {"y": "85", "x": "131"}, {"y": "80", "x": "137"}, {"y": "75", "x": "144"}, {"y": "75", "x": "144"}, {"y": "75", "x": "144"}, {"y": "69", "x": "150"}, {"y": "64", "x": "157"}, {"y": "58", "x": "163"}, {"y": "53", "x": "170"}, {"y": "47", "x": "176"}, {"y": "42", "x": "183"}, {"y": "36", "x": "189"}, {"y": "31", "x": "196"}, {"y": "25", "x": "202"}, {"y": "20", "x": "209"}, {"y": "14", "x": "215"}, {"y": "9", "x": "222"}, {"y": "3", "x": "228"}, {"y": "3", "x": "228"}], [{"y": "7", "x": "283"}, {"y": "7", "x": "283"}, {"y": "13", "x": "285"}, {"y": "19", "x": "287"}, {"y": "25", "x": "289"}, {"y": "30", "x": "291"}, {"y": "36", "x": "293"}, {"y": "42", "x": "295"}, {"y": "48", "x": "297"}, {"y": "53", "x": "299"}, {"y": "59", "x": "301"}, {"y": "65", "x": "303"}, {"y": "70", "x": "305"}, {"y": "70", "x": "305"}, {"y": "70", "x": "305"}, {"y": "76", "x": "307"}, {"y": "81", "x": "309"}, {"y": "86", "x": "311"}, {"y": "91", "x": "313"}, {"y": "97", "x": "315"}, {"y": "102", "x": "317"}, {"y": "107", "x": "319"}, {"y": "113", "x": "321"}, {"y": "118", "x": "323"}, {"y": "123", "x": "325"}, {"y": "128", "x": "327"}, {"y": "134", "x": "329"}, {"y": "139", "x": "331"}, {"y": "144", "x": "333"}, {"y": "149", "x": "335"}, {"y": "155", "x": "337"}, {"y": "160", "x": "339"}, {"y": "165", "x": "341"}, {"y": "170", "x": "343"}, {"y": "176", "x": "345"}, {"y": "181", "x": "347"}, {"y": "186", "x": "349"}, {"y": "191", "x": "351"}, {"y": "197", "x": "353"}, {"y": "202", "x": "355"}, {"y": "207", "x": "357"}, {"y": "212", "x": "359"}, {"y": "218", "x": "361"}, {"y": "223", "x": "363"}, {"y": "228", "x": "365"}, {"y": "233", "x": "367"}, {"y": "239", "x": "369"}, {"y": "244", "x": "371"}, {"y": "249", "x": "373"}, {"y": "255", "x": "374"}, {"y": "255", "x": "375"}]]}