{"Lines": [[{"y": "69", "x": "0"}, {"y": "69", "x": "0"}, {"y": "61", "x": "19"}, {"y": "54", "x": "37"}, {"y": "47", "x": "55"}, {"y": "39", "x": "74"}, {"y": "39", "x": "74"}, {"y": "39", "x": "74"}, {"y": "33", "x": "89"}, {"y": "26", "x": "105"}, {"y": "20", "x": "121"}, {"y": "13", "x": "137"}, {"y": "7", "x": "152"}, {"y": "1", "x": "168"}, {"y": "1", "x": "168"}], [{"y": "255", "x": "28"}, {"y": "255", "x": "29"}, {"y": "249", "x": "33"}, {"y": "244", "x": "37"}, {"y": "239", "x": "41"}, {"y": "233", "x": "45"}, {"y": "228", "x": "49"}, {"y": "223", "x": "53"}, {"y": "218", "x": "57"}, {"y": "212", "x": "62"}, {"y": "207", "x": "66"}, {"y": "202", "x": "70"}, {"y": "196", "x": "74"}, {"y": "191", "x": "78"}, {"y": "186", "x": "82"}, {"y": "181", "x": "86"}, {"y": "175", "x": "91"}, {"y": "170", "x": "95"}, {"y": "165", "x": "99"}, {"y": "160", "x": "103"}, {"y": "154", "x": "107"}, {"y": "149", "x": "111"}, {"y": "144", "x": "115"}, {"y": "138", "x": "119"}, {"y": "138", "x": "119"}, {"y": "133", "x": "124"}, {"y": "127", "x": "128"}, {"y": "122", "x": "132"}, {"y": "116", "x": "137"}, {"y": "111", "x": "141"}, {"y": "105", "x": "145"}, {"y": "100", "x": "149"}, {"y": "94", "x": "154"}, {"y": "89", "x": "158"}, {"y": "83", "x": "162"}, {"y": "78", "x": "166"}, {"y": "72", "x": "171"}, {"y": "72", "x": "171"}, {"y": "67", "x": "175"}, {"y": "61", "x": "179"}, {"y": "55", "x": "183"}, {"y": "49", "x": "187"}, {"y": "44", "x": "191"}, {"y": "38", "x": "195"}, {"y": "32", "x": "199"}, {"y": "26", "x": "203"}, {"y": "21", "x": "207"}, {"y": "15", "x": "211"}, {"y": "9", "x": "215"}, {"y": "9", "x": "215"}], [{"y": "0", "x": "274"}, {"y": "0", "x": "274"}, {"y": "9", "x": "286"}, {"y": "18", "x": "298"}, {"y": "18", "x": "298"}, {"y": "24", "x": "304"}, {"y": "29", "x": "310"}, {"y": "35", "x": "315"}, {"y": "41", "x": "321"}, {"y": "46", "x": "327"}, {"y": "52", "x": "333"}, {"y": "57", "x": "338"}, {"y": "63", "x": "344"}, {"y": "69", "x": "350"}, {"y": "74", "x": "356"}, {"y": "80", "x": "361"}, {"y": "80", "x": "361"}, {"y": "80", "x": "361"}, {"y": "85", "x": "366"}, {"y": "91", "x": "372"}, {"y": "96", "x": "377"}, {"y": "101", "x": "382"}, {"y": "106", "x": "387"}, {"y": "112", "x": "392"}, {"y": "117", "x": "397"}, {"y": "122", "x": "402"}, {"y": "128", "x": "408"}, {"y": "133", "x": "413"}, {"y": "138", "x": "418"}, {"y": "143", "x": "423"}, {"y": "149", "x": "428"}, {"y": "154", "x": "433"}, {"y": "159", "x": "438"}, {"y": "165", "x": "444"}, {"y": "170", "x": "449"}, {"y": "175", "x": "454"}, {"y": "181", "x": "459"}, {"y": "186", "x": "464"}, {"y": "191", "x": "469"}, {"y": "196", "x": "474"}, {"y": "202", "x": "480"}, {"y": "207", "x": "485"}, {"y": "212", "x": "490"}, {"y": "218", "x": "495"}, {"y": "223", "x": "500"}, {"y": "228", "x": "505"}, {"y": "234", "x": "510"}, {"y": "234", "x": "511"}]]}