{"Lines": [[{"y": "217", "x": "3"}, {"y": "217", "x": "3"}, {"y": "211", "x": "8"}, {"y": "206", "x": "12"}, {"y": "200", "x": "17"}, {"y": "195", "x": "22"}, {"y": "190", "x": "27"}, {"y": "184", "x": "31"}, {"y": "179", "x": "36"}, {"y": "174", "x": "41"}, {"y": "168", "x": "46"}, {"y": "163", "x": "51"}, {"y": "158", "x": "55"}, {"y": "152", "x": "60"}, {"y": "147", "x": "65"}, {"y": "142", "x": "70"}, {"y": "136", "x": "75"}, {"y": "131", "x": "79"}, {"y": "126", "x": "84"}, {"y": "120", "x": "89"}, {"y": "115", "x": "94"}, {"y": "110", "x": "98"}, {"y": "104", "x": "103"}, {"y": "99", "x": "108"}, {"y": "99", "x": "108"}, {"y": "99", "x": "108"}, {"y": "93", "x": "113"}, {"y": "88", "x": "118"}, {"y": "83", "x": "123"}, {"y": "77", "x": "127"}, {"y": "72", "x": "132"}, {"y": "66", "x": "137"}, {"y": "61", "x": "142"}, {"y": "56", "x": "147"}, {"y": "50", "x": "152"}, {"y": "45", "x": "157"}, {"y": "39", "x": "161"}, {"y": "34", "x": "166"}, {"y": "29", "x": "171"}, {"y": "29", "x": "171"}, {"y": "21", "x": "177"}, {"y": "14", "x": "183"}, {"y": "7", "x": "189"}, {"y": "0", "x": "196"}, {"y": "0", "x": "196"}], [{"y": "2", "x": "337"}, {"y": "2", "x": "337"}, {"y": "8", "x": "352"}, {"y": "13", "x": "366"}, {"y": "19", "x": "381"}, {"y": "25", "x": "395"}, {"y": "31", "x": "410"}, {"y": "36", "x": "424"}, {"y": "42", "x": "438"}, {"y": "49", "x": "456"}, {"y": "56", "x": "474"}, {"y": "63", "x": "492"}, {"y": "71", "x": "511"}, {"y": "71", "x": "511"}]]}