{"Lines": [[{"y": "65", "x": "2"}, {"y": "65", "x": "2"}, {"y": "58", "x": "18"}, {"y": "52", "x": "33"}, {"y": "46", "x": "48"}, {"y": "39", "x": "63"}, {"y": "39", "x": "63"}, {"y": "39", "x": "63"}, {"y": "31", "x": "85"}, {"y": "23", "x": "107"}, {"y": "15", "x": "129"}, {"y": "15", "x": "129"}], [{"y": "235", "x": "0"}, {"y": "235", "x": "0"}, {"y": "229", "x": "5"}, {"y": "224", "x": "11"}, {"y": "218", "x": "16"}, {"y": "212", "x": "21"}, {"y": "207", "x": "27"}, {"y": "201", "x": "32"}, {"y": "195", "x": "37"}, {"y": "190", "x": "42"}, {"y": "184", "x": "48"}, {"y": "178", "x": "53"}, {"y": "173", "x": "58"}, {"y": "167", "x": "64"}, {"y": "161", "x": "69"}, {"y": "161", "x": "69"}, {"y": "161", "x": "69"}, {"y": "156", "x": "74"}, {"y": "150", "x": "80"}, {"y": "144", "x": "86"}, {"y": "138", "x": "91"}, {"y": "132", "x": "97"}, {"y": "127", "x": "102"}, {"y": "121", "x": "108"}, {"y": "115", "x": "113"}, {"y": "109", "x": "119"}, {"y": "104", "x": "125"}, {"y": "98", "x": "130"}, {"y": "98", "x": "130"}, {"y": "98", "x": "130"}, {"y": "92", "x": "135"}, {"y": "86", "x": "141"}, {"y": "81", "x": "146"}, {"y": "75", "x": "151"}, {"y": "69", "x": "156"}, {"y": "63", "x": "162"}, {"y": "57", "x": "167"}, {"y": "57", "x": "167"}, {"y": "49", "x": "174"}, {"y": "41", "x": "181"}, {"y": "33", "x": "189"}, {"y": "33", "x": "189"}], [{"y": "21", "x": "292"}, {"y": "21", "x": "292"}, {"y": "26", "x": "296"}, {"y": "32", "x": "301"}, {"y": "37", "x": "305"}, {"y": "43", "x": "310"}, {"y": "48", "x": "314"}, {"y": "53", "x": "319"}, {"y": "59", "x": "323"}, {"y": "64", "x": "328"}, {"y": "70", "x": "333"}, {"y": "75", "x": "337"}, {"y": "81", "x": "342"}, {"y": "86", "x": "346"}, {"y": "86", "x": "346"}, {"y": "86", "x": "346"}, {"y": "92", "x": "351"}, {"y": "97", "x": "355"}, {"y": "102", "x": "359"}, {"y": "108", "x": "364"}, {"y": "113", "x": "368"}, {"y": "118", "x": "373"}, {"y": "124", "x": "377"}, {"y": "129", "x": "381"}, {"y": "134", "x": "386"}, {"y": "140", "x": "390"}, {"y": "145", "x": "394"}, {"y": "151", "x": "399"}, {"y": "156", "x": "403"}, {"y": "161", "x": "408"}, {"y": "167", "x": "412"}, {"y": "172", "x": "416"}, {"y": "177", "x": "421"}, {"y": "183", "x": "425"}, {"y": "188", "x": "430"}, {"y": "188", "x": "430"}, {"y": "194", "x": "434"}, {"y": "199", "x": "439"}, {"y": "205", "x": "443"}, {"y": "210", "x": "448"}, {"y": "216", "x": "452"}, {"y": "221", "x": "457"}, {"y": "227", "x": "461"}, {"y": "232", "x": "466"}, {"y": "238", "x": "470"}, {"y": "243", "x": "475"}, {"y": "249", "x": "479"}, {"y": "255", "x": "483"}, {"y": "255", "x": "484"}]]}