{"Lines": [[{"y": "255", "x": "182"}, {"y": "249", "x": "183"}, {"y": "243", "x": "185"}, {"y": "238", "x": "186"}, {"y": "232", "x": "188"}, {"y": "227", "x": "189"}, {"y": "221", "x": "191"}, {"y": "216", "x": "192"}, {"y": "210", "x": "194"}, {"y": "205", "x": "196"}, {"y": "199", "x": "197"}, {"y": "194", "x": "199"}, {"y": "188", "x": "200"}, {"y": "182", "x": "202"}, {"y": "177", "x": "203"}, {"y": "171", "x": "205"}, {"y": "166", "x": "206"}, {"y": "160", "x": "208"}, {"y": "160", "x": "208"}, {"y": "160", "x": "208"}, {"y": "155", "x": "210"}, {"y": "149", "x": "213"}, {"y": "144", "x": "215"}, {"y": "139", "x": "218"}, {"y": "133", "x": "220"}, {"y": "128", "x": "223"}, {"y": "122", "x": "225"}, {"y": "117", "x": "228"}, {"y": "111", "x": "230"}, {"y": "106", "x": "233"}, {"y": "100", "x": "235"}, {"y": "95", "x": "238"}, {"y": "90", "x": "240"}, {"y": "84", "x": "243"}, {"y": "79", "x": "245"}, {"y": "79", "x": "245"}, {"y": "79", "x": "245"}, {"y": "72", "x": "249"}, {"y": "66", "x": "253"}, {"y": "60", "x": "257"}, {"y": "54", "x": "261"}, {"y": "47", "x": "266"}, {"y": "47", "x": "266"}, {"y": "40", "x": "270"}, {"y": "33", "x": "275"}, {"y": "26", "x": "280"}, {"y": "26", "x": "280"}, {"y": "17", "x": "289"}, {"y": "8", "x": "298"}], [{"y": "102", "x": "0"}, {"y": "102", "x": "0"}, {"y": "97", "x": "12"}, {"y": "91", "x": "24"}, {"y": "85", "x": "36"}, {"y": "80", "x": "49"}, {"y": "74", "x": "61"}, {"y": "68", "x": "73"}, {"y": "63", "x": "86"}, {"y": "57", "x": "98"}, {"y": "57", "x": "98"}, {"y": "57", "x": "98"}, {"y": "51", "x": "113"}, {"y": "45", "x": "128"}, {"y": "38", "x": "143"}, {"y": "32", "x": "158"}, {"y": "26", "x": "173"}, {"y": "26", "x": "173"}, {"y": "26", "x": "173"}, {"y": "19", "x": "190"}, {"y": "13", "x": "208"}, {"y": "6", "x": "225"}, {"y": "0", "x": "243"}], [{"y": "2", "x": "388"}, {"y": "2", "x": "388"}, {"y": "10", "x": "392"}, {"y": "18", "x": "397"}, {"y": "18", "x": "397"}, {"y": "18", "x": "397"}, {"y": "31", "x": "405"}, {"y": "31", "x": "405"}, {"y": "31", "x": "405"}, {"y": "39", "x": "412"}, {"y": "46", "x": "420"}, {"y": "54", "x": "427"}, {"y": "54", "x": "427"}, {"y": "54", "x": "427"}, {"y": "60", "x": "434"}, {"y": "66", "x": "441"}, {"y": "73", "x": "448"}, {"y": "79", "x": "455"}, {"y": "85", "x": "462"}, {"y": "91", "x": "469"}, {"y": "97", "x": "477"}, {"y": "97", "x": "477"}, {"y": "97", "x": "477"}, {"y": "103", "x": "485"}, {"y": "110", "x": "494"}, {"y": "117", "x": "502"}, {"y": "124", "x": "511"}, {"y": "124", "x": "511"}]]}