{"Lines": [[{"y": "255", "x": "81"}, {"y": "255", "x": "82"}, {"y": "249", "x": "85"}, {"y": "244", "x": "89"}, {"y": "238", "x": "93"}, {"y": "233", "x": "96"}, {"y": "228", "x": "100"}, {"y": "222", "x": "104"}, {"y": "217", "x": "107"}, {"y": "211", "x": "111"}, {"y": "206", "x": "115"}, {"y": "201", "x": "118"}, {"y": "195", "x": "122"}, {"y": "190", "x": "126"}, {"y": "184", "x": "129"}, {"y": "179", "x": "133"}, {"y": "174", "x": "137"}, {"y": "174", "x": "137"}, {"y": "174", "x": "137"}, {"y": "168", "x": "140"}, {"y": "163", "x": "144"}, {"y": "157", "x": "148"}, {"y": "152", "x": "151"}, {"y": "146", "x": "155"}, {"y": "141", "x": "159"}, {"y": "135", "x": "163"}, {"y": "130", "x": "166"}, {"y": "124", "x": "170"}, {"y": "119", "x": "174"}, {"y": "113", "x": "177"}, {"y": "108", "x": "181"}, {"y": "102", "x": "185"}, {"y": "97", "x": "188"}, {"y": "91", "x": "192"}, {"y": "91", "x": "192"}, {"y": "85", "x": "197"}, {"y": "79", "x": "202"}, {"y": "73", "x": "206"}, {"y": "67", "x": "211"}, {"y": "60", "x": "216"}, {"y": "54", "x": "221"}, {"y": "48", "x": "226"}, {"y": "48", "x": "226"}, {"y": "42", "x": "231"}, {"y": "36", "x": "237"}, {"y": "29", "x": "243"}, {"y": "23", "x": "249"}, {"y": "17", "x": "255"}, {"y": "17", "x": "255"}, {"y": "17", "x": "255"}, {"y": "9", "x": "264"}, {"y": "1", "x": "272"}], [{"y": "1", "x": "353"}, {"y": "1", "x": "353"}, {"y": "10", "x": "354"}, {"y": "19", "x": "356"}, {"y": "19", "x": "356"}, {"y": "26", "x": "361"}, {"y": "33", "x": "365"}, {"y": "40", "x": "370"}, {"y": "47", "x": "375"}, {"y": "47", "x": "375"}, {"y": "47", "x": "375"}, {"y": "53", "x": "381"}, {"y": "59", "x": "387"}, {"y": "65", "x": "393"}, {"y": "70", "x": "399"}, {"y": "76", "x": "404"}, {"y": "82", "x": "410"}, {"y": "88", "x": "416"}, {"y": "93", "x": "422"}, {"y": "99", "x": "428"}, {"y": "105", "x": "434"}, {"y": "111", "x": "440"}, {"y": "116", "x": "446"}, {"y": "122", "x": "451"}, {"y": "122", "x": "451"}, {"y": "122", "x": "451"}, {"y": "128", "x": "458"}, {"y": "133", "x": "464"}, {"y": "139", "x": "471"}, {"y": "145", "x": "477"}, {"y": "151", "x": "483"}, {"y": "156", "x": "490"}, {"y": "162", "x": "496"}, {"y": "168", "x": "503"}, {"y": "173", "x": "509"}, {"y": "173", "x": "509"}], [{"y": "80", "x": "1"}, {"y": "80", "x": "1"}, {"y": "74", "x": "17"}, {"y": "68", "x": "33"}, {"y": "62", "x": "49"}, {"y": "56", "x": "65"}, {"y": "49", "x": "80"}, {"y": "43", "x": "96"}, {"y": "37", "x": "112"}, {"y": "37", "x": "112"}, {"y": "31", "x": "131"}, {"y": "24", "x": "149"}, {"y": "17", "x": "168"}, {"y": "11", "x": "186"}, {"y": "4", "x": "205"}, {"y": "4", "x": "205"}]]}