{"Lines": [[{"y": "194", "x": "1"}, {"y": "194", "x": "1"}, {"y": "189", "x": "7"}, {"y": "183", "x": "12"}, {"y": "177", "x": "18"}, {"y": "172", "x": "24"}, {"y": "166", "x": "29"}, {"y": "160", "x": "35"}, {"y": "155", "x": "41"}, {"y": "149", "x": "47"}, {"y": "143", "x": "52"}, {"y": "138", "x": "58"}, {"y": "132", "x": "64"}, {"y": "126", "x": "69"}, {"y": "121", "x": "75"}, {"y": "115", "x": "81"}, {"y": "115", "x": "81"}, {"y": "109", "x": "86"}, {"y": "104", "x": "92"}, {"y": "98", "x": "98"}, {"y": "93", "x": "104"}, {"y": "87", "x": "110"}, {"y": "82", "x": "116"}, {"y": "76", "x": "122"}, {"y": "70", "x": "128"}, {"y": "65", "x": "134"}, {"y": "59", "x": "140"}, {"y": "54", "x": "146"}, {"y": "48", "x": "151"}, {"y": "48", "x": "151"}, {"y": "48", "x": "151"}, {"y": "42", "x": "159"}, {"y": "35", "x": "166"}, {"y": "29", "x": "173"}, {"y": "22", "x": "180"}], [{"y": "21", "x": "264"}, {"y": "21", "x": "264"}, {"y": "31", "x": "267"}, {"y": "41", "x": "269"}, {"y": "41", "x": "269"}, {"y": "47", "x": "273"}, {"y": "54", "x": "276"}, {"y": "60", "x": "279"}, {"y": "67", "x": "283"}, {"y": "73", "x": "286"}, {"y": "73", "x": "286"}, {"y": "73", "x": "286"}, {"y": "79", "x": "289"}, {"y": "84", "x": "292"}, {"y": "90", "x": "295"}, {"y": "96", "x": "297"}, {"y": "101", "x": "300"}, {"y": "107", "x": "303"}, {"y": "112", "x": "306"}, {"y": "118", "x": "309"}, {"y": "123", "x": "312"}, {"y": "129", "x": "315"}, {"y": "134", "x": "318"}, {"y": "140", "x": "321"}, {"y": "145", "x": "324"}, {"y": "151", "x": "327"}, {"y": "156", "x": "330"}, {"y": "162", "x": "333"}, {"y": "168", "x": "335"}, {"y": "173", "x": "338"}, {"y": "178", "x": "342"}, {"y": "184", "x": "345"}, {"y": "189", "x": "348"}, {"y": "195", "x": "351"}, {"y": "200", "x": "354"}, {"y": "205", "x": "357"}, {"y": "211", "x": "360"}, {"y": "216", "x": "363"}, {"y": "222", "x": "366"}, {"y": "227", "x": "369"}, {"y": "232", "x": "372"}, {"y": "238", "x": "375"}, {"y": "243", "x": "378"}, {"y": "249", "x": "381"}, {"y": "254", "x": "384"}], [{"y": "55", "x": "1"}, {"y": "55", "x": "1"}, {"y": "47", "x": "23"}, {"y": "39", "x": "45"}, {"y": "31", "x": "67"}, {"y": "31", "x": "67"}, {"y": "31", "x": "67"}, {"y": "24", "x": "86"}, {"y": "18", "x": "104"}, {"y": "11", "x": "123"}, {"y": "5", "x": "142"}, {"y": "5", "x": "142"}]]}