{"Lines": [[{"y": "65", "x": "0"}, {"y": "65", "x": "0"}, {"y": "58", "x": "22"}, {"y": "51", "x": "44"}, {"y": "44", "x": "66"}, {"y": "44", "x": "66"}, {"y": "44", "x": "66"}, {"y": "38", "x": "85"}, {"y": "31", "x": "104"}, {"y": "25", "x": "123"}, {"y": "19", "x": "142"}, {"y": "13", "x": "161"}, {"y": "13", "x": "161"}], [{"y": "209", "x": "0"}, {"y": "209", "x": "0"}, {"y": "204", "x": "6"}, {"y": "198", "x": "13"}, {"y": "193", "x": "20"}, {"y": "187", "x": "26"}, {"y": "182", "x": "33"}, {"y": "177", "x": "40"}, {"y": "171", "x": "46"}, {"y": "166", "x": "53"}, {"y": "160", "x": "59"}, {"y": "155", "x": "66"}, {"y": "149", "x": "73"}, {"y": "144", "x": "79"}, {"y": "138", "x": "86"}, {"y": "133", "x": "92"}, {"y": "127", "x": "99"}, {"y": "122", "x": "106"}, {"y": "122", "x": "106"}, {"y": "122", "x": "106"}, {"y": "116", "x": "113"}, {"y": "110", "x": "120"}, {"y": "103", "x": "127"}, {"y": "97", "x": "134"}, {"y": "91", "x": "142"}, {"y": "85", "x": "149"}, {"y": "79", "x": "156"}, {"y": "73", "x": "163"}, {"y": "73", "x": "163"}, {"y": "67", "x": "170"}, {"y": "60", "x": "178"}, {"y": "54", "x": "185"}, {"y": "48", "x": "192"}, {"y": "42", "x": "199"}, {"y": "42", "x": "199"}, {"y": "42", "x": "200"}, {"y": "35", "x": "207"}, {"y": "28", "x": "215"}, {"y": "21", "x": "222"}, {"y": "14", "x": "230"}, {"y": "14", "x": "230"}], [{"y": "5", "x": "305"}, {"y": "5", "x": "305"}, {"y": "18", "x": "316"}, {"y": "18", "x": "316"}, {"y": "18", "x": "316"}, {"y": "24", "x": "319"}, {"y": "30", "x": "322"}, {"y": "36", "x": "325"}, {"y": "42", "x": "328"}, {"y": "48", "x": "331"}, {"y": "48", "x": "331"}, {"y": "54", "x": "334"}, {"y": "59", "x": "337"}, {"y": "65", "x": "341"}, {"y": "70", "x": "344"}, {"y": "75", "x": "347"}, {"y": "81", "x": "350"}, {"y": "86", "x": "353"}, {"y": "92", "x": "356"}, {"y": "97", "x": "359"}, {"y": "103", "x": "362"}, {"y": "108", "x": "366"}, {"y": "114", "x": "369"}, {"y": "119", "x": "372"}, {"y": "124", "x": "375"}, {"y": "130", "x": "378"}, {"y": "135", "x": "381"}, {"y": "141", "x": "384"}, {"y": "146", "x": "387"}, {"y": "146", "x": "387"}, {"y": "146", "x": "387"}, {"y": "152", "x": "391"}, {"y": "157", "x": "394"}, {"y": "163", "x": "397"}, {"y": "168", "x": "400"}, {"y": "173", "x": "403"}, {"y": "179", "x": "406"}, {"y": "184", "x": "409"}, {"y": "190", "x": "412"}, {"y": "195", "x": "415"}, {"y": "200", "x": "418"}, {"y": "206", "x": "422"}, {"y": "211", "x": "425"}, {"y": "217", "x": "428"}, {"y": "222", "x": "431"}, {"y": "227", "x": "434"}, {"y": "233", "x": "437"}, {"y": "238", "x": "440"}, {"y": "244", "x": "443"}, {"y": "249", "x": "446"}, {"y": "255", "x": "449"}, {"y": "255", "x": "450"}]]}