{"Lines": [[{"y": "255", "x": "45"}, {"y": "249", "x": "49"}, {"y": "243", "x": "53"}, {"y": "237", "x": "57"}, {"y": "231", "x": "61"}, {"y": "225", "x": "65"}, {"y": "220", "x": "70"}, {"y": "214", "x": "74"}, {"y": "208", "x": "78"}, {"y": "202", "x": "82"}, {"y": "196", "x": "86"}, {"y": "190", "x": "91"}, {"y": "190", "x": "91"}, {"y": "190", "x": "91"}, {"y": "185", "x": "94"}, {"y": "180", "x": "98"}, {"y": "174", "x": "101"}, {"y": "169", "x": "105"}, {"y": "164", "x": "108"}, {"y": "158", "x": "112"}, {"y": "153", "x": "116"}, {"y": "147", "x": "119"}, {"y": "142", "x": "123"}, {"y": "137", "x": "126"}, {"y": "131", "x": "130"}, {"y": "126", "x": "133"}, {"y": "121", "x": "137"}, {"y": "115", "x": "140"}, {"y": "110", "x": "144"}, {"y": "104", "x": "148"}, {"y": "104", "x": "148"}, {"y": "98", "x": "151"}, {"y": "93", "x": "155"}, {"y": "87", "x": "158"}, {"y": "81", "x": "162"}, {"y": "75", "x": "166"}, {"y": "69", "x": "169"}, {"y": "63", "x": "173"}, {"y": "57", "x": "176"}, {"y": "51", "x": "179"}, {"y": "45", "x": "181"}, {"y": "38", "x": "183"}, {"y": "32", "x": "185"}, {"y": "26", "x": "188"}, {"y": "20", "x": "190"}, {"y": "14", "x": "192"}, {"y": "14", "x": "192"}], [{"y": "64", "x": "2"}, {"y": "64", "x": "2"}, {"y": "56", "x": "21"}, {"y": "48", "x": "40"}, {"y": "40", "x": "59"}, {"y": "40", "x": "59"}, {"y": "40", "x": "59"}, {"y": "31", "x": "77"}, {"y": "22", "x": "94"}, {"y": "22", "x": "94"}, {"y": "22", "x": "94"}, {"y": "14", "x": "108"}, {"y": "5", "x": "123"}, {"y": "5", "x": "123"}], [{"y": "3", "x": "246"}, {"y": "11", "x": "266"}, {"y": "11", "x": "266"}, {"y": "21", "x": "281"}, {"y": "30", "x": "296"}, {"y": "30", "x": "296"}, {"y": "36", "x": "304"}, {"y": "42", "x": "311"}, {"y": "48", "x": "318"}, {"y": "54", "x": "326"}, {"y": "60", "x": "333"}, {"y": "66", "x": "341"}, {"y": "72", "x": "348"}, {"y": "78", "x": "355"}, {"y": "84", "x": "363"}, {"y": "84", "x": "363"}, {"y": "84", "x": "363"}, {"y": "89", "x": "369"}, {"y": "94", "x": "374"}, {"y": "99", "x": "380"}, {"y": "104", "x": "386"}, {"y": "110", "x": "391"}, {"y": "115", "x": "397"}, {"y": "120", "x": "403"}, {"y": "125", "x": "408"}, {"y": "131", "x": "414"}, {"y": "136", "x": "420"}, {"y": "141", "x": "425"}, {"y": "146", "x": "431"}, {"y": "152", "x": "437"}, {"y": "157", "x": "442"}, {"y": "162", "x": "448"}, {"y": "167", "x": "454"}, {"y": "172", "x": "459"}, {"y": "178", "x": "465"}, {"y": "183", "x": "471"}, {"y": "188", "x": "476"}, {"y": "193", "x": "482"}, {"y": "199", "x": "488"}, {"y": "204", "x": "493"}, {"y": "209", "x": "499"}, {"y": "214", "x": "505"}, {"y": "220", "x": "510"}, {"y": "220", "x": "511"}]]}