{"Lines": [[{"y": "173", "x": "2"}, {"y": "173", "x": "2"}, {"y": "168", "x": "9"}, {"y": "162", "x": "17"}, {"y": "156", "x": "24"}, {"y": "151", "x": "32"}, {"y": "145", "x": "39"}, {"y": "139", "x": "46"}, {"y": "133", "x": "54"}, {"y": "128", "x": "61"}, {"y": "122", "x": "68"}, {"y": "116", "x": "76"}, {"y": "110", "x": "83"}, {"y": "105", "x": "90"}, {"y": "105", "x": "90"}, {"y": "99", "x": "97"}, {"y": "94", "x": "104"}, {"y": "89", "x": "110"}, {"y": "83", "x": "117"}, {"y": "78", "x": "123"}, {"y": "73", "x": "130"}, {"y": "67", "x": "137"}, {"y": "62", "x": "143"}, {"y": "57", "x": "150"}, {"y": "51", "x": "157"}, {"y": "46", "x": "163"}, {"y": "41", "x": "170"}, {"y": "35", "x": "176"}, {"y": "30", "x": "183"}, {"y": "25", "x": "190"}, {"y": "19", "x": "196"}, {"y": "19", "x": "196"}], [{"y": "7", "x": "274"}, {"y": "12", "x": "275"}, {"y": "18", "x": "276"}, {"y": "24", "x": "278"}, {"y": "30", "x": "279"}, {"y": "35", "x": "281"}, {"y": "41", "x": "282"}, {"y": "47", "x": "284"}, {"y": "52", "x": "285"}, {"y": "58", "x": "286"}, {"y": "64", "x": "288"}, {"y": "64", "x": "288"}, {"y": "69", "x": "289"}, {"y": "74", "x": "291"}, {"y": "80", "x": "292"}, {"y": "85", "x": "294"}, {"y": "90", "x": "295"}, {"y": "96", "x": "297"}, {"y": "101", "x": "299"}, {"y": "106", "x": "300"}, {"y": "111", "x": "302"}, {"y": "117", "x": "303"}, {"y": "122", "x": "305"}, {"y": "127", "x": "306"}, {"y": "132", "x": "308"}, {"y": "138", "x": "309"}, {"y": "143", "x": "311"}, {"y": "148", "x": "313"}, {"y": "153", "x": "314"}, {"y": "159", "x": "316"}, {"y": "164", "x": "317"}, {"y": "169", "x": "319"}, {"y": "175", "x": "320"}, {"y": "180", "x": "322"}, {"y": "185", "x": "323"}, {"y": "190", "x": "325"}, {"y": "196", "x": "326"}, {"y": "201", "x": "328"}, {"y": "206", "x": "330"}, {"y": "211", "x": "331"}, {"y": "217", "x": "333"}, {"y": "222", "x": "334"}, {"y": "227", "x": "336"}, {"y": "232", "x": "337"}, {"y": "238", "x": "339"}, {"y": "243", "x": "340"}, {"y": "248", "x": "342"}, {"y": "254", "x": "344"}, {"y": "254", "x": "344"}], [{"y": "60", "x": "2"}, {"y": "60", "x": "2"}, {"y": "54", "x": "19"}, {"y": "48", "x": "35"}, {"y": "42", "x": "52"}, {"y": "36", "x": "69"}, {"y": "30", "x": "86"}, {"y": "30", "x": "86"}, {"y": "30", "x": "86"}, {"y": "22", "x": "109"}, {"y": "14", "x": "132"}, {"y": "6", "x": "154"}, {"y": "6", "x": "154"}]]}