{"Lines": [[{"y": "144", "x": "1"}, {"y": "144", "x": "1"}, {"y": "138", "x": "8"}, {"y": "133", "x": "16"}, {"y": "127", "x": "23"}, {"y": "121", "x": "30"}, {"y": "116", "x": "37"}, {"y": "110", "x": "45"}, {"y": "105", "x": "52"}, {"y": "99", "x": "59"}, {"y": "93", "x": "67"}, {"y": "88", "x": "74"}, {"y": "82", "x": "81"}, {"y": "77", "x": "88"}, {"y": "71", "x": "96"}, {"y": "66", "x": "103"}, {"y": "60", "x": "110"}, {"y": "54", "x": "117"}, {"y": "54", "x": "117"}, {"y": "54", "x": "117"}, {"y": "48", "x": "125"}, {"y": "42", "x": "132"}, {"y": "36", "x": "139"}, {"y": "30", "x": "147"}, {"y": "24", "x": "154"}, {"y": "18", "x": "161"}, {"y": "12", "x": "169"}, {"y": "6", "x": "176"}, {"y": "0", "x": "184"}], [{"y": "5", "x": "243"}, {"y": "5", "x": "243"}, {"y": "11", "x": "245"}, {"y": "16", "x": "248"}, {"y": "22", "x": "251"}, {"y": "27", "x": "253"}, {"y": "32", "x": "256"}, {"y": "38", "x": "259"}, {"y": "43", "x": "261"}, {"y": "49", "x": "264"}, {"y": "54", "x": "266"}, {"y": "59", "x": "269"}, {"y": "65", "x": "272"}, {"y": "70", "x": "274"}, {"y": "76", "x": "277"}, {"y": "81", "x": "280"}, {"y": "86", "x": "282"}, {"y": "92", "x": "285"}, {"y": "97", "x": "288"}, {"y": "102", "x": "290"}, {"y": "102", "x": "290"}, {"y": "108", "x": "293"}, {"y": "113", "x": "295"}, {"y": "118", "x": "298"}, {"y": "123", "x": "300"}, {"y": "129", "x": "303"}, {"y": "134", "x": "305"}, {"y": "139", "x": "308"}, {"y": "144", "x": "310"}, {"y": "149", "x": "313"}, {"y": "155", "x": "315"}, {"y": "160", "x": "318"}, {"y": "165", "x": "320"}, {"y": "170", "x": "323"}, {"y": "175", "x": "325"}, {"y": "181", "x": "328"}, {"y": "186", "x": "330"}, {"y": "191", "x": "333"}, {"y": "196", "x": "335"}, {"y": "201", "x": "338"}, {"y": "207", "x": "340"}, {"y": "212", "x": "343"}, {"y": "217", "x": "345"}, {"y": "222", "x": "348"}, {"y": "227", "x": "350"}, {"y": "233", "x": "353"}, {"y": "238", "x": "355"}, {"y": "243", "x": "358"}, {"y": "248", "x": "360"}, {"y": "254", "x": "363"}], [{"y": "0", "x": "292"}, {"y": "7", "x": "307"}, {"y": "13", "x": "322"}, {"y": "19", "x": "337"}, {"y": "26", "x": "352"}, {"y": "32", "x": "367"}, {"y": "39", "x": "382"}, {"y": "45", "x": "397"}, {"y": "45", "x": "397"}, {"y": "51", "x": "409"}, {"y": "56", "x": "422"}, {"y": "62", "x": "434"}, {"y": "67", "x": "447"}, {"y": "73", "x": "460"}, {"y": "79", "x": "472"}, {"y": "84", "x": "485"}, {"y": "90", "x": "498"}, {"y": "96", "x": "510"}, {"y": "96", "x": "510"}]]}