{"Lines": [[{"y": "85", "x": "109"}, {"y": "85", "x": "109"}, {"y": "78", "x": "116"}, {"y": "71", "x": "123"}, {"y": "64", "x": "130"}, {"y": "57", "x": "138"}, {"y": "57", "x": "138"}, {"y": "57", "x": "138"}, {"y": "50", "x": "145"}, {"y": "43", "x": "152"}, {"y": "36", "x": "159"}, {"y": "36", "x": "159"}, {"y": "36", "x": "159"}, {"y": "30", "x": "167"}, {"y": "24", "x": "175"}, {"y": "17", "x": "183"}, {"y": "11", "x": "190"}, {"y": "11", "x": "190"}], [{"y": "57", "x": "4"}, {"y": "57", "x": "4"}, {"y": "50", "x": "24"}, {"y": "43", "x": "43"}, {"y": "36", "x": "63"}, {"y": "36", "x": "63"}, {"y": "36", "x": "63"}, {"y": "27", "x": "85"}, {"y": "18", "x": "108"}, {"y": "18", "x": "108"}, {"y": "18", "x": "108"}, {"y": "3", "x": "147"}, {"y": "3", "x": "147"}], [{"y": "2", "x": "258"}, {"y": "8", "x": "260"}, {"y": "14", "x": "262"}, {"y": "20", "x": "264"}, {"y": "26", "x": "266"}, {"y": "32", "x": "267"}, {"y": "38", "x": "269"}, {"y": "45", "x": "273"}, {"y": "51", "x": "276"}, {"y": "57", "x": "280"}, {"y": "64", "x": "283"}, {"y": "70", "x": "287"}, {"y": "76", "x": "291"}, {"y": "76", "x": "291"}, {"y": "84", "x": "297"}, {"y": "91", "x": "302"}, {"y": "99", "x": "308"}, {"y": "105", "x": "312"}, {"y": "111", "x": "316"}, {"y": "118", "x": "320"}, {"y": "124", "x": "324"}, {"y": "131", "x": "328"}, {"y": "131", "x": "328"}, {"y": "131", "x": "328"}, {"y": "136", "x": "331"}, {"y": "141", "x": "333"}, {"y": "147", "x": "336"}, {"y": "152", "x": "339"}, {"y": "158", "x": "342"}, {"y": "163", "x": "344"}, {"y": "168", "x": "347"}, {"y": "174", "x": "350"}, {"y": "179", "x": "353"}, {"y": "184", "x": "355"}, {"y": "190", "x": "358"}, {"y": "195", "x": "361"}, {"y": "201", "x": "364"}, {"y": "206", "x": "366"}, {"y": "211", "x": "369"}, {"y": "217", "x": "372"}, {"y": "222", "x": "375"}, {"y": "228", "x": "377"}, {"y": "233", "x": "380"}, {"y": "238", "x": "383"}, {"y": "244", "x": "386"}, {"y": "249", "x": "388"}, {"y": "254", "x": "391"}, {"y": "254", "x": "391"}]]}