{"Lines": [[{"y": "252", "x": "2"}, {"y": "252", "x": "2"}, {"y": "247", "x": "7"}, {"y": "241", "x": "11"}, {"y": "236", "x": "16"}, {"y": "231", "x": "20"}, {"y": "226", "x": "25"}, {"y": "220", "x": "30"}, {"y": "215", "x": "34"}, {"y": "210", "x": "39"}, {"y": "205", "x": "43"}, {"y": "199", "x": "48"}, {"y": "194", "x": "52"}, {"y": "189", "x": "57"}, {"y": "184", "x": "62"}, {"y": "178", "x": "66"}, {"y": "173", "x": "71"}, {"y": "168", "x": "75"}, {"y": "163", "x": "80"}, {"y": "158", "x": "84"}, {"y": "152", "x": "89"}, {"y": "147", "x": "94"}, {"y": "142", "x": "98"}, {"y": "137", "x": "103"}, {"y": "131", "x": "107"}, {"y": "126", "x": "112"}, {"y": "121", "x": "116"}, {"y": "116", "x": "121"}, {"y": "110", "x": "126"}, {"y": "105", "x": "130"}, {"y": "100", "x": "135"}, {"y": "95", "x": "139"}, {"y": "89", "x": "144"}, {"y": "89", "x": "144"}, {"y": "84", "x": "149"}, {"y": "78", "x": "153"}, {"y": "73", "x": "158"}, {"y": "67", "x": "163"}, {"y": "61", "x": "168"}, {"y": "56", "x": "172"}, {"y": "50", "x": "177"}, {"y": "45", "x": "182"}, {"y": "39", "x": "186"}, {"y": "33", "x": "191"}, {"y": "28", "x": "196"}, {"y": "22", "x": "201"}, {"y": "17", "x": "205"}, {"y": "11", "x": "210"}, {"y": "5", "x": "215"}, {"y": "5", "x": "215"}], [{"y": "72", "x": "1"}, {"y": "72", "x": "1"}, {"y": "66", "x": "16"}, {"y": "60", "x": "30"}, {"y": "54", "x": "44"}, {"y": "48", "x": "58"}, {"y": "42", "x": "72"}, {"y": "36", "x": "86"}, {"y": "30", "x": "100"}, {"y": "30", "x": "100"}, {"y": "30", "x": "100"}, {"y": "24", "x": "116"}, {"y": "17", "x": "133"}, {"y": "10", "x": "149"}, {"y": "3", "x": "165"}, {"y": "3", "x": "165"}], [{"y": "2", "x": "272"}, {"y": "2", "x": "272"}, {"y": "8", "x": "275"}, {"y": "13", "x": "279"}, {"y": "19", "x": "283"}, {"y": "25", "x": "287"}, {"y": "30", "x": "290"}, {"y": "36", "x": "294"}, {"y": "41", "x": "298"}, {"y": "47", "x": "302"}, {"y": "53", "x": "305"}, {"y": "58", "x": "309"}, {"y": "64", "x": "313"}, {"y": "69", "x": "317"}, {"y": "75", "x": "320"}, {"y": "81", "x": "324"}, {"y": "86", "x": "328"}, {"y": "92", "x": "332"}, {"y": "92", "x": "332"}, {"y": "97", "x": "335"}, {"y": "102", "x": "339"}, {"y": "107", "x": "342"}, {"y": "113", "x": "346"}, {"y": "118", "x": "349"}, {"y": "123", "x": "353"}, {"y": "128", "x": "357"}, {"y": "134", "x": "360"}, {"y": "139", "x": "364"}, {"y": "144", "x": "367"}, {"y": "149", "x": "371"}, {"y": "155", "x": "374"}, {"y": "160", "x": "378"}, {"y": "165", "x": "382"}, {"y": "170", "x": "385"}, {"y": "176", "x": "389"}, {"y": "181", "x": "392"}, {"y": "186", "x": "396"}, {"y": "191", "x": "400"}, {"y": "197", "x": "403"}, {"y": "202", "x": "407"}, {"y": "207", "x": "410"}, {"y": "212", "x": "414"}, {"y": "218", "x": "417"}, {"y": "223", "x": "421"}, {"y": "228", "x": "425"}, {"y": "233", "x": "428"}, {"y": "239", "x": "432"}, {"y": "244", "x": "435"}, {"y": "249", "x": "439"}, {"y": "255", "x": "442"}, {"y": "255", "x": "443"}]]}