{"Lines": [[{"y": "48", "x": "6"}, {"y": "48", "x": "6"}, {"y": "41", "x": "21"}, {"y": "35", "x": "36"}, {"y": "28", "x": "51"}, {"y": "22", "x": "66"}, {"y": "22", "x": "66"}, {"y": "15", "x": "83"}, {"y": "8", "x": "101"}, {"y": "2", "x": "118"}], [{"y": "63", "x": "298"}, {"y": "63", "x": "298"}, {"y": "63", "x": "298"}, {"y": "71", "x": "303"}, {"y": "53", "x": "305"}, {"y": "80", "x": "309"}, {"y": "80", "x": "309"}, {"y": "85", "x": "314"}, {"y": "90", "x": "318"}, {"y": "96", "x": "323"}, {"y": "50", "x": "323"}, {"y": "101", "x": "327"}, {"y": "107", "x": "332"}, {"y": "112", "x": "336"}, {"y": "118", "x": "341"}, {"y": "123", "x": "345"}, {"y": "128", "x": "350"}, {"y": "134", "x": "355"}, {"y": "47", "x": "355"}, {"y": "139", "x": "359"}, {"y": "145", "x": "364"}, {"y": "150", "x": "368"}, {"y": "156", "x": "373"}, {"y": "161", "x": "377"}, {"y": "161", "x": "377"}, {"y": "161", "x": "377"}, {"y": "166", "x": "382"}, {"y": "172", "x": "386"}, {"y": "45", "x": "387"}, {"y": "45", "x": "387"}, {"y": "177", "x": "390"}, {"y": "183", "x": "395"}, {"y": "188", "x": "399"}, {"y": "194", "x": "404"}, {"y": "199", "x": "408"}, {"y": "205", "x": "412"}, {"y": "210", "x": "417"}, {"y": "216", "x": "421"}, {"y": "39", "x": "425"}, {"y": "221", "x": "426"}, {"y": "227", "x": "430"}, {"y": "232", "x": "435"}, {"y": "238", "x": "439"}, {"y": "243", "x": "443"}, {"y": "249", "x": "448"}, {"y": "254", "x": "452"}, {"y": "38", "x": "454"}, {"y": "35", "x": "478"}, {"y": "35", "x": "478"}, {"y": "29", "x": "509"}]]}