{"Lines": [[{"y": "123", "x": "3"}, {"y": "123", "x": "3"}, {"y": "118", "x": "12"}, {"y": "112", "x": "22"}, {"y": "106", "x": "32"}, {"y": "101", "x": "41"}, {"y": "95", "x": "51"}, {"y": "90", "x": "60"}, {"y": "84", "x": "70"}, {"y": "78", "x": "80"}, {"y": "78", "x": "80"}, {"y": "78", "x": "80"}, {"y": "72", "x": "90"}, {"y": "66", "x": "100"}, {"y": "59", "x": "110"}, {"y": "53", "x": "121"}, {"y": "46", "x": "131"}, {"y": "40", "x": "141"}, {"y": "40", "x": "141"}, {"y": "40", "x": "141"}, {"y": "33", "x": "154"}, {"y": "27", "x": "166"}, {"y": "20", "x": "178"}, {"y": "14", "x": "190"}, {"y": "14", "x": "190"}], [{"y": "11", "x": "265"}, {"y": "11", "x": "265"}, {"y": "25", "x": "316"}, {"y": "25", "x": "316"}, {"y": "25", "x": "316"}, {"y": "31", "x": "331"}, {"y": "37", "x": "345"}, {"y": "43", "x": "359"}, {"y": "49", "x": "374"}, {"y": "55", "x": "388"}, {"y": "61", "x": "403"}, {"y": "61", "x": "403"}, {"y": "67", "x": "415"}, {"y": "73", "x": "427"}, {"y": "79", "x": "439"}, {"y": "85", "x": "451"}, {"y": "90", "x": "463"}, {"y": "96", "x": "475"}, {"y": "102", "x": "487"}, {"y": "108", "x": "499"}, {"y": "114", "x": "511"}]]}