{"Lines": [[{"y": "214", "x": "1"}, {"y": "214", "x": "1"}, {"y": "209", "x": "7"}, {"y": "203", "x": "13"}, {"y": "198", "x": "19"}, {"y": "193", "x": "25"}, {"y": "187", "x": "31"}, {"y": "182", "x": "37"}, {"y": "176", "x": "42"}, {"y": "171", "x": "48"}, {"y": "166", "x": "54"}, {"y": "160", "x": "60"}, {"y": "155", "x": "66"}, {"y": "150", "x": "72"}, {"y": "144", "x": "78"}, {"y": "139", "x": "84"}, {"y": "134", "x": "90"}, {"y": "128", "x": "96"}, {"y": "123", "x": "101"}, {"y": "118", "x": "107"}, {"y": "118", "x": "107"}, {"y": "118", "x": "107"}, {"y": "112", "x": "113"}, {"y": "106", "x": "119"}, {"y": "101", "x": "125"}, {"y": "95", "x": "131"}, {"y": "90", "x": "137"}, {"y": "84", "x": "142"}, {"y": "79", "x": "148"}, {"y": "73", "x": "154"}, {"y": "68", "x": "160"}, {"y": "62", "x": "166"}, {"y": "57", "x": "172"}, {"y": "51", "x": "177"}, {"y": "46", "x": "183"}, {"y": "40", "x": "189"}, {"y": "35", "x": "195"}, {"y": "35", "x": "195"}, {"y": "20", "x": "209"}], [{"y": "2", "x": "289"}, {"y": "2", "x": "289"}, {"y": "8", "x": "293"}, {"y": "13", "x": "297"}, {"y": "19", "x": "300"}, {"y": "24", "x": "304"}, {"y": "30", "x": "308"}, {"y": "35", "x": "312"}, {"y": "40", "x": "315"}, {"y": "46", "x": "319"}, {"y": "51", "x": "323"}, {"y": "57", "x": "326"}, {"y": "62", "x": "330"}, {"y": "68", "x": "334"}, {"y": "73", "x": "338"}, {"y": "78", "x": "341"}, {"y": "84", "x": "345"}, {"y": "89", "x": "349"}, {"y": "95", "x": "352"}, {"y": "95", "x": "352"}, {"y": "100", "x": "356"}, {"y": "105", "x": "360"}, {"y": "111", "x": "364"}, {"y": "116", "x": "368"}, {"y": "121", "x": "371"}, {"y": "127", "x": "375"}, {"y": "132", "x": "379"}, {"y": "137", "x": "383"}, {"y": "143", "x": "387"}, {"y": "148", "x": "390"}, {"y": "153", "x": "394"}, {"y": "159", "x": "398"}, {"y": "164", "x": "402"}, {"y": "169", "x": "406"}, {"y": "175", "x": "409"}, {"y": "180", "x": "413"}, {"y": "185", "x": "417"}, {"y": "191", "x": "421"}, {"y": "196", "x": "425"}, {"y": "201", "x": "428"}, {"y": "207", "x": "432"}, {"y": "212", "x": "436"}, {"y": "217", "x": "440"}, {"y": "223", "x": "444"}, {"y": "228", "x": "447"}, {"y": "233", "x": "451"}, {"y": "239", "x": "455"}, {"y": "244", "x": "459"}, {"y": "249", "x": "463"}, {"y": "255", "x": "466"}, {"y": "255", "x": "467"}], [{"y": "64", "x": "1"}, {"y": "64", "x": "1"}, {"y": "57", "x": "21"}, {"y": "50", "x": "41"}, {"y": "43", "x": "61"}, {"y": "35", "x": "81"}, {"y": "35", "x": "81"}, {"y": "28", "x": "105"}, {"y": "20", "x": "129"}, {"y": "12", "x": "152"}, {"y": "12", "x": "152"}]]}