{"Lines": [[{"y": "75", "x": "8"}, {"y": "75", "x": "8"}, {"y": "69", "x": "22"}, {"y": "63", "x": "36"}, {"y": "57", "x": "50"}, {"y": "52", "x": "64"}, {"y": "46", "x": "78"}, {"y": "40", "x": "92"}, {"y": "34", "x": "106"}, {"y": "28", "x": "120"}, {"y": "28", "x": "120"}, {"y": "28", "x": "120"}, {"y": "21", "x": "138"}, {"y": "14", "x": "156"}, {"y": "7", "x": "174"}, {"y": "0", "x": "192"}, {"y": "0", "x": "193"}], [{"y": "2", "x": "300"}, {"y": "2", "x": "300"}, {"y": "7", "x": "306"}, {"y": "13", "x": "312"}, {"y": "18", "x": "318"}, {"y": "24", "x": "324"}, {"y": "29", "x": "330"}, {"y": "35", "x": "336"}, {"y": "40", "x": "342"}, {"y": "46", "x": "348"}, {"y": "51", "x": "354"}, {"y": "57", "x": "360"}, {"y": "62", "x": "366"}, {"y": "68", "x": "372"}, {"y": "73", "x": "378"}, {"y": "73", "x": "378"}, {"y": "78", "x": "384"}, {"y": "84", "x": "389"}, {"y": "89", "x": "395"}, {"y": "94", "x": "401"}, {"y": "100", "x": "407"}, {"y": "105", "x": "412"}, {"y": "110", "x": "418"}, {"y": "116", "x": "424"}, {"y": "121", "x": "430"}, {"y": "126", "x": "435"}, {"y": "132", "x": "441"}, {"y": "137", "x": "447"}, {"y": "142", "x": "453"}, {"y": "148", "x": "458"}, {"y": "153", "x": "464"}, {"y": "158", "x": "470"}, {"y": "164", "x": "476"}, {"y": "169", "x": "482"}, {"y": "174", "x": "487"}, {"y": "180", "x": "493"}, {"y": "185", "x": "499"}, {"y": "190", "x": "505"}, {"y": "196", "x": "510"}, {"y": "196", "x": "510"}]]}