{"Lines": [[{"y": "255", "x": "61"}, {"y": "255", "x": "61"}, {"y": "248", "x": "65"}, {"y": "242", "x": "69"}, {"y": "236", "x": "73"}, {"y": "229", "x": "78"}, {"y": "229", "x": "78"}, {"y": "229", "x": "78"}, {"y": "224", "x": "81"}, {"y": "219", "x": "85"}, {"y": "213", "x": "88"}, {"y": "208", "x": "92"}, {"y": "202", "x": "95"}, {"y": "197", "x": "99"}, {"y": "192", "x": "102"}, {"y": "186", "x": "106"}, {"y": "181", "x": "109"}, {"y": "176", "x": "113"}, {"y": "170", "x": "116"}, {"y": "165", "x": "120"}, {"y": "159", "x": "123"}, {"y": "154", "x": "127"}, {"y": "149", "x": "130"}, {"y": "143", "x": "134"}, {"y": "138", "x": "137"}, {"y": "132", "x": "141"}, {"y": "127", "x": "144"}, {"y": "122", "x": "148"}, {"y": "116", "x": "151"}, {"y": "111", "x": "155"}, {"y": "111", "x": "155"}, {"y": "111", "x": "155"}, {"y": "106", "x": "158"}, {"y": "100", "x": "161"}, {"y": "95", "x": "165"}, {"y": "89", "x": "168"}, {"y": "84", "x": "171"}, {"y": "78", "x": "175"}, {"y": "73", "x": "178"}, {"y": "68", "x": "182"}, {"y": "62", "x": "185"}, {"y": "57", "x": "188"}, {"y": "51", "x": "192"}, {"y": "46", "x": "195"}, {"y": "46", "x": "195"}, {"y": "46", "x": "195"}, {"y": "40", "x": "198"}, {"y": "35", "x": "201"}, {"y": "29", "x": "204"}, {"y": "23", "x": "207"}, {"y": "18", "x": "210"}, {"y": "12", "x": "213"}, {"y": "6", "x": "216"}, {"y": "1", "x": "219"}], [{"y": "68", "x": "1"}, {"y": "68", "x": "1"}, {"y": "61", "x": "17"}, {"y": "54", "x": "32"}, {"y": "48", "x": "48"}, {"y": "41", "x": "63"}, {"y": "34", "x": "79"}, {"y": "34", "x": "79"}, {"y": "34", "x": "79"}, {"y": "25", "x": "98"}, {"y": "16", "x": "117"}, {"y": "16", "x": "117"}, {"y": "8", "x": "131"}, {"y": "0", "x": "144"}], [{"y": "1", "x": "295"}, {"y": "1", "x": "295"}, {"y": "8", "x": "302"}, {"y": "15", "x": "308"}, {"y": "21", "x": "315"}, {"y": "28", "x": "322"}, {"y": "35", "x": "329"}, {"y": "35", "x": "329"}, {"y": "35", "x": "329"}, {"y": "41", "x": "335"}, {"y": "46", "x": "341"}, {"y": "52", "x": "347"}, {"y": "58", "x": "353"}, {"y": "63", "x": "359"}, {"y": "69", "x": "365"}, {"y": "75", "x": "371"}, {"y": "80", "x": "378"}, {"y": "86", "x": "384"}, {"y": "92", "x": "390"}, {"y": "97", "x": "396"}, {"y": "103", "x": "402"}, {"y": "109", "x": "408"}, {"y": "114", "x": "414"}, {"y": "114", "x": "414"}, {"y": "114", "x": "414"}, {"y": "120", "x": "420"}, {"y": "125", "x": "426"}, {"y": "131", "x": "432"}, {"y": "137", "x": "438"}, {"y": "142", "x": "444"}, {"y": "148", "x": "450"}, {"y": "153", "x": "456"}, {"y": "159", "x": "462"}, {"y": "165", "x": "468"}, {"y": "170", "x": "474"}, {"y": "176", "x": "480"}, {"y": "181", "x": "486"}, {"y": "187", "x": "492"}, {"y": "193", "x": "498"}, {"y": "198", "x": "504"}, {"y": "204", "x": "510"}, {"y": "204", "x": "510"}]]}