{"Lines": [[{"y": "227", "x": "0"}, {"y": "227", "x": "0"}, {"y": "222", "x": "5"}, {"y": "216", "x": "10"}, {"y": "211", "x": "15"}, {"y": "205", "x": "20"}, {"y": "200", "x": "25"}, {"y": "194", "x": "30"}, {"y": "189", "x": "35"}, {"y": "184", "x": "40"}, {"y": "178", "x": "45"}, {"y": "173", "x": "50"}, {"y": "167", "x": "55"}, {"y": "162", "x": "60"}, {"y": "156", "x": "65"}, {"y": "151", "x": "70"}, {"y": "146", "x": "75"}, {"y": "140", "x": "80"}, {"y": "135", "x": "85"}, {"y": "129", "x": "90"}, {"y": "124", "x": "94"}, {"y": "118", "x": "99"}, {"y": "113", "x": "104"}, {"y": "113", "x": "104"}, {"y": "113", "x": "104"}, {"y": "107", "x": "110"}, {"y": "102", "x": "115"}, {"y": "96", "x": "120"}, {"y": "91", "x": "126"}, {"y": "85", "x": "131"}, {"y": "80", "x": "137"}, {"y": "74", "x": "142"}, {"y": "69", "x": "147"}, {"y": "63", "x": "153"}, {"y": "57", "x": "158"}, {"y": "57", "x": "158"}, {"y": "57", "x": "158"}, {"y": "49", "x": "167"}, {"y": "41", "x": "175"}, {"y": "33", "x": "184"}, {"y": "33", "x": "184"}, {"y": "25", "x": "193"}, {"y": "16", "x": "203"}, {"y": "8", "x": "212"}, {"y": "8", "x": "212"}], [{"y": "9", "x": "276"}, {"y": "18", "x": "278"}, {"y": "27", "x": "279"}, {"y": "27", "x": "279"}, {"y": "36", "x": "283"}, {"y": "46", "x": "288"}, {"y": "46", "x": "288"}, {"y": "51", "x": "291"}, {"y": "57", "x": "295"}, {"y": "63", "x": "298"}, {"y": "69", "x": "302"}, {"y": "74", "x": "305"}, {"y": "80", "x": "309"}, {"y": "86", "x": "312"}, {"y": "91", "x": "315"}, {"y": "97", "x": "319"}, {"y": "103", "x": "322"}, {"y": "109", "x": "326"}, {"y": "114", "x": "329"}, {"y": "120", "x": "333"}, {"y": "120", "x": "333"}, {"y": "126", "x": "336"}, {"y": "131", "x": "339"}, {"y": "136", "x": "343"}, {"y": "142", "x": "346"}, {"y": "147", "x": "350"}, {"y": "152", "x": "353"}, {"y": "158", "x": "357"}, {"y": "163", "x": "360"}, {"y": "168", "x": "364"}, {"y": "174", "x": "367"}, {"y": "179", "x": "370"}, {"y": "185", "x": "374"}, {"y": "190", "x": "377"}, {"y": "195", "x": "381"}, {"y": "201", "x": "384"}, {"y": "206", "x": "388"}, {"y": "211", "x": "391"}, {"y": "217", "x": "395"}, {"y": "222", "x": "398"}, {"y": "228", "x": "402"}, {"y": "233", "x": "405"}, {"y": "238", "x": "408"}, {"y": "244", "x": "412"}, {"y": "249", "x": "415"}, {"y": "254", "x": "419"}], [{"y": "66", "x": "2"}, {"y": "66", "x": "2"}, {"y": "59", "x": "20"}, {"y": "52", "x": "38"}, {"y": "45", "x": "56"}, {"y": "37", "x": "74"}, {"y": "37", "x": "74"}, {"y": "37", "x": "74"}, {"y": "31", "x": "93"}, {"y": "24", "x": "111"}, {"y": "17", "x": "130"}, {"y": "17", "x": "130"}]]}