{"Lines": [[{"y": "255", "x": "93"}, {"y": "249", "x": "96"}, {"y": "244", "x": "99"}, {"y": "238", "x": "103"}, {"y": "233", "x": "106"}, {"y": "227", "x": "110"}, {"y": "222", "x": "113"}, {"y": "216", "x": "117"}, {"y": "211", "x": "120"}, {"y": "205", "x": "124"}, {"y": "200", "x": "127"}, {"y": "195", "x": "131"}, {"y": "189", "x": "134"}, {"y": "184", "x": "138"}, {"y": "178", "x": "141"}, {"y": "173", "x": "145"}, {"y": "167", "x": "148"}, {"y": "162", "x": "152"}, {"y": "156", "x": "155"}, {"y": "156", "x": "155"}, {"y": "151", "x": "158"}, {"y": "146", "x": "162"}, {"y": "140", "x": "165"}, {"y": "135", "x": "169"}, {"y": "129", "x": "172"}, {"y": "124", "x": "176"}, {"y": "119", "x": "179"}, {"y": "113", "x": "182"}, {"y": "108", "x": "186"}, {"y": "103", "x": "189"}, {"y": "97", "x": "193"}, {"y": "92", "x": "196"}, {"y": "86", "x": "199"}, {"y": "81", "x": "203"}, {"y": "76", "x": "206"}, {"y": "70", "x": "210"}, {"y": "65", "x": "213"}, {"y": "59", "x": "216"}, {"y": "54", "x": "220"}, {"y": "49", "x": "223"}, {"y": "43", "x": "227"}, {"y": "43", "x": "227"}, {"y": "43", "x": "227"}, {"y": "37", "x": "231"}, {"y": "30", "x": "236"}, {"y": "24", "x": "240"}, {"y": "17", "x": "244"}, {"y": "11", "x": "249"}, {"y": "4", "x": "253"}, {"y": "4", "x": "253"}], [{"y": "93", "x": "1"}, {"y": "93", "x": "1"}, {"y": "87", "x": "16"}, {"y": "81", "x": "30"}, {"y": "75", "x": "44"}, {"y": "68", "x": "59"}, {"y": "62", "x": "73"}, {"y": "62", "x": "73"}, {"y": "62", "x": "73"}, {"y": "56", "x": "86"}, {"y": "50", "x": "100"}, {"y": "43", "x": "113"}, {"y": "37", "x": "127"}, {"y": "31", "x": "140"}, {"y": "31", "x": "140"}, {"y": "31", "x": "140"}, {"y": "24", "x": "157"}, {"y": "17", "x": "173"}, {"y": "11", "x": "189"}, {"y": "11", "x": "189"}], [{"y": "7", "x": "314"}, {"y": "7", "x": "314"}, {"y": "13", "x": "319"}, {"y": "19", "x": "324"}, {"y": "24", "x": "329"}, {"y": "30", "x": "333"}, {"y": "36", "x": "338"}, {"y": "42", "x": "343"}, {"y": "47", "x": "348"}, {"y": "53", "x": "353"}, {"y": "59", "x": "358"}, {"y": "65", "x": "363"}, {"y": "70", "x": "368"}, {"y": "76", "x": "372"}, {"y": "76", "x": "372"}, {"y": "81", "x": "377"}, {"y": "86", "x": "382"}, {"y": "92", "x": "387"}, {"y": "97", "x": "391"}, {"y": "102", "x": "396"}, {"y": "107", "x": "401"}, {"y": "112", "x": "406"}, {"y": "118", "x": "410"}, {"y": "123", "x": "415"}, {"y": "128", "x": "420"}, {"y": "133", "x": "425"}, {"y": "138", "x": "430"}, {"y": "143", "x": "434"}, {"y": "149", "x": "439"}, {"y": "154", "x": "444"}, {"y": "159", "x": "449"}, {"y": "164", "x": "453"}, {"y": "169", "x": "458"}, {"y": "175", "x": "463"}, {"y": "180", "x": "468"}, {"y": "185", "x": "472"}, {"y": "190", "x": "477"}, {"y": "195", "x": "482"}, {"y": "201", "x": "487"}, {"y": "206", "x": "491"}, {"y": "211", "x": "496"}, {"y": "216", "x": "501"}, {"y": "221", "x": "506"}, {"y": "227", "x": "511"}, {"y": "227", "x": "511"}]]}