{"Lines": [[{"y": "2", "x": "248"}, {"y": "16", "x": "255"}, {"y": "16", "x": "255"}, {"y": "16", "x": "255"}, {"y": "24", "x": "261"}, {"y": "31", "x": "267"}, {"y": "39", "x": "273"}, {"y": "50", "x": "280"}, {"y": "50", "x": "280"}, {"y": "63", "x": "292"}, {"y": "63", "x": "292"}, {"y": "69", "x": "306"}, {"y": "73", "x": "328"}, {"y": "73", "x": "351"}, {"y": "72", "x": "375"}, {"y": "72", "x": "394"}, {"y": "74", "x": "419"}, {"y": "74", "x": "442"}, {"y": "74", "x": "466"}, {"y": "74", "x": "488"}, {"y": "74", "x": "508"}], [{"y": "46", "x": "149"}, {"y": "46", "x": "149"}, {"y": "38", "x": "155"}, {"y": "31", "x": "162"}, {"y": "31", "x": "162"}, {"y": "31", "x": "162"}, {"y": "25", "x": "168"}, {"y": "18", "x": "173"}, {"y": "12", "x": "179"}, {"y": "6", "x": "184"}, {"y": "0", "x": "189"}], [{"y": "36", "x": "59"}, {"y": "36", "x": "59"}, {"y": "29", "x": "75"}, {"y": "22", "x": "90"}, {"y": "15", "x": "106"}, {"y": "15", "x": "106"}, {"y": "15", "x": "106"}, {"y": "7", "x": "121"}, {"y": "0", "x": "136"}, {"y": "0", "x": "137"}]]}