{"Lines": [[{"y": "84", "x": "0"}, {"y": "84", "x": "0"}, {"y": "78", "x": "12"}, {"y": "73", "x": "24"}, {"y": "67", "x": "36"}, {"y": "61", "x": "48"}, {"y": "56", "x": "60"}, {"y": "50", "x": "72"}, {"y": "44", "x": "84"}, {"y": "39", "x": "96"}, {"y": "33", "x": "108"}, {"y": "33", "x": "108"}, {"y": "33", "x": "108"}, {"y": "26", "x": "122"}, {"y": "20", "x": "137"}, {"y": "13", "x": "151"}, {"y": "6", "x": "166"}, {"y": "0", "x": "180"}, {"y": "0", "x": "181"}], [{"y": "2", "x": "323"}, {"y": "7", "x": "330"}, {"y": "13", "x": "337"}, {"y": "18", "x": "343"}, {"y": "24", "x": "350"}, {"y": "30", "x": "357"}, {"y": "35", "x": "363"}, {"y": "41", "x": "370"}, {"y": "47", "x": "377"}, {"y": "52", "x": "383"}, {"y": "58", "x": "390"}, {"y": "64", "x": "397"}, {"y": "69", "x": "403"}, {"y": "75", "x": "410"}, {"y": "81", "x": "416"}, {"y": "81", "x": "416"}, {"y": "86", "x": "424"}, {"y": "92", "x": "431"}, {"y": "97", "x": "438"}, {"y": "103", "x": "445"}, {"y": "109", "x": "453"}, {"y": "114", "x": "460"}, {"y": "120", "x": "467"}, {"y": "125", "x": "474"}, {"y": "131", "x": "482"}, {"y": "137", "x": "489"}, {"y": "142", "x": "496"}, {"y": "148", "x": "503"}, {"y": "154", "x": "510"}, {"y": "154", "x": "511"}]]}