{"Lines": [[{"y": "253", "x": "11"}, {"y": "253", "x": "11"}, {"y": "248", "x": "15"}, {"y": "243", "x": "19"}, {"y": "237", "x": "23"}, {"y": "232", "x": "28"}, {"y": "227", "x": "32"}, {"y": "221", "x": "36"}, {"y": "216", "x": "40"}, {"y": "210", "x": "44"}, {"y": "205", "x": "49"}, {"y": "200", "x": "53"}, {"y": "194", "x": "57"}, {"y": "189", "x": "61"}, {"y": "184", "x": "65"}, {"y": "178", "x": "70"}, {"y": "173", "x": "74"}, {"y": "168", "x": "78"}, {"y": "168", "x": "78"}, {"y": "162", "x": "82"}, {"y": "156", "x": "85"}, {"y": "151", "x": "89"}, {"y": "145", "x": "93"}, {"y": "140", "x": "97"}, {"y": "134", "x": "100"}, {"y": "129", "x": "104"}, {"y": "123", "x": "108"}, {"y": "118", "x": "111"}, {"y": "112", "x": "115"}, {"y": "107", "x": "119"}, {"y": "101", "x": "123"}, {"y": "96", "x": "126"}, {"y": "90", "x": "130"}, {"y": "85", "x": "134"}, {"y": "85", "x": "134"}, {"y": "78", "x": "137"}, {"y": "72", "x": "140"}, {"y": "66", "x": "143"}, {"y": "59", "x": "146"}, {"y": "53", "x": "149"}, {"y": "47", "x": "152"}, {"y": "47", "x": "152"}, {"y": "47", "x": "152"}, {"y": "39", "x": "154"}, {"y": "11", "x": "155"}, {"y": "32", "x": "156"}, {"y": "25", "x": "158"}, {"y": "25", "x": "158"}], [{"y": "10", "x": "233"}, {"y": "18", "x": "248"}, {"y": "26", "x": "263"}, {"y": "35", "x": "277"}, {"y": "41", "x": "285"}, {"y": "46", "x": "292"}, {"y": "52", "x": "300"}, {"y": "58", "x": "307"}, {"y": "64", "x": "314"}, {"y": "70", "x": "322"}, {"y": "76", "x": "329"}, {"y": "82", "x": "337"}, {"y": "88", "x": "344"}, {"y": "88", "x": "344"}, {"y": "88", "x": "344"}, {"y": "94", "x": "350"}, {"y": "99", "x": "356"}, {"y": "105", "x": "362"}, {"y": "110", "x": "367"}, {"y": "115", "x": "373"}, {"y": "121", "x": "379"}, {"y": "126", "x": "385"}, {"y": "132", "x": "390"}, {"y": "137", "x": "396"}, {"y": "143", "x": "402"}, {"y": "148", "x": "408"}, {"y": "153", "x": "413"}, {"y": "159", "x": "419"}, {"y": "164", "x": "425"}, {"y": "170", "x": "431"}, {"y": "175", "x": "436"}, {"y": "175", "x": "436"}, {"y": "175", "x": "436"}, {"y": "180", "x": "442"}, {"y": "186", "x": "448"}, {"y": "191", "x": "454"}, {"y": "197", "x": "459"}, {"y": "202", "x": "465"}, {"y": "208", "x": "471"}, {"y": "213", "x": "476"}, {"y": "218", "x": "482"}, {"y": "224", "x": "488"}, {"y": "229", "x": "493"}, {"y": "235", "x": "499"}, {"y": "240", "x": "505"}, {"y": "246", "x": "510"}, {"y": "246", "x": "511"}], [{"y": "51", "x": "0"}, {"y": "51", "x": "0"}, {"y": "43", "x": "18"}, {"y": "35", "x": "36"}, {"y": "35", "x": "36"}, {"y": "35", "x": "36"}, {"y": "23", "x": "60"}, {"y": "23", "x": "60"}, {"y": "23", "x": "60"}, {"y": "8", "x": "80"}, {"y": "8", "x": "80"}]]}