{"Lines": [[{"y": "254", "x": "181"}, {"y": "254", "x": "181"}, {"y": "249", "x": "182"}, {"y": "244", "x": "183"}, {"y": "239", "x": "184"}, {"y": "233", "x": "186"}, {"y": "228", "x": "187"}, {"y": "223", "x": "188"}, {"y": "218", "x": "190"}, {"y": "212", "x": "191"}, {"y": "207", "x": "192"}, {"y": "202", "x": "193"}, {"y": "196", "x": "195"}, {"y": "191", "x": "196"}, {"y": "186", "x": "197"}, {"y": "181", "x": "198"}, {"y": "175", "x": "200"}, {"y": "170", "x": "201"}, {"y": "165", "x": "202"}, {"y": "160", "x": "204"}, {"y": "154", "x": "205"}, {"y": "149", "x": "206"}, {"y": "144", "x": "207"}, {"y": "139", "x": "209"}, {"y": "133", "x": "210"}, {"y": "128", "x": "211"}, {"y": "128", "x": "211"}, {"y": "128", "x": "211"}, {"y": "122", "x": "213"}, {"y": "117", "x": "215"}, {"y": "111", "x": "217"}, {"y": "105", "x": "219"}, {"y": "99", "x": "221"}, {"y": "94", "x": "223"}, {"y": "88", "x": "225"}, {"y": "82", "x": "227"}, {"y": "77", "x": "229"}, {"y": "71", "x": "231"}, {"y": "65", "x": "233"}, {"y": "60", "x": "234"}, {"y": "54", "x": "236"}, {"y": "54", "x": "236"}, {"y": "54", "x": "236"}, {"y": "47", "x": "240"}, {"y": "41", "x": "244"}, {"y": "34", "x": "247"}, {"y": "28", "x": "251"}, {"y": "21", "x": "255"}, {"y": "21", "x": "255"}], [{"y": "7", "x": "341"}, {"y": "7", "x": "341"}, {"y": "15", "x": "346"}, {"y": "23", "x": "350"}, {"y": "23", "x": "350"}, {"y": "23", "x": "350"}, {"y": "31", "x": "360"}, {"y": "40", "x": "369"}, {"y": "40", "x": "369"}, {"y": "40", "x": "369"}, {"y": "46", "x": "376"}, {"y": "52", "x": "384"}, {"y": "57", "x": "392"}, {"y": "63", "x": "400"}, {"y": "69", "x": "407"}, {"y": "75", "x": "415"}, {"y": "81", "x": "423"}, {"y": "87", "x": "430"}, {"y": "93", "x": "438"}, {"y": "99", "x": "446"}, {"y": "99", "x": "446"}, {"y": "99", "x": "446"}, {"y": "105", "x": "455"}, {"y": "111", "x": "464"}, {"y": "117", "x": "474"}, {"y": "123", "x": "483"}, {"y": "129", "x": "492"}, {"y": "135", "x": "501"}, {"y": "141", "x": "511"}, {"y": "141", "x": "511"}], [{"y": "94", "x": "2"}, {"y": "94", "x": "2"}, {"y": "88", "x": "15"}, {"y": "82", "x": "28"}, {"y": "76", "x": "41"}, {"y": "70", "x": "54"}, {"y": "64", "x": "67"}, {"y": "58", "x": "81"}, {"y": "58", "x": "81"}, {"y": "58", "x": "81"}, {"y": "51", "x": "96"}, {"y": "45", "x": "111"}, {"y": "39", "x": "126"}, {"y": "33", "x": "141"}, {"y": "26", "x": "156"}, {"y": "20", "x": "171"}, {"y": "20", "x": "171"}]]}