{"Lines": [[{"y": "255", "x": "32"}, {"y": "255", "x": "32"}, {"y": "249", "x": "36"}, {"y": "243", "x": "40"}, {"y": "238", "x": "44"}, {"y": "232", "x": "48"}, {"y": "227", "x": "52"}, {"y": "221", "x": "56"}, {"y": "216", "x": "60"}, {"y": "210", "x": "64"}, {"y": "205", "x": "69"}, {"y": "199", "x": "73"}, {"y": "194", "x": "77"}, {"y": "188", "x": "81"}, {"y": "188", "x": "81"}, {"y": "188", "x": "81"}, {"y": "183", "x": "85"}, {"y": "178", "x": "89"}, {"y": "172", "x": "94"}, {"y": "167", "x": "98"}, {"y": "161", "x": "102"}, {"y": "156", "x": "106"}, {"y": "151", "x": "111"}, {"y": "145", "x": "115"}, {"y": "140", "x": "119"}, {"y": "134", "x": "124"}, {"y": "129", "x": "128"}, {"y": "124", "x": "132"}, {"y": "118", "x": "136"}, {"y": "113", "x": "141"}, {"y": "107", "x": "145"}, {"y": "102", "x": "149"}, {"y": "96", "x": "153"}, {"y": "91", "x": "158"}, {"y": "91", "x": "158"}, {"y": "85", "x": "162"}, {"y": "79", "x": "167"}, {"y": "73", "x": "171"}, {"y": "66", "x": "176"}, {"y": "60", "x": "181"}, {"y": "54", "x": "185"}, {"y": "54", "x": "185"}, {"y": "48", "x": "190"}, {"y": "41", "x": "194"}, {"y": "35", "x": "199"}, {"y": "29", "x": "203"}, {"y": "22", "x": "208"}, {"y": "16", "x": "212"}, {"y": "9", "x": "216"}, {"y": "9", "x": "216"}], [{"y": "1", "x": "279"}, {"y": "1", "x": "279"}, {"y": "6", "x": "285"}, {"y": "12", "x": "291"}, {"y": "17", "x": "297"}, {"y": "23", "x": "303"}, {"y": "29", "x": "309"}, {"y": "34", "x": "315"}, {"y": "40", "x": "321"}, {"y": "46", "x": "327"}, {"y": "46", "x": "327"}, {"y": "51", "x": "332"}, {"y": "56", "x": "337"}, {"y": "61", "x": "342"}, {"y": "67", "x": "347"}, {"y": "72", "x": "352"}, {"y": "77", "x": "358"}, {"y": "83", "x": "363"}, {"y": "88", "x": "368"}, {"y": "93", "x": "373"}, {"y": "98", "x": "378"}, {"y": "104", "x": "383"}, {"y": "109", "x": "389"}, {"y": "114", "x": "394"}, {"y": "120", "x": "399"}, {"y": "125", "x": "404"}, {"y": "130", "x": "409"}, {"y": "135", "x": "414"}, {"y": "141", "x": "420"}, {"y": "146", "x": "425"}, {"y": "151", "x": "430"}, {"y": "156", "x": "435"}, {"y": "162", "x": "440"}, {"y": "167", "x": "445"}, {"y": "172", "x": "451"}, {"y": "178", "x": "456"}, {"y": "183", "x": "461"}, {"y": "183", "x": "461"}, {"y": "189", "x": "466"}, {"y": "194", "x": "472"}, {"y": "200", "x": "477"}, {"y": "206", "x": "483"}, {"y": "212", "x": "488"}, {"y": "217", "x": "494"}, {"y": "223", "x": "499"}, {"y": "229", "x": "505"}, {"y": "235", "x": "510"}, {"y": "235", "x": "511"}], [{"y": "67", "x": "0"}, {"y": "67", "x": "0"}, {"y": "61", "x": "15"}, {"y": "55", "x": "31"}, {"y": "49", "x": "47"}, {"y": "43", "x": "63"}, {"y": "37", "x": "79"}, {"y": "31", "x": "95"}, {"y": "31", "x": "95"}, {"y": "31", "x": "95"}, {"y": "24", "x": "112"}, {"y": "17", "x": "129"}, {"y": "11", "x": "146"}, {"y": "4", "x": "164"}]]}