{"Lines": [[{"y": "66", "x": "5"}, {"y": "66", "x": "5"}, {"y": "59", "x": "23"}, {"y": "52", "x": "42"}, {"y": "45", "x": "60"}, {"y": "39", "x": "78"}, {"y": "32", "x": "97"}, {"y": "32", "x": "97"}, {"y": "32", "x": "97"}, {"y": "25", "x": "112"}, {"y": "19", "x": "128"}, {"y": "12", "x": "143"}, {"y": "6", "x": "159"}, {"y": "0", "x": "174"}, {"y": "0", "x": "175"}], [{"y": "255", "x": "24"}, {"y": "255", "x": "24"}, {"y": "249", "x": "28"}, {"y": "243", "x": "32"}, {"y": "238", "x": "37"}, {"y": "232", "x": "41"}, {"y": "227", "x": "46"}, {"y": "221", "x": "50"}, {"y": "216", "x": "55"}, {"y": "210", "x": "59"}, {"y": "205", "x": "64"}, {"y": "199", "x": "68"}, {"y": "194", "x": "73"}, {"y": "194", "x": "73"}, {"y": "194", "x": "73"}, {"y": "188", "x": "77"}, {"y": "183", "x": "81"}, {"y": "178", "x": "86"}, {"y": "173", "x": "90"}, {"y": "168", "x": "94"}, {"y": "162", "x": "99"}, {"y": "157", "x": "103"}, {"y": "152", "x": "107"}, {"y": "147", "x": "112"}, {"y": "141", "x": "116"}, {"y": "136", "x": "120"}, {"y": "131", "x": "125"}, {"y": "126", "x": "129"}, {"y": "120", "x": "133"}, {"y": "115", "x": "138"}, {"y": "110", "x": "142"}, {"y": "105", "x": "146"}, {"y": "100", "x": "151"}, {"y": "94", "x": "155"}, {"y": "89", "x": "159"}, {"y": "84", "x": "164"}, {"y": "79", "x": "168"}, {"y": "73", "x": "172"}, {"y": "68", "x": "177"}, {"y": "68", "x": "177"}, {"y": "62", "x": "181"}, {"y": "56", "x": "186"}, {"y": "51", "x": "191"}, {"y": "45", "x": "195"}, {"y": "39", "x": "200"}, {"y": "33", "x": "205"}, {"y": "27", "x": "209"}, {"y": "21", "x": "214"}, {"y": "15", "x": "219"}, {"y": "10", "x": "223"}, {"y": "4", "x": "228"}, {"y": "4", "x": "228"}], [{"y": "10", "x": "292"}, {"y": "10", "x": "292"}, {"y": "16", "x": "296"}, {"y": "22", "x": "300"}, {"y": "28", "x": "305"}, {"y": "34", "x": "309"}, {"y": "40", "x": "313"}, {"y": "46", "x": "317"}, {"y": "52", "x": "321"}, {"y": "57", "x": "325"}, {"y": "63", "x": "330"}, {"y": "69", "x": "334"}, {"y": "69", "x": "334"}, {"y": "69", "x": "334"}, {"y": "74", "x": "337"}, {"y": "79", "x": "341"}, {"y": "85", "x": "345"}, {"y": "90", "x": "348"}, {"y": "95", "x": "352"}, {"y": "100", "x": "356"}, {"y": "105", "x": "359"}, {"y": "110", "x": "363"}, {"y": "115", "x": "367"}, {"y": "121", "x": "370"}, {"y": "126", "x": "374"}, {"y": "131", "x": "378"}, {"y": "136", "x": "381"}, {"y": "141", "x": "385"}, {"y": "146", "x": "389"}, {"y": "152", "x": "392"}, {"y": "157", "x": "396"}, {"y": "162", "x": "400"}, {"y": "167", "x": "403"}, {"y": "172", "x": "407"}, {"y": "177", "x": "411"}, {"y": "182", "x": "414"}, {"y": "188", "x": "418"}, {"y": "193", "x": "422"}, {"y": "198", "x": "425"}, {"y": "203", "x": "429"}, {"y": "208", "x": "433"}, {"y": "213", "x": "436"}, {"y": "218", "x": "440"}, {"y": "224", "x": "444"}, {"y": "229", "x": "447"}, {"y": "234", "x": "451"}, {"y": "239", "x": "455"}, {"y": "244", "x": "458"}, {"y": "249", "x": "462"}, {"y": "255", "x": "466"}, {"y": "255", "x": "466"}]]}