{"Lines": [[{"y": "73", "x": "0"}, {"y": "73", "x": "0"}, {"y": "67", "x": "16"}, {"y": "61", "x": "32"}, {"y": "54", "x": "48"}, {"y": "48", "x": "64"}, {"y": "41", "x": "80"}, {"y": "41", "x": "80"}, {"y": "35", "x": "94"}, {"y": "28", "x": "108"}, {"y": "22", "x": "121"}, {"y": "15", "x": "135"}, {"y": "9", "x": "149"}, {"y": "2", "x": "163"}, {"y": "2", "x": "163"}], [{"y": "255", "x": "84"}, {"y": "255", "x": "85"}, {"y": "249", "x": "87"}, {"y": "244", "x": "90"}, {"y": "238", "x": "93"}, {"y": "233", "x": "96"}, {"y": "228", "x": "99"}, {"y": "222", "x": "102"}, {"y": "217", "x": "105"}, {"y": "211", "x": "108"}, {"y": "206", "x": "111"}, {"y": "201", "x": "114"}, {"y": "195", "x": "117"}, {"y": "190", "x": "120"}, {"y": "184", "x": "123"}, {"y": "179", "x": "126"}, {"y": "174", "x": "129"}, {"y": "168", "x": "132"}, {"y": "163", "x": "135"}, {"y": "163", "x": "135"}, {"y": "163", "x": "135"}, {"y": "158", "x": "138"}, {"y": "152", "x": "141"}, {"y": "147", "x": "144"}, {"y": "141", "x": "147"}, {"y": "136", "x": "150"}, {"y": "131", "x": "153"}, {"y": "125", "x": "156"}, {"y": "120", "x": "159"}, {"y": "114", "x": "162"}, {"y": "109", "x": "165"}, {"y": "104", "x": "168"}, {"y": "98", "x": "171"}, {"y": "93", "x": "174"}, {"y": "87", "x": "177"}, {"y": "82", "x": "180"}, {"y": "77", "x": "183"}, {"y": "77", "x": "183"}, {"y": "77", "x": "183"}, {"y": "71", "x": "186"}, {"y": "65", "x": "189"}, {"y": "59", "x": "192"}, {"y": "53", "x": "195"}, {"y": "48", "x": "198"}, {"y": "42", "x": "201"}, {"y": "36", "x": "204"}, {"y": "30", "x": "207"}, {"y": "24", "x": "210"}, {"y": "19", "x": "213"}, {"y": "19", "x": "213"}], [{"y": "2", "x": "279"}, {"y": "2", "x": "279"}, {"y": "8", "x": "288"}, {"y": "15", "x": "297"}, {"y": "21", "x": "306"}, {"y": "28", "x": "315"}, {"y": "34", "x": "324"}, {"y": "40", "x": "333"}, {"y": "40", "x": "333"}, {"y": "40", "x": "333"}, {"y": "46", "x": "339"}, {"y": "51", "x": "345"}, {"y": "57", "x": "351"}, {"y": "62", "x": "358"}, {"y": "68", "x": "364"}, {"y": "73", "x": "370"}, {"y": "78", "x": "376"}, {"y": "84", "x": "383"}, {"y": "89", "x": "389"}, {"y": "95", "x": "395"}, {"y": "100", "x": "401"}, {"y": "106", "x": "407"}, {"y": "111", "x": "414"}, {"y": "111", "x": "414"}, {"y": "117", "x": "420"}, {"y": "122", "x": "426"}, {"y": "128", "x": "433"}, {"y": "133", "x": "439"}, {"y": "139", "x": "446"}, {"y": "144", "x": "452"}, {"y": "150", "x": "459"}, {"y": "156", "x": "465"}, {"y": "161", "x": "472"}, {"y": "167", "x": "478"}, {"y": "172", "x": "485"}, {"y": "178", "x": "491"}, {"y": "183", "x": "498"}, {"y": "189", "x": "504"}, {"y": "195", "x": "510"}, {"y": "195", "x": "511"}]]}