{"Lines": [[{"y": "83", "x": "1"}, {"y": "83", "x": "1"}, {"y": "76", "x": "22"}, {"y": "69", "x": "43"}, {"y": "63", "x": "64"}, {"y": "56", "x": "85"}, {"y": "49", "x": "106"}, {"y": "49", "x": "106"}, {"y": "49", "x": "106"}, {"y": "41", "x": "129"}, {"y": "34", "x": "151"}, {"y": "27", "x": "173"}, {"y": "19", "x": "196"}, {"y": "19", "x": "196"}, {"y": "19", "x": "196"}, {"y": "9", "x": "225"}, {"y": "0", "x": "255"}, {"y": "0", "x": "255"}], [{"y": "255", "x": "18"}, {"y": "249", "x": "24"}, {"y": "243", "x": "30"}, {"y": "238", "x": "36"}, {"y": "232", "x": "43"}, {"y": "226", "x": "49"}, {"y": "221", "x": "55"}, {"y": "215", "x": "62"}, {"y": "210", "x": "68"}, {"y": "204", "x": "74"}, {"y": "198", "x": "81"}, {"y": "193", "x": "87"}, {"y": "187", "x": "93"}, {"y": "182", "x": "100"}, {"y": "176", "x": "106"}, {"y": "176", "x": "106"}, {"y": "176", "x": "106"}, {"y": "170", "x": "113"}, {"y": "165", "x": "119"}, {"y": "159", "x": "126"}, {"y": "153", "x": "132"}, {"y": "148", "x": "139"}, {"y": "142", "x": "145"}, {"y": "136", "x": "152"}, {"y": "130", "x": "159"}, {"y": "125", "x": "165"}, {"y": "119", "x": "172"}, {"y": "113", "x": "178"}, {"y": "108", "x": "185"}, {"y": "102", "x": "191"}, {"y": "96", "x": "198"}, {"y": "96", "x": "198"}, {"y": "91", "x": "204"}, {"y": "85", "x": "211"}, {"y": "80", "x": "217"}, {"y": "74", "x": "223"}, {"y": "69", "x": "230"}, {"y": "63", "x": "236"}, {"y": "58", "x": "242"}, {"y": "52", "x": "249"}, {"y": "47", "x": "255"}, {"y": "41", "x": "261"}, {"y": "41", "x": "261"}, {"y": "35", "x": "268"}, {"y": "29", "x": "275"}, {"y": "23", "x": "282"}, {"y": "17", "x": "289"}, {"y": "11", "x": "296"}, {"y": "4", "x": "303"}, {"y": "4", "x": "303"}], [{"y": "2", "x": "369"}, {"y": "2", "x": "369"}, {"y": "8", "x": "373"}, {"y": "14", "x": "378"}, {"y": "20", "x": "382"}, {"y": "26", "x": "386"}, {"y": "32", "x": "391"}, {"y": "38", "x": "395"}, {"y": "44", "x": "399"}, {"y": "50", "x": "403"}, {"y": "56", "x": "408"}, {"y": "62", "x": "412"}, {"y": "62", "x": "412"}, {"y": "62", "x": "412"}, {"y": "67", "x": "416"}, {"y": "72", "x": "419"}, {"y": "78", "x": "423"}, {"y": "83", "x": "427"}, {"y": "88", "x": "430"}, {"y": "93", "x": "434"}, {"y": "99", "x": "437"}, {"y": "104", "x": "441"}, {"y": "109", "x": "445"}, {"y": "115", "x": "448"}, {"y": "120", "x": "452"}, {"y": "125", "x": "456"}, {"y": "130", "x": "459"}, {"y": "136", "x": "463"}, {"y": "141", "x": "467"}, {"y": "146", "x": "470"}, {"y": "152", "x": "474"}, {"y": "157", "x": "478"}, {"y": "162", "x": "481"}, {"y": "167", "x": "485"}, {"y": "173", "x": "489"}, {"y": "178", "x": "492"}, {"y": "183", "x": "496"}, {"y": "189", "x": "500"}, {"y": "194", "x": "503"}, {"y": "199", "x": "507"}, {"y": "205", "x": "511"}, {"y": "205", "x": "511"}]]}