{"Lines": [[{"y": "91", "x": "3"}, {"y": "91", "x": "3"}, {"y": "85", "x": "16"}, {"y": "79", "x": "30"}, {"y": "74", "x": "44"}, {"y": "68", "x": "58"}, {"y": "62", "x": "71"}, {"y": "56", "x": "85"}, {"y": "51", "x": "99"}, {"y": "45", "x": "112"}, {"y": "45", "x": "112"}, {"y": "45", "x": "112"}, {"y": "39", "x": "126"}, {"y": "34", "x": "141"}, {"y": "28", "x": "155"}, {"y": "22", "x": "169"}, {"y": "17", "x": "183"}, {"y": "11", "x": "197"}, {"y": "5", "x": "211"}, {"y": "0", "x": "226"}, {"y": "0", "x": "226"}], [{"y": "254", "x": "103"}, {"y": "254", "x": "103"}, {"y": "249", "x": "107"}, {"y": "244", "x": "111"}, {"y": "239", "x": "114"}, {"y": "233", "x": "118"}, {"y": "228", "x": "122"}, {"y": "223", "x": "125"}, {"y": "218", "x": "129"}, {"y": "212", "x": "133"}, {"y": "207", "x": "136"}, {"y": "202", "x": "140"}, {"y": "197", "x": "143"}, {"y": "191", "x": "147"}, {"y": "186", "x": "151"}, {"y": "181", "x": "154"}, {"y": "176", "x": "158"}, {"y": "170", "x": "162"}, {"y": "165", "x": "165"}, {"y": "160", "x": "169"}, {"y": "155", "x": "173"}, {"y": "149", "x": "176"}, {"y": "144", "x": "180"}, {"y": "139", "x": "183"}, {"y": "134", "x": "187"}, {"y": "134", "x": "187"}, {"y": "134", "x": "187"}, {"y": "128", "x": "191"}, {"y": "123", "x": "195"}, {"y": "117", "x": "198"}, {"y": "112", "x": "202"}, {"y": "106", "x": "206"}, {"y": "101", "x": "209"}, {"y": "96", "x": "213"}, {"y": "90", "x": "217"}, {"y": "85", "x": "220"}, {"y": "79", "x": "224"}, {"y": "74", "x": "228"}, {"y": "69", "x": "232"}, {"y": "63", "x": "235"}, {"y": "58", "x": "239"}, {"y": "58", "x": "239"}, {"y": "58", "x": "239"}, {"y": "52", "x": "243"}, {"y": "46", "x": "247"}, {"y": "40", "x": "251"}, {"y": "35", "x": "255"}, {"y": "29", "x": "259"}, {"y": "23", "x": "263"}, {"y": "17", "x": "267"}, {"y": "12", "x": "271"}, {"y": "6", "x": "275"}, {"y": "6", "x": "275"}], [{"y": "1", "x": "333"}, {"y": "7", "x": "340"}, {"y": "13", "x": "347"}, {"y": "19", "x": "354"}, {"y": "25", "x": "361"}, {"y": "31", "x": "368"}, {"y": "37", "x": "375"}, {"y": "37", "x": "375"}, {"y": "37", "x": "375"}, {"y": "42", "x": "381"}, {"y": "48", "x": "387"}, {"y": "53", "x": "393"}, {"y": "59", "x": "399"}, {"y": "65", "x": "404"}, {"y": "70", "x": "410"}, {"y": "76", "x": "416"}, {"y": "81", "x": "422"}, {"y": "87", "x": "428"}, {"y": "92", "x": "433"}, {"y": "98", "x": "439"}, {"y": "103", "x": "445"}, {"y": "109", "x": "451"}, {"y": "115", "x": "457"}, {"y": "120", "x": "462"}, {"y": "126", "x": "468"}, {"y": "126", "x": "468"}, {"y": "133", "x": "477"}, {"y": "140", "x": "485"}, {"y": "147", "x": "494"}, {"y": "154", "x": "502"}, {"y": "161", "x": "511"}, {"y": "161", "x": "511"}]]}