{"Lines": [[{"y": "39", "x": "167"}, {"y": "39", "x": "167"}, {"y": "32", "x": "175"}, {"y": "25", "x": "182"}, {"y": "18", "x": "189"}, {"y": "18", "x": "189"}, {"y": "9", "x": "198"}, {"y": "1", "x": "206"}, {"y": "1", "x": "206"}], [{"y": "53", "x": "3"}, {"y": "53", "x": "3"}, {"y": "44", "x": "33"}, {"y": "35", "x": "64"}, {"y": "35", "x": "64"}, {"y": "35", "x": "64"}, {"y": "26", "x": "87"}, {"y": "17", "x": "111"}, {"y": "17", "x": "111"}, {"y": "17", "x": "111"}, {"y": "8", "x": "132"}, {"y": "0", "x": "153"}, {"y": "0", "x": "153"}], [{"y": "0", "x": "259"}, {"y": "0", "x": "259"}, {"y": "7", "x": "261"}, {"y": "15", "x": "263"}, {"y": "22", "x": "266"}, {"y": "29", "x": "268"}, {"y": "29", "x": "268"}, {"y": "39", "x": "277"}, {"y": "48", "x": "286"}, {"y": "48", "x": "286"}, {"y": "54", "x": "289"}, {"y": "59", "x": "292"}, {"y": "65", "x": "295"}, {"y": "70", "x": "297"}, {"y": "75", "x": "300"}, {"y": "81", "x": "303"}, {"y": "86", "x": "306"}, {"y": "92", "x": "309"}, {"y": "97", "x": "312"}, {"y": "103", "x": "315"}, {"y": "108", "x": "318"}, {"y": "114", "x": "321"}, {"y": "119", "x": "324"}, {"y": "124", "x": "327"}, {"y": "130", "x": "330"}, {"y": "135", "x": "333"}, {"y": "141", "x": "336"}, {"y": "146", "x": "338"}, {"y": "152", "x": "341"}, {"y": "157", "x": "344"}, {"y": "163", "x": "347"}, {"y": "163", "x": "347"}, {"y": "168", "x": "350"}, {"y": "173", "x": "353"}, {"y": "179", "x": "356"}, {"y": "184", "x": "360"}, {"y": "190", "x": "363"}, {"y": "195", "x": "366"}, {"y": "200", "x": "369"}, {"y": "206", "x": "372"}, {"y": "211", "x": "375"}, {"y": "217", "x": "378"}, {"y": "222", "x": "381"}, {"y": "227", "x": "384"}, {"y": "233", "x": "387"}, {"y": "238", "x": "390"}, {"y": "244", "x": "393"}, {"y": "249", "x": "396"}, {"y": "255", "x": "400"}, {"y": "255", "x": "400"}]]}