{"Lines": [[{"y": "172", "x": "1"}, {"y": "172", "x": "1"}, {"y": "166", "x": "8"}, {"y": "160", "x": "15"}, {"y": "155", "x": "23"}, {"y": "149", "x": "30"}, {"y": "143", "x": "37"}, {"y": "137", "x": "45"}, {"y": "131", "x": "52"}, {"y": "126", "x": "59"}, {"y": "120", "x": "66"}, {"y": "114", "x": "74"}, {"y": "114", "x": "74"}, {"y": "114", "x": "74"}, {"y": "108", "x": "81"}, {"y": "102", "x": "88"}, {"y": "97", "x": "95"}, {"y": "91", "x": "102"}, {"y": "85", "x": "109"}, {"y": "79", "x": "116"}, {"y": "74", "x": "123"}, {"y": "68", "x": "130"}, {"y": "62", "x": "137"}, {"y": "56", "x": "144"}, {"y": "56", "x": "144"}, {"y": "56", "x": "144"}, {"y": "50", "x": "152"}, {"y": "44", "x": "161"}, {"y": "38", "x": "169"}, {"y": "31", "x": "177"}, {"y": "25", "x": "185"}, {"y": "19", "x": "193"}, {"y": "12", "x": "201"}, {"y": "12", "x": "201"}], [{"y": "60", "x": "1"}, {"y": "60", "x": "1"}, {"y": "52", "x": "21"}, {"y": "45", "x": "42"}, {"y": "37", "x": "62"}, {"y": "30", "x": "83"}, {"y": "23", "x": "101"}, {"y": "16", "x": "120"}, {"y": "10", "x": "138"}, {"y": "3", "x": "157"}], [{"y": "1", "x": "264"}, {"y": "1", "x": "264"}, {"y": "7", "x": "265"}, {"y": "12", "x": "267"}, {"y": "17", "x": "269"}, {"y": "23", "x": "270"}, {"y": "28", "x": "272"}, {"y": "34", "x": "273"}, {"y": "39", "x": "275"}, {"y": "44", "x": "277"}, {"y": "50", "x": "278"}, {"y": "55", "x": "280"}, {"y": "60", "x": "281"}, {"y": "66", "x": "283"}, {"y": "71", "x": "285"}, {"y": "77", "x": "286"}, {"y": "82", "x": "288"}, {"y": "87", "x": "289"}, {"y": "87", "x": "289"}, {"y": "93", "x": "291"}, {"y": "98", "x": "293"}, {"y": "103", "x": "294"}, {"y": "108", "x": "296"}, {"y": "113", "x": "298"}, {"y": "119", "x": "299"}, {"y": "124", "x": "301"}, {"y": "129", "x": "303"}, {"y": "134", "x": "304"}, {"y": "139", "x": "306"}, {"y": "145", "x": "308"}, {"y": "150", "x": "309"}, {"y": "155", "x": "311"}, {"y": "160", "x": "313"}, {"y": "165", "x": "314"}, {"y": "171", "x": "316"}, {"y": "176", "x": "317"}, {"y": "181", "x": "319"}, {"y": "186", "x": "321"}, {"y": "191", "x": "322"}, {"y": "197", "x": "324"}, {"y": "202", "x": "326"}, {"y": "207", "x": "327"}, {"y": "212", "x": "329"}, {"y": "217", "x": "331"}, {"y": "223", "x": "332"}, {"y": "228", "x": "334"}, {"y": "233", "x": "336"}, {"y": "238", "x": "337"}, {"y": "243", "x": "339"}, {"y": "249", "x": "341"}, {"y": "254", "x": "342"}, {"y": "254", "x": "342"}]]}