{"Lines": [[{"y": "240", "x": "3"}, {"y": "240", "x": "3"}, {"y": "235", "x": "8"}, {"y": "230", "x": "13"}, {"y": "225", "x": "17"}, {"y": "219", "x": "22"}, {"y": "214", "x": "27"}, {"y": "209", "x": "31"}, {"y": "204", "x": "36"}, {"y": "199", "x": "41"}, {"y": "193", "x": "45"}, {"y": "188", "x": "50"}, {"y": "183", "x": "55"}, {"y": "178", "x": "59"}, {"y": "172", "x": "64"}, {"y": "167", "x": "69"}, {"y": "162", "x": "73"}, {"y": "157", "x": "78"}, {"y": "152", "x": "83"}, {"y": "146", "x": "87"}, {"y": "141", "x": "92"}, {"y": "136", "x": "97"}, {"y": "131", "x": "101"}, {"y": "125", "x": "106"}, {"y": "120", "x": "111"}, {"y": "115", "x": "115"}, {"y": "115", "x": "115"}, {"y": "109", "x": "121"}, {"y": "103", "x": "126"}, {"y": "97", "x": "131"}, {"y": "92", "x": "137"}, {"y": "86", "x": "142"}, {"y": "80", "x": "148"}, {"y": "74", "x": "153"}, {"y": "68", "x": "158"}, {"y": "63", "x": "164"}, {"y": "57", "x": "169"}, {"y": "57", "x": "169"}, {"y": "57", "x": "169"}, {"y": "50", "x": "174"}, {"y": "43", "x": "180"}, {"y": "36", "x": "185"}, {"y": "30", "x": "190"}, {"y": "30", "x": "190"}], [{"y": "18", "x": "291"}, {"y": "23", "x": "295"}, {"y": "28", "x": "300"}, {"y": "34", "x": "304"}, {"y": "39", "x": "309"}, {"y": "44", "x": "313"}, {"y": "50", "x": "318"}, {"y": "55", "x": "322"}, {"y": "60", "x": "327"}, {"y": "66", "x": "331"}, {"y": "71", "x": "335"}, {"y": "76", "x": "340"}, {"y": "82", "x": "344"}, {"y": "87", "x": "349"}, {"y": "93", "x": "353"}, {"y": "98", "x": "358"}, {"y": "98", "x": "358"}, {"y": "103", "x": "362"}, {"y": "108", "x": "367"}, {"y": "114", "x": "371"}, {"y": "119", "x": "376"}, {"y": "124", "x": "380"}, {"y": "129", "x": "385"}, {"y": "134", "x": "389"}, {"y": "140", "x": "394"}, {"y": "145", "x": "398"}, {"y": "150", "x": "403"}, {"y": "155", "x": "407"}, {"y": "161", "x": "412"}, {"y": "166", "x": "416"}, {"y": "171", "x": "421"}, {"y": "176", "x": "425"}, {"y": "181", "x": "430"}, {"y": "187", "x": "434"}, {"y": "192", "x": "439"}, {"y": "197", "x": "443"}, {"y": "202", "x": "448"}, {"y": "208", "x": "452"}, {"y": "213", "x": "457"}, {"y": "218", "x": "461"}, {"y": "223", "x": "466"}, {"y": "228", "x": "470"}, {"y": "234", "x": "475"}, {"y": "239", "x": "479"}, {"y": "244", "x": "484"}, {"y": "249", "x": "488"}, {"y": "255", "x": "492"}, {"y": "255", "x": "493"}], [{"y": "64", "x": "1"}, {"y": "64", "x": "1"}, {"y": "57", "x": "19"}, {"y": "50", "x": "37"}, {"y": "43", "x": "56"}, {"y": "35", "x": "74"}, {"y": "35", "x": "74"}, {"y": "35", "x": "74"}, {"y": "29", "x": "91"}, {"y": "23", "x": "108"}, {"y": "16", "x": "126"}, {"y": "10", "x": "143"}, {"y": "10", "x": "143"}]]}