{"Lines": [[{"y": "255", "x": "138"}, {"y": "255", "x": "138"}, {"y": "249", "x": "140"}, {"y": "244", "x": "142"}, {"y": "239", "x": "144"}, {"y": "234", "x": "146"}, {"y": "229", "x": "148"}, {"y": "224", "x": "151"}, {"y": "218", "x": "153"}, {"y": "213", "x": "155"}, {"y": "208", "x": "157"}, {"y": "203", "x": "159"}, {"y": "198", "x": "162"}, {"y": "193", "x": "164"}, {"y": "188", "x": "166"}, {"y": "182", "x": "168"}, {"y": "177", "x": "170"}, {"y": "172", "x": "173"}, {"y": "167", "x": "175"}, {"y": "162", "x": "177"}, {"y": "157", "x": "179"}, {"y": "152", "x": "181"}, {"y": "146", "x": "184"}, {"y": "141", "x": "186"}, {"y": "136", "x": "188"}, {"y": "131", "x": "190"}, {"y": "126", "x": "192"}, {"y": "121", "x": "195"}, {"y": "115", "x": "197"}, {"y": "110", "x": "199"}, {"y": "105", "x": "201"}, {"y": "100", "x": "203"}, {"y": "95", "x": "206"}, {"y": "90", "x": "208"}, {"y": "85", "x": "210"}, {"y": "79", "x": "212"}, {"y": "74", "x": "214"}, {"y": "69", "x": "217"}, {"y": "64", "x": "219"}, {"y": "59", "x": "221"}, {"y": "54", "x": "223"}, {"y": "49", "x": "225"}, {"y": "49", "x": "225"}, {"y": "42", "x": "228"}, {"y": "36", "x": "230"}, {"y": "29", "x": "233"}, {"y": "23", "x": "235"}, {"y": "17", "x": "238"}, {"y": "10", "x": "240"}, {"y": "4", "x": "243"}], [{"y": "2", "x": "300"}, {"y": "7", "x": "306"}, {"y": "13", "x": "312"}, {"y": "19", "x": "318"}, {"y": "25", "x": "324"}, {"y": "31", "x": "330"}, {"y": "37", "x": "336"}, {"y": "42", "x": "342"}, {"y": "48", "x": "348"}, {"y": "48", "x": "348"}, {"y": "54", "x": "354"}, {"y": "59", "x": "360"}, {"y": "65", "x": "366"}, {"y": "70", "x": "373"}, {"y": "76", "x": "379"}, {"y": "81", "x": "385"}, {"y": "87", "x": "391"}, {"y": "92", "x": "397"}, {"y": "98", "x": "403"}, {"y": "103", "x": "410"}, {"y": "109", "x": "416"}, {"y": "114", "x": "422"}, {"y": "120", "x": "428"}, {"y": "125", "x": "434"}, {"y": "131", "x": "440"}, {"y": "136", "x": "447"}, {"y": "136", "x": "447"}, {"y": "142", "x": "454"}, {"y": "148", "x": "461"}, {"y": "154", "x": "468"}, {"y": "160", "x": "475"}, {"y": "166", "x": "482"}, {"y": "172", "x": "489"}, {"y": "178", "x": "496"}, {"y": "184", "x": "503"}, {"y": "191", "x": "511"}], [{"y": "100", "x": "1"}, {"y": "100", "x": "1"}, {"y": "94", "x": "12"}, {"y": "88", "x": "24"}, {"y": "82", "x": "35"}, {"y": "77", "x": "46"}, {"y": "71", "x": "58"}, {"y": "65", "x": "69"}, {"y": "59", "x": "80"}, {"y": "54", "x": "92"}, {"y": "48", "x": "103"}, {"y": "42", "x": "115"}, {"y": "42", "x": "115"}, {"y": "42", "x": "115"}, {"y": "36", "x": "126"}, {"y": "30", "x": "138"}, {"y": "24", "x": "150"}, {"y": "18", "x": "162"}, {"y": "12", "x": "174"}, {"y": "6", "x": "186"}, {"y": "0", "x": "198"}, {"y": "0", "x": "198"}]]}