{"Lines": [[{"y": "199", "x": "3"}, {"y": "199", "x": "3"}, {"y": "194", "x": "9"}, {"y": "189", "x": "16"}, {"y": "183", "x": "22"}, {"y": "178", "x": "28"}, {"y": "173", "x": "35"}, {"y": "167", "x": "41"}, {"y": "162", "x": "47"}, {"y": "157", "x": "54"}, {"y": "152", "x": "60"}, {"y": "146", "x": "67"}, {"y": "141", "x": "73"}, {"y": "136", "x": "79"}, {"y": "130", "x": "86"}, {"y": "125", "x": "92"}, {"y": "120", "x": "98"}, {"y": "114", "x": "105"}, {"y": "109", "x": "111"}, {"y": "104", "x": "118"}, {"y": "99", "x": "124"}, {"y": "99", "x": "124"}, {"y": "99", "x": "124"}, {"y": "93", "x": "132"}, {"y": "87", "x": "140"}, {"y": "81", "x": "148"}, {"y": "75", "x": "155"}, {"y": "69", "x": "163"}, {"y": "63", "x": "171"}, {"y": "57", "x": "179"}, {"y": "57", "x": "179"}, {"y": "50", "x": "188"}, {"y": "44", "x": "197"}, {"y": "38", "x": "206"}, {"y": "32", "x": "215"}, {"y": "25", "x": "224"}, {"y": "19", "x": "233"}, {"y": "19", "x": "233"}], [{"y": "31", "x": "314"}, {"y": "31", "x": "314"}, {"y": "31", "x": "314"}, {"y": "38", "x": "314"}, {"y": "44", "x": "315"}, {"y": "22", "x": "315"}, {"y": "51", "x": "316"}, {"y": "58", "x": "316"}, {"y": "13", "x": "316"}, {"y": "13", "x": "316"}, {"y": "64", "x": "317"}, {"y": "64", "x": "317"}, {"y": "70", "x": "319"}, {"y": "75", "x": "320"}, {"y": "81", "x": "322"}, {"y": "87", "x": "324"}, {"y": "92", "x": "325"}, {"y": "98", "x": "327"}, {"y": "103", "x": "329"}, {"y": "109", "x": "331"}, {"y": "115", "x": "332"}, {"y": "120", "x": "334"}, {"y": "126", "x": "336"}, {"y": "131", "x": "337"}, {"y": "137", "x": "339"}, {"y": "143", "x": "341"}, {"y": "148", "x": "343"}, {"y": "154", "x": "344"}, {"y": "154", "x": "344"}, {"y": "159", "x": "346"}, {"y": "164", "x": "348"}, {"y": "170", "x": "350"}, {"y": "175", "x": "351"}, {"y": "180", "x": "353"}, {"y": "186", "x": "355"}, {"y": "191", "x": "357"}, {"y": "196", "x": "359"}, {"y": "201", "x": "360"}, {"y": "207", "x": "362"}, {"y": "212", "x": "364"}, {"y": "217", "x": "366"}, {"y": "223", "x": "368"}, {"y": "228", "x": "369"}, {"y": "233", "x": "371"}, {"y": "239", "x": "373"}, {"y": "244", "x": "375"}, {"y": "249", "x": "377"}, {"y": "255", "x": "379"}, {"y": "255", "x": "379"}], [{"y": "75", "x": "1"}, {"y": "75", "x": "1"}, {"y": "69", "x": "16"}, {"y": "62", "x": "32"}, {"y": "56", "x": "48"}, {"y": "50", "x": "63"}, {"y": "44", "x": "79"}, {"y": "44", "x": "79"}, {"y": "44", "x": "79"}, {"y": "34", "x": "113"}, {"y": "24", "x": "148"}, {"y": "24", "x": "148"}, {"y": "24", "x": "148"}, {"y": "16", "x": "175"}, {"y": "7", "x": "203"}, {"y": "7", "x": "203"}]]}