{"Lines": [[{"y": "135", "x": "0"}, {"y": "135", "x": "0"}, {"y": "129", "x": "8"}, {"y": "123", "x": "16"}, {"y": "118", "x": "24"}, {"y": "112", "x": "33"}, {"y": "106", "x": "41"}, {"y": "100", "x": "49"}, {"y": "95", "x": "57"}, {"y": "89", "x": "65"}, {"y": "83", "x": "73"}, {"y": "77", "x": "81"}, {"y": "72", "x": "89"}, {"y": "66", "x": "97"}, {"y": "66", "x": "97"}, {"y": "66", "x": "97"}, {"y": "60", "x": "105"}, {"y": "54", "x": "114"}, {"y": "48", "x": "122"}, {"y": "42", "x": "131"}, {"y": "36", "x": "139"}, {"y": "31", "x": "148"}, {"y": "31", "x": "148"}, {"y": "31", "x": "148"}, {"y": "24", "x": "160"}, {"y": "18", "x": "171"}, {"y": "11", "x": "183"}, {"y": "4", "x": "195"}, {"y": "4", "x": "195"}], [{"y": "23", "x": "257"}, {"y": "23", "x": "257"}, {"y": "14", "x": "258"}, {"y": "31", "x": "258"}, {"y": "4", "x": "259"}, {"y": "4", "x": "259"}, {"y": "38", "x": "260"}, {"y": "46", "x": "261"}, {"y": "46", "x": "261"}, {"y": "52", "x": "263"}, {"y": "58", "x": "265"}, {"y": "64", "x": "267"}, {"y": "70", "x": "269"}, {"y": "77", "x": "271"}, {"y": "77", "x": "271"}, {"y": "77", "x": "271"}, {"y": "82", "x": "274"}, {"y": "88", "x": "276"}, {"y": "94", "x": "279"}, {"y": "99", "x": "281"}, {"y": "105", "x": "283"}, {"y": "111", "x": "286"}, {"y": "116", "x": "288"}, {"y": "122", "x": "291"}, {"y": "128", "x": "293"}, {"y": "133", "x": "295"}, {"y": "139", "x": "298"}, {"y": "139", "x": "298"}, {"y": "144", "x": "300"}, {"y": "150", "x": "303"}, {"y": "155", "x": "305"}, {"y": "160", "x": "308"}, {"y": "165", "x": "310"}, {"y": "171", "x": "312"}, {"y": "176", "x": "315"}, {"y": "181", "x": "317"}, {"y": "186", "x": "320"}, {"y": "192", "x": "322"}, {"y": "197", "x": "325"}, {"y": "202", "x": "327"}, {"y": "207", "x": "330"}, {"y": "213", "x": "332"}, {"y": "218", "x": "334"}, {"y": "223", "x": "337"}, {"y": "228", "x": "339"}, {"y": "234", "x": "342"}, {"y": "239", "x": "344"}, {"y": "244", "x": "347"}, {"y": "249", "x": "349"}, {"y": "255", "x": "352"}, {"y": "255", "x": "352"}], [{"y": "2", "x": "318"}, {"y": "2", "x": "318"}, {"y": "13", "x": "329"}, {"y": "13", "x": "329"}, {"y": "13", "x": "329"}, {"y": "19", "x": "342"}, {"y": "26", "x": "355"}, {"y": "33", "x": "368"}, {"y": "33", "x": "368"}, {"y": "39", "x": "380"}, {"y": "45", "x": "393"}, {"y": "51", "x": "405"}, {"y": "57", "x": "418"}, {"y": "63", "x": "430"}, {"y": "69", "x": "443"}, {"y": "75", "x": "455"}, {"y": "75", "x": "455"}, {"y": "75", "x": "455"}, {"y": "83", "x": "474"}, {"y": "91", "x": "492"}, {"y": "100", "x": "510"}, {"y": "100", "x": "511"}]]}