{"Lines": [[{"y": "186", "x": "1"}, {"y": "186", "x": "1"}, {"y": "181", "x": "9"}, {"y": "176", "x": "16"}, {"y": "170", "x": "24"}, {"y": "165", "x": "32"}, {"y": "160", "x": "39"}, {"y": "154", "x": "47"}, {"y": "149", "x": "54"}, {"y": "144", "x": "62"}, {"y": "138", "x": "70"}, {"y": "133", "x": "77"}, {"y": "128", "x": "85"}, {"y": "122", "x": "92"}, {"y": "117", "x": "100"}, {"y": "112", "x": "108"}, {"y": "106", "x": "115"}, {"y": "101", "x": "123"}, {"y": "95", "x": "130"}, {"y": "90", "x": "138"}, {"y": "85", "x": "146"}, {"y": "79", "x": "153"}, {"y": "74", "x": "161"}, {"y": "74", "x": "161"}, {"y": "68", "x": "169"}, {"y": "63", "x": "177"}, {"y": "57", "x": "185"}, {"y": "51", "x": "193"}, {"y": "45", "x": "201"}, {"y": "40", "x": "209"}, {"y": "34", "x": "217"}, {"y": "28", "x": "225"}, {"y": "22", "x": "233"}, {"y": "17", "x": "241"}, {"y": "11", "x": "249"}, {"y": "5", "x": "257"}, {"y": "0", "x": "265"}, {"y": "0", "x": "266"}], [{"y": "10", "x": "325"}, {"y": "10", "x": "325"}, {"y": "15", "x": "327"}, {"y": "20", "x": "329"}, {"y": "26", "x": "331"}, {"y": "31", "x": "333"}, {"y": "37", "x": "335"}, {"y": "42", "x": "337"}, {"y": "47", "x": "339"}, {"y": "53", "x": "341"}, {"y": "58", "x": "344"}, {"y": "64", "x": "346"}, {"y": "69", "x": "348"}, {"y": "74", "x": "350"}, {"y": "80", "x": "352"}, {"y": "85", "x": "354"}, {"y": "90", "x": "356"}, {"y": "96", "x": "358"}, {"y": "101", "x": "360"}, {"y": "101", "x": "360"}, {"y": "101", "x": "360"}, {"y": "106", "x": "362"}, {"y": "112", "x": "364"}, {"y": "117", "x": "366"}, {"y": "122", "x": "368"}, {"y": "128", "x": "370"}, {"y": "133", "x": "372"}, {"y": "138", "x": "374"}, {"y": "143", "x": "376"}, {"y": "149", "x": "377"}, {"y": "154", "x": "379"}, {"y": "159", "x": "381"}, {"y": "165", "x": "383"}, {"y": "170", "x": "385"}, {"y": "175", "x": "387"}, {"y": "180", "x": "389"}, {"y": "186", "x": "391"}, {"y": "191", "x": "393"}, {"y": "196", "x": "395"}, {"y": "202", "x": "396"}, {"y": "207", "x": "398"}, {"y": "212", "x": "400"}, {"y": "217", "x": "402"}, {"y": "223", "x": "404"}, {"y": "228", "x": "406"}, {"y": "233", "x": "408"}, {"y": "239", "x": "410"}, {"y": "244", "x": "412"}, {"y": "249", "x": "414"}, {"y": "255", "x": "416"}, {"y": "255", "x": "416"}]]}