{"Lines": [[{"y": "68", "x": "1"}, {"y": "68", "x": "1"}, {"y": "61", "x": "19"}, {"y": "54", "x": "36"}, {"y": "47", "x": "54"}, {"y": "40", "x": "72"}, {"y": "34", "x": "89"}, {"y": "34", "x": "89"}, {"y": "34", "x": "89"}, {"y": "27", "x": "106"}, {"y": "20", "x": "124"}, {"y": "13", "x": "141"}, {"y": "6", "x": "158"}, {"y": "0", "x": "175"}, {"y": "0", "x": "176"}], [{"y": "255", "x": "29"}, {"y": "255", "x": "30"}, {"y": "249", "x": "34"}, {"y": "243", "x": "38"}, {"y": "238", "x": "42"}, {"y": "232", "x": "46"}, {"y": "227", "x": "51"}, {"y": "221", "x": "55"}, {"y": "216", "x": "59"}, {"y": "210", "x": "63"}, {"y": "204", "x": "68"}, {"y": "199", "x": "72"}, {"y": "193", "x": "76"}, {"y": "188", "x": "80"}, {"y": "188", "x": "80"}, {"y": "188", "x": "80"}, {"y": "182", "x": "84"}, {"y": "177", "x": "89"}, {"y": "171", "x": "93"}, {"y": "166", "x": "97"}, {"y": "160", "x": "101"}, {"y": "155", "x": "105"}, {"y": "149", "x": "109"}, {"y": "144", "x": "113"}, {"y": "139", "x": "118"}, {"y": "133", "x": "122"}, {"y": "128", "x": "126"}, {"y": "122", "x": "130"}, {"y": "117", "x": "134"}, {"y": "111", "x": "138"}, {"y": "106", "x": "142"}, {"y": "100", "x": "147"}, {"y": "95", "x": "151"}, {"y": "89", "x": "155"}, {"y": "84", "x": "159"}, {"y": "78", "x": "163"}, {"y": "78", "x": "163"}, {"y": "73", "x": "167"}, {"y": "67", "x": "171"}, {"y": "62", "x": "175"}, {"y": "56", "x": "179"}, {"y": "51", "x": "183"}, {"y": "45", "x": "187"}, {"y": "40", "x": "191"}, {"y": "34", "x": "195"}, {"y": "29", "x": "199"}, {"y": "23", "x": "203"}, {"y": "17", "x": "207"}, {"y": "12", "x": "211"}, {"y": "12", "x": "211"}], [{"y": "1", "x": "279"}, {"y": "1", "x": "279"}, {"y": "7", "x": "286"}, {"y": "14", "x": "293"}, {"y": "21", "x": "300"}, {"y": "28", "x": "307"}, {"y": "35", "x": "314"}, {"y": "35", "x": "314"}, {"y": "40", "x": "319"}, {"y": "45", "x": "324"}, {"y": "50", "x": "329"}, {"y": "55", "x": "334"}, {"y": "61", "x": "340"}, {"y": "66", "x": "345"}, {"y": "71", "x": "350"}, {"y": "76", "x": "355"}, {"y": "82", "x": "360"}, {"y": "87", "x": "365"}, {"y": "92", "x": "370"}, {"y": "97", "x": "376"}, {"y": "102", "x": "381"}, {"y": "108", "x": "386"}, {"y": "113", "x": "391"}, {"y": "118", "x": "396"}, {"y": "123", "x": "401"}, {"y": "129", "x": "406"}, {"y": "134", "x": "412"}, {"y": "139", "x": "417"}, {"y": "144", "x": "422"}, {"y": "150", "x": "427"}, {"y": "150", "x": "427"}, {"y": "150", "x": "427"}, {"y": "155", "x": "433"}, {"y": "160", "x": "438"}, {"y": "166", "x": "444"}, {"y": "171", "x": "449"}, {"y": "177", "x": "455"}, {"y": "182", "x": "460"}, {"y": "188", "x": "466"}, {"y": "193", "x": "472"}, {"y": "199", "x": "477"}, {"y": "204", "x": "483"}, {"y": "210", "x": "488"}, {"y": "215", "x": "494"}, {"y": "221", "x": "499"}, {"y": "226", "x": "505"}, {"y": "232", "x": "511"}]]}