{"Lines": [[{"y": "135", "x": "0"}, {"y": "135", "x": "0"}, {"y": "130", "x": "9"}, {"y": "124", "x": "17"}, {"y": "119", "x": "26"}, {"y": "113", "x": "34"}, {"y": "108", "x": "43"}, {"y": "103", "x": "51"}, {"y": "97", "x": "60"}, {"y": "92", "x": "68"}, {"y": "86", "x": "77"}, {"y": "81", "x": "85"}, {"y": "76", "x": "94"}, {"y": "70", "x": "102"}, {"y": "70", "x": "102"}, {"y": "70", "x": "102"}, {"y": "64", "x": "112"}, {"y": "58", "x": "123"}, {"y": "52", "x": "133"}, {"y": "46", "x": "143"}, {"y": "40", "x": "153"}, {"y": "35", "x": "163"}, {"y": "29", "x": "174"}, {"y": "29", "x": "174"}, {"y": "29", "x": "174"}, {"y": "21", "x": "188"}, {"y": "14", "x": "202"}, {"y": "7", "x": "216"}, {"y": "0", "x": "230"}, {"y": "0", "x": "230"}], [{"y": "0", "x": "318"}, {"y": "0", "x": "318"}, {"y": "6", "x": "327"}, {"y": "13", "x": "335"}, {"y": "19", "x": "344"}, {"y": "26", "x": "353"}, {"y": "33", "x": "362"}, {"y": "33", "x": "362"}, {"y": "33", "x": "362"}, {"y": "38", "x": "370"}, {"y": "44", "x": "378"}, {"y": "50", "x": "385"}, {"y": "55", "x": "393"}, {"y": "61", "x": "401"}, {"y": "67", "x": "409"}, {"y": "72", "x": "417"}, {"y": "78", "x": "425"}, {"y": "84", "x": "433"}, {"y": "89", "x": "440"}, {"y": "95", "x": "448"}, {"y": "101", "x": "456"}, {"y": "101", "x": "456"}, {"y": "101", "x": "456"}, {"y": "107", "x": "465"}, {"y": "113", "x": "474"}, {"y": "119", "x": "483"}, {"y": "125", "x": "492"}, {"y": "131", "x": "501"}, {"y": "138", "x": "511"}, {"y": "138", "x": "511"}]]}