{"Lines": [[{"y": "255", "x": "35"}, {"y": "255", "x": "36"}, {"y": "249", "x": "40"}, {"y": "244", "x": "44"}, {"y": "239", "x": "48"}, {"y": "233", "x": "52"}, {"y": "228", "x": "56"}, {"y": "223", "x": "60"}, {"y": "218", "x": "64"}, {"y": "212", "x": "68"}, {"y": "207", "x": "72"}, {"y": "202", "x": "76"}, {"y": "197", "x": "80"}, {"y": "191", "x": "84"}, {"y": "186", "x": "88"}, {"y": "181", "x": "93"}, {"y": "175", "x": "97"}, {"y": "170", "x": "101"}, {"y": "165", "x": "105"}, {"y": "160", "x": "109"}, {"y": "154", "x": "113"}, {"y": "149", "x": "117"}, {"y": "144", "x": "121"}, {"y": "139", "x": "125"}, {"y": "133", "x": "129"}, {"y": "128", "x": "133"}, {"y": "123", "x": "137"}, {"y": "123", "x": "137"}, {"y": "123", "x": "137"}, {"y": "117", "x": "142"}, {"y": "112", "x": "146"}, {"y": "106", "x": "150"}, {"y": "101", "x": "154"}, {"y": "95", "x": "158"}, {"y": "90", "x": "162"}, {"y": "84", "x": "166"}, {"y": "79", "x": "171"}, {"y": "73", "x": "175"}, {"y": "68", "x": "179"}, {"y": "62", "x": "183"}, {"y": "57", "x": "187"}, {"y": "52", "x": "191"}, {"y": "52", "x": "191"}, {"y": "46", "x": "195"}, {"y": "40", "x": "199"}, {"y": "34", "x": "202"}, {"y": "28", "x": "206"}, {"y": "22", "x": "210"}, {"y": "16", "x": "213"}, {"y": "11", "x": "217"}, {"y": "5", "x": "221"}, {"y": "5", "x": "221"}], [{"y": "79", "x": "2"}, {"y": "79", "x": "2"}, {"y": "73", "x": "16"}, {"y": "68", "x": "30"}, {"y": "62", "x": "43"}, {"y": "56", "x": "57"}, {"y": "50", "x": "71"}, {"y": "44", "x": "84"}, {"y": "44", "x": "84"}, {"y": "44", "x": "84"}, {"y": "36", "x": "101"}, {"y": "28", "x": "118"}, {"y": "20", "x": "135"}, {"y": "20", "x": "135"}, {"y": "20", "x": "135"}, {"y": "12", "x": "150"}, {"y": "4", "x": "165"}, {"y": "4", "x": "165"}], [{"y": "5", "x": "279"}, {"y": "12", "x": "285"}, {"y": "19", "x": "292"}, {"y": "25", "x": "298"}, {"y": "32", "x": "304"}, {"y": "38", "x": "310"}, {"y": "38", "x": "310"}, {"y": "38", "x": "310"}, {"y": "44", "x": "315"}, {"y": "50", "x": "319"}, {"y": "56", "x": "324"}, {"y": "62", "x": "329"}, {"y": "68", "x": "333"}, {"y": "74", "x": "338"}, {"y": "80", "x": "343"}, {"y": "85", "x": "348"}, {"y": "85", "x": "348"}, {"y": "91", "x": "352"}, {"y": "96", "x": "356"}, {"y": "102", "x": "360"}, {"y": "107", "x": "364"}, {"y": "113", "x": "368"}, {"y": "118", "x": "373"}, {"y": "124", "x": "377"}, {"y": "129", "x": "381"}, {"y": "134", "x": "385"}, {"y": "140", "x": "389"}, {"y": "145", "x": "393"}, {"y": "151", "x": "398"}, {"y": "156", "x": "402"}, {"y": "162", "x": "406"}, {"y": "167", "x": "410"}, {"y": "172", "x": "414"}, {"y": "172", "x": "414"}, {"y": "172", "x": "414"}, {"y": "178", "x": "418"}, {"y": "183", "x": "423"}, {"y": "189", "x": "427"}, {"y": "194", "x": "431"}, {"y": "200", "x": "435"}, {"y": "205", "x": "439"}, {"y": "211", "x": "443"}, {"y": "216", "x": "447"}, {"y": "222", "x": "452"}, {"y": "227", "x": "456"}, {"y": "233", "x": "460"}, {"y": "238", "x": "464"}, {"y": "244", "x": "468"}, {"y": "249", "x": "472"}, {"y": "255", "x": "477"}, {"y": "255", "x": "477"}]]}