{"Lines": [[{"y": "153", "x": "236"}, {"y": "153", "x": "236"}, {"y": "153", "x": "236"}, {"y": "158", "x": "236"}, {"y": "164", "x": "237"}, {"y": "169", "x": "237"}, {"y": "174", "x": "237"}, {"y": "147", "x": "237"}, {"y": "180", "x": "237"}, {"y": "185", "x": "237"}, {"y": "190", "x": "237"}, {"y": "196", "x": "237"}, {"y": "201", "x": "237"}, {"y": "142", "x": "237"}, {"y": "206", "x": "237"}, {"y": "212", "x": "237"}, {"y": "217", "x": "237"}, {"y": "222", "x": "237"}, {"y": "136", "x": "237"}, {"y": "228", "x": "237"}, {"y": "233", "x": "237"}, {"y": "238", "x": "237"}, {"y": "244", "x": "237"}, {"y": "249", "x": "237"}, {"y": "131", "x": "237"}, {"y": "255", "x": "237"}, {"y": "255", "x": "238"}, {"y": "126", "x": "238"}, {"y": "120", "x": "238"}, {"y": "115", "x": "238"}, {"y": "109", "x": "238"}, {"y": "104", "x": "239"}, {"y": "98", "x": "239"}, {"y": "93", "x": "239"}, {"y": "88", "x": "240"}, {"y": "82", "x": "240"}, {"y": "77", "x": "240"}, {"y": "77", "x": "240"}, {"y": "71", "x": "241"}, {"y": "65", "x": "242"}, {"y": "59", "x": "243"}, {"y": "53", "x": "244"}, {"y": "47", "x": "245"}, {"y": "41", "x": "246"}, {"y": "41", "x": "246"}, {"y": "41", "x": "246"}, {"y": "34", "x": "248"}, {"y": "27", "x": "250"}, {"y": "21", "x": "252"}, {"y": "14", "x": "254"}, {"y": "14", "x": "254"}], [{"y": "103", "x": "3"}, {"y": "103", "x": "3"}, {"y": "97", "x": "15"}, {"y": "91", "x": "26"}, {"y": "85", "x": "37"}, {"y": "78", "x": "49"}, {"y": "72", "x": "60"}, {"y": "66", "x": "71"}, {"y": "60", "x": "83"}, {"y": "54", "x": "94"}, {"y": "54", "x": "94"}, {"y": "48", "x": "107"}, {"y": "42", "x": "121"}, {"y": "36", "x": "134"}, {"y": "30", "x": "148"}, {"y": "24", "x": "161"}, {"y": "18", "x": "174"}, {"y": "5", "x": "207"}, {"y": "5", "x": "207"}], [{"y": "1", "x": "332"}, {"y": "14", "x": "336"}, {"y": "14", "x": "336"}, {"y": "21", "x": "345"}, {"y": "29", "x": "354"}, {"y": "29", "x": "354"}, {"y": "36", "x": "364"}, {"y": "43", "x": "375"}, {"y": "50", "x": "385"}, {"y": "56", "x": "396"}, {"y": "63", "x": "406"}, {"y": "63", "x": "406"}, {"y": "63", "x": "406"}, {"y": "69", "x": "416"}, {"y": "75", "x": "425"}, {"y": "80", "x": "435"}, {"y": "86", "x": "444"}, {"y": "92", "x": "454"}, {"y": "97", "x": "463"}, {"y": "103", "x": "473"}, {"y": "109", "x": "482"}, {"y": "114", "x": "492"}, {"y": "120", "x": "501"}, {"y": "126", "x": "511"}, {"y": "126", "x": "511"}]]}