{"Lines": [[{"y": "81", "x": "1"}, {"y": "81", "x": "1"}, {"y": "75", "x": "14"}, {"y": "69", "x": "26"}, {"y": "64", "x": "39"}, {"y": "58", "x": "51"}, {"y": "52", "x": "64"}, {"y": "46", "x": "76"}, {"y": "41", "x": "88"}, {"y": "41", "x": "88"}, {"y": "34", "x": "102"}, {"y": "28", "x": "116"}, {"y": "21", "x": "129"}, {"y": "15", "x": "143"}, {"y": "8", "x": "156"}, {"y": "2", "x": "170"}], [{"y": "0", "x": "299"}, {"y": "0", "x": "300"}, {"y": "6", "x": "306"}, {"y": "12", "x": "313"}, {"y": "18", "x": "319"}, {"y": "24", "x": "326"}, {"y": "29", "x": "333"}, {"y": "35", "x": "339"}, {"y": "41", "x": "346"}, {"y": "47", "x": "353"}, {"y": "47", "x": "353"}, {"y": "53", "x": "360"}, {"y": "58", "x": "366"}, {"y": "63", "x": "373"}, {"y": "69", "x": "380"}, {"y": "74", "x": "387"}, {"y": "80", "x": "393"}, {"y": "85", "x": "400"}, {"y": "90", "x": "407"}, {"y": "96", "x": "414"}, {"y": "101", "x": "420"}, {"y": "107", "x": "427"}, {"y": "112", "x": "434"}, {"y": "117", "x": "441"}, {"y": "123", "x": "448"}, {"y": "123", "x": "448"}, {"y": "123", "x": "448"}, {"y": "129", "x": "455"}, {"y": "134", "x": "462"}, {"y": "140", "x": "469"}, {"y": "146", "x": "476"}, {"y": "152", "x": "483"}, {"y": "158", "x": "490"}, {"y": "164", "x": "497"}, {"y": "170", "x": "504"}, {"y": "176", "x": "511"}, {"y": "176", "x": "511"}]]}