{"Lines": [[{"y": "69", "x": "1"}, {"y": "69", "x": "1"}, {"y": "63", "x": "15"}, {"y": "57", "x": "29"}, {"y": "51", "x": "43"}, {"y": "45", "x": "57"}, {"y": "39", "x": "71"}, {"y": "33", "x": "85"}, {"y": "27", "x": "99"}, {"y": "21", "x": "113"}, {"y": "21", "x": "113"}, {"y": "21", "x": "113"}, {"y": "7", "x": "147"}, {"y": "7", "x": "147"}], [{"y": "6", "x": "301"}, {"y": "6", "x": "301"}, {"y": "12", "x": "307"}, {"y": "18", "x": "313"}, {"y": "24", "x": "319"}, {"y": "29", "x": "325"}, {"y": "35", "x": "331"}, {"y": "41", "x": "336"}, {"y": "47", "x": "342"}, {"y": "52", "x": "348"}, {"y": "58", "x": "354"}, {"y": "64", "x": "360"}, {"y": "70", "x": "366"}, {"y": "75", "x": "371"}, {"y": "81", "x": "377"}, {"y": "81", "x": "377"}, {"y": "87", "x": "383"}, {"y": "92", "x": "389"}, {"y": "97", "x": "395"}, {"y": "102", "x": "401"}, {"y": "108", "x": "408"}, {"y": "113", "x": "414"}, {"y": "118", "x": "420"}, {"y": "123", "x": "426"}, {"y": "129", "x": "432"}, {"y": "134", "x": "438"}, {"y": "139", "x": "444"}, {"y": "144", "x": "450"}, {"y": "150", "x": "456"}, {"y": "155", "x": "462"}, {"y": "160", "x": "468"}, {"y": "165", "x": "474"}, {"y": "171", "x": "480"}, {"y": "176", "x": "486"}, {"y": "181", "x": "492"}, {"y": "186", "x": "498"}, {"y": "192", "x": "504"}, {"y": "197", "x": "510"}, {"y": "197", "x": "510"}]]}