{"Lines": [[{"y": "255", "x": "132"}, {"y": "248", "x": "134"}, {"y": "242", "x": "137"}, {"y": "236", "x": "140"}, {"y": "229", "x": "142"}, {"y": "223", "x": "145"}, {"y": "217", "x": "148"}, {"y": "217", "x": "148"}, {"y": "212", "x": "150"}, {"y": "206", "x": "153"}, {"y": "201", "x": "155"}, {"y": "196", "x": "158"}, {"y": "190", "x": "160"}, {"y": "185", "x": "163"}, {"y": "180", "x": "165"}, {"y": "174", "x": "168"}, {"y": "169", "x": "170"}, {"y": "164", "x": "173"}, {"y": "158", "x": "175"}, {"y": "153", "x": "178"}, {"y": "148", "x": "180"}, {"y": "142", "x": "183"}, {"y": "137", "x": "185"}, {"y": "132", "x": "188"}, {"y": "126", "x": "190"}, {"y": "121", "x": "193"}, {"y": "116", "x": "195"}, {"y": "110", "x": "198"}, {"y": "105", "x": "200"}, {"y": "100", "x": "203"}, {"y": "94", "x": "205"}, {"y": "89", "x": "208"}, {"y": "84", "x": "210"}, {"y": "84", "x": "210"}, {"y": "84", "x": "210"}, {"y": "78", "x": "213"}, {"y": "72", "x": "216"}, {"y": "66", "x": "218"}, {"y": "61", "x": "221"}, {"y": "55", "x": "223"}, {"y": "49", "x": "226"}, {"y": "44", "x": "229"}, {"y": "38", "x": "231"}, {"y": "32", "x": "234"}, {"y": "27", "x": "236"}, {"y": "21", "x": "239"}, {"y": "15", "x": "242"}, {"y": "15", "x": "242"}], [{"y": "86", "x": "2"}, {"y": "86", "x": "2"}, {"y": "81", "x": "14"}, {"y": "75", "x": "27"}, {"y": "70", "x": "39"}, {"y": "64", "x": "51"}, {"y": "59", "x": "64"}, {"y": "53", "x": "76"}, {"y": "48", "x": "89"}, {"y": "42", "x": "101"}, {"y": "36", "x": "114"}, {"y": "31", "x": "126"}, {"y": "31", "x": "126"}, {"y": "31", "x": "126"}, {"y": "25", "x": "139"}, {"y": "18", "x": "153"}, {"y": "12", "x": "166"}, {"y": "6", "x": "180"}, {"y": "0", "x": "193"}, {"y": "0", "x": "194"}], [{"y": "1", "x": "303"}, {"y": "6", "x": "311"}, {"y": "12", "x": "319"}, {"y": "18", "x": "327"}, {"y": "24", "x": "334"}, {"y": "30", "x": "342"}, {"y": "36", "x": "350"}, {"y": "41", "x": "358"}, {"y": "47", "x": "366"}, {"y": "53", "x": "374"}, {"y": "59", "x": "382"}, {"y": "59", "x": "382"}, {"y": "59", "x": "382"}, {"y": "64", "x": "389"}, {"y": "70", "x": "396"}, {"y": "75", "x": "403"}, {"y": "81", "x": "410"}, {"y": "86", "x": "417"}, {"y": "91", "x": "424"}, {"y": "97", "x": "431"}, {"y": "102", "x": "439"}, {"y": "108", "x": "446"}, {"y": "113", "x": "453"}, {"y": "119", "x": "460"}, {"y": "124", "x": "467"}, {"y": "129", "x": "474"}, {"y": "135", "x": "481"}, {"y": "140", "x": "489"}, {"y": "146", "x": "496"}, {"y": "151", "x": "503"}, {"y": "156", "x": "510"}, {"y": "156", "x": "510"}]]}