{"Lines": [[{"y": "71", "x": "3"}, {"y": "71", "x": "3"}, {"y": "65", "x": "21"}, {"y": "59", "x": "39"}, {"y": "52", "x": "56"}, {"y": "46", "x": "74"}, {"y": "40", "x": "92"}, {"y": "40", "x": "92"}, {"y": "40", "x": "92"}, {"y": "34", "x": "108"}, {"y": "28", "x": "124"}, {"y": "22", "x": "140"}, {"y": "16", "x": "156"}, {"y": "10", "x": "172"}, {"y": "4", "x": "188"}, {"y": "4", "x": "188"}], [{"y": "255", "x": "14"}, {"y": "255", "x": "15"}, {"y": "249", "x": "20"}, {"y": "244", "x": "25"}, {"y": "238", "x": "30"}, {"y": "233", "x": "35"}, {"y": "227", "x": "40"}, {"y": "222", "x": "45"}, {"y": "216", "x": "50"}, {"y": "211", "x": "55"}, {"y": "205", "x": "60"}, {"y": "200", "x": "65"}, {"y": "194", "x": "70"}, {"y": "189", "x": "75"}, {"y": "183", "x": "80"}, {"y": "178", "x": "85"}, {"y": "172", "x": "90"}, {"y": "167", "x": "95"}, {"y": "162", "x": "100"}, {"y": "156", "x": "105"}, {"y": "156", "x": "105"}, {"y": "150", "x": "110"}, {"y": "145", "x": "116"}, {"y": "139", "x": "121"}, {"y": "134", "x": "127"}, {"y": "128", "x": "132"}, {"y": "122", "x": "138"}, {"y": "117", "x": "143"}, {"y": "111", "x": "149"}, {"y": "105", "x": "154"}, {"y": "100", "x": "160"}, {"y": "94", "x": "165"}, {"y": "88", "x": "171"}, {"y": "88", "x": "171"}, {"y": "81", "x": "177"}, {"y": "74", "x": "183"}, {"y": "67", "x": "190"}, {"y": "60", "x": "196"}, {"y": "60", "x": "196"}, {"y": "53", "x": "203"}, {"y": "46", "x": "210"}, {"y": "39", "x": "217"}, {"y": "32", "x": "224"}, {"y": "32", "x": "224"}, {"y": "24", "x": "231"}, {"y": "15", "x": "238"}, {"y": "7", "x": "245"}, {"y": "7", "x": "245"}], [{"y": "2", "x": "307"}, {"y": "2", "x": "307"}, {"y": "13", "x": "321"}, {"y": "13", "x": "321"}, {"y": "19", "x": "326"}, {"y": "26", "x": "331"}, {"y": "32", "x": "336"}, {"y": "39", "x": "341"}, {"y": "45", "x": "346"}, {"y": "51", "x": "351"}, {"y": "58", "x": "356"}, {"y": "58", "x": "356"}, {"y": "63", "x": "360"}, {"y": "69", "x": "365"}, {"y": "74", "x": "369"}, {"y": "79", "x": "374"}, {"y": "85", "x": "378"}, {"y": "90", "x": "382"}, {"y": "96", "x": "387"}, {"y": "101", "x": "391"}, {"y": "106", "x": "396"}, {"y": "112", "x": "400"}, {"y": "117", "x": "404"}, {"y": "123", "x": "409"}, {"y": "128", "x": "413"}, {"y": "134", "x": "417"}, {"y": "139", "x": "422"}, {"y": "144", "x": "426"}, {"y": "150", "x": "431"}, {"y": "155", "x": "435"}, {"y": "161", "x": "439"}, {"y": "166", "x": "444"}, {"y": "171", "x": "448"}, {"y": "171", "x": "448"}, {"y": "171", "x": "448"}, {"y": "177", "x": "452"}, {"y": "182", "x": "457"}, {"y": "187", "x": "461"}, {"y": "193", "x": "465"}, {"y": "198", "x": "469"}, {"y": "203", "x": "473"}, {"y": "209", "x": "477"}, {"y": "214", "x": "481"}, {"y": "219", "x": "486"}, {"y": "225", "x": "490"}, {"y": "230", "x": "494"}, {"y": "235", "x": "498"}, {"y": "241", "x": "502"}, {"y": "246", "x": "506"}, {"y": "252", "x": "511"}]]}