{"Lines": [[{"y": "211", "x": "2"}, {"y": "211", "x": "2"}, {"y": "205", "x": "9"}, {"y": "199", "x": "15"}, {"y": "193", "x": "21"}, {"y": "188", "x": "27"}, {"y": "182", "x": "33"}, {"y": "176", "x": "39"}, {"y": "170", "x": "45"}, {"y": "165", "x": "52"}, {"y": "159", "x": "58"}, {"y": "153", "x": "64"}, {"y": "147", "x": "70"}, {"y": "142", "x": "76"}, {"y": "136", "x": "82"}, {"y": "136", "x": "82"}, {"y": "136", "x": "82"}, {"y": "130", "x": "88"}, {"y": "125", "x": "93"}, {"y": "119", "x": "99"}, {"y": "114", "x": "104"}, {"y": "108", "x": "110"}, {"y": "103", "x": "115"}, {"y": "98", "x": "120"}, {"y": "92", "x": "126"}, {"y": "87", "x": "131"}, {"y": "81", "x": "137"}, {"y": "76", "x": "142"}, {"y": "76", "x": "142"}, {"y": "69", "x": "150"}, {"y": "61", "x": "158"}, {"y": "54", "x": "165"}, {"y": "47", "x": "173"}, {"y": "47", "x": "173"}, {"y": "40", "x": "180"}, {"y": "33", "x": "187"}, {"y": "26", "x": "194"}, {"y": "19", "x": "201"}, {"y": "19", "x": "201"}], [{"y": "11", "x": "285"}, {"y": "11", "x": "285"}, {"y": "17", "x": "289"}, {"y": "22", "x": "292"}, {"y": "27", "x": "296"}, {"y": "33", "x": "300"}, {"y": "38", "x": "303"}, {"y": "43", "x": "307"}, {"y": "49", "x": "311"}, {"y": "54", "x": "315"}, {"y": "59", "x": "318"}, {"y": "65", "x": "322"}, {"y": "70", "x": "326"}, {"y": "75", "x": "330"}, {"y": "81", "x": "333"}, {"y": "86", "x": "337"}, {"y": "91", "x": "341"}, {"y": "97", "x": "345"}, {"y": "97", "x": "345"}, {"y": "102", "x": "348"}, {"y": "107", "x": "352"}, {"y": "112", "x": "356"}, {"y": "118", "x": "360"}, {"y": "123", "x": "363"}, {"y": "128", "x": "367"}, {"y": "133", "x": "371"}, {"y": "139", "x": "375"}, {"y": "144", "x": "378"}, {"y": "149", "x": "382"}, {"y": "154", "x": "386"}, {"y": "160", "x": "390"}, {"y": "165", "x": "394"}, {"y": "170", "x": "397"}, {"y": "176", "x": "401"}, {"y": "181", "x": "405"}, {"y": "186", "x": "409"}, {"y": "191", "x": "412"}, {"y": "197", "x": "416"}, {"y": "202", "x": "420"}, {"y": "207", "x": "424"}, {"y": "212", "x": "427"}, {"y": "218", "x": "431"}, {"y": "223", "x": "435"}, {"y": "228", "x": "439"}, {"y": "233", "x": "442"}, {"y": "239", "x": "446"}, {"y": "244", "x": "450"}, {"y": "249", "x": "454"}, {"y": "255", "x": "458"}], [{"y": "59", "x": "1"}, {"y": "59", "x": "1"}, {"y": "51", "x": "23"}, {"y": "43", "x": "45"}, {"y": "36", "x": "66"}, {"y": "36", "x": "66"}, {"y": "36", "x": "66"}, {"y": "29", "x": "86"}, {"y": "23", "x": "105"}, {"y": "16", "x": "124"}, {"y": "9", "x": "143"}, {"y": "9", "x": "143"}]]}