{"Lines": [[{"y": "57", "x": "3"}, {"y": "57", "x": "3"}, {"y": "50", "x": "22"}, {"y": "42", "x": "40"}, {"y": "35", "x": "58"}, {"y": "28", "x": "77"}, {"y": "28", "x": "77"}, {"y": "28", "x": "77"}, {"y": "21", "x": "90"}, {"y": "14", "x": "104"}, {"y": "8", "x": "117"}, {"y": "1", "x": "131"}, {"y": "1", "x": "131"}], [{"y": "255", "x": "11"}, {"y": "255", "x": "12"}, {"y": "249", "x": "16"}, {"y": "243", "x": "20"}, {"y": "237", "x": "25"}, {"y": "231", "x": "29"}, {"y": "225", "x": "33"}, {"y": "219", "x": "38"}, {"y": "213", "x": "42"}, {"y": "207", "x": "46"}, {"y": "201", "x": "51"}, {"y": "195", "x": "55"}, {"y": "195", "x": "55"}, {"y": "195", "x": "55"}, {"y": "189", "x": "59"}, {"y": "184", "x": "64"}, {"y": "179", "x": "68"}, {"y": "173", "x": "72"}, {"y": "168", "x": "76"}, {"y": "162", "x": "81"}, {"y": "157", "x": "85"}, {"y": "151", "x": "89"}, {"y": "146", "x": "93"}, {"y": "140", "x": "98"}, {"y": "135", "x": "102"}, {"y": "129", "x": "106"}, {"y": "124", "x": "110"}, {"y": "118", "x": "115"}, {"y": "113", "x": "119"}, {"y": "113", "x": "119"}, {"y": "113", "x": "119"}, {"y": "107", "x": "123"}, {"y": "101", "x": "127"}, {"y": "95", "x": "132"}, {"y": "90", "x": "136"}, {"y": "84", "x": "140"}, {"y": "78", "x": "144"}, {"y": "72", "x": "149"}, {"y": "67", "x": "153"}, {"y": "61", "x": "157"}, {"y": "55", "x": "162"}, {"y": "50", "x": "166"}, {"y": "50", "x": "166"}], [{"y": "25", "x": "283"}, {"y": "25", "x": "283"}, {"y": "25", "x": "283"}, {"y": "19", "x": "287"}, {"y": "37", "x": "292"}, {"y": "37", "x": "292"}, {"y": "43", "x": "298"}, {"y": "49", "x": "304"}, {"y": "54", "x": "310"}, {"y": "60", "x": "316"}, {"y": "66", "x": "322"}, {"y": "72", "x": "328"}, {"y": "77", "x": "334"}, {"y": "83", "x": "340"}, {"y": "89", "x": "346"}, {"y": "94", "x": "352"}, {"y": "100", "x": "358"}, {"y": "100", "x": "358"}, {"y": "105", "x": "364"}, {"y": "110", "x": "369"}, {"y": "116", "x": "374"}, {"y": "121", "x": "379"}, {"y": "126", "x": "385"}, {"y": "132", "x": "390"}, {"y": "137", "x": "395"}, {"y": "142", "x": "400"}, {"y": "148", "x": "406"}, {"y": "153", "x": "411"}, {"y": "158", "x": "416"}, {"y": "163", "x": "421"}, {"y": "169", "x": "427"}, {"y": "174", "x": "432"}, {"y": "179", "x": "437"}, {"y": "185", "x": "442"}, {"y": "190", "x": "448"}, {"y": "195", "x": "453"}, {"y": "201", "x": "458"}, {"y": "206", "x": "463"}, {"y": "211", "x": "469"}, {"y": "216", "x": "474"}, {"y": "222", "x": "479"}, {"y": "227", "x": "484"}, {"y": "232", "x": "490"}, {"y": "238", "x": "495"}, {"y": "243", "x": "500"}, {"y": "248", "x": "505"}, {"y": "254", "x": "510"}, {"y": "254", "x": "511"}]]}