{"Lines": [[{"y": "2", "x": "283"}, {"y": "2", "x": "283"}, {"y": "8", "x": "288"}, {"y": "14", "x": "293"}, {"y": "19", "x": "298"}, {"y": "25", "x": "304"}, {"y": "31", "x": "309"}, {"y": "36", "x": "314"}, {"y": "42", "x": "319"}, {"y": "48", "x": "324"}, {"y": "48", "x": "324"}, {"y": "48", "x": "324"}, {"y": "53", "x": "330"}, {"y": "58", "x": "336"}, {"y": "63", "x": "341"}, {"y": "68", "x": "347"}, {"y": "74", "x": "353"}, {"y": "79", "x": "359"}, {"y": "84", "x": "365"}, {"y": "89", "x": "371"}, {"y": "94", "x": "376"}, {"y": "99", "x": "382"}, {"y": "105", "x": "388"}, {"y": "110", "x": "394"}, {"y": "115", "x": "400"}, {"y": "120", "x": "406"}, {"y": "125", "x": "411"}, {"y": "131", "x": "417"}, {"y": "136", "x": "423"}, {"y": "141", "x": "429"}, {"y": "146", "x": "435"}, {"y": "151", "x": "441"}, {"y": "156", "x": "446"}, {"y": "162", "x": "452"}, {"y": "167", "x": "458"}, {"y": "172", "x": "464"}, {"y": "177", "x": "470"}, {"y": "182", "x": "476"}, {"y": "188", "x": "481"}, {"y": "193", "x": "487"}, {"y": "198", "x": "493"}, {"y": "203", "x": "499"}, {"y": "208", "x": "505"}, {"y": "214", "x": "510"}, {"y": "214", "x": "511"}], [{"y": "67", "x": "2"}, {"y": "67", "x": "2"}, {"y": "60", "x": "19"}, {"y": "54", "x": "36"}, {"y": "47", "x": "52"}, {"y": "41", "x": "69"}, {"y": "34", "x": "85"}, {"y": "34", "x": "85"}, {"y": "34", "x": "85"}, {"y": "28", "x": "101"}, {"y": "22", "x": "117"}, {"y": "15", "x": "133"}, {"y": "9", "x": "149"}, {"y": "2", "x": "165"}]]}