{"Lines": [[{"y": "86", "x": "0"}, {"y": "86", "x": "0"}, {"y": "83", "x": "6"}, {"y": "79", "x": "12"}, {"y": "76", "x": "19"}, {"y": "72", "x": "25"}, {"y": "69", "x": "31"}, {"y": "65", "x": "37"}, {"y": "62", "x": "43"}, {"y": "58", "x": "49"}, {"y": "54", "x": "56"}, {"y": "51", "x": "62"}, {"y": "47", "x": "68"}, {"y": "47", "x": "68"}, {"y": "44", "x": "75"}, {"y": "40", "x": "83"}, {"y": "36", "x": "90"}, {"y": "32", "x": "98"}, {"y": "28", "x": "105"}, {"y": "25", "x": "112"}, {"y": "21", "x": "120"}, {"y": "21", "x": "120"}], [{"y": "23", "x": "219"}, {"y": "23", "x": "219"}, {"y": "26", "x": "226"}, {"y": "30", "x": "232"}, {"y": "34", "x": "238"}, {"y": "37", "x": "245"}, {"y": "41", "x": "251"}, {"y": "44", "x": "257"}, {"y": "44", "x": "257"}, {"y": "44", "x": "257"}, {"y": "48", "x": "263"}, {"y": "51", "x": "268"}, {"y": "54", "x": "274"}, {"y": "58", "x": "280"}, {"y": "61", "x": "285"}, {"y": "64", "x": "291"}, {"y": "68", "x": "296"}, {"y": "71", "x": "302"}, {"y": "75", "x": "307"}, {"y": "78", "x": "313"}, {"y": "81", "x": "318"}, {"y": "81", "x": "318"}]]}