{"Lines": [[{"y": "93", "x": "0"}, {"y": "93", "x": "0"}, {"y": "90", "x": "4"}, {"y": "87", "x": "9"}, {"y": "83", "x": "13"}, {"y": "80", "x": "18"}, {"y": "77", "x": "22"}, {"y": "74", "x": "27"}, {"y": "71", "x": "31"}, {"y": "68", "x": "36"}, {"y": "64", "x": "40"}, {"y": "61", "x": "45"}, {"y": "58", "x": "49"}, {"y": "55", "x": "54"}, {"y": "52", "x": "58"}, {"y": "48", "x": "63"}, {"y": "45", "x": "67"}, {"y": "42", "x": "72"}, {"y": "39", "x": "76"}, {"y": "36", "x": "81"}, {"y": "33", "x": "85"}, {"y": "29", "x": "90"}, {"y": "26", "x": "94"}, {"y": "26", "x": "94"}, {"y": "26", "x": "94"}, {"y": "23", "x": "100"}, {"y": "19", "x": "106"}, {"y": "15", "x": "113"}, {"y": "12", "x": "119"}, {"y": "8", "x": "125"}, {"y": "4", "x": "131"}, {"y": "1", "x": "137"}], [{"y": "0", "x": "202"}, {"y": "0", "x": "202"}, {"y": "4", "x": "207"}, {"y": "7", "x": "213"}, {"y": "11", "x": "219"}, {"y": "14", "x": "224"}, {"y": "18", "x": "230"}, {"y": "22", "x": "236"}, {"y": "25", "x": "242"}, {"y": "29", "x": "247"}, {"y": "33", "x": "253"}, {"y": "33", "x": "253"}, {"y": "33", "x": "253"}, {"y": "36", "x": "259"}, {"y": "40", "x": "265"}, {"y": "43", "x": "271"}, {"y": "46", "x": "277"}, {"y": "50", "x": "283"}, {"y": "53", "x": "289"}, {"y": "57", "x": "295"}, {"y": "60", "x": "301"}, {"y": "64", "x": "307"}, {"y": "67", "x": "313"}, {"y": "71", "x": "319"}, {"y": "71", "x": "319"}]]}