{"Lines": [[{"y": "59", "x": "1"}, {"y": "59", "x": "1"}, {"y": "55", "x": "3"}, {"y": "51", "x": "5"}, {"y": "47", "x": "7"}, {"y": "43", "x": "9"}, {"y": "39", "x": "11"}, {"y": "36", "x": "13"}, {"y": "36", "x": "13"}, {"y": "36", "x": "13"}, {"y": "32", "x": "15"}, {"y": "29", "x": "17"}, {"y": "25", "x": "19"}, {"y": "22", "x": "22"}, {"y": "18", "x": "24"}, {"y": "15", "x": "26"}, {"y": "11", "x": "28"}, {"y": "8", "x": "30"}, {"y": "4", "x": "32"}, {"y": "1", "x": "34"}, {"y": "1", "x": "34"}]]}