{"Lines": [[{"y": "87", "x": "0"}, {"y": "87", "x": "0"}, {"y": "84", "x": "5"}, {"y": "80", "x": "10"}, {"y": "77", "x": "14"}, {"y": "74", "x": "19"}, {"y": "71", "x": "24"}, {"y": "68", "x": "28"}, {"y": "65", "x": "33"}, {"y": "61", "x": "38"}, {"y": "58", "x": "42"}, {"y": "55", "x": "47"}, {"y": "52", "x": "52"}, {"y": "49", "x": "56"}, {"y": "45", "x": "61"}, {"y": "42", "x": "66"}, {"y": "39", "x": "70"}, {"y": "36", "x": "75"}, {"y": "33", "x": "80"}, {"y": "29", "x": "84"}, {"y": "29", "x": "84"}, {"y": "26", "x": "91"}, {"y": "22", "x": "97"}, {"y": "18", "x": "104"}, {"y": "14", "x": "110"}, {"y": "11", "x": "117"}, {"y": "7", "x": "123"}, {"y": "3", "x": "130"}, {"y": "0", "x": "136"}, {"y": "0", "x": "137"}], [{"y": "2", "x": "202"}, {"y": "2", "x": "202"}, {"y": "6", "x": "207"}, {"y": "10", "x": "213"}, {"y": "14", "x": "218"}, {"y": "18", "x": "224"}, {"y": "21", "x": "229"}, {"y": "24", "x": "235"}, {"y": "28", "x": "240"}, {"y": "31", "x": "245"}, {"y": "34", "x": "251"}, {"y": "38", "x": "256"}, {"y": "41", "x": "262"}, {"y": "44", "x": "267"}, {"y": "48", "x": "273"}, {"y": "51", "x": "278"}, {"y": "51", "x": "278"}, {"y": "55", "x": "284"}, {"y": "58", "x": "290"}, {"y": "62", "x": "295"}, {"y": "65", "x": "301"}, {"y": "69", "x": "307"}, {"y": "72", "x": "313"}, {"y": "76", "x": "319"}]]}