{"Lines": [[{"y": "76", "x": "0"}, {"y": "76", "x": "0"}, {"y": "73", "x": "4"}, {"y": "70", "x": "9"}, {"y": "67", "x": "13"}, {"y": "64", "x": "18"}, {"y": "60", "x": "22"}, {"y": "57", "x": "26"}, {"y": "54", "x": "31"}, {"y": "51", "x": "35"}, {"y": "48", "x": "40"}, {"y": "45", "x": "44"}, {"y": "41", "x": "49"}, {"y": "38", "x": "53"}, {"y": "35", "x": "58"}, {"y": "32", "x": "62"}, {"y": "29", "x": "67"}, {"y": "25", "x": "71"}, {"y": "25", "x": "71"}, {"y": "25", "x": "71"}, {"y": "22", "x": "76"}, {"y": "18", "x": "80"}, {"y": "14", "x": "85"}, {"y": "11", "x": "89"}, {"y": "7", "x": "94"}, {"y": "3", "x": "98"}, {"y": "0", "x": "103"}, {"y": "0", "x": "103"}], [{"y": "1", "x": "195"}, {"y": "1", "x": "195"}, {"y": "4", "x": "201"}, {"y": "7", "x": "206"}, {"y": "11", "x": "211"}, {"y": "14", "x": "216"}, {"y": "18", "x": "221"}, {"y": "21", "x": "227"}, {"y": "24", "x": "232"}, {"y": "28", "x": "237"}, {"y": "31", "x": "242"}, {"y": "35", "x": "248"}, {"y": "38", "x": "253"}, {"y": "42", "x": "258"}, {"y": "45", "x": "263"}, {"y": "45", "x": "263"}, {"y": "48", "x": "269"}, {"y": "52", "x": "274"}, {"y": "55", "x": "280"}, {"y": "59", "x": "285"}, {"y": "62", "x": "291"}, {"y": "66", "x": "296"}, {"y": "69", "x": "302"}, {"y": "73", "x": "307"}, {"y": "76", "x": "313"}, {"y": "80", "x": "319"}, {"y": "80", "x": "319"}]]}