{"Lines": [[{"y": "156", "x": "1"}, {"y": "156", "x": "1"}, {"y": "152", "x": "4"}, {"y": "149", "x": "7"}, {"y": "146", "x": "10"}, {"y": "143", "x": "13"}, {"y": "140", "x": "16"}, {"y": "137", "x": "19"}, {"y": "134", "x": "22"}, {"y": "131", "x": "24"}, {"y": "127", "x": "27"}, {"y": "124", "x": "30"}, {"y": "121", "x": "33"}, {"y": "118", "x": "36"}, {"y": "115", "x": "39"}, {"y": "112", "x": "42"}, {"y": "109", "x": "45"}, {"y": "105", "x": "48"}, {"y": "102", "x": "51"}, {"y": "99", "x": "54"}, {"y": "96", "x": "57"}, {"y": "93", "x": "59"}, {"y": "90", "x": "62"}, {"y": "87", "x": "65"}, {"y": "83", "x": "68"}, {"y": "80", "x": "71"}, {"y": "77", "x": "74"}, {"y": "74", "x": "77"}, {"y": "71", "x": "80"}, {"y": "68", "x": "83"}, {"y": "65", "x": "86"}, {"y": "62", "x": "89"}, {"y": "58", "x": "92"}, {"y": "55", "x": "94"}, {"y": "52", "x": "97"}, {"y": "49", "x": "100"}, {"y": "46", "x": "103"}, {"y": "43", "x": "106"}, {"y": "40", "x": "109"}, {"y": "36", "x": "112"}, {"y": "36", "x": "112"}, {"y": "33", "x": "116"}, {"y": "29", "x": "119"}, {"y": "26", "x": "123"}, {"y": "22", "x": "127"}, {"y": "19", "x": "130"}, {"y": "15", "x": "134"}, {"y": "12", "x": "138"}, {"y": "8", "x": "141"}, {"y": "5", "x": "145"}, {"y": "5", "x": "145"}], [{"y": "8", "x": "224"}, {"y": "8", "x": "224"}, {"y": "12", "x": "230"}, {"y": "15", "x": "236"}, {"y": "18", "x": "241"}, {"y": "22", "x": "247"}, {"y": "25", "x": "253"}, {"y": "28", "x": "259"}, {"y": "32", "x": "265"}, {"y": "35", "x": "271"}, {"y": "38", "x": "276"}, {"y": "42", "x": "282"}, {"y": "42", "x": "282"}, {"y": "46", "x": "289"}, {"y": "50", "x": "297"}, {"y": "54", "x": "304"}, {"y": "58", "x": "311"}, {"y": "62", "x": "318"}, {"y": "62", "x": "319"}]]}