{"Lines": [[{"y": "47", "x": "0"}, {"y": "47", "x": "0"}, {"y": "44", "x": "7"}, {"y": "41", "x": "14"}, {"y": "37", "x": "21"}, {"y": "34", "x": "28"}, {"y": "30", "x": "35"}, {"y": "27", "x": "43"}, {"y": "24", "x": "50"}, {"y": "20", "x": "57"}, {"y": "20", "x": "57"}, {"y": "20", "x": "57"}, {"y": "16", "x": "65"}, {"y": "12", "x": "73"}, {"y": "8", "x": "81"}, {"y": "4", "x": "89"}, {"y": "0", "x": "98"}, {"y": "0", "x": "98"}], [{"y": "2", "x": "167"}, {"y": "2", "x": "167"}, {"y": "5", "x": "171"}, {"y": "9", "x": "175"}, {"y": "12", "x": "179"}, {"y": "15", "x": "183"}, {"y": "19", "x": "187"}, {"y": "22", "x": "191"}, {"y": "26", "x": "195"}, {"y": "29", "x": "199"}, {"y": "32", "x": "203"}, {"y": "36", "x": "207"}, {"y": "39", "x": "211"}, {"y": "43", "x": "215"}, {"y": "43", "x": "215"}, {"y": "43", "x": "215"}, {"y": "46", "x": "219"}, {"y": "49", "x": "223"}, {"y": "52", "x": "226"}, {"y": "55", "x": "230"}, {"y": "59", "x": "233"}, {"y": "62", "x": "237"}, {"y": "65", "x": "240"}, {"y": "68", "x": "244"}, {"y": "71", "x": "247"}, {"y": "75", "x": "251"}, {"y": "78", "x": "255"}, {"y": "81", "x": "258"}, {"y": "84", "x": "262"}, {"y": "87", "x": "265"}, {"y": "91", "x": "269"}, {"y": "94", "x": "272"}, {"y": "97", "x": "276"}, {"y": "100", "x": "279"}, {"y": "103", "x": "283"}, {"y": "107", "x": "287"}, {"y": "110", "x": "290"}, {"y": "113", "x": "294"}, {"y": "116", "x": "297"}, {"y": "119", "x": "301"}, {"y": "123", "x": "304"}, {"y": "126", "x": "308"}, {"y": "129", "x": "311"}, {"y": "132", "x": "315"}, {"y": "136", "x": "319"}, {"y": "136", "x": "319"}]]}