{"Lines": [[{"y": "55", "x": "1"}, {"y": "55", "x": "1"}, {"y": "51", "x": "9"}, {"y": "47", "x": "17"}, {"y": "43", "x": "25"}, {"y": "39", "x": "33"}, {"y": "39", "x": "33"}, {"y": "39", "x": "33"}, {"y": "35", "x": "39"}, {"y": "31", "x": "46"}, {"y": "27", "x": "52"}, {"y": "23", "x": "59"}, {"y": "20", "x": "65"}, {"y": "20", "x": "65"}], [{"y": "21", "x": "206"}, {"y": "21", "x": "206"}, {"y": "25", "x": "210"}, {"y": "28", "x": "214"}, {"y": "32", "x": "219"}, {"y": "35", "x": "223"}, {"y": "39", "x": "227"}, {"y": "42", "x": "231"}, {"y": "46", "x": "236"}, {"y": "49", "x": "240"}, {"y": "53", "x": "244"}, {"y": "56", "x": "248"}, {"y": "60", "x": "252"}, {"y": "60", "x": "252"}, {"y": "60", "x": "252"}, {"y": "63", "x": "256"}, {"y": "66", "x": "260"}, {"y": "69", "x": "264"}, {"y": "73", "x": "268"}, {"y": "76", "x": "272"}, {"y": "79", "x": "275"}, {"y": "82", "x": "279"}, {"y": "85", "x": "283"}, {"y": "89", "x": "287"}, {"y": "92", "x": "291"}, {"y": "95", "x": "294"}, {"y": "98", "x": "298"}, {"y": "101", "x": "302"}, {"y": "104", "x": "306"}, {"y": "108", "x": "310"}, {"y": "111", "x": "314"}, {"y": "114", "x": "317"}, {"y": "114", "x": "317"}]]}