{"Lines": [[{"y": "72", "x": "0"}, {"y": "72", "x": "0"}, {"y": "69", "x": "7"}, {"y": "65", "x": "13"}, {"y": "62", "x": "19"}, {"y": "58", "x": "25"}, {"y": "55", "x": "31"}, {"y": "51", "x": "38"}, {"y": "48", "x": "44"}, {"y": "45", "x": "50"}, {"y": "41", "x": "56"}, {"y": "38", "x": "63"}, {"y": "34", "x": "69"}, {"y": "31", "x": "75"}, {"y": "28", "x": "81"}, {"y": "28", "x": "81"}, {"y": "28", "x": "81"}, {"y": "24", "x": "87"}, {"y": "21", "x": "94"}, {"y": "17", "x": "100"}, {"y": "14", "x": "106"}, {"y": "10", "x": "112"}, {"y": "7", "x": "118"}, {"y": "3", "x": "124"}, {"y": "0", "x": "131"}, {"y": "0", "x": "131"}], [{"y": "1", "x": "198"}, {"y": "1", "x": "198"}, {"y": "4", "x": "203"}, {"y": "8", "x": "208"}, {"y": "12", "x": "213"}, {"y": "15", "x": "217"}, {"y": "19", "x": "222"}, {"y": "22", "x": "227"}, {"y": "26", "x": "232"}, {"y": "29", "x": "237"}, {"y": "33", "x": "242"}, {"y": "36", "x": "247"}, {"y": "36", "x": "247"}, {"y": "36", "x": "247"}, {"y": "40", "x": "251"}, {"y": "43", "x": "255"}, {"y": "46", "x": "259"}, {"y": "50", "x": "264"}, {"y": "53", "x": "268"}, {"y": "56", "x": "272"}, {"y": "59", "x": "276"}, {"y": "63", "x": "281"}, {"y": "66", "x": "285"}, {"y": "69", "x": "289"}, {"y": "73", "x": "293"}, {"y": "76", "x": "297"}, {"y": "79", "x": "302"}, {"y": "82", "x": "306"}, {"y": "86", "x": "310"}, {"y": "89", "x": "314"}, {"y": "92", "x": "318"}, {"y": "92", "x": "318"}]]}