{"Lines": [[{"y": "57", "x": "2"}, {"y": "57", "x": "2"}, {"y": "53", "x": "10"}, {"y": "50", "x": "18"}, {"y": "47", "x": "26"}, {"y": "43", "x": "33"}, {"y": "40", "x": "41"}, {"y": "37", "x": "49"}, {"y": "33", "x": "57"}, {"y": "30", "x": "64"}, {"y": "27", "x": "72"}, {"y": "23", "x": "80"}, {"y": "20", "x": "88"}, {"y": "20", "x": "88"}, {"y": "20", "x": "88"}, {"y": "16", "x": "98"}, {"y": "12", "x": "108"}, {"y": "8", "x": "118"}, {"y": "4", "x": "128"}, {"y": "0", "x": "138"}], [{"y": "1", "x": "198"}, {"y": "1", "x": "198"}, {"y": "6", "x": "199"}, {"y": "11", "x": "199"}, {"y": "11", "x": "199"}, {"y": "11", "x": "199"}, {"y": "17", "x": "200"}, {"y": "23", "x": "202"}, {"y": "23", "x": "202"}, {"y": "23", "x": "202"}, {"y": "27", "x": "204"}, {"y": "30", "x": "206"}, {"y": "34", "x": "208"}, {"y": "38", "x": "210"}, {"y": "38", "x": "210"}, {"y": "42", "x": "212"}, {"y": "45", "x": "213"}, {"y": "48", "x": "215"}, {"y": "52", "x": "217"}, {"y": "55", "x": "219"}, {"y": "59", "x": "221"}, {"y": "62", "x": "223"}, {"y": "65", "x": "224"}, {"y": "69", "x": "226"}, {"y": "72", "x": "228"}, {"y": "75", "x": "230"}, {"y": "79", "x": "232"}, {"y": "82", "x": "234"}, {"y": "85", "x": "235"}, {"y": "89", "x": "237"}, {"y": "89", "x": "237"}, {"y": "89", "x": "237"}, {"y": "92", "x": "239"}, {"y": "95", "x": "241"}, {"y": "98", "x": "243"}, {"y": "101", "x": "245"}, {"y": "105", "x": "247"}, {"y": "108", "x": "249"}, {"y": "111", "x": "251"}, {"y": "114", "x": "253"}, {"y": "118", "x": "255"}, {"y": "121", "x": "257"}, {"y": "124", "x": "259"}, {"y": "127", "x": "261"}, {"y": "130", "x": "263"}, {"y": "134", "x": "265"}, {"y": "137", "x": "267"}, {"y": "140", "x": "269"}, {"y": "143", "x": "271"}, {"y": "146", "x": "273"}, {"y": "150", "x": "275"}, {"y": "153", "x": "277"}, {"y": "156", "x": "279"}, {"y": "159", "x": "281"}, {"y": "162", "x": "283"}, {"y": "166", "x": "285"}, {"y": "169", "x": "287"}, {"y": "172", "x": "289"}, {"y": "175", "x": "291"}, {"y": "179", "x": "293"}, {"y": "179", "x": "293"}]]}