{"Lines": [[{"y": "69", "x": "0"}, {"y": "69", "x": "0"}, {"y": "66", "x": "6"}, {"y": "63", "x": "11"}, {"y": "59", "x": "17"}, {"y": "56", "x": "23"}, {"y": "52", "x": "28"}, {"y": "49", "x": "34"}, {"y": "45", "x": "39"}, {"y": "42", "x": "45"}, {"y": "39", "x": "51"}, {"y": "35", "x": "56"}, {"y": "32", "x": "62"}, {"y": "28", "x": "68"}, {"y": "25", "x": "73"}, {"y": "25", "x": "73"}, {"y": "21", "x": "79"}, {"y": "18", "x": "84"}, {"y": "14", "x": "89"}, {"y": "10", "x": "95"}, {"y": "7", "x": "100"}, {"y": "3", "x": "105"}, {"y": "0", "x": "110"}, {"y": "0", "x": "111"}], [{"y": "0", "x": "198"}, {"y": "0", "x": "198"}, {"y": "4", "x": "203"}, {"y": "7", "x": "207"}, {"y": "11", "x": "212"}, {"y": "14", "x": "216"}, {"y": "18", "x": "221"}, {"y": "21", "x": "225"}, {"y": "25", "x": "230"}, {"y": "28", "x": "234"}, {"y": "32", "x": "239"}, {"y": "35", "x": "243"}, {"y": "38", "x": "248"}, {"y": "42", "x": "253"}, {"y": "45", "x": "257"}, {"y": "48", "x": "262"}, {"y": "52", "x": "267"}, {"y": "55", "x": "271"}, {"y": "58", "x": "276"}, {"y": "62", "x": "280"}, {"y": "65", "x": "285"}, {"y": "68", "x": "290"}, {"y": "71", "x": "294"}, {"y": "75", "x": "299"}, {"y": "78", "x": "304"}, {"y": "81", "x": "308"}, {"y": "85", "x": "313"}, {"y": "88", "x": "317"}, {"y": "88", "x": "317"}]]}