{"Lines": [[{"y": "90", "x": "0"}, {"y": "90", "x": "0"}, {"y": "86", "x": "5"}, {"y": "83", "x": "9"}, {"y": "80", "x": "13"}, {"y": "76", "x": "18"}, {"y": "73", "x": "22"}, {"y": "69", "x": "27"}, {"y": "66", "x": "31"}, {"y": "63", "x": "36"}, {"y": "59", "x": "40"}, {"y": "56", "x": "45"}, {"y": "52", "x": "49"}, {"y": "49", "x": "54"}, {"y": "46", "x": "58"}, {"y": "42", "x": "63"}, {"y": "42", "x": "63"}, {"y": "42", "x": "63"}, {"y": "39", "x": "67"}, {"y": "35", "x": "71"}, {"y": "32", "x": "75"}, {"y": "29", "x": "79"}, {"y": "25", "x": "83"}, {"y": "22", "x": "87"}, {"y": "18", "x": "91"}, {"y": "15", "x": "95"}, {"y": "12", "x": "99"}, {"y": "12", "x": "99"}, {"y": "12", "x": "99"}, {"y": "6", "x": "105"}, {"y": "1", "x": "110"}], [{"y": "3", "x": "201"}, {"y": "6", "x": "207"}, {"y": "10", "x": "213"}, {"y": "13", "x": "219"}, {"y": "17", "x": "225"}, {"y": "20", "x": "231"}, {"y": "24", "x": "237"}, {"y": "27", "x": "243"}, {"y": "27", "x": "243"}, {"y": "30", "x": "249"}, {"y": "34", "x": "254"}, {"y": "37", "x": "260"}, {"y": "40", "x": "266"}, {"y": "43", "x": "272"}, {"y": "47", "x": "278"}, {"y": "50", "x": "284"}, {"y": "53", "x": "289"}, {"y": "56", "x": "295"}, {"y": "60", "x": "301"}, {"y": "63", "x": "307"}, {"y": "66", "x": "313"}, {"y": "70", "x": "318"}, {"y": "70", "x": "319"}]]}