{"Lines": [[{"y": "173", "x": "0"}, {"y": "173", "x": "0"}, {"y": "169", "x": "3"}, {"y": "166", "x": "7"}, {"y": "162", "x": "10"}, {"y": "158", "x": "13"}, {"y": "155", "x": "16"}, {"y": "151", "x": "19"}, {"y": "148", "x": "22"}, {"y": "148", "x": "22"}, {"y": "148", "x": "22"}, {"y": "144", "x": "25"}, {"y": "141", "x": "28"}, {"y": "138", "x": "30"}, {"y": "135", "x": "33"}, {"y": "132", "x": "36"}, {"y": "129", "x": "39"}, {"y": "125", "x": "42"}, {"y": "122", "x": "44"}, {"y": "119", "x": "47"}, {"y": "116", "x": "50"}, {"y": "113", "x": "53"}, {"y": "110", "x": "55"}, {"y": "106", "x": "58"}, {"y": "103", "x": "61"}, {"y": "100", "x": "64"}, {"y": "97", "x": "66"}, {"y": "94", "x": "69"}, {"y": "91", "x": "72"}, {"y": "87", "x": "75"}, {"y": "84", "x": "77"}, {"y": "81", "x": "80"}, {"y": "78", "x": "83"}, {"y": "75", "x": "86"}, {"y": "72", "x": "89"}, {"y": "68", "x": "91"}, {"y": "65", "x": "94"}, {"y": "62", "x": "97"}, {"y": "59", "x": "100"}, {"y": "56", "x": "102"}, {"y": "53", "x": "105"}, {"y": "49", "x": "108"}, {"y": "46", "x": "111"}, {"y": "43", "x": "113"}, {"y": "40", "x": "116"}, {"y": "40", "x": "116"}, {"y": "40", "x": "116"}, {"y": "36", "x": "120"}, {"y": "33", "x": "123"}, {"y": "30", "x": "126"}, {"y": "26", "x": "130"}, {"y": "23", "x": "133"}, {"y": "19", "x": "136"}, {"y": "16", "x": "140"}, {"y": "12", "x": "143"}, {"y": "9", "x": "146"}, {"y": "5", "x": "150"}, {"y": "5", "x": "150"}], [{"y": "4", "x": "226"}, {"y": "4", "x": "226"}, {"y": "8", "x": "233"}, {"y": "12", "x": "239"}, {"y": "15", "x": "245"}, {"y": "19", "x": "252"}, {"y": "23", "x": "258"}, {"y": "26", "x": "264"}, {"y": "30", "x": "271"}, {"y": "34", "x": "277"}, {"y": "34", "x": "277"}, {"y": "34", "x": "277"}, {"y": "37", "x": "284"}, {"y": "41", "x": "291"}, {"y": "45", "x": "298"}, {"y": "49", "x": "304"}, {"y": "52", "x": "311"}, {"y": "56", "x": "318"}, {"y": "56", "x": "318"}]]}