{"Lines": [[{"y": "74", "x": "0"}, {"y": "74", "x": "0"}, {"y": "71", "x": "6"}, {"y": "67", "x": "13"}, {"y": "64", "x": "19"}, {"y": "60", "x": "26"}, {"y": "57", "x": "32"}, {"y": "53", "x": "39"}, {"y": "49", "x": "45"}, {"y": "46", "x": "52"}, {"y": "42", "x": "58"}, {"y": "42", "x": "58"}, {"y": "42", "x": "58"}, {"y": "39", "x": "65"}, {"y": "35", "x": "72"}, {"y": "32", "x": "78"}, {"y": "29", "x": "85"}, {"y": "25", "x": "92"}, {"y": "22", "x": "98"}, {"y": "18", "x": "105"}, {"y": "15", "x": "112"}, {"y": "15", "x": "112"}, {"y": "15", "x": "112"}, {"y": "7", "x": "128"}], [{"y": "7", "x": "189"}, {"y": "7", "x": "189"}, {"y": "10", "x": "195"}, {"y": "14", "x": "200"}, {"y": "17", "x": "205"}, {"y": "20", "x": "211"}, {"y": "24", "x": "216"}, {"y": "27", "x": "221"}, {"y": "31", "x": "226"}, {"y": "34", "x": "232"}, {"y": "38", "x": "237"}, {"y": "38", "x": "237"}, {"y": "38", "x": "237"}, {"y": "41", "x": "242"}, {"y": "44", "x": "247"}, {"y": "48", "x": "251"}, {"y": "51", "x": "256"}, {"y": "54", "x": "261"}, {"y": "58", "x": "266"}, {"y": "61", "x": "271"}, {"y": "64", "x": "275"}, {"y": "68", "x": "280"}, {"y": "71", "x": "285"}, {"y": "74", "x": "290"}, {"y": "78", "x": "295"}, {"y": "81", "x": "299"}, {"y": "84", "x": "304"}, {"y": "88", "x": "309"}, {"y": "91", "x": "314"}, {"y": "95", "x": "319"}]]}