{"Lines": [[{"y": "44", "x": "0"}, {"y": "44", "x": "0"}, {"y": "40", "x": "8"}, {"y": "36", "x": "16"}, {"y": "32", "x": "23"}, {"y": "28", "x": "31"}, {"y": "24", "x": "39"}, {"y": "21", "x": "46"}, {"y": "17", "x": "54"}, {"y": "17", "x": "54"}, {"y": "17", "x": "54"}, {"y": "12", "x": "63"}, {"y": "8", "x": "71"}, {"y": "4", "x": "80"}, {"y": "0", "x": "88"}, {"y": "0", "x": "89"}], [{"y": "0", "x": "170"}, {"y": "0", "x": "170"}, {"y": "4", "x": "173"}, {"y": "7", "x": "177"}, {"y": "10", "x": "180"}, {"y": "14", "x": "183"}, {"y": "17", "x": "187"}, {"y": "20", "x": "190"}, {"y": "24", "x": "193"}, {"y": "27", "x": "197"}, {"y": "30", "x": "200"}, {"y": "34", "x": "203"}, {"y": "37", "x": "207"}, {"y": "41", "x": "210"}, {"y": "44", "x": "213"}, {"y": "47", "x": "217"}, {"y": "51", "x": "220"}, {"y": "54", "x": "223"}, {"y": "54", "x": "223"}, {"y": "54", "x": "223"}, {"y": "57", "x": "226"}, {"y": "60", "x": "229"}, {"y": "63", "x": "232"}, {"y": "66", "x": "235"}, {"y": "69", "x": "238"}, {"y": "73", "x": "242"}, {"y": "76", "x": "245"}, {"y": "79", "x": "248"}, {"y": "82", "x": "251"}, {"y": "85", "x": "254"}, {"y": "88", "x": "257"}, {"y": "91", "x": "260"}, {"y": "94", "x": "263"}, {"y": "97", "x": "266"}, {"y": "100", "x": "269"}, {"y": "104", "x": "272"}, {"y": "107", "x": "275"}, {"y": "110", "x": "278"}, {"y": "113", "x": "281"}, {"y": "116", "x": "284"}, {"y": "119", "x": "287"}, {"y": "122", "x": "290"}, {"y": "125", "x": "293"}, {"y": "128", "x": "296"}, {"y": "131", "x": "300"}, {"y": "135", "x": "303"}, {"y": "138", "x": "306"}, {"y": "141", "x": "309"}, {"y": "144", "x": "312"}, {"y": "147", "x": "315"}, {"y": "150", "x": "318"}, {"y": "150", "x": "318"}]]}