{"Lines": [[{"y": "83", "x": "1"}, {"y": "83", "x": "1"}, {"y": "80", "x": "7"}, {"y": "77", "x": "12"}, {"y": "73", "x": "17"}, {"y": "70", "x": "22"}, {"y": "67", "x": "27"}, {"y": "64", "x": "33"}, {"y": "60", "x": "38"}, {"y": "57", "x": "43"}, {"y": "54", "x": "48"}, {"y": "50", "x": "53"}, {"y": "47", "x": "59"}, {"y": "44", "x": "64"}, {"y": "40", "x": "69"}, {"y": "37", "x": "74"}, {"y": "34", "x": "79"}, {"y": "34", "x": "80"}, {"y": "34", "x": "80"}, {"y": "30", "x": "85"}, {"y": "27", "x": "91"}, {"y": "24", "x": "96"}, {"y": "20", "x": "102"}, {"y": "17", "x": "108"}, {"y": "14", "x": "113"}, {"y": "10", "x": "119"}, {"y": "7", "x": "125"}, {"y": "4", "x": "130"}, {"y": "1", "x": "136"}], [{"y": "179", "x": "166"}, {"y": "179", "x": "166"}, {"y": "175", "x": "166"}, {"y": "172", "x": "166"}, {"y": "169", "x": "166"}, {"y": "166", "x": "166"}, {"y": "163", "x": "166"}, {"y": "160", "x": "166"}, {"y": "157", "x": "166"}, {"y": "153", "x": "166"}, {"y": "150", "x": "166"}, {"y": "147", "x": "166"}, {"y": "144", "x": "166"}, {"y": "141", "x": "166"}, {"y": "138", "x": "166"}, {"y": "135", "x": "166"}, {"y": "132", "x": "166"}, {"y": "128", "x": "166"}, {"y": "125", "x": "166"}, {"y": "122", "x": "166"}, {"y": "119", "x": "166"}, {"y": "116", "x": "166"}, {"y": "113", "x": "166"}, {"y": "110", "x": "167"}, {"y": "106", "x": "167"}, {"y": "103", "x": "167"}, {"y": "100", "x": "167"}, {"y": "97", "x": "167"}, {"y": "94", "x": "167"}, {"y": "91", "x": "167"}, {"y": "88", "x": "167"}, {"y": "88", "x": "167"}, {"y": "84", "x": "167"}, {"y": "81", "x": "167"}, {"y": "77", "x": "168"}, {"y": "74", "x": "168"}, {"y": "70", "x": "168"}, {"y": "67", "x": "168"}, {"y": "64", "x": "168"}, {"y": "60", "x": "169"}, {"y": "57", "x": "169"}, {"y": "53", "x": "169"}, {"y": "50", "x": "169"}, {"y": "46", "x": "169"}, {"y": "43", "x": "170"}, {"y": "43", "x": "170"}, {"y": "40", "x": "170"}, {"y": "36", "x": "170"}, {"y": "33", "x": "170"}, {"y": "29", "x": "171"}, {"y": "26", "x": "171"}, {"y": "23", "x": "171"}, {"y": "19", "x": "171"}, {"y": "16", "x": "172"}, {"y": "13", "x": "172"}], [{"y": "7", "x": "217"}, {"y": "10", "x": "222"}, {"y": "14", "x": "228"}, {"y": "17", "x": "233"}, {"y": "21", "x": "238"}, {"y": "24", "x": "244"}, {"y": "28", "x": "249"}, {"y": "31", "x": "254"}, {"y": "35", "x": "260"}, {"y": "38", "x": "265"}, {"y": "42", "x": "270"}, {"y": "45", "x": "275"}, {"y": "45", "x": "275"}, {"y": "49", "x": "281"}, {"y": "52", "x": "286"}, {"y": "56", "x": "292"}, {"y": "59", "x": "297"}, {"y": "63", "x": "302"}, {"y": "67", "x": "308"}, {"y": "70", "x": "313"}, {"y": "74", "x": "318"}, {"y": "74", "x": "318"}]]}