{"Lines": [[{"y": "55", "x": "1"}, {"y": "55", "x": "1"}, {"y": "51", "x": "8"}, {"y": "47", "x": "16"}, {"y": "44", "x": "23"}, {"y": "40", "x": "30"}, {"y": "37", "x": "37"}, {"y": "33", "x": "44"}, {"y": "29", "x": "51"}, {"y": "26", "x": "58"}, {"y": "22", "x": "65"}, {"y": "19", "x": "72"}, {"y": "19", "x": "72"}, {"y": "15", "x": "80"}, {"y": "11", "x": "87"}, {"y": "7", "x": "95"}, {"y": "3", "x": "103"}, {"y": "0", "x": "110"}, {"y": "0", "x": "111"}], [{"y": "0", "x": "184"}, {"y": "0", "x": "184"}, {"y": "4", "x": "187"}, {"y": "7", "x": "191"}, {"y": "11", "x": "194"}, {"y": "15", "x": "198"}, {"y": "18", "x": "201"}, {"y": "22", "x": "204"}, {"y": "22", "x": "204"}, {"y": "22", "x": "204"}, {"y": "25", "x": "208"}, {"y": "29", "x": "212"}, {"y": "32", "x": "216"}, {"y": "35", "x": "220"}, {"y": "39", "x": "224"}, {"y": "42", "x": "229"}, {"y": "45", "x": "233"}, {"y": "49", "x": "237"}, {"y": "52", "x": "241"}, {"y": "56", "x": "245"}, {"y": "56", "x": "245"}, {"y": "59", "x": "249"}, {"y": "62", "x": "253"}, {"y": "66", "x": "258"}, {"y": "69", "x": "262"}, {"y": "72", "x": "266"}, {"y": "76", "x": "271"}, {"y": "79", "x": "275"}, {"y": "82", "x": "279"}, {"y": "86", "x": "283"}, {"y": "89", "x": "288"}, {"y": "92", "x": "292"}, {"y": "96", "x": "296"}, {"y": "99", "x": "301"}, {"y": "102", "x": "305"}, {"y": "106", "x": "309"}, {"y": "109", "x": "314"}, {"y": "112", "x": "318"}]]}