{"Lines": [[{"y": "58", "x": "0"}, {"y": "58", "x": "0"}, {"y": "54", "x": "6"}, {"y": "51", "x": "12"}, {"y": "47", "x": "18"}, {"y": "44", "x": "25"}, {"y": "40", "x": "31"}, {"y": "37", "x": "37"}, {"y": "33", "x": "43"}, {"y": "30", "x": "49"}, {"y": "26", "x": "55"}, {"y": "23", "x": "61"}, {"y": "23", "x": "61"}, {"y": "23", "x": "61"}, {"y": "19", "x": "68"}, {"y": "15", "x": "74"}, {"y": "11", "x": "80"}, {"y": "7", "x": "87"}, {"y": "3", "x": "93"}, {"y": "0", "x": "99"}, {"y": "0", "x": "100"}], [{"y": "0", "x": "194"}, {"y": "0", "x": "194"}, {"y": "4", "x": "198"}, {"y": "7", "x": "202"}, {"y": "11", "x": "206"}, {"y": "15", "x": "210"}, {"y": "18", "x": "214"}, {"y": "22", "x": "219"}, {"y": "25", "x": "223"}, {"y": "29", "x": "227"}, {"y": "33", "x": "231"}, {"y": "33", "x": "231"}, {"y": "36", "x": "235"}, {"y": "39", "x": "239"}, {"y": "42", "x": "243"}, {"y": "45", "x": "246"}, {"y": "49", "x": "250"}, {"y": "52", "x": "254"}, {"y": "55", "x": "258"}, {"y": "58", "x": "262"}, {"y": "61", "x": "265"}, {"y": "64", "x": "269"}, {"y": "68", "x": "273"}, {"y": "71", "x": "277"}, {"y": "74", "x": "281"}, {"y": "77", "x": "284"}, {"y": "80", "x": "288"}, {"y": "83", "x": "292"}, {"y": "87", "x": "296"}, {"y": "90", "x": "300"}, {"y": "93", "x": "303"}, {"y": "96", "x": "307"}, {"y": "99", "x": "311"}, {"y": "102", "x": "315"}, {"y": "106", "x": "319"}]]}