{"Lines": [[{"y": "113", "x": "5"}, {"y": "113", "x": "5"}, {"y": "110", "x": "9"}, {"y": "107", "x": "13"}, {"y": "104", "x": "16"}, {"y": "100", "x": "20"}, {"y": "97", "x": "23"}, {"y": "94", "x": "27"}, {"y": "91", "x": "31"}, {"y": "88", "x": "34"}, {"y": "85", "x": "38"}, {"y": "82", "x": "41"}, {"y": "79", "x": "45"}, {"y": "75", "x": "49"}, {"y": "72", "x": "52"}, {"y": "69", "x": "56"}, {"y": "66", "x": "59"}, {"y": "63", "x": "63"}, {"y": "60", "x": "67"}, {"y": "57", "x": "70"}, {"y": "54", "x": "74"}, {"y": "51", "x": "77"}, {"y": "47", "x": "81"}, {"y": "44", "x": "85"}, {"y": "41", "x": "88"}, {"y": "38", "x": "92"}, {"y": "35", "x": "95"}, {"y": "32", "x": "99"}, {"y": "29", "x": "103"}, {"y": "29", "x": "103"}, {"y": "25", "x": "106"}, {"y": "21", "x": "110"}, {"y": "18", "x": "114"}, {"y": "14", "x": "118"}, {"y": "10", "x": "122"}, {"y": "7", "x": "126"}, {"y": "3", "x": "129"}, {"y": "3", "x": "130"}], [{"y": "0", "x": "222"}, {"y": "3", "x": "228"}, {"y": "7", "x": "235"}, {"y": "11", "x": "241"}, {"y": "14", "x": "248"}, {"y": "18", "x": "254"}, {"y": "22", "x": "261"}, {"y": "22", "x": "261"}, {"y": "25", "x": "267"}, {"y": "29", "x": "274"}, {"y": "32", "x": "280"}, {"y": "35", "x": "287"}, {"y": "39", "x": "293"}, {"y": "42", "x": "299"}, {"y": "46", "x": "306"}, {"y": "49", "x": "312"}, {"y": "53", "x": "319"}, {"y": "53", "x": "319"}]]}