{"Lines": [[{"y": "79", "x": "1"}, {"y": "79", "x": "1"}, {"y": "76", "x": "7"}, {"y": "72", "x": "13"}, {"y": "69", "x": "18"}, {"y": "66", "x": "24"}, {"y": "62", "x": "30"}, {"y": "59", "x": "36"}, {"y": "56", "x": "41"}, {"y": "52", "x": "47"}, {"y": "49", "x": "53"}, {"y": "46", "x": "59"}, {"y": "42", "x": "64"}, {"y": "39", "x": "70"}, {"y": "36", "x": "76"}, {"y": "32", "x": "82"}, {"y": "29", "x": "87"}, {"y": "29", "x": "87"}, {"y": "29", "x": "87"}, {"y": "25", "x": "96"}, {"y": "21", "x": "105"}, {"y": "18", "x": "113"}, {"y": "14", "x": "122"}], [{"y": "12", "x": "189"}, {"y": "12", "x": "189"}, {"y": "15", "x": "196"}, {"y": "19", "x": "202"}, {"y": "22", "x": "209"}, {"y": "26", "x": "215"}, {"y": "30", "x": "222"}, {"y": "33", "x": "229"}, {"y": "37", "x": "235"}, {"y": "37", "x": "235"}, {"y": "37", "x": "235"}, {"y": "40", "x": "240"}, {"y": "43", "x": "245"}, {"y": "46", "x": "250"}, {"y": "50", "x": "255"}, {"y": "53", "x": "260"}, {"y": "56", "x": "265"}, {"y": "59", "x": "270"}, {"y": "62", "x": "274"}, {"y": "66", "x": "279"}, {"y": "69", "x": "284"}, {"y": "72", "x": "289"}, {"y": "75", "x": "294"}, {"y": "79", "x": "299"}, {"y": "82", "x": "304"}, {"y": "85", "x": "309"}, {"y": "88", "x": "314"}, {"y": "92", "x": "319"}, {"y": "92", "x": "319"}]]}