{"Lines": [[{"y": "4", "x": "227"}, {"y": "4", "x": "227"}, {"y": "8", "x": "233"}, {"y": "13", "x": "239"}, {"y": "18", "x": "245"}, {"y": "18", "x": "245"}, {"y": "18", "x": "245"}, {"y": "22", "x": "252"}, {"y": "26", "x": "258"}, {"y": "29", "x": "265"}, {"y": "33", "x": "271"}, {"y": "36", "x": "278"}, {"y": "40", "x": "284"}, {"y": "40", "x": "284"}, {"y": "40", "x": "284"}, {"y": "44", "x": "291"}, {"y": "47", "x": "298"}, {"y": "51", "x": "305"}, {"y": "55", "x": "312"}, {"y": "58", "x": "318"}, {"y": "58", "x": "318"}], [{"y": "174", "x": "0"}, {"y": "174", "x": "0"}, {"y": "170", "x": "3"}, {"y": "167", "x": "5"}, {"y": "164", "x": "8"}, {"y": "161", "x": "10"}, {"y": "158", "x": "13"}, {"y": "155", "x": "16"}, {"y": "151", "x": "18"}, {"y": "148", "x": "21"}, {"y": "145", "x": "23"}, {"y": "142", "x": "26"}, {"y": "139", "x": "29"}, {"y": "136", "x": "31"}, {"y": "132", "x": "34"}, {"y": "129", "x": "37"}, {"y": "126", "x": "39"}, {"y": "123", "x": "42"}, {"y": "120", "x": "44"}, {"y": "117", "x": "47"}, {"y": "113", "x": "50"}, {"y": "110", "x": "52"}, {"y": "107", "x": "55"}, {"y": "104", "x": "58"}, {"y": "101", "x": "60"}, {"y": "98", "x": "63"}, {"y": "94", "x": "65"}, {"y": "94", "x": "65"}, {"y": "94", "x": "65"}, {"y": "91", "x": "68"}, {"y": "88", "x": "71"}, {"y": "85", "x": "74"}, {"y": "81", "x": "77"}, {"y": "78", "x": "80"}, {"y": "75", "x": "83"}, {"y": "72", "x": "85"}, {"y": "69", "x": "88"}, {"y": "65", "x": "91"}, {"y": "62", "x": "94"}, {"y": "59", "x": "97"}, {"y": "56", "x": "100"}, {"y": "52", "x": "102"}, {"y": "49", "x": "105"}, {"y": "46", "x": "108"}, {"y": "43", "x": "111"}, {"y": "40", "x": "114"}, {"y": "36", "x": "117"}, {"y": "33", "x": "120"}, {"y": "30", "x": "122"}, {"y": "27", "x": "125"}, {"y": "27", "x": "125"}, {"y": "27", "x": "125"}, {"y": "22", "x": "130"}, {"y": "17", "x": "135"}, {"y": "12", "x": "141"}, {"y": "12", "x": "141"}, {"y": "7", "x": "148"}, {"y": "1", "x": "156"}, {"y": "1", "x": "156"}]]}