{"Lines": [[{"y": "45", "x": "0"}, {"y": "45", "x": "0"}, {"y": "42", "x": "7"}, {"y": "38", "x": "14"}, {"y": "34", "x": "21"}, {"y": "31", "x": "29"}, {"y": "27", "x": "36"}, {"y": "23", "x": "43"}, {"y": "20", "x": "50"}, {"y": "20", "x": "50"}, {"y": "20", "x": "50"}, {"y": "15", "x": "59"}, {"y": "11", "x": "67"}, {"y": "7", "x": "76"}, {"y": "2", "x": "85"}, {"y": "2", "x": "85"}], [{"y": "0", "x": "173"}, {"y": "0", "x": "173"}, {"y": "4", "x": "176"}, {"y": "7", "x": "180"}, {"y": "10", "x": "183"}, {"y": "13", "x": "186"}, {"y": "16", "x": "190"}, {"y": "20", "x": "193"}, {"y": "23", "x": "197"}, {"y": "26", "x": "200"}, {"y": "29", "x": "203"}, {"y": "32", "x": "207"}, {"y": "36", "x": "210"}, {"y": "39", "x": "213"}, {"y": "42", "x": "217"}, {"y": "45", "x": "220"}, {"y": "49", "x": "224"}, {"y": "52", "x": "227"}, {"y": "52", "x": "227"}, {"y": "52", "x": "227"}, {"y": "55", "x": "231"}, {"y": "58", "x": "234"}, {"y": "61", "x": "238"}, {"y": "64", "x": "241"}, {"y": "68", "x": "245"}, {"y": "71", "x": "248"}, {"y": "74", "x": "252"}, {"y": "77", "x": "255"}, {"y": "80", "x": "259"}, {"y": "84", "x": "262"}, {"y": "87", "x": "266"}, {"y": "90", "x": "269"}, {"y": "93", "x": "273"}, {"y": "96", "x": "276"}, {"y": "99", "x": "280"}, {"y": "103", "x": "283"}, {"y": "106", "x": "287"}, {"y": "109", "x": "290"}, {"y": "112", "x": "294"}, {"y": "115", "x": "297"}, {"y": "119", "x": "301"}, {"y": "122", "x": "304"}, {"y": "125", "x": "308"}, {"y": "128", "x": "311"}, {"y": "131", "x": "315"}, {"y": "135", "x": "319"}, {"y": "135", "x": "319"}]]}