{"Lines": [[{"y": "71", "x": "1"}, {"y": "71", "x": "1"}, {"y": "67", "x": "6"}, {"y": "64", "x": "11"}, {"y": "61", "x": "17"}, {"y": "58", "x": "22"}, {"y": "54", "x": "27"}, {"y": "51", "x": "32"}, {"y": "48", "x": "38"}, {"y": "45", "x": "43"}, {"y": "41", "x": "48"}, {"y": "38", "x": "53"}, {"y": "35", "x": "58"}, {"y": "32", "x": "64"}, {"y": "28", "x": "69"}, {"y": "25", "x": "74"}, {"y": "22", "x": "79"}, {"y": "22", "x": "79"}, {"y": "18", "x": "84"}, {"y": "14", "x": "90"}, {"y": "11", "x": "95"}, {"y": "7", "x": "100"}, {"y": "3", "x": "105"}, {"y": "0", "x": "110"}, {"y": "0", "x": "111"}], [{"y": "0", "x": "198"}, {"y": "0", "x": "198"}, {"y": "4", "x": "203"}, {"y": "7", "x": "207"}, {"y": "11", "x": "212"}, {"y": "14", "x": "216"}, {"y": "17", "x": "221"}, {"y": "21", "x": "225"}, {"y": "24", "x": "230"}, {"y": "28", "x": "234"}, {"y": "31", "x": "239"}, {"y": "31", "x": "239"}, {"y": "34", "x": "243"}, {"y": "38", "x": "248"}, {"y": "41", "x": "252"}, {"y": "44", "x": "256"}, {"y": "47", "x": "261"}, {"y": "50", "x": "265"}, {"y": "54", "x": "270"}, {"y": "57", "x": "274"}, {"y": "60", "x": "279"}, {"y": "63", "x": "283"}, {"y": "66", "x": "287"}, {"y": "69", "x": "292"}, {"y": "73", "x": "296"}, {"y": "76", "x": "301"}, {"y": "79", "x": "305"}, {"y": "82", "x": "310"}, {"y": "85", "x": "314"}, {"y": "88", "x": "318"}]]}