{"Lines": [[{"y": "75", "x": "0"}, {"y": "75", "x": "0"}, {"y": "72", "x": "6"}, {"y": "68", "x": "12"}, {"y": "65", "x": "18"}, {"y": "62", "x": "24"}, {"y": "58", "x": "30"}, {"y": "55", "x": "36"}, {"y": "51", "x": "43"}, {"y": "48", "x": "49"}, {"y": "45", "x": "55"}, {"y": "41", "x": "61"}, {"y": "38", "x": "67"}, {"y": "35", "x": "73"}, {"y": "31", "x": "79"}, {"y": "31", "x": "79"}, {"y": "31", "x": "79"}, {"y": "27", "x": "87"}, {"y": "23", "x": "94"}, {"y": "19", "x": "102"}, {"y": "15", "x": "110"}, {"y": "11", "x": "117"}, {"y": "11", "x": "117"}], [{"y": "11", "x": "193"}, {"y": "11", "x": "193"}, {"y": "15", "x": "199"}, {"y": "18", "x": "205"}, {"y": "22", "x": "210"}, {"y": "25", "x": "216"}, {"y": "29", "x": "222"}, {"y": "33", "x": "227"}, {"y": "36", "x": "233"}, {"y": "40", "x": "238"}, {"y": "40", "x": "238"}, {"y": "43", "x": "243"}, {"y": "46", "x": "248"}, {"y": "50", "x": "253"}, {"y": "53", "x": "257"}, {"y": "56", "x": "262"}, {"y": "59", "x": "267"}, {"y": "62", "x": "271"}, {"y": "66", "x": "276"}, {"y": "69", "x": "281"}, {"y": "72", "x": "286"}, {"y": "75", "x": "290"}, {"y": "78", "x": "295"}, {"y": "82", "x": "300"}, {"y": "85", "x": "304"}, {"y": "88", "x": "309"}, {"y": "91", "x": "314"}, {"y": "95", "x": "319"}]]}