{"Lines": [[{"y": "178", "x": "120"}, {"y": "178", "x": "120"}, {"y": "175", "x": "121"}, {"y": "172", "x": "121"}, {"y": "169", "x": "122"}, {"y": "165", "x": "122"}, {"y": "162", "x": "123"}, {"y": "159", "x": "124"}, {"y": "156", "x": "124"}, {"y": "152", "x": "125"}, {"y": "149", "x": "125"}, {"y": "146", "x": "126"}, {"y": "142", "x": "126"}, {"y": "139", "x": "127"}, {"y": "136", "x": "127"}, {"y": "133", "x": "128"}, {"y": "133", "x": "128"}, {"y": "129", "x": "128"}, {"y": "126", "x": "129"}, {"y": "123", "x": "130"}, {"y": "120", "x": "130"}, {"y": "117", "x": "131"}, {"y": "114", "x": "131"}, {"y": "110", "x": "132"}, {"y": "107", "x": "133"}, {"y": "104", "x": "133"}, {"y": "101", "x": "134"}, {"y": "98", "x": "134"}, {"y": "95", "x": "135"}, {"y": "92", "x": "136"}, {"y": "88", "x": "136"}, {"y": "85", "x": "137"}, {"y": "82", "x": "137"}, {"y": "79", "x": "138"}, {"y": "76", "x": "139"}, {"y": "73", "x": "139"}, {"y": "69", "x": "140"}, {"y": "69", "x": "140"}, {"y": "66", "x": "141"}, {"y": "63", "x": "142"}, {"y": "59", "x": "143"}, {"y": "56", "x": "144"}, {"y": "52", "x": "144"}, {"y": "49", "x": "145"}, {"y": "46", "x": "146"}, {"y": "42", "x": "147"}, {"y": "42", "x": "147"}, {"y": "42", "x": "147"}, {"y": "39", "x": "148"}, {"y": "35", "x": "149"}, {"y": "32", "x": "151"}, {"y": "28", "x": "152"}, {"y": "25", "x": "153"}, {"y": "21", "x": "154"}, {"y": "21", "x": "154"}], [{"y": "66", "x": "1"}, {"y": "66", "x": "1"}, {"y": "62", "x": "8"}, {"y": "59", "x": "15"}, {"y": "55", "x": "21"}, {"y": "52", "x": "28"}, {"y": "49", "x": "35"}, {"y": "45", "x": "42"}, {"y": "42", "x": "48"}, {"y": "39", "x": "55"}, {"y": "35", "x": "62"}, {"y": "32", "x": "68"}, {"y": "29", "x": "75"}, {"y": "25", "x": "82"}, {"y": "25", "x": "82"}, {"y": "21", "x": "91"}, {"y": "17", "x": "100"}, {"y": "13", "x": "109"}, {"y": "10", "x": "117"}, {"y": "6", "x": "126"}, {"y": "2", "x": "135"}, {"y": "2", "x": "135"}], [{"y": "2", "x": "210"}, {"y": "11", "x": "213"}, {"y": "11", "x": "213"}, {"y": "11", "x": "213"}, {"y": "14", "x": "217"}, {"y": "18", "x": "220"}, {"y": "22", "x": "224"}, {"y": "25", "x": "228"}, {"y": "29", "x": "231"}, {"y": "32", "x": "235"}, {"y": "32", "x": "235"}, {"y": "32", "x": "235"}, {"y": "36", "x": "239"}, {"y": "39", "x": "243"}, {"y": "42", "x": "248"}, {"y": "45", "x": "252"}, {"y": "49", "x": "256"}, {"y": "52", "x": "261"}, {"y": "55", "x": "265"}, {"y": "58", "x": "269"}, {"y": "62", "x": "274"}, {"y": "65", "x": "278"}, {"y": "68", "x": "282"}, {"y": "71", "x": "287"}, {"y": "75", "x": "291"}, {"y": "78", "x": "295"}, {"y": "81", "x": "300"}, {"y": "84", "x": "304"}, {"y": "88", "x": "308"}, {"y": "91", "x": "313"}, {"y": "94", "x": "317"}, {"y": "94", "x": "317"}]]}