{"Lines": [[{"y": "67", "x": "1"}, {"y": "67", "x": "1"}, {"y": "64", "x": "7"}, {"y": "60", "x": "14"}, {"y": "57", "x": "20"}, {"y": "54", "x": "27"}, {"y": "51", "x": "33"}, {"y": "47", "x": "40"}, {"y": "44", "x": "46"}, {"y": "41", "x": "53"}, {"y": "38", "x": "59"}, {"y": "34", "x": "66"}, {"y": "31", "x": "73"}, {"y": "28", "x": "79"}, {"y": "24", "x": "86"}, {"y": "24", "x": "86"}, {"y": "24", "x": "86"}, {"y": "21", "x": "93"}, {"y": "17", "x": "100"}, {"y": "14", "x": "107"}, {"y": "10", "x": "114"}, {"y": "7", "x": "121"}, {"y": "3", "x": "128"}, {"y": "0", "x": "134"}, {"y": "0", "x": "135"}], [{"y": "1", "x": "205"}, {"y": "1", "x": "205"}, {"y": "4", "x": "209"}, {"y": "8", "x": "213"}, {"y": "11", "x": "217"}, {"y": "14", "x": "220"}, {"y": "17", "x": "224"}, {"y": "21", "x": "228"}, {"y": "24", "x": "232"}, {"y": "27", "x": "236"}, {"y": "31", "x": "240"}, {"y": "34", "x": "244"}, {"y": "34", "x": "244"}, {"y": "34", "x": "244"}, {"y": "37", "x": "247"}, {"y": "40", "x": "251"}, {"y": "44", "x": "254"}, {"y": "47", "x": "258"}, {"y": "50", "x": "261"}, {"y": "53", "x": "265"}, {"y": "57", "x": "268"}, {"y": "60", "x": "272"}, {"y": "63", "x": "276"}, {"y": "66", "x": "279"}, {"y": "70", "x": "283"}, {"y": "73", "x": "286"}, {"y": "76", "x": "290"}, {"y": "79", "x": "293"}, {"y": "83", "x": "297"}, {"y": "86", "x": "300"}, {"y": "89", "x": "304"}, {"y": "92", "x": "307"}, {"y": "95", "x": "311"}, {"y": "99", "x": "315"}, {"y": "102", "x": "318"}, {"y": "102", "x": "318"}]]}