{"Lines": [[{"y": "63", "x": "0"}, {"y": "63", "x": "0"}, {"y": "59", "x": "6"}, {"y": "56", "x": "12"}, {"y": "53", "x": "17"}, {"y": "49", "x": "23"}, {"y": "46", "x": "29"}, {"y": "43", "x": "34"}, {"y": "39", "x": "40"}, {"y": "36", "x": "46"}, {"y": "33", "x": "51"}, {"y": "29", "x": "57"}, {"y": "26", "x": "63"}, {"y": "23", "x": "68"}, {"y": "23", "x": "68"}, {"y": "23", "x": "68"}, {"y": "19", "x": "74"}, {"y": "16", "x": "79"}, {"y": "12", "x": "85"}, {"y": "8", "x": "90"}, {"y": "5", "x": "95"}, {"y": "1", "x": "101"}, {"y": "1", "x": "101"}], [{"y": "0", "x": "199"}, {"y": "0", "x": "199"}, {"y": "3", "x": "203"}, {"y": "7", "x": "207"}, {"y": "10", "x": "212"}, {"y": "14", "x": "216"}, {"y": "18", "x": "220"}, {"y": "21", "x": "224"}, {"y": "25", "x": "229"}, {"y": "28", "x": "233"}, {"y": "32", "x": "237"}, {"y": "36", "x": "241"}, {"y": "36", "x": "241"}, {"y": "39", "x": "246"}, {"y": "42", "x": "250"}, {"y": "46", "x": "255"}, {"y": "49", "x": "259"}, {"y": "52", "x": "264"}, {"y": "56", "x": "268"}, {"y": "59", "x": "273"}, {"y": "62", "x": "278"}, {"y": "66", "x": "282"}, {"y": "69", "x": "287"}, {"y": "72", "x": "291"}, {"y": "76", "x": "296"}, {"y": "79", "x": "300"}, {"y": "82", "x": "305"}, {"y": "86", "x": "309"}, {"y": "89", "x": "314"}, {"y": "93", "x": "319"}, {"y": "93", "x": "319"}]]}