{"Lines": [[{"y": "52", "x": "0"}, {"y": "52", "x": "0"}, {"y": "48", "x": "9"}, {"y": "45", "x": "17"}, {"y": "41", "x": "26"}, {"y": "37", "x": "34"}, {"y": "34", "x": "43"}, {"y": "30", "x": "51"}, {"y": "27", "x": "60"}, {"y": "23", "x": "68"}, {"y": "23", "x": "68"}, {"y": "19", "x": "78"}, {"y": "15", "x": "88"}, {"y": "11", "x": "98"}, {"y": "7", "x": "107"}, {"y": "7", "x": "107"}], [{"y": "6", "x": "189"}, {"y": "6", "x": "189"}, {"y": "9", "x": "192"}, {"y": "12", "x": "194"}, {"y": "16", "x": "197"}, {"y": "19", "x": "199"}, {"y": "22", "x": "202"}, {"y": "25", "x": "205"}, {"y": "28", "x": "207"}, {"y": "32", "x": "210"}, {"y": "35", "x": "212"}, {"y": "38", "x": "215"}, {"y": "41", "x": "218"}, {"y": "45", "x": "220"}, {"y": "48", "x": "223"}, {"y": "51", "x": "226"}, {"y": "54", "x": "228"}, {"y": "57", "x": "231"}, {"y": "61", "x": "233"}, {"y": "64", "x": "236"}, {"y": "64", "x": "236"}, {"y": "64", "x": "236"}, {"y": "67", "x": "239"}, {"y": "70", "x": "241"}, {"y": "73", "x": "244"}, {"y": "76", "x": "246"}, {"y": "80", "x": "249"}, {"y": "83", "x": "251"}, {"y": "86", "x": "254"}, {"y": "89", "x": "257"}, {"y": "92", "x": "259"}, {"y": "95", "x": "262"}, {"y": "98", "x": "264"}, {"y": "102", "x": "267"}, {"y": "105", "x": "270"}, {"y": "108", "x": "272"}, {"y": "111", "x": "275"}, {"y": "114", "x": "277"}, {"y": "117", "x": "280"}, {"y": "120", "x": "282"}, {"y": "124", "x": "285"}, {"y": "127", "x": "288"}, {"y": "130", "x": "290"}, {"y": "133", "x": "293"}, {"y": "136", "x": "295"}, {"y": "139", "x": "298"}, {"y": "142", "x": "300"}, {"y": "146", "x": "303"}, {"y": "149", "x": "306"}, {"y": "152", "x": "308"}, {"y": "155", "x": "311"}, {"y": "158", "x": "313"}, {"y": "161", "x": "316"}, {"y": "165", "x": "319"}]]}