{"Lines": [[{"y": "89", "x": "3"}, {"y": "89", "x": "3"}, {"y": "86", "x": "8"}, {"y": "82", "x": "14"}, {"y": "79", "x": "19"}, {"y": "76", "x": "24"}, {"y": "72", "x": "30"}, {"y": "69", "x": "35"}, {"y": "65", "x": "41"}, {"y": "62", "x": "46"}, {"y": "58", "x": "51"}, {"y": "55", "x": "57"}, {"y": "52", "x": "62"}, {"y": "48", "x": "67"}, {"y": "45", "x": "73"}, {"y": "41", "x": "78"}, {"y": "41", "x": "78"}, {"y": "41", "x": "78"}, {"y": "37", "x": "85"}, {"y": "33", "x": "93"}, {"y": "30", "x": "100"}, {"y": "26", "x": "107"}, {"y": "22", "x": "114"}, {"y": "18", "x": "122"}, {"y": "18", "x": "122"}], [{"y": "17", "x": "205"}, {"y": "17", "x": "205"}, {"y": "21", "x": "213"}, {"y": "25", "x": "222"}, {"y": "29", "x": "230"}, {"y": "33", "x": "239"}, {"y": "36", "x": "247"}, {"y": "36", "x": "247"}, {"y": "36", "x": "247"}, {"y": "40", "x": "253"}, {"y": "43", "x": "259"}, {"y": "46", "x": "265"}, {"y": "50", "x": "271"}, {"y": "53", "x": "277"}, {"y": "56", "x": "282"}, {"y": "60", "x": "288"}, {"y": "63", "x": "294"}, {"y": "66", "x": "300"}, {"y": "69", "x": "306"}, {"y": "73", "x": "312"}, {"y": "76", "x": "318"}, {"y": "76", "x": "318"}]]}