{"Lines": [[{"y": "85", "x": "0"}, {"y": "85", "x": "0"}, {"y": "82", "x": "6"}, {"y": "78", "x": "13"}, {"y": "75", "x": "19"}, {"y": "71", "x": "26"}, {"y": "68", "x": "32"}, {"y": "64", "x": "38"}, {"y": "61", "x": "45"}, {"y": "57", "x": "51"}, {"y": "54", "x": "57"}, {"y": "50", "x": "64"}, {"y": "50", "x": "64"}, {"y": "50", "x": "64"}, {"y": "47", "x": "72"}, {"y": "43", "x": "79"}, {"y": "39", "x": "87"}, {"y": "36", "x": "95"}, {"y": "32", "x": "103"}, {"y": "28", "x": "111"}, {"y": "25", "x": "118"}, {"y": "25", "x": "118"}], [{"y": "23", "x": "229"}, {"y": "23", "x": "229"}, {"y": "26", "x": "235"}, {"y": "30", "x": "241"}, {"y": "34", "x": "247"}, {"y": "37", "x": "253"}, {"y": "41", "x": "259"}, {"y": "45", "x": "265"}, {"y": "45", "x": "265"}, {"y": "45", "x": "265"}, {"y": "48", "x": "271"}, {"y": "52", "x": "276"}, {"y": "55", "x": "281"}, {"y": "59", "x": "287"}, {"y": "62", "x": "292"}, {"y": "66", "x": "297"}, {"y": "69", "x": "303"}, {"y": "73", "x": "308"}, {"y": "76", "x": "313"}, {"y": "80", "x": "318"}, {"y": "80", "x": "319"}]]}