{"Lines": [[{"y": "155", "x": "11"}, {"y": "155", "x": "11"}, {"y": "152", "x": "13"}, {"y": "149", "x": "16"}, {"y": "146", "x": "18"}, {"y": "143", "x": "21"}, {"y": "139", "x": "24"}, {"y": "136", "x": "26"}, {"y": "133", "x": "29"}, {"y": "130", "x": "31"}, {"y": "127", "x": "34"}, {"y": "124", "x": "37"}, {"y": "120", "x": "39"}, {"y": "117", "x": "42"}, {"y": "114", "x": "45"}, {"y": "111", "x": "47"}, {"y": "108", "x": "50"}, {"y": "104", "x": "52"}, {"y": "101", "x": "55"}, {"y": "98", "x": "58"}, {"y": "95", "x": "60"}, {"y": "92", "x": "63"}, {"y": "89", "x": "65"}, {"y": "85", "x": "68"}, {"y": "82", "x": "71"}, {"y": "79", "x": "73"}, {"y": "76", "x": "76"}, {"y": "73", "x": "79"}, {"y": "69", "x": "81"}, {"y": "66", "x": "84"}, {"y": "66", "x": "84"}, {"y": "66", "x": "84"}, {"y": "63", "x": "86"}, {"y": "60", "x": "89"}, {"y": "56", "x": "92"}, {"y": "53", "x": "94"}, {"y": "50", "x": "97"}, {"y": "47", "x": "100"}, {"y": "43", "x": "102"}, {"y": "40", "x": "105"}, {"y": "37", "x": "108"}, {"y": "34", "x": "110"}, {"y": "30", "x": "113"}, {"y": "27", "x": "116"}, {"y": "24", "x": "118"}, {"y": "20", "x": "121"}], [{"y": "43", "x": "0"}, {"y": "43", "x": "0"}, {"y": "40", "x": "9"}, {"y": "36", "x": "17"}, {"y": "33", "x": "26"}, {"y": "29", "x": "34"}, {"y": "26", "x": "43"}, {"y": "22", "x": "51"}, {"y": "19", "x": "59"}, {"y": "19", "x": "59"}, {"y": "19", "x": "59"}, {"y": "14", "x": "71"}, {"y": "9", "x": "82"}, {"y": "4", "x": "93"}, {"y": "4", "x": "93"}], [{"y": "8", "x": "179"}, {"y": "8", "x": "179"}, {"y": "12", "x": "182"}, {"y": "15", "x": "184"}, {"y": "18", "x": "186"}, {"y": "21", "x": "189"}, {"y": "24", "x": "191"}, {"y": "27", "x": "193"}, {"y": "30", "x": "195"}, {"y": "33", "x": "198"}, {"y": "36", "x": "200"}, {"y": "40", "x": "202"}, {"y": "43", "x": "205"}, {"y": "46", "x": "207"}, {"y": "49", "x": "209"}, {"y": "52", "x": "212"}, {"y": "55", "x": "214"}, {"y": "58", "x": "216"}, {"y": "61", "x": "219"}, {"y": "65", "x": "221"}, {"y": "68", "x": "223"}, {"y": "71", "x": "225"}, {"y": "74", "x": "228"}, {"y": "77", "x": "230"}, {"y": "80", "x": "232"}, {"y": "83", "x": "235"}, {"y": "86", "x": "237"}, {"y": "89", "x": "239"}, {"y": "93", "x": "242"}, {"y": "96", "x": "244"}, {"y": "99", "x": "246"}, {"y": "102", "x": "248"}, {"y": "102", "x": "248"}, {"y": "102", "x": "248"}, {"y": "105", "x": "251"}, {"y": "108", "x": "253"}, {"y": "111", "x": "256"}, {"y": "115", "x": "258"}, {"y": "118", "x": "260"}, {"y": "121", "x": "263"}, {"y": "124", "x": "265"}, {"y": "127", "x": "267"}, {"y": "131", "x": "270"}, {"y": "134", "x": "272"}, {"y": "137", "x": "275"}, {"y": "140", "x": "277"}, {"y": "143", "x": "279"}, {"y": "147", "x": "282"}, {"y": "150", "x": "284"}, {"y": "153", "x": "286"}, {"y": "156", "x": "289"}, {"y": "159", "x": "291"}, {"y": "163", "x": "294"}, {"y": "166", "x": "296"}, {"y": "169", "x": "298"}, {"y": "172", "x": "301"}, {"y": "175", "x": "303"}, {"y": "179", "x": "305"}, {"y": "179", "x": "306"}]]}