{"Lines": [[{"y": "49", "x": "0"}, {"y": "46", "x": "23"}, {"y": "44", "x": "47"}, {"y": "40", "x": "76"}, {"y": "40", "x": "76"}, {"y": "36", "x": "106"}, {"y": "36", "x": "106"}, {"y": "32", "x": "128"}, {"y": "32", "x": "128"}, {"y": "28", "x": "155"}, {"y": "28", "x": "155"}, {"y": "25", "x": "177"}, {"y": "25", "x": "177"}, {"y": "20", "x": "207"}, {"y": "20", "x": "207"}, {"y": "17", "x": "232"}, {"y": "17", "x": "232"}, {"y": "14", "x": "254"}, {"y": "14", "x": "254"}, {"y": "9", "x": "277"}, {"y": "5", "x": "297"}, {"y": "5", "x": "297"}, {"y": "1", "x": "315"}, {"y": "1", "x": "315"}], [{"y": "148", "x": "0"}, {"y": "147", "x": "11"}, {"y": "144", "x": "25"}, {"y": "141", "x": "40"}, {"y": "141", "x": "40"}, {"y": "138", "x": "53"}, {"y": "138", "x": "53"}, {"y": "134", "x": "64"}, {"y": "134", "x": "64"}, {"y": "132", "x": "74"}, {"y": "130", "x": "83"}, {"y": "126", "x": "93"}, {"y": "126", "x": "93"}, {"y": "122", "x": "106"}, {"y": "119", "x": "117"}, {"y": "116", "x": "128"}, {"y": "113", "x": "140"}, {"y": "113", "x": "140"}, {"y": "109", "x": "154"}, {"y": "109", "x": "154"}, {"y": "106", "x": "165"}, {"y": "106", "x": "165"}, {"y": "101", "x": "180"}, {"y": "101", "x": "180"}, {"y": "97", "x": "192"}, {"y": "97", "x": "192"}, {"y": "93", "x": "205"}, {"y": "93", "x": "205"}, {"y": "88", "x": "218"}, {"y": "83", "x": "232"}, {"y": "79", "x": "245"}, {"y": "79", "x": "245"}, {"y": "75", "x": "257"}, {"y": "75", "x": "257"}, {"y": "71", "x": "268"}, {"y": "71", "x": "268"}, {"y": "67", "x": "280"}, {"y": "67", "x": "280"}, {"y": "63", "x": "293"}, {"y": "63", "x": "293"}, {"y": "59", "x": "305"}, {"y": "59", "x": "305"}, {"y": "53", "x": "319"}, {"y": "53", "x": "319"}]]}