{"Lines": [[{"y": "35", "x": "0"}, {"y": "59", "x": "1"}, {"y": "59", "x": "1"}, {"y": "35", "x": "4"}, {"y": "35", "x": "7"}, {"y": "36", "x": "11"}, {"y": "36", "x": "13"}, {"y": "36", "x": "17"}, {"y": "36", "x": "19"}, {"y": "50", "x": "20"}, {"y": "50", "x": "20"}, {"y": "36", "x": "21"}, {"y": "36", "x": "25"}, {"y": "36", "x": "28"}, {"y": "45", "x": "30"}, {"y": "45", "x": "30"}, {"y": "37", "x": "34"}, {"y": "37", "x": "34"}, {"y": "41", "x": "35"}, {"y": "41", "x": "35"}], [{"y": "46", "x": "245"}, {"y": "46", "x": "245"}, {"y": "51", "x": "250"}, {"y": "56", "x": "254"}, {"y": "61", "x": "259"}, {"y": "61", "x": "259"}, {"y": "64", "x": "263"}, {"y": "68", "x": "266"}, {"y": "71", "x": "270"}, {"y": "75", "x": "274"}, {"y": "78", "x": "277"}, {"y": "82", "x": "281"}, {"y": "85", "x": "284"}, {"y": "89", "x": "288"}, {"y": "92", "x": "292"}, {"y": "92", "x": "292"}, {"y": "96", "x": "296"}, {"y": "100", "x": "299"}, {"y": "103", "x": "303"}, {"y": "107", "x": "307"}, {"y": "111", "x": "311"}, {"y": "115", "x": "315"}, {"y": "119", "x": "318"}, {"y": "119", "x": "319"}]]}