{"Lines": [[{"y": "64", "x": "0"}, {"y": "64", "x": "0"}, {"y": "60", "x": "6"}, {"y": "57", "x": "12"}, {"y": "53", "x": "18"}, {"y": "49", "x": "25"}, {"y": "46", "x": "31"}, {"y": "42", "x": "37"}, {"y": "39", "x": "43"}, {"y": "35", "x": "49"}, {"y": "35", "x": "50"}, {"y": "31", "x": "55"}, {"y": "27", "x": "61"}, {"y": "23", "x": "67"}, {"y": "20", "x": "72"}, {"y": "16", "x": "78"}, {"y": "16", "x": "78"}, {"y": "11", "x": "83"}, {"y": "6", "x": "88"}, {"y": "6", "x": "88"}, {"y": "2", "x": "90"}], [{"y": "4", "x": "178"}, {"y": "4", "x": "178"}, {"y": "8", "x": "184"}, {"y": "12", "x": "190"}, {"y": "15", "x": "196"}, {"y": "19", "x": "202"}, {"y": "22", "x": "208"}, {"y": "26", "x": "214"}, {"y": "30", "x": "220"}, {"y": "33", "x": "226"}, {"y": "33", "x": "226"}, {"y": "36", "x": "231"}, {"y": "39", "x": "235"}, {"y": "43", "x": "240"}, {"y": "46", "x": "244"}, {"y": "49", "x": "248"}, {"y": "52", "x": "253"}, {"y": "55", "x": "257"}, {"y": "58", "x": "262"}, {"y": "62", "x": "266"}, {"y": "65", "x": "270"}, {"y": "68", "x": "275"}, {"y": "71", "x": "279"}, {"y": "74", "x": "283"}, {"y": "77", "x": "288"}, {"y": "81", "x": "292"}, {"y": "84", "x": "297"}, {"y": "87", "x": "301"}, {"y": "90", "x": "305"}, {"y": "93", "x": "310"}, {"y": "96", "x": "314"}, {"y": "99", "x": "318"}, {"y": "99", "x": "318"}]]}