{"Lines": [[{"y": "76", "x": "1"}, {"y": "76", "x": "1"}, {"y": "72", "x": "5"}, {"y": "69", "x": "9"}, {"y": "66", "x": "13"}, {"y": "62", "x": "17"}, {"y": "59", "x": "21"}, {"y": "56", "x": "24"}, {"y": "52", "x": "28"}, {"y": "49", "x": "32"}, {"y": "45", "x": "36"}, {"y": "45", "x": "36"}, {"y": "41", "x": "42"}, {"y": "36", "x": "47"}, {"y": "31", "x": "53"}, {"y": "31", "x": "53"}, {"y": "31", "x": "53"}, {"y": "25", "x": "58"}, {"y": "20", "x": "63"}, {"y": "20", "x": "63"}, {"y": "20", "x": "63"}, {"y": "14", "x": "66"}, {"y": "5", "x": "69"}], [{"y": "16", "x": "171"}, {"y": "16", "x": "171"}, {"y": "19", "x": "179"}, {"y": "23", "x": "187"}, {"y": "27", "x": "194"}, {"y": "31", "x": "202"}, {"y": "31", "x": "202"}, {"y": "31", "x": "202"}, {"y": "35", "x": "209"}, {"y": "39", "x": "216"}, {"y": "43", "x": "223"}, {"y": "47", "x": "230"}, {"y": "51", "x": "237"}, {"y": "51", "x": "237"}, {"y": "51", "x": "237"}, {"y": "55", "x": "242"}, {"y": "58", "x": "247"}, {"y": "61", "x": "252"}, {"y": "65", "x": "257"}, {"y": "68", "x": "262"}, {"y": "72", "x": "267"}, {"y": "75", "x": "272"}, {"y": "78", "x": "277"}, {"y": "82", "x": "282"}, {"y": "85", "x": "287"}, {"y": "88", "x": "292"}, {"y": "92", "x": "297"}, {"y": "95", "x": "302"}, {"y": "98", "x": "307"}, {"y": "102", "x": "312"}, {"y": "105", "x": "317"}, {"y": "105", "x": "317"}]]}