{"Lines": [[{"y": "47", "x": "2"}, {"y": "47", "x": "2"}, {"y": "43", "x": "12"}, {"y": "39", "x": "22"}, {"y": "35", "x": "32"}, {"y": "31", "x": "42"}, {"y": "27", "x": "52"}, {"y": "27", "x": "52"}, {"y": "27", "x": "52"}, {"y": "20", "x": "89"}, {"y": "20", "x": "89"}], [{"y": "20", "x": "161"}, {"y": "24", "x": "165"}, {"y": "28", "x": "169"}, {"y": "31", "x": "173"}, {"y": "35", "x": "177"}, {"y": "38", "x": "181"}, {"y": "42", "x": "185"}, {"y": "45", "x": "189"}, {"y": "49", "x": "193"}, {"y": "52", "x": "197"}, {"y": "56", "x": "201"}, {"y": "56", "x": "201"}, {"y": "59", "x": "204"}, {"y": "62", "x": "208"}, {"y": "65", "x": "211"}, {"y": "68", "x": "214"}, {"y": "71", "x": "218"}, {"y": "74", "x": "221"}, {"y": "78", "x": "224"}, {"y": "81", "x": "228"}, {"y": "84", "x": "231"}, {"y": "87", "x": "234"}, {"y": "90", "x": "238"}, {"y": "93", "x": "241"}, {"y": "96", "x": "244"}, {"y": "100", "x": "248"}, {"y": "103", "x": "251"}, {"y": "106", "x": "254"}, {"y": "109", "x": "258"}, {"y": "112", "x": "261"}, {"y": "115", "x": "264"}, {"y": "118", "x": "268"}, {"y": "122", "x": "271"}, {"y": "125", "x": "274"}, {"y": "128", "x": "278"}, {"y": "131", "x": "281"}, {"y": "134", "x": "284"}, {"y": "137", "x": "287"}, {"y": "140", "x": "291"}, {"y": "144", "x": "294"}, {"y": "147", "x": "297"}, {"y": "150", "x": "301"}, {"y": "153", "x": "304"}, {"y": "156", "x": "307"}, {"y": "159", "x": "311"}, {"y": "162", "x": "314"}, {"y": "166", "x": "317"}, {"y": "166", "x": "317"}]]}