{"Lines": [[{"y": "54", "x": "1"}, {"y": "54", "x": "1"}, {"y": "51", "x": "7"}, {"y": "47", "x": "14"}, {"y": "44", "x": "20"}, {"y": "41", "x": "27"}, {"y": "37", "x": "33"}, {"y": "34", "x": "40"}, {"y": "30", "x": "47"}, {"y": "27", "x": "53"}, {"y": "27", "x": "53"}, {"y": "27", "x": "53"}, {"y": "22", "x": "61"}, {"y": "17", "x": "69"}, {"y": "13", "x": "77"}], [{"y": "12", "x": "200"}, {"y": "12", "x": "200"}, {"y": "15", "x": "204"}, {"y": "19", "x": "207"}, {"y": "22", "x": "211"}, {"y": "25", "x": "215"}, {"y": "28", "x": "218"}, {"y": "32", "x": "222"}, {"y": "35", "x": "226"}, {"y": "38", "x": "229"}, {"y": "42", "x": "233"}, {"y": "45", "x": "237"}, {"y": "48", "x": "240"}, {"y": "51", "x": "244"}, {"y": "51", "x": "244"}, {"y": "54", "x": "248"}, {"y": "58", "x": "252"}, {"y": "61", "x": "256"}, {"y": "64", "x": "260"}, {"y": "67", "x": "264"}, {"y": "70", "x": "268"}, {"y": "73", "x": "271"}, {"y": "77", "x": "275"}, {"y": "80", "x": "279"}, {"y": "83", "x": "283"}, {"y": "86", "x": "287"}, {"y": "89", "x": "291"}, {"y": "92", "x": "295"}, {"y": "96", "x": "299"}, {"y": "99", "x": "303"}, {"y": "102", "x": "307"}, {"y": "105", "x": "311"}, {"y": "108", "x": "315"}, {"y": "112", "x": "319"}]]}