{"Lines": [[{"y": "78", "x": "1"}, {"y": "78", "x": "1"}, {"y": "74", "x": "7"}, {"y": "71", "x": "13"}, {"y": "67", "x": "19"}, {"y": "64", "x": "25"}, {"y": "61", "x": "30"}, {"y": "57", "x": "36"}, {"y": "54", "x": "42"}, {"y": "50", "x": "48"}, {"y": "47", "x": "54"}, {"y": "43", "x": "60"}, {"y": "40", "x": "66"}, {"y": "37", "x": "72"}, {"y": "33", "x": "78"}, {"y": "33", "x": "78"}, {"y": "33", "x": "78"}, {"y": "29", "x": "87"}, {"y": "24", "x": "96"}, {"y": "20", "x": "106"}, {"y": "15", "x": "115"}], [{"y": "11", "x": "187"}, {"y": "11", "x": "187"}, {"y": "15", "x": "194"}, {"y": "18", "x": "200"}, {"y": "22", "x": "207"}, {"y": "26", "x": "214"}, {"y": "30", "x": "220"}, {"y": "34", "x": "227"}, {"y": "37", "x": "234"}, {"y": "37", "x": "234"}, {"y": "37", "x": "234"}, {"y": "41", "x": "239"}, {"y": "44", "x": "244"}, {"y": "47", "x": "249"}, {"y": "50", "x": "254"}, {"y": "53", "x": "259"}, {"y": "57", "x": "264"}, {"y": "60", "x": "269"}, {"y": "63", "x": "274"}, {"y": "66", "x": "279"}, {"y": "69", "x": "284"}, {"y": "72", "x": "289"}, {"y": "76", "x": "294"}, {"y": "79", "x": "299"}, {"y": "82", "x": "304"}, {"y": "85", "x": "309"}, {"y": "88", "x": "314"}, {"y": "92", "x": "319"}]]}