{"Lines": [[{"y": "61", "x": "0"}, {"y": "61", "x": "0"}, {"y": "57", "x": "6"}, {"y": "54", "x": "12"}, {"y": "50", "x": "19"}, {"y": "47", "x": "25"}, {"y": "44", "x": "31"}, {"y": "40", "x": "38"}, {"y": "37", "x": "44"}, {"y": "33", "x": "50"}, {"y": "33", "x": "50"}, {"y": "33", "x": "50"}, {"y": "30", "x": "56"}, {"y": "26", "x": "62"}, {"y": "23", "x": "67"}, {"y": "19", "x": "73"}, {"y": "16", "x": "79"}, {"y": "12", "x": "85"}, {"y": "9", "x": "90"}, {"y": "5", "x": "96"}, {"y": "2", "x": "102"}, {"y": "2", "x": "102"}], [{"y": "2", "x": "176"}, {"y": "2", "x": "176"}, {"y": "5", "x": "181"}, {"y": "8", "x": "186"}, {"y": "12", "x": "191"}, {"y": "15", "x": "196"}, {"y": "18", "x": "201"}, {"y": "22", "x": "206"}, {"y": "25", "x": "211"}, {"y": "29", "x": "216"}, {"y": "32", "x": "221"}, {"y": "35", "x": "226"}, {"y": "35", "x": "226"}, {"y": "35", "x": "226"}, {"y": "39", "x": "230"}, {"y": "42", "x": "234"}, {"y": "45", "x": "238"}, {"y": "48", "x": "243"}, {"y": "52", "x": "247"}, {"y": "55", "x": "251"}, {"y": "58", "x": "255"}, {"y": "61", "x": "259"}, {"y": "64", "x": "264"}, {"y": "68", "x": "268"}, {"y": "71", "x": "272"}, {"y": "74", "x": "276"}, {"y": "77", "x": "281"}, {"y": "81", "x": "285"}, {"y": "84", "x": "289"}, {"y": "87", "x": "293"}, {"y": "90", "x": "297"}, {"y": "94", "x": "302"}, {"y": "97", "x": "306"}, {"y": "100", "x": "310"}, {"y": "103", "x": "314"}, {"y": "107", "x": "319"}, {"y": "107", "x": "319"}]]}