{"Lines": [[{"y": "178", "x": "119"}, {"y": "178", "x": "119"}, {"y": "175", "x": "120"}, {"y": "172", "x": "120"}, {"y": "169", "x": "121"}, {"y": "165", "x": "121"}, {"y": "162", "x": "121"}, {"y": "159", "x": "122"}, {"y": "156", "x": "122"}, {"y": "153", "x": "123"}, {"y": "150", "x": "123"}, {"y": "147", "x": "124"}, {"y": "144", "x": "124"}, {"y": "141", "x": "124"}, {"y": "138", "x": "125"}, {"y": "135", "x": "125"}, {"y": "131", "x": "126"}, {"y": "128", "x": "126"}, {"y": "125", "x": "126"}, {"y": "122", "x": "127"}, {"y": "119", "x": "127"}, {"y": "116", "x": "128"}, {"y": "113", "x": "128"}, {"y": "110", "x": "129"}, {"y": "107", "x": "129"}, {"y": "104", "x": "129"}, {"y": "101", "x": "130"}, {"y": "97", "x": "130"}, {"y": "94", "x": "131"}, {"y": "91", "x": "131"}, {"y": "88", "x": "131"}, {"y": "85", "x": "132"}, {"y": "82", "x": "132"}, {"y": "79", "x": "133"}, {"y": "76", "x": "133"}, {"y": "76", "x": "133"}, {"y": "76", "x": "133"}, {"y": "72", "x": "134"}, {"y": "69", "x": "134"}, {"y": "66", "x": "135"}, {"y": "62", "x": "135"}, {"y": "59", "x": "136"}, {"y": "56", "x": "136"}, {"y": "52", "x": "137"}, {"y": "49", "x": "137"}, {"y": "45", "x": "138"}, {"y": "42", "x": "138"}, {"y": "39", "x": "139"}, {"y": "35", "x": "139"}, {"y": "32", "x": "140"}, {"y": "28", "x": "140"}, {"y": "28", "x": "140"}, {"y": "24", "x": "140"}, {"y": "21", "x": "140"}, {"y": "17", "x": "140"}, {"y": "13", "x": "141"}, {"y": "9", "x": "141"}, {"y": "9", "x": "141"}], [{"y": "63", "x": "0"}, {"y": "63", "x": "0"}, {"y": "60", "x": "6"}, {"y": "56", "x": "12"}, {"y": "53", "x": "19"}, {"y": "49", "x": "25"}, {"y": "46", "x": "31"}, {"y": "42", "x": "38"}, {"y": "39", "x": "44"}, {"y": "36", "x": "50"}, {"y": "32", "x": "56"}, {"y": "29", "x": "63"}, {"y": "29", "x": "63"}, {"y": "29", "x": "63"}, {"y": "25", "x": "69"}, {"y": "21", "x": "75"}, {"y": "18", "x": "81"}, {"y": "14", "x": "87"}, {"y": "10", "x": "93"}, {"y": "7", "x": "99"}, {"y": "3", "x": "105"}, {"y": "0", "x": "111"}], [{"y": "8", "x": "190"}, {"y": "8", "x": "190"}, {"y": "11", "x": "195"}, {"y": "15", "x": "199"}, {"y": "18", "x": "204"}, {"y": "21", "x": "209"}, {"y": "25", "x": "214"}, {"y": "28", "x": "218"}, {"y": "31", "x": "223"}, {"y": "35", "x": "228"}, {"y": "38", "x": "233"}, {"y": "41", "x": "237"}, {"y": "41", "x": "237"}, {"y": "41", "x": "237"}, {"y": "45", "x": "242"}, {"y": "48", "x": "247"}, {"y": "51", "x": "252"}, {"y": "55", "x": "256"}, {"y": "58", "x": "261"}, {"y": "61", "x": "266"}, {"y": "65", "x": "270"}, {"y": "68", "x": "275"}, {"y": "71", "x": "280"}, {"y": "75", "x": "285"}, {"y": "78", "x": "289"}, {"y": "82", "x": "294"}, {"y": "85", "x": "299"}, {"y": "88", "x": "304"}, {"y": "92", "x": "308"}, {"y": "95", "x": "313"}, {"y": "98", "x": "318"}, {"y": "98", "x": "318"}]]}