{"Lines": [[{"y": "96", "x": "5"}, {"y": "96", "x": "5"}, {"y": "93", "x": "10"}, {"y": "90", "x": "15"}, {"y": "86", "x": "20"}, {"y": "83", "x": "25"}, {"y": "80", "x": "30"}, {"y": "77", "x": "35"}, {"y": "73", "x": "40"}, {"y": "70", "x": "45"}, {"y": "67", "x": "50"}, {"y": "63", "x": "55"}, {"y": "60", "x": "60"}, {"y": "57", "x": "65"}, {"y": "57", "x": "65"}, {"y": "52", "x": "72"}, {"y": "48", "x": "79"}, {"y": "43", "x": "87"}, {"y": "39", "x": "94"}, {"y": "39", "x": "94"}, {"y": "34", "x": "101"}, {"y": "29", "x": "108"}, {"y": "24", "x": "116"}, {"y": "24", "x": "116"}, {"y": "18", "x": "122"}, {"y": "13", "x": "129"}, {"y": "13", "x": "129"}, {"y": "13", "x": "129"}, {"y": "5", "x": "142"}, {"y": "2", "x": "149"}], [{"y": "2", "x": "212"}, {"y": "5", "x": "220"}, {"y": "9", "x": "228"}, {"y": "13", "x": "236"}, {"y": "17", "x": "244"}, {"y": "20", "x": "251"}, {"y": "20", "x": "251"}, {"y": "20", "x": "251"}, {"y": "24", "x": "257"}, {"y": "27", "x": "264"}, {"y": "30", "x": "270"}, {"y": "34", "x": "276"}, {"y": "37", "x": "282"}, {"y": "40", "x": "288"}, {"y": "43", "x": "294"}, {"y": "47", "x": "300"}, {"y": "50", "x": "306"}, {"y": "53", "x": "312"}, {"y": "57", "x": "318"}, {"y": "57", "x": "319"}]]}