{"Lines": [[{"y": "93", "x": "4"}, {"y": "93", "x": "4"}, {"y": "89", "x": "7"}, {"y": "86", "x": "10"}, {"y": "83", "x": "13"}, {"y": "79", "x": "15"}, {"y": "76", "x": "18"}, {"y": "73", "x": "21"}, {"y": "69", "x": "24"}, {"y": "66", "x": "27"}, {"y": "63", "x": "30"}, {"y": "59", "x": "33"}, {"y": "56", "x": "36"}, {"y": "53", "x": "38"}, {"y": "49", "x": "41"}, {"y": "46", "x": "44"}, {"y": "43", "x": "47"}, {"y": "39", "x": "50"}, {"y": "36", "x": "53"}, {"y": "36", "x": "53"}, {"y": "36", "x": "53"}, {"y": "32", "x": "55"}, {"y": "28", "x": "57"}, {"y": "25", "x": "60"}, {"y": "21", "x": "62"}, {"y": "17", "x": "64"}, {"y": "17", "x": "64"}, {"y": "13", "x": "65"}, {"y": "8", "x": "66"}, {"y": "3", "x": "66"}], [{"y": "4", "x": "162"}, {"y": "4", "x": "162"}, {"y": "7", "x": "172"}, {"y": "11", "x": "181"}, {"y": "15", "x": "191"}, {"y": "18", "x": "201"}, {"y": "22", "x": "210"}, {"y": "25", "x": "220"}, {"y": "29", "x": "229"}, {"y": "33", "x": "239"}, {"y": "33", "x": "239"}, {"y": "36", "x": "248"}, {"y": "40", "x": "257"}, {"y": "43", "x": "265"}, {"y": "47", "x": "274"}, {"y": "51", "x": "283"}, {"y": "54", "x": "291"}, {"y": "58", "x": "300"}, {"y": "62", "x": "309"}, {"y": "65", "x": "317"}, {"y": "65", "x": "317"}]]}