{"Lines": [[{"y": "48", "x": "1"}, {"y": "48", "x": "1"}, {"y": "44", "x": "8"}, {"y": "40", "x": "14"}, {"y": "37", "x": "21"}, {"y": "33", "x": "28"}, {"y": "30", "x": "34"}, {"y": "26", "x": "41"}, {"y": "22", "x": "48"}, {"y": "19", "x": "54"}, {"y": "15", "x": "61"}, {"y": "15", "x": "61"}, {"y": "15", "x": "61"}, {"y": "11", "x": "68"}, {"y": "7", "x": "74"}, {"y": "3", "x": "81"}, {"y": "0", "x": "88"}, {"y": "0", "x": "88"}], [{"y": "1", "x": "176"}, {"y": "1", "x": "176"}, {"y": "5", "x": "180"}, {"y": "8", "x": "184"}, {"y": "11", "x": "187"}, {"y": "15", "x": "191"}, {"y": "18", "x": "195"}, {"y": "21", "x": "198"}, {"y": "25", "x": "202"}, {"y": "28", "x": "206"}, {"y": "31", "x": "209"}, {"y": "34", "x": "213"}, {"y": "38", "x": "216"}, {"y": "41", "x": "220"}, {"y": "44", "x": "224"}, {"y": "48", "x": "227"}, {"y": "51", "x": "231"}, {"y": "54", "x": "235"}, {"y": "58", "x": "238"}, {"y": "58", "x": "238"}, {"y": "61", "x": "242"}, {"y": "64", "x": "246"}, {"y": "67", "x": "249"}, {"y": "71", "x": "253"}, {"y": "74", "x": "257"}, {"y": "77", "x": "260"}, {"y": "81", "x": "264"}, {"y": "84", "x": "267"}, {"y": "87", "x": "271"}, {"y": "90", "x": "275"}, {"y": "94", "x": "278"}, {"y": "97", "x": "282"}, {"y": "100", "x": "286"}, {"y": "103", "x": "289"}, {"y": "107", "x": "293"}, {"y": "110", "x": "297"}, {"y": "113", "x": "300"}, {"y": "116", "x": "304"}, {"y": "120", "x": "308"}, {"y": "123", "x": "311"}, {"y": "126", "x": "315"}, {"y": "130", "x": "319"}, {"y": "130", "x": "319"}]]}