{"Lines": [[{"y": "75", "x": "1"}, {"y": "75", "x": "1"}, {"y": "72", "x": "7"}, {"y": "68", "x": "13"}, {"y": "65", "x": "19"}, {"y": "62", "x": "24"}, {"y": "58", "x": "30"}, {"y": "55", "x": "36"}, {"y": "52", "x": "42"}, {"y": "48", "x": "48"}, {"y": "45", "x": "54"}, {"y": "42", "x": "60"}, {"y": "38", "x": "65"}, {"y": "35", "x": "71"}, {"y": "35", "x": "71"}, {"y": "35", "x": "71"}, {"y": "31", "x": "79"}, {"y": "28", "x": "87"}, {"y": "24", "x": "95"}, {"y": "20", "x": "102"}, {"y": "16", "x": "110"}, {"y": "13", "x": "118"}, {"y": "13", "x": "118"}], [{"y": "9", "x": "188"}, {"y": "9", "x": "188"}, {"y": "13", "x": "195"}, {"y": "17", "x": "201"}, {"y": "20", "x": "208"}, {"y": "24", "x": "214"}, {"y": "28", "x": "220"}, {"y": "28", "x": "220"}, {"y": "28", "x": "220"}, {"y": "31", "x": "225"}, {"y": "34", "x": "230"}, {"y": "38", "x": "235"}, {"y": "41", "x": "240"}, {"y": "44", "x": "245"}, {"y": "48", "x": "250"}, {"y": "51", "x": "255"}, {"y": "54", "x": "260"}, {"y": "57", "x": "264"}, {"y": "61", "x": "269"}, {"y": "64", "x": "274"}, {"y": "67", "x": "279"}, {"y": "71", "x": "284"}, {"y": "74", "x": "289"}, {"y": "77", "x": "294"}, {"y": "80", "x": "299"}, {"y": "84", "x": "304"}, {"y": "87", "x": "309"}, {"y": "90", "x": "314"}, {"y": "94", "x": "319"}, {"y": "94", "x": "319"}]]}