{"Lines": [[{"y": "76", "x": "1"}, {"y": "76", "x": "1"}, {"y": "72", "x": "6"}, {"y": "69", "x": "12"}, {"y": "66", "x": "18"}, {"y": "62", "x": "23"}, {"y": "59", "x": "29"}, {"y": "56", "x": "34"}, {"y": "53", "x": "40"}, {"y": "49", "x": "46"}, {"y": "46", "x": "51"}, {"y": "43", "x": "57"}, {"y": "40", "x": "62"}, {"y": "36", "x": "68"}, {"y": "33", "x": "74"}, {"y": "30", "x": "79"}, {"y": "26", "x": "85"}, {"y": "26", "x": "85"}, {"y": "26", "x": "85"}, {"y": "23", "x": "91"}, {"y": "19", "x": "97"}, {"y": "16", "x": "104"}, {"y": "12", "x": "110"}, {"y": "9", "x": "116"}, {"y": "5", "x": "122"}, {"y": "5", "x": "122"}], [{"y": "3", "x": "195"}, {"y": "3", "x": "195"}, {"y": "6", "x": "199"}, {"y": "10", "x": "204"}, {"y": "13", "x": "209"}, {"y": "17", "x": "214"}, {"y": "20", "x": "218"}, {"y": "24", "x": "223"}, {"y": "27", "x": "228"}, {"y": "30", "x": "233"}, {"y": "34", "x": "238"}, {"y": "37", "x": "242"}, {"y": "41", "x": "247"}, {"y": "41", "x": "247"}, {"y": "44", "x": "252"}, {"y": "48", "x": "257"}, {"y": "51", "x": "262"}, {"y": "54", "x": "267"}, {"y": "58", "x": "272"}, {"y": "61", "x": "277"}, {"y": "65", "x": "282"}, {"y": "68", "x": "287"}, {"y": "72", "x": "292"}, {"y": "75", "x": "297"}, {"y": "78", "x": "303"}, {"y": "82", "x": "308"}, {"y": "85", "x": "313"}, {"y": "89", "x": "318"}, {"y": "89", "x": "318"}]]}