{"Lines": [[{"y": "60", "x": "0"}, {"y": "60", "x": "0"}, {"y": "57", "x": "8"}, {"y": "53", "x": "16"}, {"y": "50", "x": "24"}, {"y": "46", "x": "32"}, {"y": "43", "x": "40"}, {"y": "40", "x": "47"}, {"y": "36", "x": "55"}, {"y": "33", "x": "63"}, {"y": "29", "x": "71"}, {"y": "29", "x": "71"}, {"y": "26", "x": "80"}, {"y": "22", "x": "89"}, {"y": "18", "x": "98"}, {"y": "14", "x": "107"}, {"y": "14", "x": "107"}], [{"y": "23", "x": "210"}, {"y": "23", "x": "210"}, {"y": "27", "x": "213"}, {"y": "30", "x": "217"}, {"y": "33", "x": "220"}, {"y": "37", "x": "223"}, {"y": "40", "x": "227"}, {"y": "43", "x": "230"}, {"y": "47", "x": "233"}, {"y": "50", "x": "237"}, {"y": "53", "x": "240"}, {"y": "57", "x": "243"}, {"y": "57", "x": "243"}, {"y": "60", "x": "246"}, {"y": "63", "x": "249"}, {"y": "66", "x": "253"}, {"y": "70", "x": "256"}, {"y": "73", "x": "259"}, {"y": "76", "x": "262"}, {"y": "79", "x": "265"}, {"y": "82", "x": "268"}, {"y": "86", "x": "271"}, {"y": "89", "x": "275"}, {"y": "92", "x": "278"}, {"y": "95", "x": "281"}, {"y": "98", "x": "284"}, {"y": "102", "x": "287"}, {"y": "105", "x": "290"}, {"y": "108", "x": "293"}, {"y": "111", "x": "297"}, {"y": "114", "x": "300"}, {"y": "118", "x": "303"}, {"y": "121", "x": "306"}, {"y": "124", "x": "309"}, {"y": "127", "x": "312"}, {"y": "130", "x": "315"}, {"y": "134", "x": "319"}, {"y": "134", "x": "319"}]]}