{"Lines": [[{"y": "106", "x": "6"}, {"y": "106", "x": "6"}, {"y": "103", "x": "10"}, {"y": "100", "x": "13"}, {"y": "96", "x": "17"}, {"y": "93", "x": "20"}, {"y": "90", "x": "24"}, {"y": "87", "x": "27"}, {"y": "83", "x": "31"}, {"y": "80", "x": "34"}, {"y": "77", "x": "37"}, {"y": "74", "x": "41"}, {"y": "70", "x": "44"}, {"y": "67", "x": "48"}, {"y": "64", "x": "51"}, {"y": "61", "x": "55"}, {"y": "57", "x": "58"}, {"y": "54", "x": "62"}, {"y": "51", "x": "65"}, {"y": "48", "x": "68"}, {"y": "44", "x": "72"}, {"y": "41", "x": "75"}, {"y": "38", "x": "79"}, {"y": "35", "x": "82"}, {"y": "31", "x": "86"}, {"y": "28", "x": "89"}, {"y": "28", "x": "89"}, {"y": "25", "x": "93"}, {"y": "21", "x": "97"}, {"y": "17", "x": "101"}, {"y": "14", "x": "105"}, {"y": "10", "x": "109"}, {"y": "7", "x": "113"}, {"y": "3", "x": "117"}, {"y": "0", "x": "120"}, {"y": "0", "x": "121"}], [{"y": "0", "x": "215"}, {"y": "0", "x": "215"}, {"y": "4", "x": "221"}, {"y": "9", "x": "228"}, {"y": "13", "x": "235"}, {"y": "17", "x": "241"}, {"y": "21", "x": "248"}, {"y": "25", "x": "254"}, {"y": "28", "x": "261"}, {"y": "31", "x": "267"}, {"y": "35", "x": "273"}, {"y": "38", "x": "280"}, {"y": "42", "x": "286"}, {"y": "45", "x": "293"}, {"y": "48", "x": "299"}, {"y": "52", "x": "306"}, {"y": "55", "x": "312"}, {"y": "59", "x": "319"}]]}