{"Lines": [[{"y": "77", "x": "1"}, {"y": "77", "x": "1"}, {"y": "74", "x": "6"}, {"y": "71", "x": "12"}, {"y": "67", "x": "18"}, {"y": "64", "x": "24"}, {"y": "61", "x": "29"}, {"y": "57", "x": "35"}, {"y": "54", "x": "41"}, {"y": "51", "x": "47"}, {"y": "48", "x": "52"}, {"y": "44", "x": "58"}, {"y": "41", "x": "64"}, {"y": "38", "x": "69"}, {"y": "35", "x": "75"}, {"y": "31", "x": "81"}, {"y": "28", "x": "87"}, {"y": "28", "x": "87"}, {"y": "28", "x": "87"}, {"y": "24", "x": "96"}, {"y": "20", "x": "105"}, {"y": "16", "x": "114"}, {"y": "12", "x": "123"}, {"y": "8", "x": "132"}, {"y": "8", "x": "132"}], [{"y": "8", "x": "185"}, {"y": "8", "x": "185"}, {"y": "11", "x": "191"}, {"y": "15", "x": "197"}, {"y": "18", "x": "202"}, {"y": "22", "x": "208"}, {"y": "25", "x": "214"}, {"y": "28", "x": "220"}, {"y": "32", "x": "225"}, {"y": "35", "x": "231"}, {"y": "38", "x": "237"}, {"y": "38", "x": "237"}, {"y": "38", "x": "237"}, {"y": "42", "x": "242"}, {"y": "45", "x": "246"}, {"y": "48", "x": "251"}, {"y": "51", "x": "256"}, {"y": "55", "x": "261"}, {"y": "58", "x": "266"}, {"y": "61", "x": "270"}, {"y": "64", "x": "275"}, {"y": "68", "x": "280"}, {"y": "71", "x": "285"}, {"y": "74", "x": "289"}, {"y": "77", "x": "294"}, {"y": "81", "x": "299"}, {"y": "84", "x": "304"}, {"y": "87", "x": "309"}, {"y": "90", "x": "313"}, {"y": "94", "x": "318"}]]}