{"Lines": [[{"y": "63", "x": "1"}, {"y": "63", "x": "1"}, {"y": "59", "x": "7"}, {"y": "56", "x": "13"}, {"y": "52", "x": "19"}, {"y": "49", "x": "26"}, {"y": "45", "x": "32"}, {"y": "42", "x": "38"}, {"y": "38", "x": "44"}, {"y": "35", "x": "50"}, {"y": "31", "x": "56"}, {"y": "28", "x": "63"}, {"y": "25", "x": "69"}, {"y": "25", "x": "69"}, {"y": "25", "x": "69"}, {"y": "21", "x": "75"}, {"y": "17", "x": "81"}, {"y": "13", "x": "88"}, {"y": "9", "x": "94"}, {"y": "5", "x": "100"}, {"y": "1", "x": "107"}, {"y": "1", "x": "107"}], [{"y": "3", "x": "181"}, {"y": "3", "x": "181"}, {"y": "6", "x": "186"}, {"y": "10", "x": "190"}, {"y": "13", "x": "195"}, {"y": "17", "x": "200"}, {"y": "20", "x": "205"}, {"y": "24", "x": "210"}, {"y": "27", "x": "215"}, {"y": "31", "x": "220"}, {"y": "34", "x": "225"}, {"y": "38", "x": "230"}, {"y": "41", "x": "234"}, {"y": "45", "x": "239"}, {"y": "45", "x": "239"}, {"y": "48", "x": "243"}, {"y": "51", "x": "248"}, {"y": "54", "x": "252"}, {"y": "57", "x": "256"}, {"y": "61", "x": "260"}, {"y": "64", "x": "264"}, {"y": "67", "x": "268"}, {"y": "70", "x": "273"}, {"y": "73", "x": "277"}, {"y": "77", "x": "281"}, {"y": "80", "x": "285"}, {"y": "83", "x": "289"}, {"y": "86", "x": "293"}, {"y": "89", "x": "298"}, {"y": "93", "x": "302"}, {"y": "96", "x": "306"}, {"y": "99", "x": "310"}, {"y": "102", "x": "314"}, {"y": "106", "x": "319"}]]}