{"Lines": [[{"y": "1", "x": "70"}, {"y": "1", "x": "70"}, {"y": "6", "x": "87"}, {"y": "6", "x": "87"}, {"y": "12", "x": "102"}, {"y": "12", "x": "102"}, {"y": "16", "x": "118"}, {"y": "16", "x": "118"}, {"y": "22", "x": "137"}, {"y": "22", "x": "137"}, {"y": "26", "x": "156"}, {"y": "28", "x": "169"}, {"y": "28", "x": "169"}, {"y": "31", "x": "186"}, {"y": "31", "x": "186"}, {"y": "35", "x": "199"}, {"y": "35", "x": "199"}, {"y": "39", "x": "212"}, {"y": "39", "x": "212"}, {"y": "43", "x": "229"}, {"y": "43", "x": "229"}, {"y": "47", "x": "247"}, {"y": "47", "x": "247"}, {"y": "51", "x": "263"}, {"y": "54", "x": "277"}, {"y": "57", "x": "288"}, {"y": "57", "x": "288"}, {"y": "60", "x": "302"}, {"y": "65", "x": "318"}]]}