{"Lines": [[{"y": "39", "x": "157"}, {"y": "39", "x": "157"}, {"y": "39", "x": "157"}, {"y": "42", "x": "157"}, {"y": "45", "x": "157"}, {"y": "35", "x": "157"}, {"y": "49", "x": "157"}, {"y": "52", "x": "157"}, {"y": "32", "x": "157"}, {"y": "55", "x": "157"}, {"y": "58", "x": "157"}, {"y": "28", "x": "157"}, {"y": "62", "x": "157"}, {"y": "65", "x": "157"}, {"y": "25", "x": "157"}, {"y": "68", "x": "157"}, {"y": "72", "x": "157"}, {"y": "75", "x": "157"}, {"y": "21", "x": "157"}, {"y": "78", "x": "157"}, {"y": "82", "x": "157"}, {"y": "18", "x": "157"}, {"y": "85", "x": "157"}, {"y": "88", "x": "157"}, {"y": "14", "x": "157"}, {"y": "91", "x": "157"}, {"y": "95", "x": "157"}, {"y": "11", "x": "157"}, {"y": "98", "x": "157"}, {"y": "11", "x": "157"}, {"y": "101", "x": "158"}, {"y": "104", "x": "158"}, {"y": "108", "x": "158"}, {"y": "111", "x": "158"}, {"y": "114", "x": "158"}, {"y": "117", "x": "158"}, {"y": "121", "x": "158"}, {"y": "124", "x": "158"}, {"y": "127", "x": "158"}, {"y": "130", "x": "158"}, {"y": "133", "x": "158"}, {"y": "137", "x": "158"}, {"y": "140", "x": "159"}, {"y": "143", "x": "159"}, {"y": "146", "x": "159"}, {"y": "150", "x": "159"}, {"y": "153", "x": "159"}, {"y": "156", "x": "159"}, {"y": "159", "x": "159"}, {"y": "162", "x": "159"}, {"y": "166", "x": "159"}, {"y": "169", "x": "159"}, {"y": "172", "x": "159"}, {"y": "175", "x": "159"}, {"y": "179", "x": "160"}, {"y": "179", "x": "160"}], [{"y": "76", "x": "2"}, {"y": "76", "x": "2"}, {"y": "73", "x": "7"}, {"y": "69", "x": "13"}, {"y": "66", "x": "18"}, {"y": "62", "x": "24"}, {"y": "59", "x": "29"}, {"y": "56", "x": "34"}, {"y": "52", "x": "40"}, {"y": "49", "x": "45"}, {"y": "46", "x": "51"}, {"y": "42", "x": "56"}, {"y": "39", "x": "62"}, {"y": "35", "x": "67"}, {"y": "32", "x": "73"}, {"y": "29", "x": "78"}, {"y": "25", "x": "84"}, {"y": "25", "x": "84"}, {"y": "22", "x": "89"}, {"y": "18", "x": "95"}, {"y": "14", "x": "101"}, {"y": "11", "x": "106"}, {"y": "7", "x": "112"}, {"y": "3", "x": "118"}, {"y": "0", "x": "123"}, {"y": "0", "x": "124"}], [{"y": "1", "x": "194"}, {"y": "1", "x": "194"}, {"y": "5", "x": "200"}, {"y": "8", "x": "206"}, {"y": "12", "x": "212"}, {"y": "16", "x": "218"}, {"y": "20", "x": "224"}, {"y": "24", "x": "230"}, {"y": "24", "x": "230"}, {"y": "24", "x": "230"}, {"y": "27", "x": "235"}, {"y": "31", "x": "240"}, {"y": "34", "x": "245"}, {"y": "37", "x": "250"}, {"y": "40", "x": "256"}, {"y": "44", "x": "261"}, {"y": "47", "x": "266"}, {"y": "50", "x": "271"}, {"y": "54", "x": "276"}, {"y": "57", "x": "281"}, {"y": "60", "x": "286"}, {"y": "64", "x": "292"}, {"y": "67", "x": "297"}, {"y": "70", "x": "302"}, {"y": "73", "x": "307"}, {"y": "77", "x": "312"}, {"y": "80", "x": "317"}]]}