{"Lines": [[{"y": "71", "x": "2"}, {"y": "71", "x": "2"}, {"y": "67", "x": "7"}, {"y": "64", "x": "12"}, {"y": "61", "x": "17"}, {"y": "57", "x": "22"}, {"y": "54", "x": "27"}, {"y": "51", "x": "31"}, {"y": "47", "x": "36"}, {"y": "44", "x": "41"}, {"y": "41", "x": "46"}, {"y": "37", "x": "51"}, {"y": "34", "x": "56"}, {"y": "34", "x": "56"}, {"y": "34", "x": "56"}, {"y": "30", "x": "61"}, {"y": "27", "x": "66"}, {"y": "23", "x": "71"}, {"y": "19", "x": "76"}, {"y": "15", "x": "81"}, {"y": "15", "x": "81"}, {"y": "11", "x": "86"}, {"y": "6", "x": "91"}, {"y": "1", "x": "96"}, {"y": "1", "x": "96"}], [{"y": "12", "x": "181"}, {"y": "12", "x": "181"}, {"y": "16", "x": "186"}, {"y": "19", "x": "191"}, {"y": "23", "x": "196"}, {"y": "26", "x": "200"}, {"y": "30", "x": "205"}, {"y": "33", "x": "210"}, {"y": "37", "x": "215"}, {"y": "40", "x": "220"}, {"y": "44", "x": "224"}, {"y": "44", "x": "224"}, {"y": "44", "x": "224"}, {"y": "47", "x": "228"}, {"y": "50", "x": "232"}, {"y": "53", "x": "236"}, {"y": "57", "x": "240"}, {"y": "60", "x": "244"}, {"y": "63", "x": "248"}, {"y": "66", "x": "252"}, {"y": "69", "x": "256"}, {"y": "72", "x": "260"}, {"y": "76", "x": "264"}, {"y": "79", "x": "268"}, {"y": "82", "x": "272"}, {"y": "85", "x": "276"}, {"y": "88", "x": "279"}, {"y": "91", "x": "283"}, {"y": "95", "x": "287"}, {"y": "98", "x": "291"}, {"y": "101", "x": "295"}, {"y": "104", "x": "299"}, {"y": "104", "x": "299"}, {"y": "104", "x": "299"}, {"y": "108", "x": "304"}, {"y": "113", "x": "308"}, {"y": "117", "x": "313"}, {"y": "121", "x": "318"}, {"y": "121", "x": "318"}]]}