{"Lines": [[{"y": "59", "x": "0"}, {"y": "59", "x": "0"}, {"y": "55", "x": "7"}, {"y": "50", "x": "14"}, {"y": "46", "x": "21"}, {"y": "42", "x": "28"}, {"y": "38", "x": "35"}, {"y": "38", "x": "35"}, {"y": "38", "x": "35"}, {"y": "34", "x": "42"}, {"y": "30", "x": "49"}, {"y": "27", "x": "56"}, {"y": "23", "x": "63"}, {"y": "19", "x": "69"}, {"y": "19", "x": "69"}, {"y": "19", "x": "69"}, {"y": "14", "x": "76"}, {"y": "10", "x": "82"}, {"y": "5", "x": "89"}, {"y": "1", "x": "95"}, {"y": "1", "x": "95"}], [{"y": "3", "x": "172"}, {"y": "3", "x": "172"}, {"y": "6", "x": "177"}, {"y": "10", "x": "182"}, {"y": "13", "x": "187"}, {"y": "16", "x": "193"}, {"y": "20", "x": "198"}, {"y": "23", "x": "203"}, {"y": "27", "x": "208"}, {"y": "30", "x": "213"}, {"y": "30", "x": "213"}, {"y": "30", "x": "213"}, {"y": "33", "x": "217"}, {"y": "37", "x": "221"}, {"y": "40", "x": "225"}, {"y": "43", "x": "230"}, {"y": "47", "x": "234"}, {"y": "50", "x": "238"}, {"y": "53", "x": "242"}, {"y": "56", "x": "246"}, {"y": "60", "x": "250"}, {"y": "63", "x": "255"}, {"y": "66", "x": "259"}, {"y": "70", "x": "263"}, {"y": "73", "x": "267"}, {"y": "73", "x": "267"}, {"y": "73", "x": "267"}, {"y": "76", "x": "271"}, {"y": "80", "x": "276"}, {"y": "83", "x": "280"}, {"y": "87", "x": "284"}, {"y": "90", "x": "288"}, {"y": "94", "x": "293"}, {"y": "97", "x": "297"}, {"y": "101", "x": "301"}, {"y": "104", "x": "306"}, {"y": "108", "x": "310"}, {"y": "111", "x": "314"}, {"y": "115", "x": "319"}, {"y": "115", "x": "319"}]]}