{"Lines": [[{"y": "55", "x": "1"}, {"y": "55", "x": "1"}, {"y": "52", "x": "7"}, {"y": "48", "x": "13"}, {"y": "45", "x": "19"}, {"y": "41", "x": "25"}, {"y": "38", "x": "32"}, {"y": "34", "x": "38"}, {"y": "31", "x": "44"}, {"y": "27", "x": "50"}, {"y": "27", "x": "50"}, {"y": "27", "x": "50"}, {"y": "23", "x": "58"}, {"y": "18", "x": "66"}, {"y": "14", "x": "74"}, {"y": "14", "x": "74"}, {"y": "14", "x": "74"}, {"y": "5", "x": "86"}], [{"y": "6", "x": "174"}, {"y": "6", "x": "174"}, {"y": "10", "x": "180"}, {"y": "14", "x": "185"}, {"y": "18", "x": "191"}, {"y": "22", "x": "197"}, {"y": "26", "x": "203"}, {"y": "30", "x": "209"}, {"y": "30", "x": "209"}, {"y": "30", "x": "209"}, {"y": "33", "x": "213"}, {"y": "37", "x": "216"}, {"y": "40", "x": "220"}, {"y": "43", "x": "224"}, {"y": "46", "x": "228"}, {"y": "49", "x": "232"}, {"y": "53", "x": "236"}, {"y": "56", "x": "240"}, {"y": "59", "x": "244"}, {"y": "62", "x": "248"}, {"y": "65", "x": "252"}, {"y": "69", "x": "256"}, {"y": "72", "x": "259"}, {"y": "75", "x": "263"}, {"y": "78", "x": "267"}, {"y": "82", "x": "271"}, {"y": "85", "x": "275"}, {"y": "88", "x": "279"}, {"y": "91", "x": "283"}, {"y": "94", "x": "287"}, {"y": "98", "x": "291"}, {"y": "98", "x": "291"}, {"y": "98", "x": "291"}, {"y": "101", "x": "295"}, {"y": "105", "x": "300"}, {"y": "109", "x": "305"}, {"y": "113", "x": "309"}, {"y": "117", "x": "314"}, {"y": "121", "x": "318"}]]}