{"Lines": [[{"y": "67", "x": "1"}, {"y": "67", "x": "1"}, {"y": "63", "x": "7"}, {"y": "60", "x": "13"}, {"y": "56", "x": "20"}, {"y": "52", "x": "26"}, {"y": "49", "x": "32"}, {"y": "45", "x": "39"}, {"y": "41", "x": "45"}, {"y": "38", "x": "51"}, {"y": "34", "x": "57"}, {"y": "34", "x": "57"}, {"y": "34", "x": "57"}, {"y": "30", "x": "64"}, {"y": "27", "x": "70"}, {"y": "23", "x": "77"}, {"y": "20", "x": "83"}, {"y": "16", "x": "89"}, {"y": "13", "x": "96"}, {"y": "9", "x": "102"}, {"y": "6", "x": "108"}, {"y": "2", "x": "115"}, {"y": "2", "x": "115"}], [{"y": "2", "x": "190"}, {"y": "6", "x": "195"}, {"y": "9", "x": "200"}, {"y": "13", "x": "205"}, {"y": "17", "x": "210"}, {"y": "20", "x": "215"}, {"y": "24", "x": "220"}, {"y": "24", "x": "220"}, {"y": "24", "x": "220"}, {"y": "27", "x": "224"}, {"y": "31", "x": "229"}, {"y": "34", "x": "233"}, {"y": "38", "x": "238"}, {"y": "41", "x": "242"}, {"y": "45", "x": "247"}, {"y": "48", "x": "251"}, {"y": "52", "x": "256"}, {"y": "55", "x": "261"}, {"y": "59", "x": "265"}, {"y": "62", "x": "270"}, {"y": "66", "x": "274"}, {"y": "66", "x": "274"}, {"y": "69", "x": "279"}, {"y": "72", "x": "283"}, {"y": "76", "x": "287"}, {"y": "79", "x": "292"}, {"y": "83", "x": "296"}, {"y": "86", "x": "301"}, {"y": "89", "x": "305"}, {"y": "93", "x": "310"}, {"y": "96", "x": "314"}, {"y": "100", "x": "319"}]]}