{"Lines": [[{"y": "84", "x": "0"}, {"y": "84", "x": "0"}, {"y": "81", "x": "5"}, {"y": "77", "x": "9"}, {"y": "74", "x": "13"}, {"y": "71", "x": "18"}, {"y": "68", "x": "22"}, {"y": "64", "x": "27"}, {"y": "61", "x": "31"}, {"y": "58", "x": "36"}, {"y": "54", "x": "40"}, {"y": "51", "x": "44"}, {"y": "48", "x": "49"}, {"y": "44", "x": "53"}, {"y": "41", "x": "58"}, {"y": "38", "x": "62"}, {"y": "35", "x": "67"}, {"y": "31", "x": "71"}, {"y": "27", "x": "76"}, {"y": "24", "x": "81"}, {"y": "20", "x": "86"}, {"y": "16", "x": "91"}, {"y": "12", "x": "96"}, {"y": "12", "x": "96"}, {"y": "12", "x": "96"}, {"y": "6", "x": "102"}, {"y": "1", "x": "107"}, {"y": "1", "x": "107"}], [{"y": "0", "x": "197"}, {"y": "0", "x": "197"}, {"y": "4", "x": "203"}, {"y": "8", "x": "210"}, {"y": "12", "x": "216"}, {"y": "16", "x": "223"}, {"y": "20", "x": "229"}, {"y": "24", "x": "236"}, {"y": "24", "x": "236"}, {"y": "24", "x": "236"}, {"y": "27", "x": "241"}, {"y": "30", "x": "247"}, {"y": "34", "x": "252"}, {"y": "37", "x": "258"}, {"y": "40", "x": "263"}, {"y": "43", "x": "269"}, {"y": "47", "x": "274"}, {"y": "50", "x": "280"}, {"y": "53", "x": "285"}, {"y": "56", "x": "291"}, {"y": "60", "x": "296"}, {"y": "63", "x": "302"}, {"y": "66", "x": "307"}, {"y": "69", "x": "313"}, {"y": "73", "x": "319"}, {"y": "73", "x": "319"}]]}