{"Lines": [[{"y": "39", "x": "1"}, {"y": "39", "x": "1"}, {"y": "36", "x": "8"}, {"y": "32", "x": "15"}, {"y": "29", "x": "21"}, {"y": "25", "x": "28"}, {"y": "22", "x": "35"}, {"y": "18", "x": "42"}, {"y": "15", "x": "49"}, {"y": "15", "x": "49"}, {"y": "10", "x": "64"}, {"y": "5", "x": "78"}, {"y": "1", "x": "93"}, {"y": "1", "x": "93"}], [{"y": "4", "x": "145"}, {"y": "9", "x": "151"}, {"y": "15", "x": "156"}, {"y": "15", "x": "156"}, {"y": "15", "x": "156"}, {"y": "19", "x": "162"}, {"y": "22", "x": "167"}, {"y": "25", "x": "172"}, {"y": "29", "x": "177"}, {"y": "32", "x": "182"}, {"y": "35", "x": "187"}, {"y": "39", "x": "193"}, {"y": "42", "x": "198"}, {"y": "45", "x": "203"}, {"y": "49", "x": "208"}, {"y": "49", "x": "208"}, {"y": "49", "x": "208"}, {"y": "52", "x": "212"}, {"y": "55", "x": "217"}, {"y": "58", "x": "221"}, {"y": "61", "x": "225"}, {"y": "64", "x": "229"}, {"y": "67", "x": "233"}, {"y": "71", "x": "238"}, {"y": "74", "x": "242"}, {"y": "77", "x": "246"}, {"y": "80", "x": "250"}, {"y": "83", "x": "255"}, {"y": "86", "x": "259"}, {"y": "89", "x": "263"}, {"y": "92", "x": "267"}, {"y": "96", "x": "272"}, {"y": "99", "x": "276"}, {"y": "102", "x": "280"}, {"y": "105", "x": "284"}, {"y": "108", "x": "288"}, {"y": "111", "x": "293"}, {"y": "114", "x": "297"}, {"y": "117", "x": "301"}, {"y": "121", "x": "305"}, {"y": "124", "x": "310"}, {"y": "127", "x": "314"}, {"y": "130", "x": "318"}, {"y": "130", "x": "318"}]]}