{"Lines": [[{"y": "37", "x": "0"}, {"y": "37", "x": "0"}, {"y": "34", "x": "9"}, {"y": "30", "x": "17"}, {"y": "26", "x": "26"}, {"y": "23", "x": "35"}, {"y": "19", "x": "44"}, {"y": "16", "x": "53"}, {"y": "12", "x": "61"}, {"y": "12", "x": "61"}, {"y": "12", "x": "61"}, {"y": "7", "x": "76"}, {"y": "1", "x": "91"}, {"y": "1", "x": "91"}], [{"y": "1", "x": "162"}, {"y": "1", "x": "162"}, {"y": "4", "x": "165"}, {"y": "7", "x": "167"}, {"y": "11", "x": "170"}, {"y": "14", "x": "172"}, {"y": "17", "x": "174"}, {"y": "20", "x": "177"}, {"y": "24", "x": "179"}, {"y": "27", "x": "182"}, {"y": "30", "x": "184"}, {"y": "33", "x": "186"}, {"y": "37", "x": "189"}, {"y": "40", "x": "191"}, {"y": "43", "x": "194"}, {"y": "47", "x": "196"}, {"y": "50", "x": "198"}, {"y": "53", "x": "201"}, {"y": "53", "x": "201"}, {"y": "53", "x": "201"}, {"y": "56", "x": "203"}, {"y": "59", "x": "205"}, {"y": "63", "x": "208"}, {"y": "66", "x": "210"}, {"y": "69", "x": "212"}, {"y": "72", "x": "215"}, {"y": "75", "x": "217"}, {"y": "78", "x": "219"}, {"y": "81", "x": "222"}, {"y": "84", "x": "224"}, {"y": "88", "x": "227"}, {"y": "91", "x": "229"}, {"y": "94", "x": "231"}, {"y": "97", "x": "234"}, {"y": "100", "x": "236"}, {"y": "103", "x": "238"}, {"y": "106", "x": "241"}, {"y": "110", "x": "243"}, {"y": "113", "x": "245"}, {"y": "116", "x": "248"}, {"y": "119", "x": "250"}, {"y": "122", "x": "252"}, {"y": "125", "x": "255"}, {"y": "128", "x": "257"}, {"y": "131", "x": "259"}, {"y": "135", "x": "262"}, {"y": "138", "x": "264"}, {"y": "141", "x": "266"}, {"y": "144", "x": "269"}, {"y": "147", "x": "271"}, {"y": "150", "x": "273"}, {"y": "153", "x": "276"}, {"y": "157", "x": "278"}, {"y": "160", "x": "280"}, {"y": "163", "x": "283"}, {"y": "166", "x": "285"}, {"y": "169", "x": "287"}, {"y": "172", "x": "290"}, {"y": "175", "x": "292"}, {"y": "179", "x": "294"}, {"y": "179", "x": "295"}]]}