{"Lines": [[{"y": "70", "x": "0"}, {"y": "70", "x": "0"}, {"y": "66", "x": "5"}, {"y": "63", "x": "11"}, {"y": "60", "x": "17"}, {"y": "57", "x": "22"}, {"y": "53", "x": "28"}, {"y": "50", "x": "33"}, {"y": "47", "x": "39"}, {"y": "44", "x": "44"}, {"y": "40", "x": "50"}, {"y": "37", "x": "55"}, {"y": "34", "x": "61"}, {"y": "31", "x": "66"}, {"y": "27", "x": "72"}, {"y": "24", "x": "77"}, {"y": "24", "x": "77"}, {"y": "24", "x": "77"}, {"y": "20", "x": "84"}, {"y": "17", "x": "91"}, {"y": "13", "x": "98"}, {"y": "10", "x": "105"}, {"y": "6", "x": "112"}, {"y": "3", "x": "119"}, {"y": "0", "x": "127"}, {"y": "0", "x": "127"}], [{"y": "3", "x": "192"}, {"y": "3", "x": "192"}, {"y": "8", "x": "197"}, {"y": "12", "x": "201"}, {"y": "12", "x": "201"}, {"y": "12", "x": "201"}, {"y": "16", "x": "206"}, {"y": "20", "x": "211"}, {"y": "24", "x": "216"}, {"y": "28", "x": "221"}, {"y": "31", "x": "226"}, {"y": "35", "x": "232"}, {"y": "35", "x": "232"}, {"y": "35", "x": "232"}, {"y": "39", "x": "237"}, {"y": "42", "x": "242"}, {"y": "46", "x": "248"}, {"y": "49", "x": "253"}, {"y": "53", "x": "258"}, {"y": "56", "x": "263"}, {"y": "60", "x": "269"}, {"y": "63", "x": "274"}, {"y": "67", "x": "279"}, {"y": "70", "x": "285"}, {"y": "70", "x": "285"}, {"y": "70", "x": "285"}, {"y": "74", "x": "290"}, {"y": "77", "x": "296"}, {"y": "81", "x": "302"}, {"y": "84", "x": "307"}, {"y": "88", "x": "313"}, {"y": "92", "x": "318"}, {"y": "92", "x": "319"}]]}