{"Lines": [[{"y": "173", "x": "2"}, {"y": "173", "x": "2"}, {"y": "170", "x": "4"}, {"y": "167", "x": "7"}, {"y": "164", "x": "9"}, {"y": "160", "x": "12"}, {"y": "157", "x": "15"}, {"y": "154", "x": "17"}, {"y": "151", "x": "20"}, {"y": "147", "x": "22"}, {"y": "144", "x": "25"}, {"y": "141", "x": "28"}, {"y": "138", "x": "30"}, {"y": "135", "x": "33"}, {"y": "131", "x": "35"}, {"y": "128", "x": "38"}, {"y": "125", "x": "41"}, {"y": "122", "x": "43"}, {"y": "118", "x": "46"}, {"y": "115", "x": "49"}, {"y": "112", "x": "51"}, {"y": "109", "x": "54"}, {"y": "109", "x": "54"}, {"y": "109", "x": "54"}, {"y": "105", "x": "57"}, {"y": "102", "x": "59"}, {"y": "98", "x": "62"}, {"y": "95", "x": "65"}, {"y": "92", "x": "68"}, {"y": "88", "x": "70"}, {"y": "85", "x": "73"}, {"y": "82", "x": "76"}, {"y": "78", "x": "79"}, {"y": "75", "x": "82"}, {"y": "71", "x": "84"}, {"y": "68", "x": "87"}, {"y": "65", "x": "90"}, {"y": "61", "x": "93"}, {"y": "58", "x": "95"}, {"y": "58", "x": "95"}, {"y": "58", "x": "95"}, {"y": "54", "x": "98"}, {"y": "51", "x": "101"}, {"y": "47", "x": "104"}, {"y": "44", "x": "107"}, {"y": "40", "x": "110"}, {"y": "36", "x": "113"}, {"y": "33", "x": "116"}, {"y": "33", "x": "116"}], [{"y": "46", "x": "1"}, {"y": "46", "x": "1"}, {"y": "42", "x": "10"}, {"y": "38", "x": "19"}, {"y": "34", "x": "29"}, {"y": "30", "x": "38"}, {"y": "26", "x": "47"}, {"y": "23", "x": "56"}, {"y": "23", "x": "56"}, {"y": "23", "x": "56"}, {"y": "19", "x": "65"}, {"y": "15", "x": "74"}, {"y": "11", "x": "84"}, {"y": "7", "x": "93"}, {"y": "3", "x": "102"}, {"y": "3", "x": "102"}], [{"y": "2", "x": "179"}, {"y": "2", "x": "179"}, {"y": "5", "x": "181"}, {"y": "8", "x": "184"}, {"y": "11", "x": "186"}, {"y": "15", "x": "189"}, {"y": "18", "x": "191"}, {"y": "21", "x": "193"}, {"y": "24", "x": "196"}, {"y": "27", "x": "198"}, {"y": "31", "x": "201"}, {"y": "34", "x": "203"}, {"y": "37", "x": "205"}, {"y": "40", "x": "208"}, {"y": "43", "x": "210"}, {"y": "47", "x": "213"}, {"y": "50", "x": "215"}, {"y": "53", "x": "217"}, {"y": "56", "x": "220"}, {"y": "59", "x": "222"}, {"y": "62", "x": "225"}, {"y": "66", "x": "227"}, {"y": "69", "x": "229"}, {"y": "72", "x": "232"}, {"y": "75", "x": "234"}, {"y": "78", "x": "236"}, {"y": "82", "x": "239"}, {"y": "82", "x": "239"}, {"y": "82", "x": "239"}, {"y": "85", "x": "241"}, {"y": "88", "x": "243"}, {"y": "91", "x": "246"}, {"y": "94", "x": "248"}, {"y": "97", "x": "250"}, {"y": "100", "x": "253"}, {"y": "103", "x": "255"}, {"y": "106", "x": "257"}, {"y": "109", "x": "259"}, {"y": "113", "x": "262"}, {"y": "116", "x": "264"}, {"y": "119", "x": "266"}, {"y": "122", "x": "269"}, {"y": "125", "x": "271"}, {"y": "128", "x": "273"}, {"y": "131", "x": "275"}, {"y": "134", "x": "278"}, {"y": "137", "x": "280"}, {"y": "141", "x": "282"}, {"y": "144", "x": "285"}, {"y": "147", "x": "287"}, {"y": "150", "x": "289"}, {"y": "153", "x": "291"}, {"y": "156", "x": "294"}, {"y": "159", "x": "296"}, {"y": "162", "x": "298"}, {"y": "165", "x": "301"}, {"y": "169", "x": "303"}, {"y": "172", "x": "305"}, {"y": "175", "x": "307"}, {"y": "178", "x": "310"}]]}