{"Lines": [[{"y": "63", "x": "0"}, {"y": "63", "x": "0"}, {"y": "60", "x": "6"}, {"y": "56", "x": "11"}, {"y": "53", "x": "17"}, {"y": "49", "x": "23"}, {"y": "46", "x": "28"}, {"y": "42", "x": "34"}, {"y": "39", "x": "40"}, {"y": "35", "x": "45"}, {"y": "32", "x": "51"}, {"y": "28", "x": "57"}, {"y": "25", "x": "63"}, {"y": "25", "x": "63"}, {"y": "25", "x": "63"}, {"y": "21", "x": "68"}, {"y": "18", "x": "73"}, {"y": "14", "x": "79"}, {"y": "10", "x": "84"}, {"y": "7", "x": "90"}, {"y": "3", "x": "95"}, {"y": "0", "x": "101"}, {"y": "0", "x": "101"}], [{"y": "0", "x": "199"}, {"y": "0", "x": "199"}, {"y": "4", "x": "203"}, {"y": "7", "x": "207"}, {"y": "11", "x": "211"}, {"y": "14", "x": "215"}, {"y": "18", "x": "219"}, {"y": "21", "x": "223"}, {"y": "25", "x": "227"}, {"y": "28", "x": "231"}, {"y": "32", "x": "235"}, {"y": "35", "x": "239"}, {"y": "35", "x": "239"}, {"y": "35", "x": "239"}, {"y": "38", "x": "243"}, {"y": "41", "x": "247"}, {"y": "45", "x": "251"}, {"y": "48", "x": "255"}, {"y": "51", "x": "260"}, {"y": "54", "x": "264"}, {"y": "57", "x": "268"}, {"y": "60", "x": "272"}, {"y": "64", "x": "276"}, {"y": "67", "x": "281"}, {"y": "70", "x": "285"}, {"y": "73", "x": "289"}, {"y": "76", "x": "293"}, {"y": "80", "x": "297"}, {"y": "83", "x": "302"}, {"y": "86", "x": "306"}, {"y": "89", "x": "310"}, {"y": "92", "x": "314"}, {"y": "96", "x": "318"}, {"y": "96", "x": "319"}]]}