{"Lines": [[{"y": "57", "x": "0"}, {"y": "57", "x": "0"}, {"y": "53", "x": "8"}, {"y": "50", "x": "17"}, {"y": "46", "x": "25"}, {"y": "42", "x": "34"}, {"y": "39", "x": "43"}, {"y": "35", "x": "51"}, {"y": "31", "x": "60"}, {"y": "28", "x": "68"}, {"y": "28", "x": "68"}, {"y": "23", "x": "79"}, {"y": "19", "x": "90"}, {"y": "14", "x": "102"}], [{"y": "13", "x": "196"}, {"y": "13", "x": "196"}, {"y": "17", "x": "199"}, {"y": "20", "x": "203"}, {"y": "23", "x": "206"}, {"y": "27", "x": "209"}, {"y": "30", "x": "212"}, {"y": "33", "x": "215"}, {"y": "37", "x": "218"}, {"y": "40", "x": "221"}, {"y": "43", "x": "225"}, {"y": "47", "x": "228"}, {"y": "50", "x": "231"}, {"y": "53", "x": "234"}, {"y": "57", "x": "237"}, {"y": "57", "x": "237"}, {"y": "57", "x": "237"}, {"y": "60", "x": "240"}, {"y": "63", "x": "243"}, {"y": "66", "x": "246"}, {"y": "70", "x": "249"}, {"y": "73", "x": "252"}, {"y": "76", "x": "255"}, {"y": "79", "x": "258"}, {"y": "82", "x": "260"}, {"y": "86", "x": "263"}, {"y": "89", "x": "266"}, {"y": "92", "x": "269"}, {"y": "95", "x": "272"}, {"y": "99", "x": "275"}, {"y": "102", "x": "278"}, {"y": "105", "x": "281"}, {"y": "108", "x": "284"}, {"y": "111", "x": "286"}, {"y": "115", "x": "289"}, {"y": "118", "x": "292"}, {"y": "121", "x": "295"}, {"y": "124", "x": "298"}, {"y": "127", "x": "301"}, {"y": "131", "x": "304"}, {"y": "134", "x": "307"}, {"y": "137", "x": "310"}, {"y": "140", "x": "312"}, {"y": "143", "x": "315"}, {"y": "147", "x": "318"}, {"y": "147", "x": "318"}]]}