{"Lines": [[{"y": "56", "x": "1"}, {"y": "56", "x": "1"}, {"y": "52", "x": "8"}, {"y": "49", "x": "15"}, {"y": "45", "x": "22"}, {"y": "42", "x": "30"}, {"y": "38", "x": "37"}, {"y": "35", "x": "44"}, {"y": "31", "x": "51"}, {"y": "28", "x": "58"}, {"y": "24", "x": "65"}, {"y": "21", "x": "72"}, {"y": "21", "x": "72"}, {"y": "17", "x": "81"}, {"y": "14", "x": "89"}, {"y": "10", "x": "97"}, {"y": "7", "x": "106"}, {"y": "3", "x": "114"}, {"y": "0", "x": "123"}], [{"y": "9", "x": "187"}, {"y": "9", "x": "187"}, {"y": "2", "x": "187"}, {"y": "2", "x": "187"}, {"y": "15", "x": "187"}, {"y": "15", "x": "187"}, {"y": "15", "x": "187"}, {"y": "21", "x": "190"}, {"y": "21", "x": "190"}, {"y": "21", "x": "190"}, {"y": "26", "x": "194"}, {"y": "30", "x": "197"}, {"y": "35", "x": "200"}, {"y": "35", "x": "200"}, {"y": "35", "x": "200"}, {"y": "39", "x": "203"}, {"y": "42", "x": "206"}, {"y": "45", "x": "209"}, {"y": "48", "x": "212"}, {"y": "51", "x": "214"}, {"y": "55", "x": "217"}, {"y": "58", "x": "220"}, {"y": "61", "x": "223"}, {"y": "64", "x": "226"}, {"y": "67", "x": "228"}, {"y": "70", "x": "231"}, {"y": "74", "x": "234"}, {"y": "77", "x": "237"}, {"y": "80", "x": "240"}, {"y": "83", "x": "243"}, {"y": "86", "x": "245"}, {"y": "90", "x": "248"}, {"y": "93", "x": "251"}, {"y": "96", "x": "254"}, {"y": "96", "x": "254"}, {"y": "99", "x": "257"}, {"y": "103", "x": "261"}, {"y": "106", "x": "264"}, {"y": "109", "x": "267"}, {"y": "112", "x": "271"}, {"y": "116", "x": "274"}, {"y": "119", "x": "278"}, {"y": "122", "x": "281"}, {"y": "125", "x": "284"}, {"y": "129", "x": "288"}, {"y": "132", "x": "291"}, {"y": "135", "x": "295"}, {"y": "139", "x": "298"}, {"y": "142", "x": "301"}, {"y": "145", "x": "305"}, {"y": "148", "x": "308"}, {"y": "152", "x": "311"}, {"y": "155", "x": "315"}, {"y": "158", "x": "318"}, {"y": "158", "x": "318"}]]}