{"Lines": [[{"y": "159", "x": "5"}, {"y": "159", "x": "5"}, {"y": "156", "x": "9"}, {"y": "153", "x": "12"}, {"y": "150", "x": "15"}, {"y": "147", "x": "19"}, {"y": "144", "x": "22"}, {"y": "141", "x": "25"}, {"y": "138", "x": "28"}, {"y": "135", "x": "32"}, {"y": "131", "x": "35"}, {"y": "128", "x": "38"}, {"y": "125", "x": "42"}, {"y": "122", "x": "45"}, {"y": "119", "x": "48"}, {"y": "116", "x": "52"}, {"y": "113", "x": "55"}, {"y": "110", "x": "58"}, {"y": "107", "x": "62"}, {"y": "104", "x": "65"}, {"y": "100", "x": "68"}, {"y": "97", "x": "72"}, {"y": "94", "x": "75"}, {"y": "91", "x": "78"}, {"y": "88", "x": "82"}, {"y": "85", "x": "85"}, {"y": "82", "x": "88"}, {"y": "79", "x": "92"}, {"y": "76", "x": "95"}, {"y": "73", "x": "98"}, {"y": "69", "x": "102"}, {"y": "66", "x": "105"}, {"y": "63", "x": "108"}, {"y": "60", "x": "112"}, {"y": "57", "x": "115"}, {"y": "54", "x": "118"}, {"y": "51", "x": "122"}, {"y": "51", "x": "122"}, {"y": "51", "x": "122"}, {"y": "48", "x": "125"}, {"y": "44", "x": "128"}, {"y": "41", "x": "131"}, {"y": "38", "x": "135"}, {"y": "34", "x": "138"}, {"y": "31", "x": "141"}, {"y": "27", "x": "145"}, {"y": "24", "x": "148"}, {"y": "21", "x": "151"}, {"y": "17", "x": "155"}, {"y": "14", "x": "158"}, {"y": "11", "x": "161"}, {"y": "11", "x": "161"}, {"y": "11", "x": "161"}, {"y": "6", "x": "166"}, {"y": "1", "x": "170"}], [{"y": "1", "x": "243"}, {"y": "1", "x": "243"}, {"y": "6", "x": "255"}, {"y": "11", "x": "268"}, {"y": "16", "x": "280"}, {"y": "16", "x": "280"}, {"y": "16", "x": "280"}, {"y": "20", "x": "289"}, {"y": "24", "x": "299"}, {"y": "29", "x": "309"}, {"y": "33", "x": "318"}, {"y": "33", "x": "318"}]]}