{"Lines": [[{"y": "59", "x": "1"}, {"y": "59", "x": "1"}, {"y": "56", "x": "6"}, {"y": "52", "x": "12"}, {"y": "49", "x": "18"}, {"y": "46", "x": "23"}, {"y": "42", "x": "29"}, {"y": "39", "x": "34"}, {"y": "36", "x": "40"}, {"y": "32", "x": "46"}, {"y": "29", "x": "51"}, {"y": "26", "x": "57"}, {"y": "23", "x": "62"}, {"y": "23", "x": "62"}, {"y": "19", "x": "69"}, {"y": "15", "x": "75"}, {"y": "11", "x": "81"}, {"y": "7", "x": "87"}, {"y": "3", "x": "93"}, {"y": "0", "x": "100"}], [{"y": "0", "x": "197"}, {"y": "3", "x": "201"}, {"y": "7", "x": "205"}, {"y": "10", "x": "209"}, {"y": "14", "x": "213"}, {"y": "17", "x": "217"}, {"y": "20", "x": "221"}, {"y": "24", "x": "225"}, {"y": "27", "x": "229"}, {"y": "30", "x": "233"}, {"y": "34", "x": "236"}, {"y": "37", "x": "240"}, {"y": "40", "x": "244"}, {"y": "40", "x": "244"}, {"y": "40", "x": "244"}, {"y": "44", "x": "249"}, {"y": "47", "x": "253"}, {"y": "50", "x": "257"}, {"y": "53", "x": "261"}, {"y": "57", "x": "265"}, {"y": "60", "x": "269"}, {"y": "63", "x": "273"}, {"y": "66", "x": "277"}, {"y": "70", "x": "281"}, {"y": "73", "x": "286"}, {"y": "76", "x": "290"}, {"y": "79", "x": "294"}, {"y": "82", "x": "298"}, {"y": "86", "x": "302"}, {"y": "89", "x": "306"}, {"y": "92", "x": "310"}, {"y": "95", "x": "314"}, {"y": "99", "x": "318"}, {"y": "99", "x": "319"}]]}