{"Lines": [[{"y": "98", "x": "1"}, {"y": "98", "x": "1"}, {"y": "95", "x": "5"}, {"y": "92", "x": "9"}, {"y": "88", "x": "13"}, {"y": "85", "x": "17"}, {"y": "82", "x": "22"}, {"y": "78", "x": "26"}, {"y": "75", "x": "30"}, {"y": "72", "x": "34"}, {"y": "69", "x": "39"}, {"y": "65", "x": "43"}, {"y": "62", "x": "47"}, {"y": "59", "x": "51"}, {"y": "56", "x": "56"}, {"y": "52", "x": "60"}, {"y": "52", "x": "60"}, {"y": "52", "x": "60"}, {"y": "49", "x": "64"}, {"y": "45", "x": "69"}, {"y": "42", "x": "73"}, {"y": "38", "x": "78"}, {"y": "35", "x": "82"}, {"y": "31", "x": "86"}, {"y": "28", "x": "91"}, {"y": "24", "x": "95"}, {"y": "24", "x": "95"}, {"y": "24", "x": "95"}, {"y": "20", "x": "101"}, {"y": "16", "x": "106"}, {"y": "12", "x": "111"}, {"y": "7", "x": "117"}, {"y": "7", "x": "117"}], [{"y": "8", "x": "194"}, {"y": "11", "x": "200"}, {"y": "15", "x": "206"}, {"y": "19", "x": "211"}, {"y": "22", "x": "217"}, {"y": "26", "x": "223"}, {"y": "30", "x": "228"}, {"y": "33", "x": "234"}, {"y": "33", "x": "234"}, {"y": "33", "x": "234"}, {"y": "37", "x": "239"}, {"y": "40", "x": "243"}, {"y": "43", "x": "248"}, {"y": "46", "x": "253"}, {"y": "49", "x": "257"}, {"y": "53", "x": "262"}, {"y": "56", "x": "266"}, {"y": "59", "x": "271"}, {"y": "62", "x": "276"}, {"y": "65", "x": "280"}, {"y": "69", "x": "285"}, {"y": "72", "x": "290"}, {"y": "75", "x": "294"}, {"y": "78", "x": "299"}, {"y": "81", "x": "304"}, {"y": "85", "x": "308"}, {"y": "88", "x": "313"}, {"y": "91", "x": "317"}, {"y": "91", "x": "317"}]]}