{"Lines": [[{"y": "77", "x": "0"}, {"y": "77", "x": "0"}, {"y": "74", "x": "4"}, {"y": "71", "x": "9"}, {"y": "67", "x": "14"}, {"y": "64", "x": "19"}, {"y": "61", "x": "24"}, {"y": "57", "x": "29"}, {"y": "54", "x": "34"}, {"y": "50", "x": "39"}, {"y": "47", "x": "43"}, {"y": "44", "x": "48"}, {"y": "40", "x": "53"}, {"y": "37", "x": "58"}, {"y": "33", "x": "63"}, {"y": "30", "x": "68"}, {"y": "30", "x": "68"}, {"y": "27", "x": "72"}, {"y": "23", "x": "76"}, {"y": "20", "x": "80"}, {"y": "16", "x": "84"}, {"y": "13", "x": "88"}, {"y": "10", "x": "92"}, {"y": "6", "x": "96"}, {"y": "3", "x": "100"}, {"y": "0", "x": "105"}], [{"y": "3", "x": "185"}, {"y": "3", "x": "185"}, {"y": "6", "x": "191"}, {"y": "9", "x": "197"}, {"y": "12", "x": "202"}, {"y": "16", "x": "208"}, {"y": "19", "x": "214"}, {"y": "22", "x": "219"}, {"y": "25", "x": "225"}, {"y": "29", "x": "231"}, {"y": "32", "x": "236"}, {"y": "35", "x": "242"}, {"y": "38", "x": "248"}, {"y": "42", "x": "253"}, {"y": "42", "x": "253"}, {"y": "42", "x": "253"}, {"y": "45", "x": "259"}, {"y": "49", "x": "264"}, {"y": "52", "x": "270"}, {"y": "55", "x": "275"}, {"y": "59", "x": "281"}, {"y": "62", "x": "286"}, {"y": "66", "x": "291"}, {"y": "69", "x": "297"}, {"y": "72", "x": "302"}, {"y": "76", "x": "308"}, {"y": "79", "x": "313"}, {"y": "83", "x": "318"}, {"y": "83", "x": "319"}]]}