{"Lines": [[{"y": "37", "x": "0"}, {"y": "37", "x": "0"}, {"y": "34", "x": "8"}, {"y": "31", "x": "17"}, {"y": "27", "x": "25"}, {"y": "24", "x": "34"}, {"y": "20", "x": "42"}, {"y": "17", "x": "51"}, {"y": "13", "x": "59"}, {"y": "13", "x": "59"}, {"y": "13", "x": "59"}, {"y": "9", "x": "70"}, {"y": "5", "x": "81"}, {"y": "1", "x": "92"}, {"y": "1", "x": "92"}], [{"y": "4", "x": "165"}, {"y": "8", "x": "167"}, {"y": "11", "x": "170"}, {"y": "14", "x": "173"}, {"y": "18", "x": "175"}, {"y": "21", "x": "178"}, {"y": "24", "x": "181"}, {"y": "28", "x": "183"}, {"y": "31", "x": "186"}, {"y": "34", "x": "189"}, {"y": "38", "x": "192"}, {"y": "41", "x": "194"}, {"y": "44", "x": "197"}, {"y": "48", "x": "200"}, {"y": "51", "x": "202"}, {"y": "51", "x": "202"}, {"y": "51", "x": "202"}, {"y": "54", "x": "205"}, {"y": "57", "x": "207"}, {"y": "60", "x": "210"}, {"y": "64", "x": "212"}, {"y": "67", "x": "215"}, {"y": "70", "x": "217"}, {"y": "73", "x": "220"}, {"y": "76", "x": "222"}, {"y": "79", "x": "225"}, {"y": "82", "x": "227"}, {"y": "85", "x": "230"}, {"y": "88", "x": "232"}, {"y": "92", "x": "235"}, {"y": "95", "x": "237"}, {"y": "98", "x": "240"}, {"y": "101", "x": "242"}, {"y": "104", "x": "245"}, {"y": "107", "x": "247"}, {"y": "110", "x": "250"}, {"y": "113", "x": "252"}, {"y": "116", "x": "255"}, {"y": "119", "x": "257"}, {"y": "123", "x": "260"}, {"y": "126", "x": "262"}, {"y": "129", "x": "265"}, {"y": "132", "x": "267"}, {"y": "135", "x": "270"}, {"y": "138", "x": "272"}, {"y": "141", "x": "275"}, {"y": "144", "x": "277"}, {"y": "147", "x": "280"}, {"y": "151", "x": "282"}, {"y": "154", "x": "285"}, {"y": "157", "x": "287"}, {"y": "160", "x": "290"}, {"y": "163", "x": "292"}, {"y": "166", "x": "295"}, {"y": "169", "x": "297"}, {"y": "172", "x": "300"}, {"y": "175", "x": "302"}, {"y": "179", "x": "304"}, {"y": "179", "x": "305"}]]}