{"Lines": [[{"y": "178", "x": "112"}, {"y": "178", "x": "112"}, {"y": "175", "x": "113"}, {"y": "172", "x": "113"}, {"y": "169", "x": "114"}, {"y": "165", "x": "115"}, {"y": "162", "x": "115"}, {"y": "159", "x": "116"}, {"y": "156", "x": "117"}, {"y": "153", "x": "117"}, {"y": "150", "x": "118"}, {"y": "147", "x": "118"}, {"y": "144", "x": "119"}, {"y": "141", "x": "120"}, {"y": "137", "x": "120"}, {"y": "134", "x": "121"}, {"y": "131", "x": "122"}, {"y": "128", "x": "122"}, {"y": "125", "x": "123"}, {"y": "122", "x": "124"}, {"y": "119", "x": "124"}, {"y": "116", "x": "125"}, {"y": "113", "x": "126"}, {"y": "109", "x": "126"}, {"y": "106", "x": "127"}, {"y": "103", "x": "128"}, {"y": "100", "x": "128"}, {"y": "97", "x": "129"}, {"y": "94", "x": "130"}, {"y": "91", "x": "130"}, {"y": "88", "x": "131"}, {"y": "85", "x": "131"}, {"y": "81", "x": "132"}, {"y": "78", "x": "133"}, {"y": "75", "x": "133"}, {"y": "72", "x": "134"}, {"y": "69", "x": "135"}, {"y": "66", "x": "135"}, {"y": "63", "x": "136"}, {"y": "63", "x": "136"}, {"y": "63", "x": "136"}, {"y": "59", "x": "137"}, {"y": "56", "x": "137"}, {"y": "53", "x": "138"}, {"y": "50", "x": "138"}, {"y": "46", "x": "138"}, {"y": "43", "x": "139"}, {"y": "40", "x": "139"}, {"y": "37", "x": "140"}, {"y": "33", "x": "140"}, {"y": "30", "x": "141"}, {"y": "27", "x": "141"}, {"y": "24", "x": "142"}, {"y": "20", "x": "142"}, {"y": "17", "x": "143"}, {"y": "14", "x": "143"}], [{"y": "65", "x": "0"}, {"y": "65", "x": "0"}, {"y": "61", "x": "6"}, {"y": "58", "x": "12"}, {"y": "54", "x": "18"}, {"y": "51", "x": "24"}, {"y": "47", "x": "30"}, {"y": "44", "x": "36"}, {"y": "40", "x": "42"}, {"y": "37", "x": "48"}, {"y": "33", "x": "54"}, {"y": "30", "x": "60"}, {"y": "30", "x": "60"}, {"y": "30", "x": "60"}, {"y": "27", "x": "65"}, {"y": "23", "x": "71"}, {"y": "20", "x": "76"}, {"y": "17", "x": "81"}, {"y": "13", "x": "86"}, {"y": "10", "x": "92"}, {"y": "7", "x": "97"}, {"y": "3", "x": "102"}, {"y": "0", "x": "107"}, {"y": "0", "x": "107"}], [{"y": "6", "x": "188"}, {"y": "6", "x": "188"}, {"y": "9", "x": "193"}, {"y": "13", "x": "198"}, {"y": "16", "x": "203"}, {"y": "19", "x": "208"}, {"y": "23", "x": "213"}, {"y": "26", "x": "218"}, {"y": "29", "x": "223"}, {"y": "33", "x": "228"}, {"y": "36", "x": "233"}, {"y": "39", "x": "238"}, {"y": "39", "x": "238"}, {"y": "39", "x": "238"}, {"y": "43", "x": "243"}, {"y": "46", "x": "247"}, {"y": "49", "x": "252"}, {"y": "52", "x": "256"}, {"y": "55", "x": "261"}, {"y": "59", "x": "265"}, {"y": "62", "x": "269"}, {"y": "65", "x": "274"}, {"y": "68", "x": "278"}, {"y": "71", "x": "283"}, {"y": "75", "x": "287"}, {"y": "78", "x": "292"}, {"y": "81", "x": "296"}, {"y": "84", "x": "301"}, {"y": "87", "x": "305"}, {"y": "90", "x": "310"}, {"y": "94", "x": "314"}, {"y": "97", "x": "318"}, {"y": "97", "x": "318"}]]}