{"Lines": [[{"y": "84", "x": "2"}, {"y": "84", "x": "2"}, {"y": "80", "x": "8"}, {"y": "77", "x": "14"}, {"y": "73", "x": "20"}, {"y": "70", "x": "25"}, {"y": "66", "x": "31"}, {"y": "63", "x": "37"}, {"y": "59", "x": "43"}, {"y": "56", "x": "49"}, {"y": "52", "x": "55"}, {"y": "49", "x": "61"}, {"y": "45", "x": "66"}, {"y": "45", "x": "66"}, {"y": "45", "x": "66"}, {"y": "41", "x": "74"}, {"y": "37", "x": "81"}, {"y": "33", "x": "88"}, {"y": "30", "x": "96"}, {"y": "26", "x": "103"}, {"y": "22", "x": "110"}, {"y": "18", "x": "117"}], [{"y": "17", "x": "208"}, {"y": "17", "x": "208"}, {"y": "21", "x": "214"}, {"y": "24", "x": "220"}, {"y": "28", "x": "226"}, {"y": "32", "x": "232"}, {"y": "36", "x": "238"}, {"y": "36", "x": "238"}, {"y": "36", "x": "238"}, {"y": "39", "x": "244"}, {"y": "42", "x": "249"}, {"y": "45", "x": "254"}, {"y": "49", "x": "260"}, {"y": "52", "x": "265"}, {"y": "55", "x": "270"}, {"y": "58", "x": "276"}, {"y": "62", "x": "281"}, {"y": "65", "x": "286"}, {"y": "68", "x": "292"}, {"y": "71", "x": "297"}, {"y": "75", "x": "302"}, {"y": "78", "x": "308"}, {"y": "81", "x": "313"}, {"y": "85", "x": "319"}]]}