{"Lines": [[{"y": "59", "x": "0"}, {"y": "59", "x": "0"}, {"y": "56", "x": "6"}, {"y": "52", "x": "11"}, {"y": "49", "x": "16"}, {"y": "45", "x": "22"}, {"y": "42", "x": "27"}, {"y": "38", "x": "33"}, {"y": "35", "x": "38"}, {"y": "32", "x": "43"}, {"y": "28", "x": "49"}, {"y": "25", "x": "54"}, {"y": "21", "x": "60"}, {"y": "21", "x": "60"}, {"y": "21", "x": "60"}, {"y": "18", "x": "65"}, {"y": "14", "x": "70"}, {"y": "11", "x": "76"}, {"y": "7", "x": "81"}, {"y": "3", "x": "87"}, {"y": "0", "x": "92"}, {"y": "0", "x": "92"}], [{"y": "1", "x": "186"}, {"y": "1", "x": "186"}, {"y": "4", "x": "191"}, {"y": "8", "x": "195"}, {"y": "11", "x": "200"}, {"y": "15", "x": "204"}, {"y": "18", "x": "209"}, {"y": "21", "x": "213"}, {"y": "25", "x": "217"}, {"y": "28", "x": "222"}, {"y": "31", "x": "226"}, {"y": "35", "x": "231"}, {"y": "38", "x": "235"}, {"y": "41", "x": "240"}, {"y": "45", "x": "244"}, {"y": "48", "x": "249"}, {"y": "51", "x": "253"}, {"y": "55", "x": "258"}, {"y": "58", "x": "262"}, {"y": "58", "x": "262"}, {"y": "62", "x": "267"}, {"y": "65", "x": "272"}, {"y": "68", "x": "276"}, {"y": "72", "x": "281"}, {"y": "75", "x": "286"}, {"y": "79", "x": "290"}, {"y": "82", "x": "295"}, {"y": "86", "x": "300"}, {"y": "89", "x": "304"}, {"y": "93", "x": "309"}, {"y": "96", "x": "314"}, {"y": "100", "x": "318"}, {"y": "100", "x": "318"}]]}