{"Lines": [[{"y": "64", "x": "0"}, {"y": "64", "x": "0"}, {"y": "61", "x": "6"}, {"y": "58", "x": "12"}, {"y": "54", "x": "19"}, {"y": "51", "x": "25"}, {"y": "48", "x": "31"}, {"y": "44", "x": "37"}, {"y": "41", "x": "43"}, {"y": "38", "x": "49"}, {"y": "34", "x": "55"}, {"y": "34", "x": "55"}, {"y": "34", "x": "55"}, {"y": "30", "x": "62"}, {"y": "26", "x": "68"}, {"y": "22", "x": "74"}, {"y": "18", "x": "80"}, {"y": "14", "x": "86"}, {"y": "9", "x": "91"}, {"y": "5", "x": "95"}, {"y": "0", "x": "100"}, {"y": "0", "x": "100"}], [{"y": "4", "x": "185"}, {"y": "4", "x": "185"}, {"y": "8", "x": "190"}, {"y": "11", "x": "196"}, {"y": "15", "x": "201"}, {"y": "18", "x": "207"}, {"y": "22", "x": "212"}, {"y": "25", "x": "218"}, {"y": "29", "x": "223"}, {"y": "32", "x": "229"}, {"y": "36", "x": "235"}, {"y": "39", "x": "240"}, {"y": "39", "x": "240"}, {"y": "39", "x": "240"}, {"y": "43", "x": "244"}, {"y": "46", "x": "249"}, {"y": "49", "x": "253"}, {"y": "52", "x": "258"}, {"y": "56", "x": "262"}, {"y": "59", "x": "266"}, {"y": "62", "x": "271"}, {"y": "66", "x": "275"}, {"y": "69", "x": "279"}, {"y": "72", "x": "284"}, {"y": "75", "x": "288"}, {"y": "79", "x": "292"}, {"y": "82", "x": "297"}, {"y": "85", "x": "301"}, {"y": "89", "x": "305"}, {"y": "92", "x": "310"}, {"y": "95", "x": "314"}, {"y": "99", "x": "318"}, {"y": "99", "x": "319"}]]}