{"Lines": [[{"y": "78", "x": "1"}, {"y": "78", "x": "1"}, {"y": "74", "x": "7"}, {"y": "71", "x": "14"}, {"y": "67", "x": "21"}, {"y": "64", "x": "27"}, {"y": "61", "x": "34"}, {"y": "57", "x": "40"}, {"y": "54", "x": "47"}, {"y": "50", "x": "53"}, {"y": "47", "x": "60"}, {"y": "43", "x": "66"}, {"y": "40", "x": "73"}, {"y": "36", "x": "79"}, {"y": "33", "x": "86"}, {"y": "33", "x": "86"}, {"y": "33", "x": "86"}, {"y": "29", "x": "95"}, {"y": "25", "x": "104"}, {"y": "21", "x": "113"}, {"y": "16", "x": "122"}, {"y": "12", "x": "131"}, {"y": "12", "x": "131"}, {"y": "12", "x": "131"}, {"y": "8", "x": "142"}, {"y": "4", "x": "154"}, {"y": "0", "x": "165"}, {"y": "0", "x": "165"}], [{"y": "6", "x": "254"}, {"y": "6", "x": "254"}, {"y": "6", "x": "254"}, {"y": "1", "x": "255"}, {"y": "14", "x": "256"}, {"y": "14", "x": "256"}, {"y": "22", "x": "259"}, {"y": "22", "x": "260"}, {"y": "22", "x": "260"}, {"y": "27", "x": "264"}, {"y": "32", "x": "269"}, {"y": "32", "x": "269"}, {"y": "36", "x": "273"}, {"y": "40", "x": "277"}, {"y": "44", "x": "281"}, {"y": "48", "x": "286"}, {"y": "48", "x": "286"}, {"y": "48", "x": "286"}, {"y": "52", "x": "290"}, {"y": "56", "x": "295"}, {"y": "60", "x": "300"}, {"y": "64", "x": "304"}, {"y": "68", "x": "309"}, {"y": "71", "x": "313"}, {"y": "75", "x": "318"}, {"y": "75", "x": "318"}]]}