{"Lines": [[{"y": "86", "x": "0"}, {"y": "86", "x": "0"}, {"y": "83", "x": "4"}, {"y": "79", "x": "9"}, {"y": "76", "x": "14"}, {"y": "72", "x": "18"}, {"y": "69", "x": "23"}, {"y": "65", "x": "27"}, {"y": "62", "x": "32"}, {"y": "58", "x": "36"}, {"y": "55", "x": "41"}, {"y": "51", "x": "45"}, {"y": "51", "x": "45"}, {"y": "47", "x": "50"}, {"y": "43", "x": "54"}, {"y": "40", "x": "59"}, {"y": "36", "x": "63"}, {"y": "32", "x": "68"}, {"y": "28", "x": "72"}, {"y": "28", "x": "72"}, {"y": "28", "x": "72"}, {"y": "23", "x": "78"}, {"y": "19", "x": "83"}, {"y": "14", "x": "88"}], [{"y": "18", "x": "195"}, {"y": "22", "x": "200"}, {"y": "26", "x": "206"}, {"y": "29", "x": "212"}, {"y": "33", "x": "218"}, {"y": "37", "x": "224"}, {"y": "40", "x": "230"}, {"y": "40", "x": "230"}, {"y": "44", "x": "235"}, {"y": "48", "x": "241"}, {"y": "51", "x": "246"}, {"y": "55", "x": "251"}, {"y": "59", "x": "257"}, {"y": "62", "x": "262"}, {"y": "66", "x": "267"}, {"y": "70", "x": "273"}, {"y": "73", "x": "278"}, {"y": "73", "x": "278"}, {"y": "77", "x": "283"}, {"y": "80", "x": "288"}, {"y": "84", "x": "293"}, {"y": "88", "x": "298"}, {"y": "91", "x": "303"}, {"y": "95", "x": "308"}, {"y": "98", "x": "313"}, {"y": "102", "x": "318"}, {"y": "102", "x": "318"}]]}