{"Lines": [[{"y": "4", "x": "214"}, {"y": "4", "x": "214"}, {"y": "8", "x": "216"}, {"y": "11", "x": "218"}, {"y": "15", "x": "220"}, {"y": "19", "x": "222"}, {"y": "23", "x": "224"}, {"y": "26", "x": "226"}, {"y": "30", "x": "228"}, {"y": "30", "x": "228"}, {"y": "30", "x": "228"}, {"y": "33", "x": "229"}, {"y": "36", "x": "230"}, {"y": "39", "x": "231"}, {"y": "42", "x": "232"}, {"y": "46", "x": "233"}, {"y": "49", "x": "234"}, {"y": "52", "x": "235"}, {"y": "55", "x": "236"}, {"y": "58", "x": "237"}, {"y": "61", "x": "238"}, {"y": "64", "x": "239"}, {"y": "67", "x": "240"}, {"y": "70", "x": "241"}, {"y": "73", "x": "242"}, {"y": "76", "x": "243"}, {"y": "79", "x": "244"}, {"y": "83", "x": "245"}, {"y": "86", "x": "246"}, {"y": "89", "x": "247"}, {"y": "92", "x": "248"}, {"y": "95", "x": "249"}, {"y": "98", "x": "250"}, {"y": "101", "x": "251"}, {"y": "104", "x": "252"}, {"y": "107", "x": "253"}, {"y": "110", "x": "254"}, {"y": "113", "x": "255"}, {"y": "117", "x": "256"}, {"y": "120", "x": "257"}, {"y": "123", "x": "258"}, {"y": "126", "x": "259"}, {"y": "129", "x": "260"}, {"y": "132", "x": "261"}, {"y": "135", "x": "262"}, {"y": "138", "x": "263"}, {"y": "141", "x": "264"}, {"y": "144", "x": "265"}, {"y": "147", "x": "266"}, {"y": "150", "x": "267"}, {"y": "154", "x": "268"}, {"y": "157", "x": "269"}, {"y": "160", "x": "270"}, {"y": "163", "x": "271"}, {"y": "166", "x": "272"}, {"y": "169", "x": "273"}, {"y": "172", "x": "274"}, {"y": "175", "x": "275"}, {"y": "178", "x": "276"}, {"y": "178", "x": "276"}], [{"y": "3", "x": "250"}, {"y": "3", "x": "250"}, {"y": "7", "x": "257"}, {"y": "11", "x": "264"}, {"y": "14", "x": "272"}, {"y": "18", "x": "279"}, {"y": "22", "x": "286"}, {"y": "22", "x": "286"}, {"y": "26", "x": "294"}, {"y": "31", "x": "302"}, {"y": "35", "x": "310"}, {"y": "39", "x": "318"}, {"y": "39", "x": "318"}]]}