{"Lines": [[{"y": "39", "x": "2"}, {"y": "39", "x": "2"}, {"y": "36", "x": "9"}, {"y": "32", "x": "16"}, {"y": "29", "x": "24"}, {"y": "25", "x": "31"}, {"y": "22", "x": "39"}, {"y": "19", "x": "46"}, {"y": "15", "x": "53"}, {"y": "12", "x": "61"}, {"y": "12", "x": "61"}, {"y": "12", "x": "61"}, {"y": "8", "x": "72"}, {"y": "4", "x": "83"}, {"y": "0", "x": "93"}, {"y": "0", "x": "94"}], [{"y": "1", "x": "162"}, {"y": "4", "x": "165"}, {"y": "8", "x": "168"}, {"y": "11", "x": "171"}, {"y": "15", "x": "174"}, {"y": "18", "x": "177"}, {"y": "22", "x": "180"}, {"y": "25", "x": "183"}, {"y": "28", "x": "185"}, {"y": "32", "x": "188"}, {"y": "35", "x": "191"}, {"y": "39", "x": "194"}, {"y": "39", "x": "194"}, {"y": "42", "x": "197"}, {"y": "45", "x": "199"}, {"y": "48", "x": "202"}, {"y": "51", "x": "204"}, {"y": "54", "x": "207"}, {"y": "57", "x": "209"}, {"y": "61", "x": "212"}, {"y": "64", "x": "214"}, {"y": "67", "x": "217"}, {"y": "70", "x": "219"}, {"y": "73", "x": "222"}, {"y": "76", "x": "224"}, {"y": "79", "x": "227"}, {"y": "82", "x": "229"}, {"y": "85", "x": "232"}, {"y": "89", "x": "234"}, {"y": "92", "x": "237"}, {"y": "95", "x": "240"}, {"y": "98", "x": "242"}, {"y": "101", "x": "245"}, {"y": "104", "x": "247"}, {"y": "107", "x": "250"}, {"y": "110", "x": "252"}, {"y": "113", "x": "255"}, {"y": "116", "x": "257"}, {"y": "120", "x": "260"}, {"y": "123", "x": "262"}, {"y": "126", "x": "265"}, {"y": "129", "x": "267"}, {"y": "132", "x": "270"}, {"y": "135", "x": "272"}, {"y": "138", "x": "275"}, {"y": "141", "x": "277"}, {"y": "144", "x": "280"}, {"y": "147", "x": "282"}, {"y": "151", "x": "285"}, {"y": "154", "x": "287"}, {"y": "157", "x": "290"}, {"y": "160", "x": "292"}, {"y": "163", "x": "295"}, {"y": "166", "x": "297"}, {"y": "169", "x": "300"}, {"y": "172", "x": "302"}, {"y": "175", "x": "305"}, {"y": "179", "x": "308"}]]}