{"Lines": [[{"y": "50", "x": "1"}, {"y": "50", "x": "1"}, {"y": "46", "x": "10"}, {"y": "42", "x": "19"}, {"y": "38", "x": "28"}, {"y": "34", "x": "37"}, {"y": "30", "x": "46"}, {"y": "27", "x": "55"}, {"y": "23", "x": "64"}, {"y": "23", "x": "64"}, {"y": "23", "x": "64"}, {"y": "19", "x": "75"}, {"y": "15", "x": "85"}, {"y": "12", "x": "96"}, {"y": "8", "x": "107"}, {"y": "4", "x": "118"}, {"y": "1", "x": "128"}], [{"y": "11", "x": "193"}, {"y": "17", "x": "194"}, {"y": "17", "x": "194"}, {"y": "7", "x": "195"}, {"y": "24", "x": "196"}, {"y": "24", "x": "196"}, {"y": "24", "x": "196"}, {"y": "4", "x": "197"}, {"y": "4", "x": "197"}, {"y": "28", "x": "199"}, {"y": "0", "x": "202"}, {"y": "31", "x": "202"}, {"y": "35", "x": "206"}, {"y": "39", "x": "209"}, {"y": "43", "x": "212"}, {"y": "47", "x": "215"}, {"y": "50", "x": "218"}, {"y": "50", "x": "218"}, {"y": "53", "x": "222"}, {"y": "57", "x": "225"}, {"y": "60", "x": "228"}, {"y": "63", "x": "232"}, {"y": "66", "x": "235"}, {"y": "69", "x": "238"}, {"y": "73", "x": "242"}, {"y": "76", "x": "245"}, {"y": "79", "x": "248"}, {"y": "82", "x": "252"}, {"y": "85", "x": "255"}, {"y": "88", "x": "258"}, {"y": "92", "x": "262"}, {"y": "95", "x": "265"}, {"y": "98", "x": "268"}, {"y": "101", "x": "272"}, {"y": "104", "x": "275"}, {"y": "107", "x": "278"}, {"y": "111", "x": "282"}, {"y": "114", "x": "285"}, {"y": "117", "x": "288"}, {"y": "120", "x": "292"}, {"y": "123", "x": "295"}, {"y": "126", "x": "298"}, {"y": "130", "x": "302"}, {"y": "133", "x": "305"}, {"y": "136", "x": "308"}, {"y": "139", "x": "312"}, {"y": "142", "x": "315"}, {"y": "146", "x": "318"}, {"y": "146", "x": "319"}]]}