{"Lines": [[{"y": "73", "x": "0"}, {"y": "73", "x": "0"}, {"y": "69", "x": "6"}, {"y": "65", "x": "12"}, {"y": "61", "x": "18"}, {"y": "57", "x": "24"}, {"y": "53", "x": "30"}, {"y": "53", "x": "30"}, {"y": "49", "x": "35"}, {"y": "45", "x": "39"}, {"y": "42", "x": "44"}, {"y": "38", "x": "49"}, {"y": "35", "x": "53"}, {"y": "31", "x": "58"}, {"y": "28", "x": "62"}, {"y": "24", "x": "67"}, {"y": "21", "x": "72"}, {"y": "21", "x": "72"}, {"y": "21", "x": "72"}, {"y": "17", "x": "76"}, {"y": "12", "x": "81"}, {"y": "8", "x": "85"}, {"y": "4", "x": "90"}, {"y": "0", "x": "95"}, {"y": "0", "x": "95"}], [{"y": "11", "x": "176"}, {"y": "11", "x": "176"}, {"y": "15", "x": "182"}, {"y": "18", "x": "187"}, {"y": "22", "x": "193"}, {"y": "25", "x": "198"}, {"y": "29", "x": "204"}, {"y": "33", "x": "209"}, {"y": "36", "x": "215"}, {"y": "36", "x": "215"}, {"y": "36", "x": "215"}, {"y": "39", "x": "219"}, {"y": "43", "x": "223"}, {"y": "46", "x": "227"}, {"y": "49", "x": "231"}, {"y": "52", "x": "235"}, {"y": "56", "x": "239"}, {"y": "59", "x": "243"}, {"y": "62", "x": "247"}, {"y": "65", "x": "251"}, {"y": "68", "x": "255"}, {"y": "72", "x": "259"}, {"y": "75", "x": "263"}, {"y": "78", "x": "267"}, {"y": "81", "x": "271"}, {"y": "84", "x": "275"}, {"y": "88", "x": "279"}, {"y": "91", "x": "283"}, {"y": "91", "x": "283"}, {"y": "95", "x": "288"}, {"y": "98", "x": "292"}, {"y": "102", "x": "296"}, {"y": "106", "x": "301"}, {"y": "110", "x": "305"}, {"y": "113", "x": "309"}, {"y": "117", "x": "314"}, {"y": "121", "x": "318"}]]}