{"Lines": [[{"y": "7", "x": "234"}, {"y": "7", "x": "234"}, {"y": "11", "x": "241"}, {"y": "16", "x": "248"}, {"y": "20", "x": "254"}, {"y": "25", "x": "261"}, {"y": "25", "x": "261"}, {"y": "28", "x": "268"}, {"y": "32", "x": "274"}, {"y": "35", "x": "280"}, {"y": "39", "x": "287"}, {"y": "42", "x": "293"}, {"y": "46", "x": "299"}, {"y": "49", "x": "306"}, {"y": "53", "x": "312"}, {"y": "57", "x": "319"}], [{"y": "179", "x": "0"}, {"y": "179", "x": "1"}, {"y": "175", "x": "3"}, {"y": "172", "x": "6"}, {"y": "169", "x": "8"}, {"y": "166", "x": "11"}, {"y": "163", "x": "14"}, {"y": "160", "x": "16"}, {"y": "156", "x": "19"}, {"y": "153", "x": "22"}, {"y": "150", "x": "24"}, {"y": "147", "x": "27"}, {"y": "144", "x": "30"}, {"y": "141", "x": "32"}, {"y": "137", "x": "35"}, {"y": "134", "x": "37"}, {"y": "131", "x": "40"}, {"y": "128", "x": "43"}, {"y": "125", "x": "45"}, {"y": "122", "x": "48"}, {"y": "119", "x": "51"}, {"y": "115", "x": "53"}, {"y": "112", "x": "56"}, {"y": "109", "x": "59"}, {"y": "106", "x": "61"}, {"y": "103", "x": "64"}, {"y": "100", "x": "66"}, {"y": "96", "x": "69"}, {"y": "93", "x": "72"}, {"y": "90", "x": "74"}, {"y": "90", "x": "74"}, {"y": "87", "x": "77"}, {"y": "84", "x": "80"}, {"y": "80", "x": "83"}, {"y": "77", "x": "86"}, {"y": "74", "x": "89"}, {"y": "70", "x": "91"}, {"y": "67", "x": "94"}, {"y": "64", "x": "97"}, {"y": "60", "x": "100"}, {"y": "57", "x": "103"}, {"y": "54", "x": "106"}, {"y": "51", "x": "109"}, {"y": "47", "x": "111"}, {"y": "44", "x": "114"}, {"y": "41", "x": "117"}, {"y": "37", "x": "120"}, {"y": "34", "x": "123"}, {"y": "31", "x": "126"}, {"y": "27", "x": "128"}, {"y": "24", "x": "131"}, {"y": "24", "x": "131"}, {"y": "21", "x": "135"}, {"y": "17", "x": "139"}, {"y": "13", "x": "144"}, {"y": "10", "x": "148"}, {"y": "6", "x": "152"}, {"y": "3", "x": "156"}]]}