{"Lines": [[{"y": "76", "x": "1"}, {"y": "76", "x": "1"}, {"y": "73", "x": "6"}, {"y": "69", "x": "11"}, {"y": "66", "x": "16"}, {"y": "62", "x": "21"}, {"y": "59", "x": "25"}, {"y": "55", "x": "30"}, {"y": "52", "x": "35"}, {"y": "49", "x": "40"}, {"y": "45", "x": "45"}, {"y": "42", "x": "50"}, {"y": "38", "x": "55"}, {"y": "35", "x": "60"}, {"y": "31", "x": "65"}, {"y": "31", "x": "65"}, {"y": "28", "x": "69"}, {"y": "24", "x": "74"}, {"y": "21", "x": "79"}, {"y": "17", "x": "83"}, {"y": "14", "x": "88"}, {"y": "10", "x": "93"}, {"y": "7", "x": "97"}, {"y": "3", "x": "102"}, {"y": "0", "x": "107"}], [{"y": "1", "x": "181"}, {"y": "1", "x": "181"}, {"y": "4", "x": "187"}, {"y": "7", "x": "193"}, {"y": "11", "x": "199"}, {"y": "14", "x": "205"}, {"y": "17", "x": "211"}, {"y": "21", "x": "217"}, {"y": "24", "x": "223"}, {"y": "27", "x": "229"}, {"y": "31", "x": "235"}, {"y": "34", "x": "241"}, {"y": "37", "x": "247"}, {"y": "41", "x": "253"}, {"y": "44", "x": "259"}, {"y": "47", "x": "265"}, {"y": "47", "x": "265"}, {"y": "47", "x": "265"}, {"y": "51", "x": "270"}, {"y": "54", "x": "276"}, {"y": "58", "x": "281"}, {"y": "61", "x": "286"}, {"y": "64", "x": "292"}, {"y": "68", "x": "297"}, {"y": "71", "x": "302"}, {"y": "75", "x": "308"}, {"y": "78", "x": "313"}, {"y": "82", "x": "319"}, {"y": "82", "x": "319"}]]}