{"Lines": [[{"y": "49", "x": "0"}, {"y": "49", "x": "0"}, {"y": "46", "x": "6"}, {"y": "43", "x": "12"}, {"y": "39", "x": "18"}, {"y": "36", "x": "25"}, {"y": "33", "x": "31"}, {"y": "29", "x": "37"}, {"y": "26", "x": "43"}, {"y": "23", "x": "49"}, {"y": "19", "x": "55"}, {"y": "16", "x": "61"}, {"y": "13", "x": "67"}, {"y": "13", "x": "67"}, {"y": "13", "x": "67"}, {"y": "8", "x": "74"}, {"y": "4", "x": "81"}, {"y": "0", "x": "88"}, {"y": "0", "x": "88"}], [{"y": "1", "x": "179"}, {"y": "1", "x": "179"}, {"y": "4", "x": "183"}, {"y": "8", "x": "186"}, {"y": "11", "x": "190"}, {"y": "14", "x": "194"}, {"y": "18", "x": "198"}, {"y": "21", "x": "202"}, {"y": "24", "x": "205"}, {"y": "27", "x": "209"}, {"y": "31", "x": "213"}, {"y": "34", "x": "217"}, {"y": "37", "x": "221"}, {"y": "41", "x": "224"}, {"y": "44", "x": "228"}, {"y": "44", "x": "228"}, {"y": "44", "x": "228"}, {"y": "47", "x": "232"}, {"y": "50", "x": "236"}, {"y": "54", "x": "239"}, {"y": "57", "x": "243"}, {"y": "60", "x": "247"}, {"y": "63", "x": "251"}, {"y": "66", "x": "254"}, {"y": "70", "x": "258"}, {"y": "73", "x": "262"}, {"y": "76", "x": "266"}, {"y": "79", "x": "269"}, {"y": "82", "x": "273"}, {"y": "86", "x": "277"}, {"y": "89", "x": "280"}, {"y": "92", "x": "284"}, {"y": "95", "x": "288"}, {"y": "98", "x": "292"}, {"y": "102", "x": "295"}, {"y": "105", "x": "299"}, {"y": "108", "x": "303"}, {"y": "111", "x": "306"}, {"y": "114", "x": "310"}, {"y": "118", "x": "314"}, {"y": "121", "x": "318"}, {"y": "121", "x": "318"}]]}