{"Lines": [[{"y": "66", "x": "1"}, {"y": "66", "x": "1"}, {"y": "62", "x": "7"}, {"y": "59", "x": "13"}, {"y": "55", "x": "19"}, {"y": "52", "x": "26"}, {"y": "48", "x": "32"}, {"y": "45", "x": "38"}, {"y": "41", "x": "44"}, {"y": "38", "x": "51"}, {"y": "34", "x": "57"}, {"y": "31", "x": "63"}, {"y": "27", "x": "69"}, {"y": "24", "x": "76"}, {"y": "20", "x": "83"}, {"y": "17", "x": "89"}, {"y": "13", "x": "96"}, {"y": "10", "x": "103"}, {"y": "6", "x": "109"}, {"y": "3", "x": "116"}, {"y": "0", "x": "123"}, {"y": "0", "x": "123"}], [{"y": "1", "x": "198"}, {"y": "1", "x": "198"}, {"y": "5", "x": "203"}, {"y": "9", "x": "207"}, {"y": "14", "x": "212"}, {"y": "14", "x": "212"}, {"y": "14", "x": "212"}, {"y": "18", "x": "216"}, {"y": "21", "x": "221"}, {"y": "25", "x": "225"}, {"y": "29", "x": "229"}, {"y": "33", "x": "234"}, {"y": "33", "x": "234"}, {"y": "33", "x": "234"}, {"y": "37", "x": "239"}, {"y": "40", "x": "244"}, {"y": "44", "x": "250"}, {"y": "48", "x": "255"}, {"y": "52", "x": "260"}, {"y": "55", "x": "265"}, {"y": "59", "x": "271"}, {"y": "59", "x": "271"}, {"y": "62", "x": "275"}, {"y": "66", "x": "280"}, {"y": "69", "x": "285"}, {"y": "73", "x": "290"}, {"y": "76", "x": "295"}, {"y": "80", "x": "299"}, {"y": "83", "x": "304"}, {"y": "86", "x": "309"}, {"y": "90", "x": "314"}, {"y": "93", "x": "318"}]]}