{"Lines": [[{"y": "18", "x": "177"}, {"y": "18", "x": "177"}, {"y": "22", "x": "189"}, {"y": "27", "x": "200"}, {"y": "31", "x": "211"}, {"y": "31", "x": "211"}, {"y": "31", "x": "211"}, {"y": "37", "x": "220"}, {"y": "42", "x": "229"}, {"y": "42", "x": "229"}, {"y": "42", "x": "229"}, {"y": "46", "x": "234"}, {"y": "49", "x": "240"}, {"y": "53", "x": "245"}, {"y": "56", "x": "251"}, {"y": "60", "x": "256"}, {"y": "63", "x": "262"}, {"y": "67", "x": "267"}, {"y": "70", "x": "273"}, {"y": "74", "x": "278"}, {"y": "74", "x": "278"}, {"y": "77", "x": "283"}, {"y": "80", "x": "288"}, {"y": "84", "x": "293"}, {"y": "87", "x": "298"}, {"y": "91", "x": "303"}, {"y": "94", "x": "308"}, {"y": "97", "x": "313"}, {"y": "101", "x": "318"}, {"y": "101", "x": "318"}], [{"y": "86", "x": "0"}, {"y": "86", "x": "0"}, {"y": "83", "x": "4"}, {"y": "79", "x": "8"}, {"y": "76", "x": "12"}, {"y": "72", "x": "16"}, {"y": "69", "x": "20"}, {"y": "65", "x": "24"}, {"y": "65", "x": "24"}, {"y": "65", "x": "24"}, {"y": "61", "x": "30"}, {"y": "56", "x": "35"}, {"y": "52", "x": "41"}, {"y": "52", "x": "41"}, {"y": "52", "x": "41"}, {"y": "46", "x": "47"}, {"y": "40", "x": "53"}, {"y": "40", "x": "53"}, {"y": "31", "x": "58"}, {"y": "31", "x": "58"}, {"y": "26", "x": "60"}, {"y": "6", "x": "61"}, {"y": "6", "x": "61"}, {"y": "20", "x": "61"}, {"y": "20", "x": "61"}, {"y": "20", "x": "61"}, {"y": "13", "x": "62"}, {"y": "13", "x": "62"}, {"y": "13", "x": "62"}]]}