{"Lines": [[{"y": "74", "x": "0"}, {"y": "74", "x": "0"}, {"y": "71", "x": "5"}, {"y": "68", "x": "11"}, {"y": "65", "x": "17"}, {"y": "62", "x": "23"}, {"y": "58", "x": "29"}, {"y": "55", "x": "34"}, {"y": "52", "x": "40"}, {"y": "49", "x": "46"}, {"y": "46", "x": "52"}, {"y": "42", "x": "57"}, {"y": "39", "x": "63"}, {"y": "36", "x": "69"}, {"y": "33", "x": "75"}, {"y": "30", "x": "81"}, {"y": "26", "x": "86"}, {"y": "23", "x": "92"}, {"y": "19", "x": "100"}, {"y": "16", "x": "107"}, {"y": "12", "x": "114"}, {"y": "8", "x": "122"}, {"y": "4", "x": "129"}, {"y": "4", "x": "129"}], [{"y": "4", "x": "191"}, {"y": "4", "x": "191"}, {"y": "8", "x": "195"}, {"y": "11", "x": "200"}, {"y": "14", "x": "205"}, {"y": "18", "x": "210"}, {"y": "21", "x": "214"}, {"y": "24", "x": "219"}, {"y": "28", "x": "224"}, {"y": "31", "x": "229"}, {"y": "34", "x": "234"}, {"y": "38", "x": "238"}, {"y": "41", "x": "243"}, {"y": "45", "x": "248"}, {"y": "48", "x": "253"}, {"y": "48", "x": "253"}, {"y": "48", "x": "253"}, {"y": "51", "x": "257"}, {"y": "54", "x": "262"}, {"y": "58", "x": "267"}, {"y": "61", "x": "272"}, {"y": "64", "x": "276"}, {"y": "67", "x": "281"}, {"y": "70", "x": "286"}, {"y": "74", "x": "290"}, {"y": "77", "x": "295"}, {"y": "80", "x": "300"}, {"y": "83", "x": "304"}, {"y": "87", "x": "309"}, {"y": "90", "x": "314"}, {"y": "93", "x": "318"}]]}