{"Lines": [[{"y": "179", "x": "197"}, {"y": "179", "x": "197"}, {"y": "175", "x": "197"}, {"y": "172", "x": "198"}, {"y": "169", "x": "199"}, {"y": "165", "x": "200"}, {"y": "162", "x": "201"}, {"y": "159", "x": "201"}, {"y": "156", "x": "202"}, {"y": "152", "x": "203"}, {"y": "149", "x": "204"}, {"y": "146", "x": "205"}, {"y": "143", "x": "206"}, {"y": "139", "x": "206"}, {"y": "136", "x": "207"}, {"y": "133", "x": "208"}, {"y": "129", "x": "209"}, {"y": "126", "x": "210"}, {"y": "123", "x": "211"}, {"y": "120", "x": "211"}, {"y": "116", "x": "212"}, {"y": "113", "x": "213"}, {"y": "110", "x": "214"}, {"y": "107", "x": "215"}, {"y": "107", "x": "215"}, {"y": "107", "x": "215"}, {"y": "103", "x": "215"}, {"y": "100", "x": "216"}, {"y": "97", "x": "217"}, {"y": "94", "x": "218"}, {"y": "91", "x": "218"}, {"y": "88", "x": "219"}, {"y": "85", "x": "220"}, {"y": "82", "x": "220"}, {"y": "78", "x": "221"}, {"y": "75", "x": "222"}, {"y": "72", "x": "222"}, {"y": "69", "x": "223"}, {"y": "66", "x": "224"}, {"y": "63", "x": "224"}, {"y": "60", "x": "225"}, {"y": "57", "x": "226"}, {"y": "53", "x": "227"}, {"y": "50", "x": "227"}, {"y": "47", "x": "228"}, {"y": "44", "x": "229"}, {"y": "41", "x": "229"}, {"y": "38", "x": "230"}, {"y": "35", "x": "231"}, {"y": "35", "x": "231"}, {"y": "35", "x": "231"}, {"y": "31", "x": "231"}, {"y": "27", "x": "231"}, {"y": "24", "x": "231"}, {"y": "20", "x": "232"}, {"y": "17", "x": "232"}, {"y": "13", "x": "232"}, {"y": "10", "x": "232"}, {"y": "6", "x": "233"}], [{"y": "3", "x": "271"}, {"y": "3", "x": "271"}, {"y": "8", "x": "281"}, {"y": "14", "x": "291"}, {"y": "14", "x": "291"}, {"y": "18", "x": "297"}, {"y": "22", "x": "302"}, {"y": "25", "x": "308"}, {"y": "29", "x": "313"}, {"y": "33", "x": "319"}, {"y": "33", "x": "319"}]]}