{"Lines": [[{"y": "52", "x": "0"}, {"y": "52", "x": "0"}, {"y": "48", "x": "7"}, {"y": "45", "x": "14"}, {"y": "41", "x": "22"}, {"y": "37", "x": "29"}, {"y": "33", "x": "36"}, {"y": "33", "x": "36"}, {"y": "33", "x": "36"}, {"y": "29", "x": "44"}, {"y": "25", "x": "52"}, {"y": "20", "x": "59"}, {"y": "20", "x": "59"}, {"y": "20", "x": "59"}, {"y": "15", "x": "66"}, {"y": "11", "x": "73"}, {"y": "6", "x": "79"}, {"y": "6", "x": "80"}], [{"y": "11", "x": "179"}, {"y": "11", "x": "179"}, {"y": "14", "x": "183"}, {"y": "17", "x": "188"}, {"y": "21", "x": "192"}, {"y": "24", "x": "197"}, {"y": "27", "x": "201"}, {"y": "31", "x": "206"}, {"y": "34", "x": "210"}, {"y": "38", "x": "215"}, {"y": "41", "x": "219"}, {"y": "44", "x": "224"}, {"y": "48", "x": "228"}, {"y": "51", "x": "233"}, {"y": "54", "x": "237"}, {"y": "58", "x": "242"}, {"y": "61", "x": "245"}, {"y": "64", "x": "249"}, {"y": "67", "x": "253"}, {"y": "71", "x": "256"}, {"y": "74", "x": "260"}, {"y": "77", "x": "264"}, {"y": "80", "x": "267"}, {"y": "83", "x": "271"}, {"y": "87", "x": "275"}, {"y": "90", "x": "278"}, {"y": "93", "x": "282"}, {"y": "96", "x": "286"}, {"y": "99", "x": "289"}, {"y": "102", "x": "293"}, {"y": "106", "x": "296"}, {"y": "109", "x": "300"}, {"y": "112", "x": "304"}, {"y": "115", "x": "307"}, {"y": "118", "x": "311"}, {"y": "122", "x": "315"}, {"y": "125", "x": "318"}, {"y": "125", "x": "318"}]]}