{"Lines": [[{"y": "62", "x": "0"}, {"y": "62", "x": "0"}, {"y": "58", "x": "6"}, {"y": "55", "x": "12"}, {"y": "51", "x": "18"}, {"y": "48", "x": "24"}, {"y": "45", "x": "30"}, {"y": "41", "x": "36"}, {"y": "38", "x": "42"}, {"y": "34", "x": "48"}, {"y": "31", "x": "55"}, {"y": "31", "x": "55"}, {"y": "31", "x": "55"}, {"y": "27", "x": "60"}, {"y": "24", "x": "65"}, {"y": "20", "x": "70"}, {"y": "17", "x": "75"}, {"y": "13", "x": "80"}, {"y": "10", "x": "85"}, {"y": "6", "x": "90"}, {"y": "3", "x": "95"}, {"y": "0", "x": "100"}, {"y": "0", "x": "101"}], [{"y": "1", "x": "200"}, {"y": "1", "x": "200"}, {"y": "4", "x": "204"}, {"y": "7", "x": "208"}, {"y": "11", "x": "212"}, {"y": "14", "x": "217"}, {"y": "17", "x": "221"}, {"y": "21", "x": "225"}, {"y": "24", "x": "229"}, {"y": "27", "x": "233"}, {"y": "30", "x": "237"}, {"y": "34", "x": "241"}, {"y": "37", "x": "245"}, {"y": "40", "x": "249"}, {"y": "40", "x": "249"}, {"y": "40", "x": "249"}, {"y": "44", "x": "253"}, {"y": "47", "x": "257"}, {"y": "50", "x": "262"}, {"y": "53", "x": "266"}, {"y": "56", "x": "270"}, {"y": "60", "x": "275"}, {"y": "63", "x": "279"}, {"y": "66", "x": "283"}, {"y": "69", "x": "287"}, {"y": "73", "x": "292"}, {"y": "76", "x": "296"}, {"y": "79", "x": "300"}, {"y": "82", "x": "304"}, {"y": "86", "x": "309"}, {"y": "89", "x": "313"}, {"y": "92", "x": "317"}, {"y": "92", "x": "317"}]]}