{"Lines": [[{"y": "70", "x": "0"}, {"y": "70", "x": "0"}, {"y": "67", "x": "5"}, {"y": "64", "x": "10"}, {"y": "60", "x": "15"}, {"y": "57", "x": "20"}, {"y": "54", "x": "25"}, {"y": "50", "x": "30"}, {"y": "47", "x": "35"}, {"y": "44", "x": "40"}, {"y": "40", "x": "45"}, {"y": "37", "x": "50"}, {"y": "34", "x": "55"}, {"y": "30", "x": "60"}, {"y": "30", "x": "60"}, {"y": "30", "x": "60"}, {"y": "26", "x": "67"}, {"y": "21", "x": "73"}, {"y": "16", "x": "80"}, {"y": "16", "x": "80"}, {"y": "12", "x": "83"}, {"y": "8", "x": "87"}, {"y": "4", "x": "90"}, {"y": "4", "x": "90"}], [{"y": "1", "x": "175"}, {"y": "1", "x": "175"}, {"y": "5", "x": "182"}, {"y": "9", "x": "189"}, {"y": "12", "x": "196"}, {"y": "16", "x": "203"}, {"y": "20", "x": "209"}, {"y": "23", "x": "216"}, {"y": "27", "x": "223"}, {"y": "31", "x": "230"}, {"y": "31", "x": "230"}, {"y": "31", "x": "230"}, {"y": "34", "x": "235"}, {"y": "37", "x": "241"}, {"y": "41", "x": "246"}, {"y": "44", "x": "251"}, {"y": "47", "x": "256"}, {"y": "50", "x": "261"}, {"y": "54", "x": "267"}, {"y": "57", "x": "272"}, {"y": "60", "x": "277"}, {"y": "64", "x": "282"}, {"y": "67", "x": "287"}, {"y": "70", "x": "293"}, {"y": "73", "x": "298"}, {"y": "77", "x": "303"}, {"y": "80", "x": "308"}, {"y": "83", "x": "313"}, {"y": "87", "x": "319"}]]}