{"Lines": [[{"y": "53", "x": "0"}, {"y": "53", "x": "0"}, {"y": "50", "x": "9"}, {"y": "46", "x": "17"}, {"y": "43", "x": "26"}, {"y": "39", "x": "34"}, {"y": "36", "x": "43"}, {"y": "32", "x": "52"}, {"y": "28", "x": "60"}, {"y": "28", "x": "60"}, {"y": "28", "x": "60"}, {"y": "24", "x": "72"}, {"y": "19", "x": "84"}, {"y": "14", "x": "96"}, {"y": "14", "x": "96"}], [{"y": "9", "x": "190"}, {"y": "9", "x": "190"}, {"y": "12", "x": "193"}, {"y": "16", "x": "197"}, {"y": "20", "x": "200"}, {"y": "23", "x": "203"}, {"y": "27", "x": "207"}, {"y": "30", "x": "210"}, {"y": "34", "x": "213"}, {"y": "38", "x": "217"}, {"y": "41", "x": "220"}, {"y": "41", "x": "220"}, {"y": "44", "x": "223"}, {"y": "48", "x": "225"}, {"y": "51", "x": "228"}, {"y": "54", "x": "231"}, {"y": "57", "x": "233"}, {"y": "60", "x": "236"}, {"y": "63", "x": "239"}, {"y": "67", "x": "241"}, {"y": "70", "x": "244"}, {"y": "73", "x": "246"}, {"y": "76", "x": "249"}, {"y": "79", "x": "252"}, {"y": "82", "x": "254"}, {"y": "86", "x": "257"}, {"y": "89", "x": "260"}, {"y": "92", "x": "262"}, {"y": "95", "x": "265"}, {"y": "98", "x": "268"}, {"y": "101", "x": "270"}, {"y": "105", "x": "273"}, {"y": "108", "x": "276"}, {"y": "111", "x": "278"}, {"y": "114", "x": "281"}, {"y": "117", "x": "284"}, {"y": "120", "x": "286"}, {"y": "123", "x": "289"}, {"y": "127", "x": "292"}, {"y": "130", "x": "294"}, {"y": "133", "x": "297"}, {"y": "136", "x": "300"}, {"y": "139", "x": "302"}, {"y": "142", "x": "305"}, {"y": "146", "x": "308"}, {"y": "149", "x": "310"}, {"y": "152", "x": "313"}, {"y": "155", "x": "316"}, {"y": "158", "x": "318"}, {"y": "158", "x": "318"}]]}