{"Lines": [[{"y": "74", "x": "1"}, {"y": "74", "x": "1"}, {"y": "70", "x": "7"}, {"y": "67", "x": "14"}, {"y": "63", "x": "20"}, {"y": "60", "x": "27"}, {"y": "57", "x": "33"}, {"y": "53", "x": "40"}, {"y": "50", "x": "46"}, {"y": "46", "x": "53"}, {"y": "43", "x": "59"}, {"y": "39", "x": "66"}, {"y": "39", "x": "66"}, {"y": "39", "x": "66"}, {"y": "36", "x": "74"}, {"y": "32", "x": "81"}, {"y": "28", "x": "89"}, {"y": "24", "x": "97"}, {"y": "21", "x": "105"}, {"y": "17", "x": "113"}, {"y": "17", "x": "113"}, {"y": "17", "x": "113"}, {"y": "13", "x": "121"}, {"y": "9", "x": "130"}, {"y": "5", "x": "139"}, {"y": "2", "x": "147"}, {"y": "2", "x": "147"}], [{"y": "1", "x": "238"}, {"y": "1", "x": "238"}, {"y": "5", "x": "240"}, {"y": "9", "x": "243"}, {"y": "13", "x": "245"}, {"y": "13", "x": "245"}, {"y": "13", "x": "245"}, {"y": "17", "x": "249"}, {"y": "22", "x": "252"}, {"y": "26", "x": "256"}, {"y": "30", "x": "259"}, {"y": "30", "x": "259"}, {"y": "33", "x": "263"}, {"y": "37", "x": "266"}, {"y": "40", "x": "270"}, {"y": "44", "x": "274"}, {"y": "47", "x": "278"}, {"y": "51", "x": "281"}, {"y": "54", "x": "285"}, {"y": "58", "x": "289"}, {"y": "58", "x": "289"}, {"y": "61", "x": "293"}, {"y": "65", "x": "297"}, {"y": "68", "x": "301"}, {"y": "72", "x": "306"}, {"y": "75", "x": "310"}, {"y": "79", "x": "314"}, {"y": "83", "x": "319"}]]}