{"Lines": [[{"y": "94", "x": "0"}, {"y": "94", "x": "0"}, {"y": "90", "x": "5"}, {"y": "87", "x": "10"}, {"y": "84", "x": "15"}, {"y": "81", "x": "19"}, {"y": "77", "x": "24"}, {"y": "74", "x": "29"}, {"y": "71", "x": "34"}, {"y": "68", "x": "39"}, {"y": "64", "x": "43"}, {"y": "61", "x": "48"}, {"y": "58", "x": "53"}, {"y": "55", "x": "58"}, {"y": "51", "x": "63"}, {"y": "48", "x": "68"}, {"y": "45", "x": "72"}, {"y": "41", "x": "77"}, {"y": "38", "x": "82"}, {"y": "35", "x": "87"}, {"y": "35", "x": "87"}, {"y": "35", "x": "87"}, {"y": "32", "x": "92"}, {"y": "28", "x": "96"}, {"y": "25", "x": "101"}, {"y": "22", "x": "106"}, {"y": "18", "x": "110"}, {"y": "15", "x": "115"}, {"y": "11", "x": "120"}, {"y": "8", "x": "125"}, {"y": "5", "x": "129"}, {"y": "5", "x": "129"}], [{"y": "4", "x": "201"}, {"y": "8", "x": "206"}, {"y": "11", "x": "211"}, {"y": "15", "x": "216"}, {"y": "19", "x": "220"}, {"y": "22", "x": "225"}, {"y": "26", "x": "230"}, {"y": "29", "x": "235"}, {"y": "33", "x": "240"}, {"y": "37", "x": "245"}, {"y": "37", "x": "245"}, {"y": "37", "x": "245"}, {"y": "40", "x": "249"}, {"y": "43", "x": "253"}, {"y": "46", "x": "257"}, {"y": "50", "x": "261"}, {"y": "53", "x": "266"}, {"y": "56", "x": "270"}, {"y": "59", "x": "274"}, {"y": "63", "x": "278"}, {"y": "66", "x": "282"}, {"y": "69", "x": "286"}, {"y": "73", "x": "290"}, {"y": "76", "x": "294"}, {"y": "79", "x": "298"}, {"y": "82", "x": "302"}, {"y": "86", "x": "306"}, {"y": "89", "x": "310"}, {"y": "92", "x": "314"}, {"y": "95", "x": "318"}, {"y": "95", "x": "318"}]]}