{"Lines": [[{"y": "52", "x": "1"}, {"y": "52", "x": "1"}, {"y": "126", "x": "1"}, {"y": "126", "x": "1"}, {"y": "121", "x": "7"}, {"y": "116", "x": "14"}, {"y": "57", "x": "14"}, {"y": "111", "x": "20"}, {"y": "111", "x": "20"}, {"y": "111", "x": "20"}, {"y": "59", "x": "22"}, {"y": "107", "x": "26"}, {"y": "61", "x": "27"}, {"y": "102", "x": "32"}, {"y": "102", "x": "32"}, {"y": "102", "x": "32"}, {"y": "63", "x": "36"}, {"y": "95", "x": "38"}, {"y": "95", "x": "38"}, {"y": "91", "x": "44"}, {"y": "91", "x": "44"}, {"y": "91", "x": "44"}, {"y": "65", "x": "44"}, {"y": "84", "x": "49"}, {"y": "84", "x": "49"}, {"y": "68", "x": "50"}, {"y": "68", "x": "50"}, {"y": "73", "x": "52"}, {"y": "73", "x": "52"}, {"y": "78", "x": "52"}, {"y": "78", "x": "52"}], [{"y": "6", "x": "1"}, {"y": "6", "x": "9"}, {"y": "7", "x": "18"}, {"y": "7", "x": "25"}, {"y": "7", "x": "32"}, {"y": "7", "x": "42"}, {"y": "7", "x": "51"}, {"y": "7", "x": "62"}, {"y": "7", "x": "71"}, {"y": "8", "x": "79"}, {"y": "7", "x": "89"}, {"y": "8", "x": "98"}, {"y": "8", "x": "110"}, {"y": "9", "x": "114"}, {"y": "10", "x": "121"}, {"y": "10", "x": "127"}, {"y": "11", "x": "139"}, {"y": "12", "x": "146"}, {"y": "12", "x": "156"}, {"y": "12", "x": "159"}, {"y": "11", "x": "171"}, {"y": "11", "x": "173"}, {"y": "8", "x": "177"}, {"y": "5", "x": "181"}, {"y": "3", "x": "186"}, {"y": "0", "x": "190"}, {"y": "0", "x": "191"}], [{"y": "1", "x": "270"}, {"y": "1", "x": "270"}, {"y": "8", "x": "280"}, {"y": "8", "x": "280"}, {"y": "8", "x": "280"}, {"y": "12", "x": "287"}, {"y": "16", "x": "293"}, {"y": "20", "x": "299"}, {"y": "24", "x": "306"}, {"y": "28", "x": "312"}, {"y": "32", "x": "319"}, {"y": "32", "x": "319"}]]}