{"Lines": [[{"y": "61", "x": "0"}, {"y": "61", "x": "0"}, {"y": "57", "x": "5"}, {"y": "54", "x": "10"}, {"y": "51", "x": "15"}, {"y": "48", "x": "20"}, {"y": "45", "x": "25"}, {"y": "41", "x": "30"}, {"y": "38", "x": "36"}, {"y": "35", "x": "41"}, {"y": "32", "x": "46"}, {"y": "28", "x": "51"}, {"y": "25", "x": "56"}, {"y": "22", "x": "61"}, {"y": "19", "x": "66"}, {"y": "15", "x": "72"}, {"y": "15", "x": "72"}, {"y": "15", "x": "72"}, {"y": "11", "x": "78"}, {"y": "8", "x": "83"}, {"y": "4", "x": "89"}, {"y": "0", "x": "95"}, {"y": "0", "x": "95"}], [{"y": "1", "x": "187"}, {"y": "4", "x": "191"}, {"y": "7", "x": "196"}, {"y": "10", "x": "200"}, {"y": "14", "x": "205"}, {"y": "17", "x": "210"}, {"y": "20", "x": "214"}, {"y": "24", "x": "219"}, {"y": "27", "x": "223"}, {"y": "30", "x": "228"}, {"y": "34", "x": "232"}, {"y": "37", "x": "237"}, {"y": "40", "x": "241"}, {"y": "44", "x": "246"}, {"y": "47", "x": "250"}, {"y": "50", "x": "255"}, {"y": "50", "x": "255"}, {"y": "50", "x": "255"}, {"y": "54", "x": "259"}, {"y": "57", "x": "264"}, {"y": "60", "x": "268"}, {"y": "64", "x": "273"}, {"y": "67", "x": "277"}, {"y": "70", "x": "282"}, {"y": "74", "x": "287"}, {"y": "77", "x": "291"}, {"y": "80", "x": "296"}, {"y": "84", "x": "300"}, {"y": "87", "x": "305"}, {"y": "90", "x": "309"}, {"y": "94", "x": "314"}, {"y": "97", "x": "318"}, {"y": "97", "x": "318"}]]}