{"Lines": [[{"y": "60", "x": "0"}, {"y": "60", "x": "0"}, {"y": "57", "x": "6"}, {"y": "53", "x": "13"}, {"y": "50", "x": "19"}, {"y": "46", "x": "25"}, {"y": "43", "x": "31"}, {"y": "40", "x": "37"}, {"y": "36", "x": "44"}, {"y": "33", "x": "50"}, {"y": "29", "x": "56"}, {"y": "26", "x": "62"}, {"y": "26", "x": "62"}, {"y": "26", "x": "62"}, {"y": "22", "x": "67"}, {"y": "19", "x": "73"}, {"y": "15", "x": "78"}, {"y": "12", "x": "83"}, {"y": "9", "x": "89"}, {"y": "5", "x": "94"}, {"y": "2", "x": "99"}, {"y": "2", "x": "100"}], [{"y": "4", "x": "177"}, {"y": "4", "x": "177"}, {"y": "7", "x": "182"}, {"y": "10", "x": "186"}, {"y": "14", "x": "191"}, {"y": "17", "x": "196"}, {"y": "20", "x": "201"}, {"y": "24", "x": "206"}, {"y": "27", "x": "211"}, {"y": "31", "x": "216"}, {"y": "34", "x": "221"}, {"y": "37", "x": "226"}, {"y": "41", "x": "231"}, {"y": "44", "x": "235"}, {"y": "44", "x": "235"}, {"y": "44", "x": "235"}, {"y": "47", "x": "240"}, {"y": "51", "x": "244"}, {"y": "54", "x": "248"}, {"y": "57", "x": "252"}, {"y": "61", "x": "256"}, {"y": "64", "x": "260"}, {"y": "67", "x": "264"}, {"y": "70", "x": "269"}, {"y": "74", "x": "273"}, {"y": "77", "x": "277"}, {"y": "80", "x": "281"}, {"y": "83", "x": "285"}, {"y": "87", "x": "289"}, {"y": "90", "x": "294"}, {"y": "93", "x": "298"}, {"y": "96", "x": "302"}, {"y": "100", "x": "306"}, {"y": "103", "x": "310"}, {"y": "106", "x": "314"}, {"y": "110", "x": "318"}, {"y": "110", "x": "319"}]]}