{"Lines": [[{"y": "72", "x": "1"}, {"y": "72", "x": "1"}, {"y": "68", "x": "6"}, {"y": "65", "x": "11"}, {"y": "62", "x": "16"}, {"y": "58", "x": "21"}, {"y": "55", "x": "26"}, {"y": "52", "x": "31"}, {"y": "48", "x": "36"}, {"y": "45", "x": "40"}, {"y": "42", "x": "45"}, {"y": "38", "x": "50"}, {"y": "35", "x": "55"}, {"y": "32", "x": "60"}, {"y": "29", "x": "65"}, {"y": "25", "x": "70"}, {"y": "22", "x": "75"}, {"y": "22", "x": "75"}, {"y": "18", "x": "81"}, {"y": "13", "x": "87"}, {"y": "9", "x": "93"}, {"y": "9", "x": "93"}], [{"y": "12", "x": "183"}, {"y": "12", "x": "183"}, {"y": "15", "x": "187"}, {"y": "19", "x": "191"}, {"y": "23", "x": "196"}, {"y": "26", "x": "200"}, {"y": "30", "x": "204"}, {"y": "33", "x": "209"}, {"y": "37", "x": "213"}, {"y": "40", "x": "217"}, {"y": "44", "x": "222"}, {"y": "47", "x": "226"}, {"y": "47", "x": "226"}, {"y": "47", "x": "226"}, {"y": "50", "x": "230"}, {"y": "54", "x": "234"}, {"y": "57", "x": "237"}, {"y": "60", "x": "241"}, {"y": "63", "x": "245"}, {"y": "66", "x": "249"}, {"y": "70", "x": "252"}, {"y": "73", "x": "256"}, {"y": "76", "x": "260"}, {"y": "79", "x": "264"}, {"y": "83", "x": "267"}, {"y": "86", "x": "271"}, {"y": "89", "x": "275"}, {"y": "92", "x": "278"}, {"y": "95", "x": "282"}, {"y": "99", "x": "286"}, {"y": "102", "x": "290"}, {"y": "105", "x": "293"}, {"y": "105", "x": "293"}, {"y": "109", "x": "297"}, {"y": "112", "x": "301"}, {"y": "116", "x": "306"}, {"y": "120", "x": "310"}, {"y": "124", "x": "314"}, {"y": "127", "x": "318"}, {"y": "127", "x": "318"}]]}