{"Lines": [[{"y": "111", "x": "2"}, {"y": "111", "x": "2"}, {"y": "108", "x": "5"}, {"y": "105", "x": "9"}, {"y": "102", "x": "13"}, {"y": "98", "x": "16"}, {"y": "95", "x": "20"}, {"y": "92", "x": "24"}, {"y": "89", "x": "27"}, {"y": "86", "x": "31"}, {"y": "83", "x": "35"}, {"y": "79", "x": "38"}, {"y": "76", "x": "42"}, {"y": "73", "x": "46"}, {"y": "70", "x": "49"}, {"y": "67", "x": "53"}, {"y": "64", "x": "57"}, {"y": "61", "x": "60"}, {"y": "57", "x": "64"}, {"y": "54", "x": "68"}, {"y": "51", "x": "71"}, {"y": "48", "x": "75"}, {"y": "45", "x": "79"}, {"y": "42", "x": "82"}, {"y": "38", "x": "86"}, {"y": "35", "x": "89"}, {"y": "35", "x": "90"}, {"y": "35", "x": "90"}, {"y": "31", "x": "95"}, {"y": "28", "x": "100"}, {"y": "24", "x": "106"}, {"y": "20", "x": "111"}, {"y": "16", "x": "116"}, {"y": "12", "x": "122"}, {"y": "12", "x": "122"}, {"y": "12", "x": "122"}, {"y": "7", "x": "133"}, {"y": "1", "x": "145"}], [{"y": "8", "x": "213"}, {"y": "8", "x": "213"}, {"y": "13", "x": "219"}, {"y": "17", "x": "226"}, {"y": "21", "x": "233"}, {"y": "21", "x": "233"}, {"y": "21", "x": "233"}, {"y": "25", "x": "240"}, {"y": "29", "x": "248"}, {"y": "32", "x": "255"}, {"y": "36", "x": "263"}, {"y": "40", "x": "270"}, {"y": "44", "x": "278"}, {"y": "44", "x": "278"}, {"y": "44", "x": "278"}, {"y": "48", "x": "286"}, {"y": "52", "x": "294"}, {"y": "56", "x": "302"}, {"y": "60", "x": "310"}, {"y": "64", "x": "318"}, {"y": "64", "x": "318"}]]}