{"Lines": [[{"y": "76", "x": "0"}, {"y": "76", "x": "0"}, {"y": "73", "x": "6"}, {"y": "70", "x": "12"}, {"y": "66", "x": "18"}, {"y": "63", "x": "24"}, {"y": "60", "x": "30"}, {"y": "57", "x": "36"}, {"y": "53", "x": "42"}, {"y": "50", "x": "48"}, {"y": "47", "x": "53"}, {"y": "44", "x": "59"}, {"y": "40", "x": "65"}, {"y": "37", "x": "71"}, {"y": "34", "x": "77"}, {"y": "34", "x": "77"}, {"y": "30", "x": "85"}, {"y": "26", "x": "93"}, {"y": "22", "x": "101"}, {"y": "19", "x": "108"}, {"y": "15", "x": "116"}, {"y": "11", "x": "124"}], [{"y": "8", "x": "185"}, {"y": "8", "x": "185"}, {"y": "12", "x": "191"}, {"y": "15", "x": "196"}, {"y": "18", "x": "202"}, {"y": "22", "x": "208"}, {"y": "25", "x": "213"}, {"y": "29", "x": "219"}, {"y": "32", "x": "224"}, {"y": "35", "x": "230"}, {"y": "35", "x": "230"}, {"y": "35", "x": "230"}, {"y": "39", "x": "235"}, {"y": "42", "x": "240"}, {"y": "45", "x": "245"}, {"y": "48", "x": "250"}, {"y": "52", "x": "254"}, {"y": "55", "x": "259"}, {"y": "58", "x": "264"}, {"y": "61", "x": "269"}, {"y": "65", "x": "274"}, {"y": "68", "x": "279"}, {"y": "71", "x": "284"}, {"y": "74", "x": "289"}, {"y": "78", "x": "294"}, {"y": "81", "x": "299"}, {"y": "84", "x": "304"}, {"y": "87", "x": "308"}, {"y": "91", "x": "313"}, {"y": "94", "x": "318"}]]}