{"Lines": [[{"y": "66", "x": "1"}, {"y": "66", "x": "1"}, {"y": "63", "x": "7"}, {"y": "59", "x": "13"}, {"y": "56", "x": "19"}, {"y": "52", "x": "25"}, {"y": "49", "x": "31"}, {"y": "46", "x": "37"}, {"y": "42", "x": "44"}, {"y": "39", "x": "50"}, {"y": "35", "x": "56"}, {"y": "32", "x": "62"}, {"y": "28", "x": "68"}, {"y": "25", "x": "74"}, {"y": "25", "x": "74"}, {"y": "25", "x": "74"}, {"y": "21", "x": "80"}, {"y": "18", "x": "86"}, {"y": "14", "x": "92"}, {"y": "10", "x": "98"}, {"y": "7", "x": "104"}, {"y": "3", "x": "110"}, {"y": "0", "x": "115"}, {"y": "0", "x": "116"}], [{"y": "0", "x": "185"}, {"y": "0", "x": "185"}, {"y": "3", "x": "189"}, {"y": "7", "x": "194"}, {"y": "10", "x": "198"}, {"y": "13", "x": "203"}, {"y": "17", "x": "208"}, {"y": "20", "x": "212"}, {"y": "23", "x": "217"}, {"y": "27", "x": "221"}, {"y": "30", "x": "226"}, {"y": "33", "x": "231"}, {"y": "37", "x": "235"}, {"y": "40", "x": "240"}, {"y": "40", "x": "240"}, {"y": "40", "x": "240"}, {"y": "43", "x": "244"}, {"y": "47", "x": "249"}, {"y": "50", "x": "253"}, {"y": "53", "x": "257"}, {"y": "56", "x": "262"}, {"y": "60", "x": "266"}, {"y": "63", "x": "270"}, {"y": "66", "x": "275"}, {"y": "70", "x": "279"}, {"y": "73", "x": "284"}, {"y": "76", "x": "288"}, {"y": "80", "x": "292"}, {"y": "83", "x": "297"}, {"y": "86", "x": "301"}, {"y": "90", "x": "305"}, {"y": "93", "x": "310"}, {"y": "96", "x": "314"}, {"y": "100", "x": "319"}]]}