{"Lines": [[{"y": "38", "x": "0"}, {"y": "38", "x": "0"}, {"y": "34", "x": "8"}, {"y": "31", "x": "17"}, {"y": "27", "x": "25"}, {"y": "23", "x": "34"}, {"y": "20", "x": "43"}, {"y": "20", "x": "43"}, {"y": "16", "x": "52"}, {"y": "12", "x": "61"}, {"y": "8", "x": "71"}, {"y": "4", "x": "80"}, {"y": "0", "x": "90"}, {"y": "0", "x": "90"}], [{"y": "0", "x": "162"}, {"y": "0", "x": "162"}, {"y": "4", "x": "164"}, {"y": "7", "x": "167"}, {"y": "10", "x": "169"}, {"y": "13", "x": "171"}, {"y": "17", "x": "174"}, {"y": "20", "x": "176"}, {"y": "23", "x": "179"}, {"y": "27", "x": "181"}, {"y": "30", "x": "184"}, {"y": "33", "x": "186"}, {"y": "36", "x": "189"}, {"y": "40", "x": "191"}, {"y": "43", "x": "194"}, {"y": "46", "x": "196"}, {"y": "50", "x": "199"}, {"y": "53", "x": "201"}, {"y": "56", "x": "204"}, {"y": "59", "x": "206"}, {"y": "63", "x": "209"}, {"y": "66", "x": "211"}, {"y": "69", "x": "214"}, {"y": "69", "x": "214"}, {"y": "72", "x": "216"}, {"y": "76", "x": "219"}, {"y": "79", "x": "221"}, {"y": "82", "x": "223"}, {"y": "85", "x": "226"}, {"y": "88", "x": "228"}, {"y": "91", "x": "230"}, {"y": "94", "x": "233"}, {"y": "97", "x": "235"}, {"y": "100", "x": "237"}, {"y": "104", "x": "240"}, {"y": "107", "x": "242"}, {"y": "110", "x": "245"}, {"y": "113", "x": "247"}, {"y": "116", "x": "249"}, {"y": "119", "x": "252"}, {"y": "122", "x": "254"}, {"y": "125", "x": "256"}, {"y": "129", "x": "259"}, {"y": "132", "x": "261"}, {"y": "135", "x": "263"}, {"y": "138", "x": "266"}, {"y": "141", "x": "268"}, {"y": "144", "x": "271"}, {"y": "147", "x": "273"}, {"y": "150", "x": "275"}, {"y": "154", "x": "278"}, {"y": "157", "x": "280"}, {"y": "160", "x": "282"}, {"y": "163", "x": "285"}, {"y": "166", "x": "287"}, {"y": "169", "x": "289"}, {"y": "172", "x": "292"}, {"y": "175", "x": "294"}, {"y": "179", "x": "297"}, {"y": "179", "x": "297"}]]}