{"Lines": [[{"y": "67", "x": "0"}, {"y": "67", "x": "0"}, {"y": "63", "x": "7"}, {"y": "60", "x": "15"}, {"y": "56", "x": "22"}, {"y": "53", "x": "29"}, {"y": "49", "x": "37"}, {"y": "46", "x": "44"}, {"y": "42", "x": "51"}, {"y": "39", "x": "58"}, {"y": "35", "x": "66"}, {"y": "35", "x": "66"}, {"y": "35", "x": "66"}, {"y": "31", "x": "77"}, {"y": "27", "x": "88"}, {"y": "22", "x": "100"}, {"y": "18", "x": "111"}, {"y": "18", "x": "111"}], [{"y": "17", "x": "209"}, {"y": "17", "x": "209"}, {"y": "21", "x": "213"}, {"y": "24", "x": "217"}, {"y": "28", "x": "221"}, {"y": "31", "x": "225"}, {"y": "34", "x": "229"}, {"y": "38", "x": "233"}, {"y": "41", "x": "237"}, {"y": "44", "x": "241"}, {"y": "48", "x": "245"}, {"y": "51", "x": "249"}, {"y": "55", "x": "253"}, {"y": "55", "x": "253"}, {"y": "55", "x": "253"}, {"y": "58", "x": "257"}, {"y": "61", "x": "261"}, {"y": "65", "x": "265"}, {"y": "68", "x": "269"}, {"y": "71", "x": "272"}, {"y": "75", "x": "276"}, {"y": "78", "x": "280"}, {"y": "81", "x": "284"}, {"y": "85", "x": "288"}, {"y": "88", "x": "291"}, {"y": "91", "x": "295"}, {"y": "95", "x": "299"}, {"y": "98", "x": "303"}, {"y": "101", "x": "306"}, {"y": "105", "x": "310"}, {"y": "108", "x": "314"}, {"y": "111", "x": "318"}, {"y": "111", "x": "318"}]]}