{"Lines": [[{"y": "22", "x": "190"}, {"y": "28", "x": "202"}, {"y": "34", "x": "213"}, {"y": "34", "x": "213"}, {"y": "34", "x": "213"}, {"y": "38", "x": "220"}, {"y": "43", "x": "227"}, {"y": "47", "x": "233"}, {"y": "47", "x": "233"}, {"y": "47", "x": "233"}, {"y": "50", "x": "238"}, {"y": "53", "x": "242"}, {"y": "57", "x": "247"}, {"y": "60", "x": "251"}, {"y": "63", "x": "256"}, {"y": "66", "x": "260"}, {"y": "70", "x": "265"}, {"y": "73", "x": "269"}, {"y": "76", "x": "273"}, {"y": "79", "x": "278"}, {"y": "83", "x": "282"}, {"y": "86", "x": "287"}, {"y": "89", "x": "291"}, {"y": "93", "x": "296"}, {"y": "96", "x": "300"}, {"y": "99", "x": "305"}, {"y": "102", "x": "309"}, {"y": "106", "x": "313"}, {"y": "109", "x": "318"}, {"y": "109", "x": "318"}], [{"y": "79", "x": "0"}, {"y": "79", "x": "0"}, {"y": "75", "x": "5"}, {"y": "71", "x": "10"}, {"y": "68", "x": "14"}, {"y": "64", "x": "19"}, {"y": "60", "x": "24"}, {"y": "57", "x": "29"}, {"y": "53", "x": "34"}, {"y": "49", "x": "39"}, {"y": "49", "x": "39"}, {"y": "49", "x": "39"}, {"y": "46", "x": "43"}, {"y": "42", "x": "47"}, {"y": "38", "x": "51"}, {"y": "35", "x": "56"}, {"y": "31", "x": "60"}, {"y": "27", "x": "64"}, {"y": "27", "x": "64"}, {"y": "23", "x": "69"}, {"y": "19", "x": "73"}, {"y": "14", "x": "77"}, {"y": "14", "x": "77"}, {"y": "9", "x": "82"}, {"y": "4", "x": "86"}, {"y": "4", "x": "86"}]]}