{"Lines": [[{"y": "92", "x": "0"}, {"y": "92", "x": "0"}, {"y": "89", "x": "4"}, {"y": "86", "x": "9"}, {"y": "82", "x": "13"}, {"y": "79", "x": "18"}, {"y": "76", "x": "23"}, {"y": "73", "x": "27"}, {"y": "70", "x": "32"}, {"y": "66", "x": "36"}, {"y": "63", "x": "41"}, {"y": "60", "x": "46"}, {"y": "57", "x": "50"}, {"y": "53", "x": "55"}, {"y": "50", "x": "59"}, {"y": "47", "x": "64"}, {"y": "44", "x": "68"}, {"y": "41", "x": "73"}, {"y": "37", "x": "78"}, {"y": "34", "x": "82"}, {"y": "34", "x": "82"}, {"y": "34", "x": "82"}, {"y": "31", "x": "88"}, {"y": "27", "x": "93"}, {"y": "23", "x": "99"}, {"y": "20", "x": "104"}, {"y": "16", "x": "110"}, {"y": "13", "x": "115"}, {"y": "9", "x": "121"}, {"y": "6", "x": "127"}, {"y": "2", "x": "132"}, {"y": "2", "x": "132"}], [{"y": "4", "x": "203"}, {"y": "4", "x": "203"}, {"y": "8", "x": "209"}, {"y": "11", "x": "215"}, {"y": "14", "x": "221"}, {"y": "18", "x": "227"}, {"y": "21", "x": "233"}, {"y": "25", "x": "239"}, {"y": "28", "x": "245"}, {"y": "32", "x": "251"}, {"y": "35", "x": "256"}, {"y": "35", "x": "256"}, {"y": "35", "x": "256"}, {"y": "38", "x": "262"}, {"y": "42", "x": "268"}, {"y": "45", "x": "273"}, {"y": "48", "x": "279"}, {"y": "52", "x": "285"}, {"y": "55", "x": "290"}, {"y": "58", "x": "296"}, {"y": "62", "x": "302"}, {"y": "65", "x": "307"}, {"y": "68", "x": "313"}, {"y": "72", "x": "319"}]]}