{"Lines": [[{"y": "59", "x": "0"}, {"y": "59", "x": "0"}, {"y": "56", "x": "6"}, {"y": "53", "x": "12"}, {"y": "50", "x": "18"}, {"y": "46", "x": "24"}, {"y": "43", "x": "30"}, {"y": "40", "x": "36"}, {"y": "36", "x": "42"}, {"y": "33", "x": "48"}, {"y": "30", "x": "54"}, {"y": "26", "x": "61"}, {"y": "26", "x": "61"}, {"y": "23", "x": "66"}, {"y": "19", "x": "72"}, {"y": "15", "x": "78"}, {"y": "12", "x": "83"}, {"y": "8", "x": "89"}, {"y": "4", "x": "95"}, {"y": "1", "x": "101"}], [{"y": "2", "x": "176"}, {"y": "2", "x": "176"}, {"y": "6", "x": "181"}, {"y": "9", "x": "186"}, {"y": "13", "x": "190"}, {"y": "16", "x": "195"}, {"y": "20", "x": "200"}, {"y": "23", "x": "205"}, {"y": "27", "x": "210"}, {"y": "30", "x": "215"}, {"y": "34", "x": "220"}, {"y": "37", "x": "225"}, {"y": "41", "x": "230"}, {"y": "41", "x": "230"}, {"y": "44", "x": "234"}, {"y": "47", "x": "238"}, {"y": "50", "x": "242"}, {"y": "54", "x": "246"}, {"y": "57", "x": "250"}, {"y": "60", "x": "254"}, {"y": "63", "x": "258"}, {"y": "66", "x": "262"}, {"y": "69", "x": "266"}, {"y": "73", "x": "270"}, {"y": "76", "x": "274"}, {"y": "79", "x": "278"}, {"y": "82", "x": "282"}, {"y": "85", "x": "286"}, {"y": "88", "x": "290"}, {"y": "92", "x": "294"}, {"y": "95", "x": "298"}, {"y": "98", "x": "302"}, {"y": "101", "x": "306"}, {"y": "104", "x": "310"}, {"y": "107", "x": "314"}, {"y": "111", "x": "319"}, {"y": "111", "x": "319"}]]}