{"Lines": [[{"y": "69", "x": "0"}, {"y": "69", "x": "0"}, {"y": "65", "x": "8"}, {"y": "62", "x": "15"}, {"y": "58", "x": "23"}, {"y": "55", "x": "30"}, {"y": "51", "x": "38"}, {"y": "47", "x": "45"}, {"y": "44", "x": "53"}, {"y": "40", "x": "60"}, {"y": "40", "x": "60"}, {"y": "40", "x": "60"}, {"y": "36", "x": "70"}, {"y": "33", "x": "79"}, {"y": "29", "x": "89"}, {"y": "25", "x": "98"}, {"y": "21", "x": "108"}, {"y": "21", "x": "108"}], [{"y": "20", "x": "215"}, {"y": "24", "x": "219"}, {"y": "28", "x": "224"}, {"y": "31", "x": "228"}, {"y": "35", "x": "232"}, {"y": "38", "x": "237"}, {"y": "42", "x": "241"}, {"y": "46", "x": "246"}, {"y": "49", "x": "250"}, {"y": "53", "x": "255"}, {"y": "56", "x": "259"}, {"y": "56", "x": "259"}, {"y": "59", "x": "263"}, {"y": "63", "x": "267"}, {"y": "66", "x": "270"}, {"y": "69", "x": "274"}, {"y": "73", "x": "278"}, {"y": "76", "x": "281"}, {"y": "79", "x": "285"}, {"y": "82", "x": "289"}, {"y": "86", "x": "292"}, {"y": "89", "x": "296"}, {"y": "92", "x": "300"}, {"y": "96", "x": "303"}, {"y": "99", "x": "307"}, {"y": "102", "x": "311"}, {"y": "105", "x": "314"}, {"y": "109", "x": "318"}]]}