{"Lines": [[{"y": "45", "x": "0"}, {"y": "45", "x": "0"}, {"y": "42", "x": "7"}, {"y": "38", "x": "15"}, {"y": "34", "x": "23"}, {"y": "31", "x": "30"}, {"y": "27", "x": "38"}, {"y": "24", "x": "46"}, {"y": "20", "x": "53"}, {"y": "17", "x": "61"}, {"y": "17", "x": "61"}, {"y": "12", "x": "71"}, {"y": "8", "x": "81"}, {"y": "4", "x": "91"}, {"y": "0", "x": "101"}], [{"y": "1", "x": "169"}, {"y": "1", "x": "169"}, {"y": "4", "x": "172"}, {"y": "7", "x": "176"}, {"y": "11", "x": "179"}, {"y": "14", "x": "182"}, {"y": "18", "x": "185"}, {"y": "21", "x": "188"}, {"y": "25", "x": "191"}, {"y": "28", "x": "194"}, {"y": "32", "x": "197"}, {"y": "32", "x": "197"}, {"y": "35", "x": "201"}, {"y": "38", "x": "204"}, {"y": "41", "x": "208"}, {"y": "44", "x": "211"}, {"y": "48", "x": "215"}, {"y": "51", "x": "218"}, {"y": "54", "x": "221"}, {"y": "57", "x": "225"}, {"y": "61", "x": "228"}, {"y": "64", "x": "232"}, {"y": "67", "x": "235"}, {"y": "70", "x": "238"}, {"y": "74", "x": "242"}, {"y": "77", "x": "245"}, {"y": "80", "x": "249"}, {"y": "83", "x": "252"}, {"y": "86", "x": "255"}, {"y": "90", "x": "259"}, {"y": "93", "x": "262"}, {"y": "96", "x": "266"}, {"y": "99", "x": "269"}, {"y": "103", "x": "272"}, {"y": "106", "x": "276"}, {"y": "109", "x": "279"}, {"y": "109", "x": "279"}, {"y": "113", "x": "283"}, {"y": "116", "x": "287"}, {"y": "120", "x": "291"}, {"y": "123", "x": "295"}, {"y": "127", "x": "299"}, {"y": "130", "x": "303"}, {"y": "134", "x": "307"}, {"y": "137", "x": "311"}, {"y": "141", "x": "315"}, {"y": "145", "x": "319"}]]}