{"Lines": [[{"y": "57", "x": "0"}, {"y": "57", "x": "0"}, {"y": "53", "x": "5"}, {"y": "50", "x": "11"}, {"y": "46", "x": "17"}, {"y": "43", "x": "23"}, {"y": "39", "x": "29"}, {"y": "36", "x": "35"}, {"y": "33", "x": "40"}, {"y": "29", "x": "46"}, {"y": "26", "x": "52"}, {"y": "22", "x": "58"}, {"y": "19", "x": "64"}, {"y": "19", "x": "64"}, {"y": "19", "x": "64"}, {"y": "15", "x": "69"}, {"y": "11", "x": "75"}, {"y": "8", "x": "81"}, {"y": "4", "x": "86"}, {"y": "1", "x": "92"}, {"y": "1", "x": "92"}], [{"y": "1", "x": "183"}, {"y": "1", "x": "183"}, {"y": "4", "x": "187"}, {"y": "8", "x": "192"}, {"y": "11", "x": "196"}, {"y": "15", "x": "201"}, {"y": "18", "x": "206"}, {"y": "22", "x": "210"}, {"y": "25", "x": "215"}, {"y": "29", "x": "219"}, {"y": "33", "x": "224"}, {"y": "36", "x": "228"}, {"y": "39", "x": "232"}, {"y": "42", "x": "237"}, {"y": "45", "x": "241"}, {"y": "49", "x": "245"}, {"y": "52", "x": "250"}, {"y": "55", "x": "254"}, {"y": "58", "x": "258"}, {"y": "62", "x": "263"}, {"y": "65", "x": "267"}, {"y": "68", "x": "271"}, {"y": "71", "x": "275"}, {"y": "75", "x": "280"}, {"y": "78", "x": "284"}, {"y": "81", "x": "288"}, {"y": "84", "x": "293"}, {"y": "88", "x": "297"}, {"y": "91", "x": "301"}, {"y": "94", "x": "306"}, {"y": "97", "x": "310"}, {"y": "101", "x": "314"}, {"y": "104", "x": "318"}, {"y": "104", "x": "318"}]]}