{"Lines": [[{"y": "73", "x": "1"}, {"y": "73", "x": "1"}, {"y": "70", "x": "7"}, {"y": "67", "x": "13"}, {"y": "63", "x": "18"}, {"y": "60", "x": "24"}, {"y": "56", "x": "30"}, {"y": "53", "x": "35"}, {"y": "50", "x": "41"}, {"y": "46", "x": "47"}, {"y": "43", "x": "53"}, {"y": "40", "x": "58"}, {"y": "36", "x": "64"}, {"y": "33", "x": "70"}, {"y": "29", "x": "75"}, {"y": "26", "x": "81"}, {"y": "26", "x": "81"}, {"y": "22", "x": "87"}, {"y": "19", "x": "92"}, {"y": "15", "x": "98"}, {"y": "11", "x": "103"}, {"y": "7", "x": "109"}, {"y": "4", "x": "115"}, {"y": "4", "x": "115"}], [{"y": "1", "x": "219"}, {"y": "1", "x": "219"}, {"y": "5", "x": "223"}, {"y": "8", "x": "227"}, {"y": "11", "x": "232"}, {"y": "15", "x": "236"}, {"y": "18", "x": "240"}, {"y": "21", "x": "245"}, {"y": "25", "x": "249"}, {"y": "28", "x": "253"}, {"y": "32", "x": "257"}, {"y": "35", "x": "262"}, {"y": "38", "x": "266"}, {"y": "38", "x": "266"}, {"y": "38", "x": "266"}, {"y": "42", "x": "270"}, {"y": "45", "x": "275"}, {"y": "49", "x": "279"}, {"y": "52", "x": "284"}, {"y": "56", "x": "288"}, {"y": "59", "x": "292"}, {"y": "62", "x": "297"}, {"y": "66", "x": "301"}, {"y": "69", "x": "305"}, {"y": "73", "x": "310"}, {"y": "76", "x": "314"}, {"y": "80", "x": "318"}, {"y": "80", "x": "319"}]]}