{"Lines": [[{"y": "54", "x": "1"}, {"y": "54", "x": "1"}, {"y": "50", "x": "9"}, {"y": "47", "x": "16"}, {"y": "43", "x": "24"}, {"y": "39", "x": "32"}, {"y": "36", "x": "40"}, {"y": "32", "x": "48"}, {"y": "28", "x": "56"}, {"y": "28", "x": "56"}, {"y": "28", "x": "56"}, {"y": "25", "x": "65"}, {"y": "21", "x": "73"}, {"y": "17", "x": "82"}, {"y": "14", "x": "91"}, {"y": "10", "x": "99"}, {"y": "7", "x": "108"}, {"y": "3", "x": "117"}, {"y": "0", "x": "126"}, {"y": "0", "x": "126"}], [{"y": "6", "x": "189"}, {"y": "6", "x": "189"}, {"y": "6", "x": "189"}, {"y": "13", "x": "189"}, {"y": "13", "x": "189"}, {"y": "1", "x": "190"}, {"y": "18", "x": "191"}, {"y": "24", "x": "192"}, {"y": "24", "x": "192"}, {"y": "24", "x": "192"}, {"y": "29", "x": "195"}, {"y": "33", "x": "198"}, {"y": "38", "x": "200"}, {"y": "38", "x": "200"}, {"y": "41", "x": "202"}, {"y": "45", "x": "205"}, {"y": "48", "x": "207"}, {"y": "51", "x": "209"}, {"y": "55", "x": "211"}, {"y": "58", "x": "213"}, {"y": "61", "x": "216"}, {"y": "65", "x": "218"}, {"y": "68", "x": "220"}, {"y": "71", "x": "222"}, {"y": "75", "x": "224"}, {"y": "78", "x": "226"}, {"y": "82", "x": "229"}, {"y": "85", "x": "231"}, {"y": "88", "x": "233"}, {"y": "88", "x": "233"}, {"y": "88", "x": "233"}, {"y": "91", "x": "235"}, {"y": "94", "x": "238"}, {"y": "98", "x": "240"}, {"y": "101", "x": "242"}, {"y": "104", "x": "245"}, {"y": "107", "x": "247"}, {"y": "110", "x": "250"}, {"y": "113", "x": "252"}, {"y": "116", "x": "254"}, {"y": "119", "x": "257"}, {"y": "122", "x": "259"}, {"y": "126", "x": "261"}, {"y": "129", "x": "264"}, {"y": "132", "x": "266"}, {"y": "135", "x": "268"}, {"y": "138", "x": "271"}, {"y": "141", "x": "273"}, {"y": "144", "x": "276"}, {"y": "147", "x": "278"}, {"y": "150", "x": "280"}, {"y": "154", "x": "283"}, {"y": "157", "x": "285"}, {"y": "160", "x": "287"}, {"y": "163", "x": "290"}, {"y": "166", "x": "292"}, {"y": "169", "x": "294"}, {"y": "172", "x": "297"}, {"y": "175", "x": "299"}, {"y": "179", "x": "301"}, {"y": "179", "x": "302"}]]}