{"Lines": [[{"y": "85", "x": "0"}, {"y": "85", "x": "0"}, {"y": "81", "x": "5"}, {"y": "78", "x": "10"}, {"y": "75", "x": "15"}, {"y": "72", "x": "20"}, {"y": "68", "x": "24"}, {"y": "65", "x": "29"}, {"y": "62", "x": "34"}, {"y": "58", "x": "39"}, {"y": "55", "x": "44"}, {"y": "52", "x": "48"}, {"y": "49", "x": "53"}, {"y": "45", "x": "58"}, {"y": "42", "x": "63"}, {"y": "39", "x": "68"}, {"y": "36", "x": "72"}, {"y": "32", "x": "77"}, {"y": "29", "x": "82"}, {"y": "29", "x": "82"}, {"y": "25", "x": "89"}, {"y": "21", "x": "97"}, {"y": "18", "x": "104"}, {"y": "14", "x": "111"}, {"y": "10", "x": "119"}, {"y": "6", "x": "126"}, {"y": "2", "x": "133"}], [{"y": "2", "x": "217"}, {"y": "2", "x": "217"}, {"y": "7", "x": "222"}, {"y": "11", "x": "226"}, {"y": "16", "x": "230"}, {"y": "16", "x": "230"}, {"y": "16", "x": "230"}, {"y": "20", "x": "235"}, {"y": "24", "x": "241"}, {"y": "28", "x": "246"}, {"y": "32", "x": "251"}, {"y": "35", "x": "257"}, {"y": "35", "x": "257"}, {"y": "39", "x": "262"}, {"y": "42", "x": "268"}, {"y": "46", "x": "274"}, {"y": "49", "x": "279"}, {"y": "53", "x": "285"}, {"y": "57", "x": "290"}, {"y": "60", "x": "296"}, {"y": "64", "x": "301"}, {"y": "67", "x": "307"}, {"y": "71", "x": "313"}, {"y": "74", "x": "318"}, {"y": "74", "x": "318"}]]}