{"Lines": [[{"y": "79", "x": "3"}, {"y": "79", "x": "3"}, {"y": "76", "x": "9"}, {"y": "73", "x": "14"}, {"y": "70", "x": "20"}, {"y": "67", "x": "25"}, {"y": "63", "x": "31"}, {"y": "60", "x": "36"}, {"y": "57", "x": "42"}, {"y": "54", "x": "47"}, {"y": "50", "x": "53"}, {"y": "47", "x": "58"}, {"y": "44", "x": "64"}, {"y": "41", "x": "69"}, {"y": "38", "x": "75"}, {"y": "34", "x": "80"}, {"y": "31", "x": "85"}, {"y": "28", "x": "91"}, {"y": "28", "x": "91"}, {"y": "28", "x": "91"}, {"y": "24", "x": "102"}, {"y": "19", "x": "113"}, {"y": "15", "x": "123"}, {"y": "15", "x": "123"}], [{"y": "17", "x": "200"}, {"y": "17", "x": "200"}, {"y": "21", "x": "206"}, {"y": "24", "x": "212"}, {"y": "28", "x": "219"}, {"y": "32", "x": "225"}, {"y": "35", "x": "232"}, {"y": "39", "x": "238"}, {"y": "42", "x": "244"}, {"y": "46", "x": "251"}, {"y": "50", "x": "257"}, {"y": "50", "x": "257"}, {"y": "53", "x": "262"}, {"y": "56", "x": "267"}, {"y": "60", "x": "273"}, {"y": "63", "x": "278"}, {"y": "66", "x": "283"}, {"y": "70", "x": "288"}, {"y": "73", "x": "293"}, {"y": "76", "x": "298"}, {"y": "80", "x": "303"}, {"y": "83", "x": "308"}, {"y": "86", "x": "313"}, {"y": "90", "x": "319"}, {"y": "90", "x": "319"}]]}