{"Lines": [[{"y": "60", "x": "1"}, {"y": "60", "x": "1"}, {"y": "56", "x": "7"}, {"y": "53", "x": "13"}, {"y": "49", "x": "19"}, {"y": "46", "x": "24"}, {"y": "42", "x": "30"}, {"y": "39", "x": "36"}, {"y": "35", "x": "42"}, {"y": "32", "x": "48"}, {"y": "28", "x": "54"}, {"y": "25", "x": "60"}, {"y": "25", "x": "60"}, {"y": "25", "x": "60"}, {"y": "21", "x": "66"}, {"y": "18", "x": "71"}, {"y": "14", "x": "77"}, {"y": "10", "x": "82"}, {"y": "7", "x": "88"}, {"y": "3", "x": "93"}, {"y": "0", "x": "98"}, {"y": "0", "x": "99"}], [{"y": "1", "x": "199"}, {"y": "5", "x": "204"}, {"y": "8", "x": "208"}, {"y": "11", "x": "212"}, {"y": "15", "x": "216"}, {"y": "18", "x": "220"}, {"y": "22", "x": "224"}, {"y": "25", "x": "228"}, {"y": "28", "x": "232"}, {"y": "32", "x": "236"}, {"y": "35", "x": "240"}, {"y": "39", "x": "244"}, {"y": "42", "x": "248"}, {"y": "45", "x": "252"}, {"y": "45", "x": "252"}, {"y": "45", "x": "252"}, {"y": "49", "x": "256"}, {"y": "52", "x": "260"}, {"y": "55", "x": "264"}, {"y": "59", "x": "268"}, {"y": "62", "x": "272"}, {"y": "65", "x": "277"}, {"y": "68", "x": "281"}, {"y": "72", "x": "285"}, {"y": "75", "x": "289"}, {"y": "78", "x": "293"}, {"y": "82", "x": "297"}, {"y": "85", "x": "301"}, {"y": "88", "x": "305"}, {"y": "91", "x": "310"}, {"y": "95", "x": "314"}, {"y": "98", "x": "318"}, {"y": "98", "x": "318"}]]}