{"Lines": [[{"y": "62", "x": "1"}, {"y": "62", "x": "1"}, {"y": "58", "x": "7"}, {"y": "55", "x": "13"}, {"y": "51", "x": "19"}, {"y": "48", "x": "25"}, {"y": "44", "x": "31"}, {"y": "41", "x": "37"}, {"y": "37", "x": "43"}, {"y": "34", "x": "48"}, {"y": "30", "x": "54"}, {"y": "27", "x": "60"}, {"y": "24", "x": "66"}, {"y": "20", "x": "72"}, {"y": "20", "x": "72"}, {"y": "16", "x": "79"}, {"y": "12", "x": "85"}, {"y": "8", "x": "91"}, {"y": "4", "x": "97"}, {"y": "0", "x": "103"}, {"y": "0", "x": "104"}], [{"y": "0", "x": "179"}, {"y": "0", "x": "179"}, {"y": "3", "x": "185"}, {"y": "7", "x": "190"}, {"y": "11", "x": "195"}, {"y": "14", "x": "200"}, {"y": "18", "x": "205"}, {"y": "21", "x": "211"}, {"y": "21", "x": "211"}, {"y": "25", "x": "215"}, {"y": "28", "x": "220"}, {"y": "32", "x": "225"}, {"y": "36", "x": "230"}, {"y": "39", "x": "235"}, {"y": "43", "x": "240"}, {"y": "46", "x": "244"}, {"y": "50", "x": "249"}, {"y": "54", "x": "254"}, {"y": "54", "x": "254"}, {"y": "54", "x": "254"}, {"y": "57", "x": "258"}, {"y": "60", "x": "262"}, {"y": "63", "x": "266"}, {"y": "67", "x": "270"}, {"y": "70", "x": "274"}, {"y": "73", "x": "277"}, {"y": "77", "x": "281"}, {"y": "80", "x": "285"}, {"y": "83", "x": "289"}, {"y": "86", "x": "293"}, {"y": "90", "x": "297"}, {"y": "93", "x": "301"}, {"y": "96", "x": "304"}, {"y": "99", "x": "308"}, {"y": "103", "x": "312"}, {"y": "106", "x": "316"}]]}