{"Lines": [[{"y": "86", "x": "0"}, {"y": "86", "x": "0"}, {"y": "83", "x": "6"}, {"y": "79", "x": "13"}, {"y": "76", "x": "19"}, {"y": "72", "x": "25"}, {"y": "69", "x": "32"}, {"y": "66", "x": "38"}, {"y": "62", "x": "44"}, {"y": "59", "x": "50"}, {"y": "55", "x": "57"}, {"y": "52", "x": "63"}, {"y": "48", "x": "69"}, {"y": "45", "x": "76"}, {"y": "45", "x": "76"}, {"y": "41", "x": "83"}, {"y": "38", "x": "91"}, {"y": "34", "x": "98"}, {"y": "30", "x": "106"}, {"y": "27", "x": "113"}, {"y": "23", "x": "121"}, {"y": "19", "x": "128"}, {"y": "19", "x": "128"}], [{"y": "22", "x": "222"}, {"y": "22", "x": "222"}, {"y": "26", "x": "229"}, {"y": "30", "x": "236"}, {"y": "34", "x": "242"}, {"y": "38", "x": "249"}, {"y": "41", "x": "256"}, {"y": "45", "x": "263"}, {"y": "45", "x": "263"}, {"y": "49", "x": "268"}, {"y": "52", "x": "273"}, {"y": "55", "x": "278"}, {"y": "59", "x": "283"}, {"y": "62", "x": "288"}, {"y": "65", "x": "293"}, {"y": "69", "x": "298"}, {"y": "72", "x": "303"}, {"y": "75", "x": "308"}, {"y": "79", "x": "313"}, {"y": "82", "x": "318"}, {"y": "82", "x": "318"}]]}