{"Lines": [[{"y": "66", "x": "1"}, {"y": "66", "x": "1"}, {"y": "62", "x": "8"}, {"y": "59", "x": "16"}, {"y": "55", "x": "24"}, {"y": "52", "x": "31"}, {"y": "48", "x": "39"}, {"y": "45", "x": "47"}, {"y": "41", "x": "54"}, {"y": "38", "x": "62"}, {"y": "34", "x": "70"}, {"y": "31", "x": "77"}, {"y": "27", "x": "85"}, {"y": "24", "x": "93"}, {"y": "24", "x": "93"}, {"y": "24", "x": "93"}, {"y": "20", "x": "101"}, {"y": "17", "x": "109"}, {"y": "13", "x": "117"}, {"y": "10", "x": "126"}, {"y": "6", "x": "134"}, {"y": "3", "x": "142"}, {"y": "0", "x": "151"}, {"y": "0", "x": "151"}], [{"y": "0", "x": "227"}, {"y": "0", "x": "227"}, {"y": "4", "x": "230"}, {"y": "8", "x": "232"}, {"y": "12", "x": "235"}, {"y": "15", "x": "237"}, {"y": "19", "x": "240"}, {"y": "23", "x": "242"}, {"y": "23", "x": "242"}, {"y": "23", "x": "242"}, {"y": "26", "x": "245"}, {"y": "30", "x": "248"}, {"y": "33", "x": "252"}, {"y": "36", "x": "255"}, {"y": "40", "x": "258"}, {"y": "43", "x": "261"}, {"y": "46", "x": "264"}, {"y": "50", "x": "267"}, {"y": "53", "x": "270"}, {"y": "56", "x": "273"}, {"y": "60", "x": "276"}, {"y": "63", "x": "280"}, {"y": "66", "x": "283"}, {"y": "69", "x": "286"}, {"y": "73", "x": "289"}, {"y": "76", "x": "293"}, {"y": "79", "x": "297"}, {"y": "83", "x": "300"}, {"y": "86", "x": "304"}, {"y": "89", "x": "308"}, {"y": "93", "x": "311"}, {"y": "96", "x": "315"}, {"y": "100", "x": "318"}, {"y": "100", "x": "319"}]]}