{"Lines": [[{"y": "65", "x": "0"}, {"y": "65", "x": "0"}, {"y": "62", "x": "6"}, {"y": "58", "x": "12"}, {"y": "55", "x": "18"}, {"y": "51", "x": "24"}, {"y": "48", "x": "31"}, {"y": "44", "x": "37"}, {"y": "41", "x": "43"}, {"y": "37", "x": "49"}, {"y": "34", "x": "55"}, {"y": "30", "x": "61"}, {"y": "27", "x": "68"}, {"y": "27", "x": "68"}, {"y": "27", "x": "68"}, {"y": "24", "x": "73"}, {"y": "20", "x": "79"}, {"y": "17", "x": "85"}, {"y": "13", "x": "91"}, {"y": "10", "x": "96"}, {"y": "6", "x": "102"}, {"y": "3", "x": "108"}, {"y": "3", "x": "108"}], [{"y": "3", "x": "187"}, {"y": "3", "x": "187"}, {"y": "7", "x": "192"}, {"y": "10", "x": "196"}, {"y": "13", "x": "201"}, {"y": "17", "x": "206"}, {"y": "20", "x": "210"}, {"y": "23", "x": "215"}, {"y": "27", "x": "219"}, {"y": "30", "x": "224"}, {"y": "33", "x": "228"}, {"y": "37", "x": "233"}, {"y": "40", "x": "238"}, {"y": "43", "x": "242"}, {"y": "43", "x": "242"}, {"y": "43", "x": "242"}, {"y": "47", "x": "246"}, {"y": "50", "x": "251"}, {"y": "53", "x": "255"}, {"y": "56", "x": "259"}, {"y": "60", "x": "263"}, {"y": "63", "x": "268"}, {"y": "66", "x": "272"}, {"y": "70", "x": "276"}, {"y": "73", "x": "280"}, {"y": "76", "x": "285"}, {"y": "80", "x": "289"}, {"y": "83", "x": "293"}, {"y": "86", "x": "297"}, {"y": "89", "x": "302"}, {"y": "93", "x": "306"}, {"y": "96", "x": "310"}, {"y": "99", "x": "314"}, {"y": "103", "x": "318"}, {"y": "103", "x": "319"}]]}