{"Lines": [[{"y": "44", "x": "0"}, {"y": "44", "x": "0"}, {"y": "39", "x": "14"}, {"y": "35", "x": "27"}, {"y": "30", "x": "41"}, {"y": "26", "x": "55"}, {"y": "26", "x": "55"}, {"y": "22", "x": "67"}, {"y": "18", "x": "80"}, {"y": "14", "x": "92"}, {"y": "10", "x": "105"}, {"y": "6", "x": "117"}, {"y": "2", "x": "130"}], [{"y": "92", "x": "3"}, {"y": "92", "x": "3"}, {"y": "89", "x": "9"}, {"y": "85", "x": "14"}, {"y": "82", "x": "20"}, {"y": "79", "x": "26"}, {"y": "76", "x": "32"}, {"y": "72", "x": "37"}, {"y": "69", "x": "43"}, {"y": "66", "x": "49"}, {"y": "63", "x": "54"}, {"y": "59", "x": "60"}, {"y": "56", "x": "66"}, {"y": "53", "x": "72"}, {"y": "50", "x": "77"}, {"y": "46", "x": "83"}, {"y": "43", "x": "89"}, {"y": "40", "x": "94"}, {"y": "37", "x": "100"}, {"y": "33", "x": "106"}, {"y": "30", "x": "112"}, {"y": "30", "x": "112"}, {"y": "30", "x": "112"}, {"y": "26", "x": "118"}, {"y": "23", "x": "125"}, {"y": "19", "x": "131"}, {"y": "15", "x": "138"}, {"y": "11", "x": "144"}, {"y": "8", "x": "151"}, {"y": "4", "x": "157"}, {"y": "4", "x": "157"}], [{"y": "179", "x": "160"}, {"y": "175", "x": "160"}, {"y": "172", "x": "161"}, {"y": "169", "x": "161"}, {"y": "166", "x": "162"}, {"y": "163", "x": "163"}, {"y": "160", "x": "163"}, {"y": "157", "x": "164"}, {"y": "154", "x": "165"}, {"y": "151", "x": "165"}, {"y": "148", "x": "166"}, {"y": "145", "x": "167"}, {"y": "141", "x": "167"}, {"y": "138", "x": "168"}, {"y": "135", "x": "169"}, {"y": "132", "x": "169"}, {"y": "129", "x": "170"}, {"y": "126", "x": "171"}, {"y": "123", "x": "171"}, {"y": "120", "x": "172"}, {"y": "117", "x": "173"}, {"y": "114", "x": "173"}, {"y": "111", "x": "174"}, {"y": "107", "x": "175"}, {"y": "104", "x": "175"}, {"y": "101", "x": "176"}, {"y": "98", "x": "177"}, {"y": "95", "x": "177"}, {"y": "92", "x": "178"}, {"y": "89", "x": "179"}, {"y": "86", "x": "179"}, {"y": "83", "x": "180"}, {"y": "80", "x": "181"}, {"y": "77", "x": "181"}, {"y": "73", "x": "182"}, {"y": "70", "x": "183"}, {"y": "67", "x": "183"}, {"y": "67", "x": "183"}, {"y": "67", "x": "183"}, {"y": "64", "x": "184"}, {"y": "61", "x": "185"}, {"y": "58", "x": "185"}, {"y": "55", "x": "186"}, {"y": "51", "x": "187"}, {"y": "48", "x": "187"}, {"y": "45", "x": "188"}, {"y": "42", "x": "189"}, {"y": "39", "x": "189"}, {"y": "36", "x": "190"}, {"y": "32", "x": "191"}, {"y": "29", "x": "191"}, {"y": "26", "x": "192"}, {"y": "23", "x": "192"}, {"y": "20", "x": "193"}, {"y": "17", "x": "194"}, {"y": "13", "x": "194"}, {"y": "10", "x": "195"}, {"y": "7", "x": "196"}, {"y": "4", "x": "196"}, {"y": "1", "x": "197"}, {"y": "1", "x": "197"}]]}