{"Lines": [[{"y": "118", "x": "5"}, {"y": "118", "x": "5"}, {"y": "114", "x": "9"}, {"y": "111", "x": "13"}, {"y": "108", "x": "17"}, {"y": "104", "x": "21"}, {"y": "101", "x": "25"}, {"y": "98", "x": "29"}, {"y": "95", "x": "33"}, {"y": "91", "x": "37"}, {"y": "88", "x": "41"}, {"y": "85", "x": "45"}, {"y": "81", "x": "49"}, {"y": "78", "x": "52"}, {"y": "75", "x": "56"}, {"y": "71", "x": "60"}, {"y": "68", "x": "64"}, {"y": "65", "x": "68"}, {"y": "62", "x": "72"}, {"y": "58", "x": "76"}, {"y": "55", "x": "80"}, {"y": "55", "x": "80"}, {"y": "55", "x": "80"}, {"y": "52", "x": "84"}, {"y": "48", "x": "88"}, {"y": "45", "x": "92"}, {"y": "42", "x": "95"}, {"y": "38", "x": "99"}, {"y": "35", "x": "103"}, {"y": "32", "x": "107"}, {"y": "28", "x": "110"}, {"y": "25", "x": "114"}, {"y": "22", "x": "118"}, {"y": "18", "x": "122"}, {"y": "18", "x": "122"}, {"y": "14", "x": "128"}, {"y": "11", "x": "135"}, {"y": "7", "x": "142"}, {"y": "3", "x": "148"}], [{"y": "7", "x": "219"}, {"y": "7", "x": "219"}, {"y": "11", "x": "226"}, {"y": "15", "x": "234"}, {"y": "19", "x": "241"}, {"y": "22", "x": "249"}, {"y": "26", "x": "256"}, {"y": "30", "x": "264"}, {"y": "30", "x": "264"}, {"y": "33", "x": "270"}, {"y": "37", "x": "277"}, {"y": "40", "x": "284"}, {"y": "44", "x": "291"}, {"y": "47", "x": "298"}, {"y": "50", "x": "305"}, {"y": "54", "x": "311"}, {"y": "57", "x": "318"}, {"y": "57", "x": "318"}]]}