{"Lines": [[{"y": "52", "x": "0"}, {"y": "52", "x": "0"}, {"y": "48", "x": "6"}, {"y": "45", "x": "12"}, {"y": "42", "x": "18"}, {"y": "38", "x": "24"}, {"y": "35", "x": "30"}, {"y": "31", "x": "36"}, {"y": "28", "x": "42"}, {"y": "24", "x": "48"}, {"y": "21", "x": "54"}, {"y": "17", "x": "61"}, {"y": "17", "x": "61"}, {"y": "17", "x": "61"}, {"y": "13", "x": "68"}, {"y": "8", "x": "76"}, {"y": "4", "x": "83"}, {"y": "0", "x": "91"}, {"y": "0", "x": "91"}], [{"y": "1", "x": "182"}, {"y": "1", "x": "182"}, {"y": "5", "x": "186"}, {"y": "8", "x": "190"}, {"y": "11", "x": "193"}, {"y": "14", "x": "197"}, {"y": "17", "x": "201"}, {"y": "20", "x": "205"}, {"y": "24", "x": "208"}, {"y": "27", "x": "212"}, {"y": "30", "x": "216"}, {"y": "33", "x": "220"}, {"y": "36", "x": "224"}, {"y": "40", "x": "227"}, {"y": "43", "x": "231"}, {"y": "46", "x": "235"}, {"y": "49", "x": "239"}, {"y": "52", "x": "242"}, {"y": "56", "x": "246"}, {"y": "56", "x": "246"}, {"y": "59", "x": "250"}, {"y": "62", "x": "254"}, {"y": "65", "x": "258"}, {"y": "68", "x": "262"}, {"y": "71", "x": "266"}, {"y": "75", "x": "270"}, {"y": "78", "x": "274"}, {"y": "81", "x": "278"}, {"y": "84", "x": "282"}, {"y": "87", "x": "286"}, {"y": "91", "x": "290"}, {"y": "94", "x": "294"}, {"y": "97", "x": "298"}, {"y": "100", "x": "302"}, {"y": "103", "x": "306"}, {"y": "106", "x": "310"}, {"y": "110", "x": "314"}, {"y": "113", "x": "318"}, {"y": "113", "x": "318"}]]}