{"Lines": [[{"y": "79", "x": "1"}, {"y": "79", "x": "1"}, {"y": "75", "x": "6"}, {"y": "71", "x": "10"}, {"y": "67", "x": "14"}, {"y": "63", "x": "18"}, {"y": "60", "x": "22"}, {"y": "56", "x": "27"}, {"y": "56", "x": "27"}, {"y": "56", "x": "27"}, {"y": "52", "x": "30"}, {"y": "48", "x": "34"}, {"y": "44", "x": "38"}, {"y": "40", "x": "41"}, {"y": "37", "x": "45"}, {"y": "33", "x": "49"}, {"y": "33", "x": "49"}, {"y": "33", "x": "49"}, {"y": "27", "x": "53"}, {"y": "22", "x": "58"}, {"y": "22", "x": "58"}, {"y": "22", "x": "58"}, {"y": "7", "x": "60"}, {"y": "16", "x": "61"}, {"y": "16", "x": "61"}], [{"y": "8", "x": "149"}, {"y": "12", "x": "159"}, {"y": "16", "x": "170"}, {"y": "20", "x": "180"}, {"y": "23", "x": "191"}, {"y": "23", "x": "191"}, {"y": "28", "x": "199"}, {"y": "32", "x": "207"}, {"y": "36", "x": "215"}, {"y": "36", "x": "215"}, {"y": "36", "x": "215"}, {"y": "39", "x": "220"}, {"y": "42", "x": "225"}, {"y": "46", "x": "230"}, {"y": "49", "x": "235"}, {"y": "52", "x": "239"}, {"y": "55", "x": "244"}, {"y": "58", "x": "249"}, {"y": "62", "x": "254"}, {"y": "65", "x": "259"}, {"y": "68", "x": "264"}, {"y": "71", "x": "269"}, {"y": "74", "x": "274"}, {"y": "78", "x": "279"}, {"y": "81", "x": "284"}, {"y": "84", "x": "288"}, {"y": "87", "x": "293"}, {"y": "91", "x": "298"}, {"y": "94", "x": "303"}, {"y": "97", "x": "308"}, {"y": "100", "x": "313"}, {"y": "103", "x": "318"}]]}