{"Lines": [[{"y": "55", "x": "0"}, {"y": "55", "x": "0"}, {"y": "52", "x": "6"}, {"y": "49", "x": "12"}, {"y": "45", "x": "18"}, {"y": "42", "x": "24"}, {"y": "38", "x": "30"}, {"y": "35", "x": "37"}, {"y": "32", "x": "43"}, {"y": "28", "x": "49"}, {"y": "28", "x": "49"}, {"y": "28", "x": "49"}, {"y": "24", "x": "56"}, {"y": "20", "x": "62"}, {"y": "17", "x": "69"}, {"y": "13", "x": "75"}, {"y": "9", "x": "82"}, {"y": "9", "x": "82"}, {"y": "3", "x": "88"}, {"y": "3", "x": "88"}, {"y": "0", "x": "90"}, {"y": "0", "x": "90"}], [{"y": "4", "x": "171"}, {"y": "4", "x": "171"}, {"y": "7", "x": "176"}, {"y": "11", "x": "182"}, {"y": "15", "x": "187"}, {"y": "18", "x": "192"}, {"y": "22", "x": "197"}, {"y": "25", "x": "202"}, {"y": "29", "x": "207"}, {"y": "33", "x": "212"}, {"y": "33", "x": "212"}, {"y": "33", "x": "212"}, {"y": "36", "x": "216"}, {"y": "39", "x": "220"}, {"y": "43", "x": "224"}, {"y": "46", "x": "228"}, {"y": "49", "x": "232"}, {"y": "52", "x": "236"}, {"y": "56", "x": "240"}, {"y": "59", "x": "244"}, {"y": "62", "x": "248"}, {"y": "65", "x": "252"}, {"y": "69", "x": "256"}, {"y": "72", "x": "260"}, {"y": "75", "x": "264"}, {"y": "78", "x": "268"}, {"y": "82", "x": "273"}, {"y": "85", "x": "277"}, {"y": "88", "x": "281"}, {"y": "88", "x": "281"}, {"y": "92", "x": "285"}, {"y": "95", "x": "289"}, {"y": "98", "x": "293"}, {"y": "102", "x": "297"}, {"y": "105", "x": "302"}, {"y": "108", "x": "306"}, {"y": "112", "x": "310"}, {"y": "115", "x": "314"}, {"y": "119", "x": "319"}, {"y": "119", "x": "319"}]]}