{"Lines": [[{"y": "57", "x": "0"}, {"y": "57", "x": "0"}, {"y": "54", "x": "6"}, {"y": "50", "x": "13"}, {"y": "46", "x": "20"}, {"y": "43", "x": "26"}, {"y": "39", "x": "33"}, {"y": "35", "x": "40"}, {"y": "32", "x": "46"}, {"y": "32", "x": "46"}, {"y": "28", "x": "53"}, {"y": "24", "x": "60"}, {"y": "20", "x": "66"}, {"y": "16", "x": "73"}, {"y": "12", "x": "80"}, {"y": "12", "x": "80"}, {"y": "6", "x": "87"}, {"y": "0", "x": "94"}, {"y": "0", "x": "94"}], [{"y": "1", "x": "169"}, {"y": "1", "x": "170"}, {"y": "5", "x": "175"}, {"y": "8", "x": "180"}, {"y": "12", "x": "185"}, {"y": "15", "x": "191"}, {"y": "19", "x": "196"}, {"y": "23", "x": "201"}, {"y": "26", "x": "207"}, {"y": "30", "x": "212"}, {"y": "30", "x": "212"}, {"y": "30", "x": "212"}, {"y": "33", "x": "216"}, {"y": "36", "x": "220"}, {"y": "40", "x": "225"}, {"y": "43", "x": "229"}, {"y": "46", "x": "233"}, {"y": "50", "x": "237"}, {"y": "53", "x": "241"}, {"y": "56", "x": "245"}, {"y": "60", "x": "249"}, {"y": "63", "x": "254"}, {"y": "66", "x": "258"}, {"y": "70", "x": "262"}, {"y": "73", "x": "266"}, {"y": "73", "x": "266"}, {"y": "76", "x": "270"}, {"y": "79", "x": "274"}, {"y": "83", "x": "278"}, {"y": "86", "x": "282"}, {"y": "89", "x": "286"}, {"y": "93", "x": "290"}, {"y": "96", "x": "294"}, {"y": "99", "x": "298"}, {"y": "102", "x": "302"}, {"y": "106", "x": "306"}, {"y": "109", "x": "310"}, {"y": "112", "x": "314"}, {"y": "116", "x": "319"}]]}