{"Lines": [[{"y": "13", "x": "0"}, {"y": "11", "x": "5"}, {"y": "8", "x": "12"}, {"y": "5", "x": "18"}, {"y": "5", "x": "18"}, {"y": "2", "x": "23"}, {"y": "0", "x": "30"}], [{"y": "1", "x": "105"}, {"y": "1", "x": "105"}, {"y": "4", "x": "108"}, {"y": "8", "x": "110"}, {"y": "11", "x": "112"}, {"y": "15", "x": "114"}, {"y": "18", "x": "117"}, {"y": "22", "x": "119"}, {"y": "25", "x": "121"}, {"y": "29", "x": "123"}, {"y": "29", "x": "123"}, {"y": "29", "x": "123"}, {"y": "32", "x": "125"}, {"y": "35", "x": "127"}, {"y": "38", "x": "129"}, {"y": "42", "x": "130"}, {"y": "45", "x": "132"}, {"y": "48", "x": "134"}, {"y": "51", "x": "136"}, {"y": "54", "x": "137"}, {"y": "57", "x": "139"}, {"y": "61", "x": "141"}, {"y": "64", "x": "143"}, {"y": "67", "x": "145"}, {"y": "70", "x": "146"}, {"y": "73", "x": "148"}, {"y": "77", "x": "150"}, {"y": "80", "x": "152"}, {"y": "83", "x": "154"}, {"y": "86", "x": "155"}, {"y": "89", "x": "157"}, {"y": "92", "x": "159"}, {"y": "96", "x": "161"}, {"y": "96", "x": "161"}, {"y": "96", "x": "161"}, {"y": "99", "x": "163"}, {"y": "102", "x": "164"}, {"y": "105", "x": "166"}, {"y": "108", "x": "168"}, {"y": "112", "x": "170"}, {"y": "115", "x": "172"}, {"y": "118", "x": "174"}, {"y": "121", "x": "176"}, {"y": "124", "x": "178"}, {"y": "127", "x": "179"}, {"y": "131", "x": "181"}, {"y": "134", "x": "183"}, {"y": "137", "x": "185"}, {"y": "140", "x": "187"}, {"y": "143", "x": "189"}, {"y": "147", "x": "191"}, {"y": "150", "x": "193"}, {"y": "153", "x": "194"}, {"y": "156", "x": "196"}, {"y": "159", "x": "198"}, {"y": "163", "x": "200"}, {"y": "166", "x": "202"}, {"y": "169", "x": "204"}, {"y": "172", "x": "206"}, {"y": "175", "x": "208"}, {"y": "179", "x": "209"}, {"y": "179", "x": "210"}]]}