{"Lines": [[{"y": "74", "x": "0"}, {"y": "74", "x": "0"}, {"y": "70", "x": "5"}, {"y": "67", "x": "10"}, {"y": "64", "x": "15"}, {"y": "60", "x": "20"}, {"y": "57", "x": "26"}, {"y": "53", "x": "31"}, {"y": "50", "x": "36"}, {"y": "47", "x": "41"}, {"y": "43", "x": "47"}, {"y": "40", "x": "52"}, {"y": "40", "x": "52"}, {"y": "40", "x": "52"}, {"y": "36", "x": "58"}, {"y": "31", "x": "63"}, {"y": "27", "x": "69"}, {"y": "23", "x": "75"}, {"y": "23", "x": "75"}, {"y": "15", "x": "85"}, {"y": "15", "x": "85"}, {"y": "3", "x": "90"}, {"y": "9", "x": "91"}, {"y": "9", "x": "91"}], [{"y": "3", "x": "182"}, {"y": "3", "x": "182"}, {"y": "6", "x": "188"}, {"y": "9", "x": "194"}, {"y": "12", "x": "200"}, {"y": "16", "x": "206"}, {"y": "19", "x": "212"}, {"y": "22", "x": "218"}, {"y": "26", "x": "224"}, {"y": "29", "x": "230"}, {"y": "32", "x": "236"}, {"y": "35", "x": "242"}, {"y": "39", "x": "248"}, {"y": "39", "x": "248"}, {"y": "39", "x": "248"}, {"y": "42", "x": "253"}, {"y": "45", "x": "259"}, {"y": "49", "x": "264"}, {"y": "52", "x": "269"}, {"y": "56", "x": "275"}, {"y": "59", "x": "280"}, {"y": "63", "x": "286"}, {"y": "66", "x": "291"}, {"y": "69", "x": "296"}, {"y": "73", "x": "302"}, {"y": "76", "x": "307"}, {"y": "80", "x": "313"}, {"y": "83", "x": "318"}, {"y": "83", "x": "318"}]]}