{"Lines": [[{"y": "71", "x": "3"}, {"y": "71", "x": "3"}, {"y": "68", "x": "13"}, {"y": "64", "x": "24"}, {"y": "61", "x": "34"}, {"y": "57", "x": "44"}, {"y": "54", "x": "54"}, {"y": "50", "x": "65"}, {"y": "47", "x": "75"}, {"y": "43", "x": "85"}, {"y": "39", "x": "95"}, {"y": "36", "x": "106"}, {"y": "32", "x": "116"}, {"y": "32", "x": "116"}, {"y": "32", "x": "116"}, {"y": "28", "x": "127"}, {"y": "24", "x": "138"}, {"y": "20", "x": "149"}, {"y": "16", "x": "160"}, {"y": "12", "x": "171"}, {"y": "8", "x": "182"}, {"y": "8", "x": "182"}, {"y": "8", "x": "182"}, {"y": "0", "x": "198"}, {"y": "0", "x": "198"}], [{"y": "0", "x": "277"}, {"y": "0", "x": "277"}, {"y": "5", "x": "285"}, {"y": "11", "x": "293"}, {"y": "11", "x": "293"}, {"y": "15", "x": "298"}, {"y": "20", "x": "304"}, {"y": "25", "x": "309"}, {"y": "25", "x": "309"}, {"y": "30", "x": "314"}, {"y": "35", "x": "318"}, {"y": "35", "x": "319"}]]}