{"Lines": [[{"y": "10", "x": "172"}, {"y": "14", "x": "177"}, {"y": "17", "x": "183"}, {"y": "21", "x": "188"}, {"y": "24", "x": "193"}, {"y": "27", "x": "198"}, {"y": "31", "x": "203"}, {"y": "34", "x": "208"}, {"y": "38", "x": "213"}, {"y": "41", "x": "218"}, {"y": "44", "x": "223"}, {"y": "44", "x": "223"}, {"y": "44", "x": "223"}, {"y": "48", "x": "228"}, {"y": "51", "x": "232"}, {"y": "54", "x": "236"}, {"y": "57", "x": "240"}, {"y": "60", "x": "244"}, {"y": "63", "x": "248"}, {"y": "67", "x": "252"}, {"y": "70", "x": "256"}, {"y": "73", "x": "261"}, {"y": "76", "x": "265"}, {"y": "79", "x": "269"}, {"y": "83", "x": "273"}, {"y": "86", "x": "277"}, {"y": "89", "x": "281"}, {"y": "92", "x": "285"}, {"y": "95", "x": "290"}, {"y": "98", "x": "294"}, {"y": "102", "x": "298"}, {"y": "105", "x": "302"}, {"y": "108", "x": "306"}, {"y": "111", "x": "310"}, {"y": "114", "x": "314"}, {"y": "118", "x": "318"}, {"y": "118", "x": "319"}], [{"y": "73", "x": "0"}, {"y": "73", "x": "0"}, {"y": "69", "x": "5"}, {"y": "65", "x": "10"}, {"y": "62", "x": "15"}, {"y": "58", "x": "20"}, {"y": "55", "x": "25"}, {"y": "51", "x": "30"}, {"y": "48", "x": "35"}, {"y": "44", "x": "40"}, {"y": "41", "x": "45"}, {"y": "37", "x": "50"}, {"y": "34", "x": "55"}, {"y": "34", "x": "55"}, {"y": "34", "x": "55"}, {"y": "30", "x": "59"}, {"y": "26", "x": "64"}, {"y": "22", "x": "68"}, {"y": "18", "x": "73"}, {"y": "14", "x": "77"}, {"y": "14", "x": "77"}, {"y": "6", "x": "85"}, {"y": "6", "x": "85"}]]}