{"Lines": [[{"y": "58", "x": "0"}, {"y": "58", "x": "0"}, {"y": "55", "x": "6"}, {"y": "52", "x": "11"}, {"y": "49", "x": "17"}, {"y": "45", "x": "22"}, {"y": "42", "x": "28"}, {"y": "39", "x": "33"}, {"y": "36", "x": "39"}, {"y": "32", "x": "45"}, {"y": "29", "x": "50"}, {"y": "26", "x": "56"}, {"y": "23", "x": "61"}, {"y": "19", "x": "67"}, {"y": "16", "x": "72"}, {"y": "16", "x": "72"}, {"y": "12", "x": "79"}, {"y": "8", "x": "85"}, {"y": "4", "x": "92"}, {"y": "0", "x": "98"}, {"y": "0", "x": "99"}], [{"y": "1", "x": "195"}, {"y": "1", "x": "195"}, {"y": "4", "x": "199"}, {"y": "7", "x": "203"}, {"y": "10", "x": "206"}, {"y": "14", "x": "210"}, {"y": "17", "x": "214"}, {"y": "20", "x": "218"}, {"y": "23", "x": "221"}, {"y": "26", "x": "225"}, {"y": "30", "x": "229"}, {"y": "33", "x": "233"}, {"y": "36", "x": "236"}, {"y": "39", "x": "240"}, {"y": "43", "x": "244"}, {"y": "46", "x": "248"}, {"y": "46", "x": "248"}, {"y": "49", "x": "252"}, {"y": "52", "x": "256"}, {"y": "55", "x": "259"}, {"y": "59", "x": "263"}, {"y": "62", "x": "267"}, {"y": "65", "x": "271"}, {"y": "68", "x": "275"}, {"y": "71", "x": "279"}, {"y": "74", "x": "283"}, {"y": "78", "x": "287"}, {"y": "81", "x": "291"}, {"y": "84", "x": "295"}, {"y": "87", "x": "299"}, {"y": "90", "x": "303"}, {"y": "93", "x": "307"}, {"y": "97", "x": "311"}, {"y": "100", "x": "315"}, {"y": "103", "x": "318"}]]}