{"Lines": [[{"y": "85", "x": "0"}, {"y": "85", "x": "0"}, {"y": "81", "x": "6"}, {"y": "78", "x": "12"}, {"y": "74", "x": "18"}, {"y": "71", "x": "24"}, {"y": "67", "x": "30"}, {"y": "64", "x": "35"}, {"y": "61", "x": "41"}, {"y": "57", "x": "47"}, {"y": "54", "x": "53"}, {"y": "50", "x": "59"}, {"y": "47", "x": "65"}, {"y": "43", "x": "71"}, {"y": "43", "x": "71"}, {"y": "43", "x": "71"}, {"y": "40", "x": "78"}, {"y": "36", "x": "86"}, {"y": "32", "x": "93"}, {"y": "29", "x": "101"}, {"y": "25", "x": "108"}, {"y": "21", "x": "116"}, {"y": "18", "x": "123"}, {"y": "18", "x": "123"}], [{"y": "18", "x": "209"}, {"y": "18", "x": "209"}, {"y": "22", "x": "215"}, {"y": "26", "x": "222"}, {"y": "30", "x": "228"}, {"y": "33", "x": "235"}, {"y": "37", "x": "242"}, {"y": "41", "x": "248"}, {"y": "45", "x": "255"}, {"y": "45", "x": "255"}, {"y": "45", "x": "255"}, {"y": "48", "x": "260"}, {"y": "51", "x": "265"}, {"y": "55", "x": "271"}, {"y": "58", "x": "276"}, {"y": "62", "x": "281"}, {"y": "65", "x": "286"}, {"y": "68", "x": "292"}, {"y": "72", "x": "297"}, {"y": "75", "x": "302"}, {"y": "78", "x": "308"}, {"y": "82", "x": "313"}, {"y": "85", "x": "318"}, {"y": "85", "x": "318"}]]}