{"Lines": [[{"y": "67", "x": "0"}, {"y": "67", "x": "0"}, {"y": "64", "x": "5"}, {"y": "60", "x": "9"}, {"y": "57", "x": "13"}, {"y": "53", "x": "17"}, {"y": "50", "x": "22"}, {"y": "47", "x": "26"}, {"y": "43", "x": "30"}, {"y": "40", "x": "34"}, {"y": "37", "x": "38"}, {"y": "33", "x": "43"}, {"y": "30", "x": "47"}, {"y": "26", "x": "51"}, {"y": "23", "x": "55"}, {"y": "23", "x": "55"}, {"y": "19", "x": "60"}, {"y": "15", "x": "65"}, {"y": "11", "x": "70"}, {"y": "7", "x": "75"}, {"y": "3", "x": "80"}, {"y": "0", "x": "86"}], [{"y": "9", "x": "162"}, {"y": "9", "x": "162"}, {"y": "12", "x": "167"}, {"y": "16", "x": "173"}, {"y": "20", "x": "178"}, {"y": "23", "x": "184"}, {"y": "27", "x": "189"}, {"y": "30", "x": "195"}, {"y": "34", "x": "200"}, {"y": "37", "x": "205"}, {"y": "41", "x": "211"}, {"y": "44", "x": "216"}, {"y": "44", "x": "216"}, {"y": "44", "x": "216"}, {"y": "48", "x": "222"}, {"y": "51", "x": "227"}, {"y": "54", "x": "232"}, {"y": "57", "x": "238"}, {"y": "60", "x": "243"}, {"y": "64", "x": "249"}, {"y": "67", "x": "254"}, {"y": "70", "x": "259"}, {"y": "73", "x": "265"}, {"y": "77", "x": "270"}, {"y": "80", "x": "275"}, {"y": "83", "x": "281"}, {"y": "86", "x": "286"}, {"y": "89", "x": "292"}, {"y": "93", "x": "297"}, {"y": "96", "x": "302"}, {"y": "99", "x": "308"}, {"y": "102", "x": "313"}, {"y": "106", "x": "318"}, {"y": "106", "x": "319"}]]}