{"Lines": [[{"y": "55", "x": "0"}, {"y": "55", "x": "0"}, {"y": "52", "x": "6"}, {"y": "48", "x": "12"}, {"y": "45", "x": "18"}, {"y": "41", "x": "24"}, {"y": "38", "x": "29"}, {"y": "34", "x": "35"}, {"y": "31", "x": "41"}, {"y": "27", "x": "47"}, {"y": "24", "x": "52"}, {"y": "20", "x": "58"}, {"y": "20", "x": "58"}, {"y": "20", "x": "58"}, {"y": "16", "x": "65"}, {"y": "12", "x": "72"}, {"y": "8", "x": "79"}, {"y": "4", "x": "86"}, {"y": "0", "x": "93"}], [{"y": "1", "x": "184"}, {"y": "1", "x": "184"}, {"y": "4", "x": "188"}, {"y": "8", "x": "193"}, {"y": "11", "x": "197"}, {"y": "15", "x": "201"}, {"y": "18", "x": "205"}, {"y": "21", "x": "210"}, {"y": "25", "x": "214"}, {"y": "28", "x": "218"}, {"y": "31", "x": "222"}, {"y": "35", "x": "227"}, {"y": "38", "x": "231"}, {"y": "42", "x": "235"}, {"y": "45", "x": "239"}, {"y": "48", "x": "243"}, {"y": "52", "x": "248"}, {"y": "52", "x": "248"}, {"y": "52", "x": "248"}, {"y": "55", "x": "252"}, {"y": "58", "x": "257"}, {"y": "62", "x": "261"}, {"y": "65", "x": "265"}, {"y": "69", "x": "270"}, {"y": "72", "x": "274"}, {"y": "75", "x": "279"}, {"y": "79", "x": "283"}, {"y": "82", "x": "288"}, {"y": "85", "x": "292"}, {"y": "89", "x": "296"}, {"y": "92", "x": "301"}, {"y": "95", "x": "305"}, {"y": "99", "x": "310"}, {"y": "102", "x": "314"}, {"y": "106", "x": "319"}]]}