{"Lines": [[{"y": "72", "x": "1"}, {"y": "72", "x": "1"}, {"y": "69", "x": "7"}, {"y": "65", "x": "14"}, {"y": "62", "x": "20"}, {"y": "59", "x": "26"}, {"y": "55", "x": "33"}, {"y": "52", "x": "39"}, {"y": "48", "x": "45"}, {"y": "45", "x": "52"}, {"y": "42", "x": "58"}, {"y": "38", "x": "64"}, {"y": "35", "x": "71"}, {"y": "31", "x": "77"}, {"y": "28", "x": "83"}, {"y": "25", "x": "90"}, {"y": "25", "x": "90"}, {"y": "25", "x": "90"}, {"y": "21", "x": "96"}, {"y": "18", "x": "103"}, {"y": "14", "x": "109"}, {"y": "11", "x": "116"}, {"y": "7", "x": "123"}, {"y": "4", "x": "129"}, {"y": "0", "x": "136"}], [{"y": "0", "x": "205"}, {"y": "0", "x": "205"}, {"y": "4", "x": "210"}, {"y": "7", "x": "214"}, {"y": "11", "x": "219"}, {"y": "15", "x": "224"}, {"y": "18", "x": "228"}, {"y": "22", "x": "233"}, {"y": "25", "x": "238"}, {"y": "29", "x": "242"}, {"y": "29", "x": "242"}, {"y": "32", "x": "247"}, {"y": "35", "x": "251"}, {"y": "38", "x": "255"}, {"y": "42", "x": "259"}, {"y": "45", "x": "263"}, {"y": "48", "x": "268"}, {"y": "51", "x": "272"}, {"y": "55", "x": "276"}, {"y": "58", "x": "280"}, {"y": "61", "x": "284"}, {"y": "64", "x": "289"}, {"y": "67", "x": "293"}, {"y": "71", "x": "297"}, {"y": "74", "x": "301"}, {"y": "77", "x": "305"}, {"y": "80", "x": "310"}, {"y": "83", "x": "314"}, {"y": "87", "x": "318"}, {"y": "87", "x": "318"}]]}