{"Lines": [[{"y": "61", "x": "0"}, {"y": "61", "x": "0"}, {"y": "57", "x": "6"}, {"y": "54", "x": "12"}, {"y": "51", "x": "18"}, {"y": "47", "x": "23"}, {"y": "44", "x": "29"}, {"y": "40", "x": "35"}, {"y": "37", "x": "41"}, {"y": "33", "x": "47"}, {"y": "30", "x": "53"}, {"y": "26", "x": "58"}, {"y": "23", "x": "64"}, {"y": "19", "x": "70"}, {"y": "16", "x": "76"}, {"y": "16", "x": "76"}, {"y": "16", "x": "76"}, {"y": "12", "x": "81"}, {"y": "8", "x": "87"}, {"y": "4", "x": "93"}, {"y": "0", "x": "99"}], [{"y": "0", "x": "198"}, {"y": "0", "x": "198"}, {"y": "3", "x": "202"}, {"y": "7", "x": "206"}, {"y": "10", "x": "210"}, {"y": "14", "x": "214"}, {"y": "17", "x": "218"}, {"y": "20", "x": "222"}, {"y": "24", "x": "226"}, {"y": "27", "x": "230"}, {"y": "31", "x": "234"}, {"y": "34", "x": "238"}, {"y": "37", "x": "242"}, {"y": "41", "x": "246"}, {"y": "44", "x": "250"}, {"y": "47", "x": "255"}, {"y": "50", "x": "259"}, {"y": "54", "x": "263"}, {"y": "57", "x": "267"}, {"y": "60", "x": "272"}, {"y": "63", "x": "276"}, {"y": "67", "x": "280"}, {"y": "70", "x": "284"}, {"y": "73", "x": "288"}, {"y": "76", "x": "293"}, {"y": "80", "x": "297"}, {"y": "83", "x": "301"}, {"y": "86", "x": "305"}, {"y": "89", "x": "310"}, {"y": "93", "x": "314"}, {"y": "96", "x": "318"}]]}