{"Lines": [[{"y": "86", "x": "0"}, {"y": "86", "x": "0"}, {"y": "83", "x": "4"}, {"y": "80", "x": "9"}, {"y": "76", "x": "13"}, {"y": "73", "x": "17"}, {"y": "70", "x": "22"}, {"y": "67", "x": "26"}, {"y": "64", "x": "30"}, {"y": "60", "x": "35"}, {"y": "57", "x": "39"}, {"y": "54", "x": "43"}, {"y": "51", "x": "48"}, {"y": "48", "x": "52"}, {"y": "44", "x": "56"}, {"y": "41", "x": "61"}, {"y": "38", "x": "65"}, {"y": "35", "x": "69"}, {"y": "32", "x": "74"}, {"y": "28", "x": "78"}, {"y": "28", "x": "78"}, {"y": "28", "x": "78"}, {"y": "25", "x": "82"}, {"y": "21", "x": "87"}, {"y": "17", "x": "91"}, {"y": "13", "x": "96"}, {"y": "9", "x": "100"}, {"y": "9", "x": "100"}, {"y": "4", "x": "104"}, {"y": "0", "x": "108"}, {"y": "0", "x": "109"}], [{"y": "1", "x": "198"}, {"y": "4", "x": "204"}, {"y": "8", "x": "211"}, {"y": "12", "x": "217"}, {"y": "16", "x": "223"}, {"y": "20", "x": "230"}, {"y": "23", "x": "236"}, {"y": "23", "x": "236"}, {"y": "23", "x": "236"}, {"y": "27", "x": "242"}, {"y": "30", "x": "248"}, {"y": "33", "x": "254"}, {"y": "37", "x": "259"}, {"y": "40", "x": "265"}, {"y": "43", "x": "271"}, {"y": "46", "x": "277"}, {"y": "50", "x": "283"}, {"y": "53", "x": "289"}, {"y": "56", "x": "295"}, {"y": "60", "x": "301"}, {"y": "63", "x": "307"}, {"y": "66", "x": "313"}, {"y": "70", "x": "319"}, {"y": "70", "x": "319"}]]}