{"Lines": [[{"y": "43", "x": "1"}, {"y": "43", "x": "1"}, {"y": "40", "x": "9"}, {"y": "36", "x": "18"}, {"y": "32", "x": "27"}, {"y": "28", "x": "36"}, {"y": "25", "x": "45"}, {"y": "25", "x": "45"}, {"y": "25", "x": "45"}, {"y": "21", "x": "54"}, {"y": "17", "x": "64"}, {"y": "12", "x": "73"}, {"y": "8", "x": "83"}, {"y": "4", "x": "92"}, {"y": "4", "x": "92"}], [{"y": "165", "x": "3"}, {"y": "165", "x": "3"}, {"y": "162", "x": "6"}, {"y": "159", "x": "9"}, {"y": "155", "x": "11"}, {"y": "152", "x": "14"}, {"y": "149", "x": "17"}, {"y": "145", "x": "20"}, {"y": "142", "x": "22"}, {"y": "139", "x": "25"}, {"y": "136", "x": "28"}, {"y": "132", "x": "30"}, {"y": "129", "x": "33"}, {"y": "126", "x": "36"}, {"y": "122", "x": "39"}, {"y": "119", "x": "41"}, {"y": "116", "x": "44"}, {"y": "112", "x": "47"}, {"y": "109", "x": "49"}, {"y": "106", "x": "52"}, {"y": "103", "x": "55"}, {"y": "99", "x": "57"}, {"y": "99", "x": "57"}, {"y": "99", "x": "57"}, {"y": "96", "x": "60"}, {"y": "92", "x": "63"}, {"y": "89", "x": "66"}, {"y": "86", "x": "69"}, {"y": "82", "x": "71"}, {"y": "79", "x": "74"}, {"y": "75", "x": "77"}, {"y": "72", "x": "80"}, {"y": "69", "x": "83"}, {"y": "65", "x": "85"}, {"y": "62", "x": "88"}, {"y": "62", "x": "88"}, {"y": "62", "x": "88"}, {"y": "58", "x": "91"}, {"y": "55", "x": "94"}, {"y": "51", "x": "97"}, {"y": "47", "x": "100"}, {"y": "44", "x": "103"}, {"y": "40", "x": "106"}, {"y": "36", "x": "109"}, {"y": "33", "x": "112"}, {"y": "29", "x": "115"}, {"y": "29", "x": "115"}], [{"y": "9", "x": "179"}, {"y": "9", "x": "180"}, {"y": "12", "x": "182"}, {"y": "15", "x": "184"}, {"y": "19", "x": "187"}, {"y": "22", "x": "189"}, {"y": "25", "x": "191"}, {"y": "28", "x": "194"}, {"y": "31", "x": "196"}, {"y": "35", "x": "198"}, {"y": "38", "x": "201"}, {"y": "41", "x": "203"}, {"y": "44", "x": "205"}, {"y": "48", "x": "208"}, {"y": "51", "x": "210"}, {"y": "54", "x": "213"}, {"y": "57", "x": "215"}, {"y": "61", "x": "217"}, {"y": "61", "x": "217"}, {"y": "64", "x": "220"}, {"y": "67", "x": "222"}, {"y": "70", "x": "224"}, {"y": "73", "x": "227"}, {"y": "76", "x": "229"}, {"y": "79", "x": "231"}, {"y": "82", "x": "234"}, {"y": "85", "x": "236"}, {"y": "88", "x": "238"}, {"y": "92", "x": "241"}, {"y": "95", "x": "243"}, {"y": "98", "x": "245"}, {"y": "101", "x": "248"}, {"y": "104", "x": "250"}, {"y": "107", "x": "252"}, {"y": "110", "x": "255"}, {"y": "113", "x": "257"}, {"y": "116", "x": "260"}, {"y": "120", "x": "262"}, {"y": "123", "x": "264"}, {"y": "126", "x": "267"}, {"y": "129", "x": "269"}, {"y": "132", "x": "271"}, {"y": "135", "x": "274"}, {"y": "138", "x": "276"}, {"y": "141", "x": "278"}, {"y": "144", "x": "281"}, {"y": "147", "x": "283"}, {"y": "151", "x": "285"}, {"y": "154", "x": "288"}, {"y": "157", "x": "290"}, {"y": "160", "x": "292"}, {"y": "163", "x": "295"}, {"y": "166", "x": "297"}, {"y": "169", "x": "299"}, {"y": "172", "x": "302"}, {"y": "175", "x": "304"}, {"y": "179", "x": "307"}, {"y": "179", "x": "307"}]]}