{"Lines": [[{"y": "61", "x": "0"}, {"y": "61", "x": "0"}, {"y": "57", "x": "6"}, {"y": "54", "x": "13"}, {"y": "50", "x": "20"}, {"y": "46", "x": "27"}, {"y": "42", "x": "33"}, {"y": "39", "x": "40"}, {"y": "35", "x": "47"}, {"y": "31", "x": "54"}, {"y": "31", "x": "54"}, {"y": "31", "x": "54"}, {"y": "28", "x": "60"}, {"y": "24", "x": "66"}, {"y": "20", "x": "72"}, {"y": "17", "x": "79"}, {"y": "13", "x": "85"}, {"y": "13", "x": "85"}, {"y": "9", "x": "91"}, {"y": "5", "x": "96"}, {"y": "1", "x": "102"}, {"y": "1", "x": "102"}], [{"y": "2", "x": "177"}, {"y": "2", "x": "177"}, {"y": "6", "x": "182"}, {"y": "9", "x": "188"}, {"y": "13", "x": "193"}, {"y": "17", "x": "198"}, {"y": "20", "x": "204"}, {"y": "24", "x": "209"}, {"y": "28", "x": "214"}, {"y": "31", "x": "219"}, {"y": "31", "x": "219"}, {"y": "31", "x": "219"}, {"y": "35", "x": "224"}, {"y": "38", "x": "228"}, {"y": "41", "x": "232"}, {"y": "44", "x": "236"}, {"y": "48", "x": "241"}, {"y": "51", "x": "245"}, {"y": "54", "x": "249"}, {"y": "58", "x": "253"}, {"y": "61", "x": "258"}, {"y": "64", "x": "262"}, {"y": "68", "x": "266"}, {"y": "71", "x": "270"}, {"y": "74", "x": "275"}, {"y": "77", "x": "279"}, {"y": "81", "x": "283"}, {"y": "84", "x": "287"}, {"y": "84", "x": "287"}, {"y": "84", "x": "287"}, {"y": "88", "x": "292"}, {"y": "92", "x": "298"}, {"y": "96", "x": "303"}, {"y": "100", "x": "308"}, {"y": "104", "x": "313"}, {"y": "108", "x": "318"}, {"y": "108", "x": "319"}]]}