{"Lines": [[{"y": "54", "x": "0"}, {"y": "54", "x": "0"}, {"y": "51", "x": "7"}, {"y": "47", "x": "15"}, {"y": "43", "x": "23"}, {"y": "39", "x": "31"}, {"y": "39", "x": "31"}, {"y": "39", "x": "31"}, {"y": "35", "x": "38"}, {"y": "31", "x": "44"}, {"y": "27", "x": "51"}, {"y": "23", "x": "58"}, {"y": "19", "x": "65"}, {"y": "19", "x": "65"}, {"y": "19", "x": "65"}, {"y": "13", "x": "74"}, {"y": "7", "x": "83"}, {"y": "7", "x": "83"}, {"y": "0", "x": "87"}, {"y": "3", "x": "88"}], [{"y": "4", "x": "170"}, {"y": "4", "x": "170"}, {"y": "8", "x": "177"}, {"y": "12", "x": "184"}, {"y": "16", "x": "191"}, {"y": "20", "x": "197"}, {"y": "20", "x": "197"}, {"y": "20", "x": "197"}, {"y": "24", "x": "202"}, {"y": "27", "x": "206"}, {"y": "30", "x": "210"}, {"y": "34", "x": "214"}, {"y": "37", "x": "219"}, {"y": "40", "x": "223"}, {"y": "44", "x": "227"}, {"y": "47", "x": "232"}, {"y": "51", "x": "236"}, {"y": "54", "x": "240"}, {"y": "57", "x": "245"}, {"y": "57", "x": "245"}, {"y": "60", "x": "248"}, {"y": "64", "x": "252"}, {"y": "67", "x": "256"}, {"y": "70", "x": "260"}, {"y": "73", "x": "264"}, {"y": "76", "x": "268"}, {"y": "79", "x": "272"}, {"y": "83", "x": "276"}, {"y": "86", "x": "280"}, {"y": "89", "x": "283"}, {"y": "92", "x": "287"}, {"y": "95", "x": "291"}, {"y": "98", "x": "295"}, {"y": "102", "x": "299"}, {"y": "105", "x": "303"}, {"y": "108", "x": "307"}, {"y": "111", "x": "311"}, {"y": "114", "x": "315"}, {"y": "118", "x": "318"}, {"y": "118", "x": "319"}]]}