{"Lines": [[{"y": "81", "x": "0"}, {"y": "81", "x": "0"}, {"y": "77", "x": "4"}, {"y": "74", "x": "8"}, {"y": "71", "x": "12"}, {"y": "68", "x": "16"}, {"y": "64", "x": "20"}, {"y": "61", "x": "24"}, {"y": "58", "x": "28"}, {"y": "54", "x": "32"}, {"y": "51", "x": "36"}, {"y": "48", "x": "40"}, {"y": "44", "x": "44"}, {"y": "41", "x": "48"}, {"y": "38", "x": "52"}, {"y": "38", "x": "52"}, {"y": "38", "x": "52"}, {"y": "34", "x": "56"}, {"y": "31", "x": "60"}, {"y": "27", "x": "64"}, {"y": "24", "x": "68"}, {"y": "20", "x": "72"}, {"y": "17", "x": "76"}, {"y": "13", "x": "80"}, {"y": "10", "x": "84"}, {"y": "6", "x": "88"}, {"y": "3", "x": "92"}, {"y": "0", "x": "96"}], [{"y": "1", "x": "175"}, {"y": "1", "x": "175"}, {"y": "5", "x": "181"}, {"y": "8", "x": "187"}, {"y": "11", "x": "193"}, {"y": "15", "x": "199"}, {"y": "18", "x": "205"}, {"y": "22", "x": "212"}, {"y": "25", "x": "218"}, {"y": "29", "x": "224"}, {"y": "32", "x": "230"}, {"y": "32", "x": "230"}, {"y": "32", "x": "230"}, {"y": "35", "x": "236"}, {"y": "39", "x": "242"}, {"y": "42", "x": "247"}, {"y": "45", "x": "253"}, {"y": "48", "x": "259"}, {"y": "52", "x": "265"}, {"y": "55", "x": "271"}, {"y": "58", "x": "277"}, {"y": "61", "x": "283"}, {"y": "65", "x": "289"}, {"y": "68", "x": "295"}, {"y": "71", "x": "301"}, {"y": "74", "x": "306"}, {"y": "78", "x": "312"}, {"y": "81", "x": "318"}, {"y": "81", "x": "318"}]]}