{"Lines": [[{"y": "69", "x": "1"}, {"y": "69", "x": "1"}, {"y": "66", "x": "8"}, {"y": "62", "x": "16"}, {"y": "59", "x": "24"}, {"y": "55", "x": "31"}, {"y": "52", "x": "39"}, {"y": "48", "x": "46"}, {"y": "45", "x": "54"}, {"y": "45", "x": "54"}, {"y": "45", "x": "54"}, {"y": "41", "x": "63"}, {"y": "37", "x": "72"}, {"y": "33", "x": "81"}, {"y": "29", "x": "90"}, {"y": "25", "x": "98"}, {"y": "25", "x": "98"}, {"y": "25", "x": "98"}, {"y": "18", "x": "119"}, {"y": "18", "x": "119"}], [{"y": "21", "x": "218"}, {"y": "21", "x": "218"}, {"y": "24", "x": "223"}, {"y": "28", "x": "227"}, {"y": "32", "x": "232"}, {"y": "35", "x": "236"}, {"y": "39", "x": "241"}, {"y": "42", "x": "245"}, {"y": "46", "x": "250"}, {"y": "49", "x": "254"}, {"y": "53", "x": "259"}, {"y": "57", "x": "264"}, {"y": "57", "x": "264"}, {"y": "57", "x": "264"}, {"y": "60", "x": "268"}, {"y": "63", "x": "271"}, {"y": "67", "x": "275"}, {"y": "70", "x": "279"}, {"y": "73", "x": "283"}, {"y": "77", "x": "287"}, {"y": "80", "x": "291"}, {"y": "83", "x": "295"}, {"y": "87", "x": "299"}, {"y": "90", "x": "303"}, {"y": "93", "x": "307"}, {"y": "97", "x": "311"}, {"y": "100", "x": "315"}, {"y": "103", "x": "318"}, {"y": "103", "x": "318"}]]}