{"Lines": [[{"y": "68", "x": "0"}, {"y": "68", "x": "0"}, {"y": "65", "x": "8"}, {"y": "61", "x": "15"}, {"y": "58", "x": "23"}, {"y": "55", "x": "31"}, {"y": "51", "x": "38"}, {"y": "48", "x": "46"}, {"y": "45", "x": "53"}, {"y": "41", "x": "61"}, {"y": "38", "x": "68"}, {"y": "35", "x": "76"}, {"y": "31", "x": "83"}, {"y": "28", "x": "91"}, {"y": "24", "x": "98"}, {"y": "21", "x": "106"}, {"y": "21", "x": "106"}, {"y": "21", "x": "106"}, {"y": "18", "x": "115"}, {"y": "14", "x": "124"}, {"y": "10", "x": "133"}, {"y": "7", "x": "142"}, {"y": "3", "x": "151"}, {"y": "0", "x": "161"}], [{"y": "0", "x": "251"}, {"y": "0", "x": "251"}, {"y": "8", "x": "251"}, {"y": "8", "x": "251"}, {"y": "13", "x": "253"}, {"y": "18", "x": "254"}, {"y": "18", "x": "254"}, {"y": "18", "x": "254"}, {"y": "22", "x": "257"}, {"y": "26", "x": "260"}, {"y": "31", "x": "263"}, {"y": "35", "x": "266"}, {"y": "39", "x": "268"}, {"y": "39", "x": "268"}, {"y": "39", "x": "268"}, {"y": "42", "x": "271"}, {"y": "46", "x": "274"}, {"y": "49", "x": "277"}, {"y": "53", "x": "280"}, {"y": "56", "x": "283"}, {"y": "60", "x": "285"}, {"y": "63", "x": "288"}, {"y": "67", "x": "291"}, {"y": "67", "x": "291"}, {"y": "70", "x": "294"}, {"y": "74", "x": "298"}, {"y": "77", "x": "301"}, {"y": "81", "x": "305"}, {"y": "84", "x": "308"}, {"y": "88", "x": "312"}, {"y": "91", "x": "315"}, {"y": "95", "x": "319"}]]}