{"Lines": [[{"y": "77", "x": "3"}, {"y": "77", "x": "3"}, {"y": "74", "x": "10"}, {"y": "70", "x": "17"}, {"y": "67", "x": "24"}, {"y": "64", "x": "31"}, {"y": "61", "x": "38"}, {"y": "57", "x": "45"}, {"y": "54", "x": "52"}, {"y": "51", "x": "59"}, {"y": "48", "x": "66"}, {"y": "44", "x": "73"}, {"y": "41", "x": "80"}, {"y": "38", "x": "87"}, {"y": "35", "x": "94"}, {"y": "31", "x": "101"}, {"y": "28", "x": "108"}, {"y": "28", "x": "108"}, {"y": "25", "x": "115"}, {"y": "21", "x": "122"}, {"y": "17", "x": "129"}, {"y": "14", "x": "136"}, {"y": "10", "x": "143"}, {"y": "7", "x": "150"}, {"y": "3", "x": "157"}, {"y": "3", "x": "157"}], [{"y": "1", "x": "234"}, {"y": "1", "x": "234"}, {"y": "4", "x": "238"}, {"y": "7", "x": "243"}, {"y": "11", "x": "247"}, {"y": "14", "x": "252"}, {"y": "18", "x": "256"}, {"y": "21", "x": "261"}, {"y": "24", "x": "265"}, {"y": "28", "x": "270"}, {"y": "31", "x": "275"}, {"y": "35", "x": "279"}, {"y": "35", "x": "279"}, {"y": "35", "x": "279"}, {"y": "38", "x": "283"}, {"y": "42", "x": "288"}, {"y": "45", "x": "292"}, {"y": "49", "x": "296"}, {"y": "53", "x": "301"}, {"y": "56", "x": "305"}, {"y": "60", "x": "309"}, {"y": "64", "x": "313"}, {"y": "67", "x": "318"}]]}