{"Lines": [[{"y": "132", "x": "1"}, {"y": "132", "x": "1"}, {"y": "128", "x": "3"}, {"y": "125", "x": "6"}, {"y": "122", "x": "8"}, {"y": "119", "x": "11"}, {"y": "116", "x": "13"}, {"y": "113", "x": "15"}, {"y": "109", "x": "18"}, {"y": "106", "x": "20"}, {"y": "103", "x": "23"}, {"y": "100", "x": "25"}, {"y": "97", "x": "28"}, {"y": "94", "x": "30"}, {"y": "91", "x": "32"}, {"y": "87", "x": "35"}, {"y": "84", "x": "37"}, {"y": "81", "x": "40"}, {"y": "78", "x": "42"}, {"y": "75", "x": "45"}, {"y": "72", "x": "47"}, {"y": "68", "x": "49"}, {"y": "65", "x": "52"}, {"y": "62", "x": "54"}, {"y": "59", "x": "57"}, {"y": "56", "x": "59"}, {"y": "53", "x": "62"}, {"y": "49", "x": "64"}, {"y": "49", "x": "64"}, {"y": "46", "x": "66"}, {"y": "42", "x": "68"}, {"y": "39", "x": "70"}, {"y": "35", "x": "73"}, {"y": "31", "x": "75"}, {"y": "28", "x": "77"}, {"y": "24", "x": "79"}, {"y": "21", "x": "81"}, {"y": "21", "x": "81"}, {"y": "1", "x": "82"}, {"y": "1", "x": "82"}, {"y": "17", "x": "82"}, {"y": "12", "x": "83"}, {"y": "8", "x": "84"}, {"y": "8", "x": "84"}, {"y": "8", "x": "84"}], [{"y": "2", "x": "168"}, {"y": "5", "x": "179"}, {"y": "9", "x": "190"}, {"y": "13", "x": "201"}, {"y": "17", "x": "212"}, {"y": "20", "x": "223"}, {"y": "24", "x": "233"}, {"y": "24", "x": "233"}, {"y": "27", "x": "242"}, {"y": "31", "x": "250"}, {"y": "34", "x": "259"}, {"y": "38", "x": "267"}, {"y": "41", "x": "276"}, {"y": "45", "x": "284"}, {"y": "48", "x": "293"}, {"y": "52", "x": "301"}, {"y": "55", "x": "310"}, {"y": "59", "x": "318"}, {"y": "59", "x": "318"}]]}