{"Lines": [[{"y": "64", "x": "0"}, {"y": "64", "x": "0"}, {"y": "61", "x": "5"}, {"y": "57", "x": "11"}, {"y": "54", "x": "16"}, {"y": "50", "x": "22"}, {"y": "47", "x": "28"}, {"y": "43", "x": "33"}, {"y": "40", "x": "39"}, {"y": "36", "x": "44"}, {"y": "33", "x": "50"}, {"y": "29", "x": "56"}, {"y": "29", "x": "56"}, {"y": "29", "x": "56"}, {"y": "26", "x": "61"}, {"y": "22", "x": "66"}, {"y": "18", "x": "70"}, {"y": "15", "x": "75"}, {"y": "11", "x": "80"}, {"y": "7", "x": "85"}, {"y": "3", "x": "90"}, {"y": "0", "x": "95"}], [{"y": "1", "x": "188"}, {"y": "4", "x": "193"}, {"y": "7", "x": "197"}, {"y": "10", "x": "202"}, {"y": "14", "x": "206"}, {"y": "17", "x": "211"}, {"y": "20", "x": "216"}, {"y": "23", "x": "220"}, {"y": "27", "x": "225"}, {"y": "30", "x": "229"}, {"y": "33", "x": "234"}, {"y": "36", "x": "238"}, {"y": "40", "x": "243"}, {"y": "43", "x": "247"}, {"y": "46", "x": "252"}, {"y": "49", "x": "256"}, {"y": "49", "x": "256"}, {"y": "53", "x": "262"}, {"y": "56", "x": "267"}, {"y": "60", "x": "272"}, {"y": "63", "x": "277"}, {"y": "67", "x": "282"}, {"y": "70", "x": "287"}, {"y": "73", "x": "293"}, {"y": "77", "x": "298"}, {"y": "80", "x": "303"}, {"y": "84", "x": "308"}, {"y": "87", "x": "313"}, {"y": "91", "x": "319"}, {"y": "91", "x": "319"}]]}