{"Lines": [[{"y": "75", "x": "1"}, {"y": "75", "x": "1"}, {"y": "72", "x": "7"}, {"y": "69", "x": "13"}, {"y": "65", "x": "19"}, {"y": "62", "x": "25"}, {"y": "59", "x": "31"}, {"y": "55", "x": "37"}, {"y": "52", "x": "43"}, {"y": "49", "x": "49"}, {"y": "45", "x": "55"}, {"y": "42", "x": "61"}, {"y": "39", "x": "67"}, {"y": "35", "x": "73"}, {"y": "32", "x": "79"}, {"y": "32", "x": "79"}, {"y": "32", "x": "80"}, {"y": "28", "x": "88"}, {"y": "24", "x": "97"}, {"y": "20", "x": "106"}, {"y": "16", "x": "114"}, {"y": "12", "x": "123"}, {"y": "12", "x": "123"}, {"y": "12", "x": "123"}, {"y": "8", "x": "134"}, {"y": "4", "x": "145"}, {"y": "0", "x": "156"}, {"y": "0", "x": "157"}], [{"y": "7", "x": "243"}, {"y": "7", "x": "243"}, {"y": "7", "x": "243"}, {"y": "13", "x": "243"}, {"y": "13", "x": "243"}, {"y": "13", "x": "243"}, {"y": "1", "x": "244"}, {"y": "20", "x": "247"}, {"y": "20", "x": "247"}, {"y": "29", "x": "253"}, {"y": "29", "x": "253"}, {"y": "29", "x": "253"}, {"y": "32", "x": "257"}, {"y": "36", "x": "260"}, {"y": "39", "x": "264"}, {"y": "42", "x": "267"}, {"y": "46", "x": "271"}, {"y": "49", "x": "274"}, {"y": "53", "x": "278"}, {"y": "56", "x": "282"}, {"y": "56", "x": "282"}, {"y": "59", "x": "286"}, {"y": "63", "x": "291"}, {"y": "66", "x": "295"}, {"y": "70", "x": "300"}, {"y": "73", "x": "305"}, {"y": "77", "x": "309"}, {"y": "80", "x": "314"}, {"y": "84", "x": "319"}]]}