{"Lines": [[{"y": "65", "x": "0"}, {"y": "65", "x": "0"}, {"y": "62", "x": "6"}, {"y": "58", "x": "12"}, {"y": "55", "x": "18"}, {"y": "52", "x": "25"}, {"y": "48", "x": "31"}, {"y": "45", "x": "37"}, {"y": "41", "x": "43"}, {"y": "38", "x": "49"}, {"y": "35", "x": "56"}, {"y": "31", "x": "62"}, {"y": "31", "x": "62"}, {"y": "31", "x": "62"}, {"y": "28", "x": "68"}, {"y": "24", "x": "75"}, {"y": "20", "x": "81"}, {"y": "16", "x": "88"}, {"y": "13", "x": "94"}, {"y": "9", "x": "101"}, {"y": "5", "x": "107"}, {"y": "2", "x": "113"}, {"y": "2", "x": "113"}], [{"y": "1", "x": "185"}, {"y": "1", "x": "185"}, {"y": "5", "x": "190"}, {"y": "9", "x": "196"}, {"y": "13", "x": "202"}, {"y": "17", "x": "208"}, {"y": "21", "x": "214"}, {"y": "25", "x": "219"}, {"y": "25", "x": "219"}, {"y": "25", "x": "219"}, {"y": "28", "x": "224"}, {"y": "32", "x": "228"}, {"y": "35", "x": "233"}, {"y": "39", "x": "237"}, {"y": "42", "x": "242"}, {"y": "46", "x": "246"}, {"y": "49", "x": "251"}, {"y": "52", "x": "255"}, {"y": "56", "x": "260"}, {"y": "59", "x": "264"}, {"y": "63", "x": "269"}, {"y": "66", "x": "273"}, {"y": "69", "x": "278"}, {"y": "69", "x": "278"}, {"y": "73", "x": "282"}, {"y": "76", "x": "287"}, {"y": "80", "x": "291"}, {"y": "83", "x": "296"}, {"y": "87", "x": "300"}, {"y": "90", "x": "305"}, {"y": "94", "x": "309"}, {"y": "97", "x": "314"}, {"y": "101", "x": "318"}, {"y": "101", "x": "319"}]]}