{"Lines": [[{"y": "127", "x": "1"}, {"y": "127", "x": "1"}, {"y": "124", "x": "4"}, {"y": "121", "x": "7"}, {"y": "118", "x": "10"}, {"y": "114", "x": "13"}, {"y": "111", "x": "16"}, {"y": "108", "x": "19"}, {"y": "105", "x": "22"}, {"y": "102", "x": "25"}, {"y": "98", "x": "28"}, {"y": "95", "x": "31"}, {"y": "92", "x": "34"}, {"y": "89", "x": "37"}, {"y": "86", "x": "40"}, {"y": "83", "x": "42"}, {"y": "79", "x": "45"}, {"y": "76", "x": "48"}, {"y": "73", "x": "51"}, {"y": "70", "x": "54"}, {"y": "67", "x": "57"}, {"y": "64", "x": "60"}, {"y": "60", "x": "63"}, {"y": "57", "x": "66"}, {"y": "54", "x": "69"}, {"y": "51", "x": "72"}, {"y": "48", "x": "75"}, {"y": "45", "x": "78"}, {"y": "41", "x": "81"}, {"y": "38", "x": "84"}, {"y": "38", "x": "84"}, {"y": "38", "x": "84"}, {"y": "35", "x": "86"}, {"y": "32", "x": "88"}, {"y": "28", "x": "91"}, {"y": "25", "x": "93"}, {"y": "22", "x": "95"}, {"y": "18", "x": "98"}, {"y": "15", "x": "100"}, {"y": "12", "x": "103"}, {"y": "8", "x": "105"}, {"y": "5", "x": "107"}, {"y": "5", "x": "107"}], [{"y": "7", "x": "186"}, {"y": "7", "x": "186"}, {"y": "10", "x": "192"}, {"y": "14", "x": "198"}, {"y": "17", "x": "205"}, {"y": "20", "x": "211"}, {"y": "23", "x": "217"}, {"y": "27", "x": "223"}, {"y": "30", "x": "230"}, {"y": "33", "x": "236"}, {"y": "36", "x": "242"}, {"y": "40", "x": "249"}, {"y": "43", "x": "255"}, {"y": "46", "x": "261"}, {"y": "49", "x": "267"}, {"y": "53", "x": "274"}, {"y": "53", "x": "274"}, {"y": "56", "x": "281"}, {"y": "60", "x": "289"}, {"y": "64", "x": "296"}, {"y": "68", "x": "304"}, {"y": "72", "x": "311"}, {"y": "76", "x": "318"}, {"y": "76", "x": "319"}]]}