{"Lines": [[{"y": "28", "x": "235"}, {"y": "28", "x": "235"}, {"y": "28", "x": "235"}, {"y": "23", "x": "236"}, {"y": "17", "x": "236"}, {"y": "17", "x": "236"}, {"y": "33", "x": "237"}, {"y": "12", "x": "238"}, {"y": "38", "x": "239"}, {"y": "7", "x": "240"}, {"y": "7", "x": "240"}, {"y": "7", "x": "240"}, {"y": "42", "x": "241"}, {"y": "42", "x": "241"}, {"y": "42", "x": "241"}, {"y": "45", "x": "243"}, {"y": "49", "x": "245"}, {"y": "0", "x": "246"}, {"y": "52", "x": "247"}, {"y": "55", "x": "249"}, {"y": "58", "x": "251"}, {"y": "61", "x": "253"}, {"y": "64", "x": "255"}, {"y": "67", "x": "257"}, {"y": "71", "x": "260"}, {"y": "74", "x": "262"}, {"y": "77", "x": "264"}, {"y": "80", "x": "266"}, {"y": "83", "x": "268"}, {"y": "86", "x": "270"}, {"y": "89", "x": "272"}, {"y": "92", "x": "274"}, {"y": "96", "x": "277"}, {"y": "99", "x": "279"}, {"y": "102", "x": "281"}, {"y": "105", "x": "283"}, {"y": "108", "x": "285"}, {"y": "111", "x": "287"}, {"y": "114", "x": "289"}, {"y": "118", "x": "291"}, {"y": "121", "x": "294"}, {"y": "124", "x": "296"}, {"y": "127", "x": "298"}, {"y": "130", "x": "300"}, {"y": "130", "x": "300"}, {"y": "134", "x": "303"}, {"y": "137", "x": "306"}, {"y": "141", "x": "309"}, {"y": "144", "x": "312"}, {"y": "148", "x": "315"}, {"y": "152", "x": "319"}, {"y": "152", "x": "319"}], [{"y": "53", "x": "2"}, {"y": "53", "x": "2"}, {"y": "49", "x": "11"}, {"y": "46", "x": "21"}, {"y": "42", "x": "30"}, {"y": "38", "x": "39"}, {"y": "34", "x": "49"}, {"y": "31", "x": "58"}, {"y": "27", "x": "68"}, {"y": "23", "x": "77"}, {"y": "23", "x": "77"}, {"y": "19", "x": "90"}, {"y": "15", "x": "103"}, {"y": "11", "x": "116"}, {"y": "8", "x": "129"}, {"y": "4", "x": "142"}, {"y": "0", "x": "155"}, {"y": "0", "x": "155"}]]}