{"Lines": [[{"y": "2", "x": "14"}, {"y": "2", "x": "14"}, {"y": "5", "x": "14"}, {"y": "8", "x": "15"}, {"y": "11", "x": "15"}, {"y": "14", "x": "16"}, {"y": "17", "x": "16"}, {"y": "20", "x": "17"}, {"y": "24", "x": "17"}, {"y": "27", "x": "18"}, {"y": "30", "x": "18"}, {"y": "33", "x": "19"}, {"y": "36", "x": "19"}, {"y": "39", "x": "20"}, {"y": "42", "x": "20"}, {"y": "45", "x": "21"}, {"y": "48", "x": "21"}, {"y": "52", "x": "22"}, {"y": "55", "x": "22"}, {"y": "58", "x": "23"}, {"y": "61", "x": "23"}, {"y": "64", "x": "24"}, {"y": "67", "x": "25"}, {"y": "70", "x": "25"}, {"y": "73", "x": "26"}, {"y": "76", "x": "26"}, {"y": "80", "x": "27"}, {"y": "83", "x": "27"}, {"y": "86", "x": "28"}, {"y": "89", "x": "28"}, {"y": "89", "x": "28"}, {"y": "89", "x": "28"}, {"y": "92", "x": "29"}, {"y": "95", "x": "29"}, {"y": "98", "x": "30"}, {"y": "102", "x": "31"}, {"y": "105", "x": "31"}, {"y": "108", "x": "32"}, {"y": "111", "x": "33"}, {"y": "114", "x": "33"}, {"y": "118", "x": "34"}, {"y": "121", "x": "35"}, {"y": "124", "x": "35"}, {"y": "127", "x": "36"}, {"y": "130", "x": "37"}, {"y": "134", "x": "37"}, {"y": "137", "x": "38"}, {"y": "140", "x": "39"}, {"y": "143", "x": "39"}, {"y": "146", "x": "40"}, {"y": "150", "x": "41"}, {"y": "153", "x": "41"}, {"y": "156", "x": "42"}, {"y": "159", "x": "43"}, {"y": "162", "x": "43"}, {"y": "166", "x": "44"}, {"y": "169", "x": "45"}, {"y": "172", "x": "45"}, {"y": "175", "x": "46"}, {"y": "179", "x": "47"}, {"y": "179", "x": "47"}]]}