{"Lines": [[{"y": "177", "x": "4"}, {"y": "177", "x": "4"}, {"y": "174", "x": "6"}, {"y": "171", "x": "9"}, {"y": "168", "x": "11"}, {"y": "164", "x": "14"}, {"y": "161", "x": "16"}, {"y": "158", "x": "18"}, {"y": "155", "x": "21"}, {"y": "152", "x": "23"}, {"y": "149", "x": "26"}, {"y": "145", "x": "28"}, {"y": "142", "x": "31"}, {"y": "139", "x": "33"}, {"y": "136", "x": "36"}, {"y": "133", "x": "38"}, {"y": "129", "x": "41"}, {"y": "126", "x": "43"}, {"y": "123", "x": "46"}, {"y": "120", "x": "48"}, {"y": "117", "x": "51"}, {"y": "113", "x": "53"}, {"y": "110", "x": "56"}, {"y": "107", "x": "58"}, {"y": "104", "x": "61"}, {"y": "101", "x": "63"}, {"y": "97", "x": "66"}, {"y": "97", "x": "66"}, {"y": "97", "x": "66"}, {"y": "94", "x": "68"}, {"y": "91", "x": "71"}, {"y": "88", "x": "74"}, {"y": "84", "x": "76"}, {"y": "81", "x": "79"}, {"y": "78", "x": "81"}, {"y": "75", "x": "84"}, {"y": "72", "x": "87"}, {"y": "68", "x": "89"}, {"y": "65", "x": "92"}, {"y": "62", "x": "95"}, {"y": "59", "x": "97"}, {"y": "55", "x": "100"}, {"y": "52", "x": "103"}, {"y": "49", "x": "105"}, {"y": "46", "x": "108"}, {"y": "46", "x": "108"}, {"y": "42", "x": "110"}, {"y": "39", "x": "113"}, {"y": "36", "x": "116"}, {"y": "33", "x": "118"}, {"y": "29", "x": "121"}, {"y": "26", "x": "123"}, {"y": "23", "x": "126"}, {"y": "19", "x": "128"}, {"y": "16", "x": "131"}, {"y": "13", "x": "134"}, {"y": "10", "x": "136"}, {"y": "6", "x": "139"}, {"y": "6", "x": "139"}], [{"y": "8", "x": "178"}, {"y": "8", "x": "178"}, {"y": "12", "x": "180"}, {"y": "16", "x": "183"}, {"y": "20", "x": "185"}, {"y": "23", "x": "188"}, {"y": "27", "x": "190"}, {"y": "31", "x": "193"}, {"y": "35", "x": "195"}, {"y": "35", "x": "195"}, {"y": "35", "x": "195"}, {"y": "38", "x": "197"}, {"y": "41", "x": "199"}, {"y": "45", "x": "201"}, {"y": "48", "x": "203"}, {"y": "51", "x": "205"}, {"y": "54", "x": "206"}, {"y": "58", "x": "208"}, {"y": "61", "x": "210"}, {"y": "64", "x": "212"}, {"y": "67", "x": "214"}, {"y": "71", "x": "216"}, {"y": "74", "x": "218"}, {"y": "77", "x": "220"}, {"y": "80", "x": "222"}, {"y": "83", "x": "224"}, {"y": "87", "x": "225"}, {"y": "90", "x": "227"}, {"y": "93", "x": "229"}, {"y": "96", "x": "231"}, {"y": "96", "x": "231"}, {"y": "96", "x": "231"}, {"y": "100", "x": "233"}, {"y": "103", "x": "235"}, {"y": "106", "x": "237"}, {"y": "109", "x": "239"}, {"y": "112", "x": "240"}, {"y": "116", "x": "242"}, {"y": "119", "x": "244"}, {"y": "122", "x": "246"}, {"y": "125", "x": "248"}, {"y": "128", "x": "250"}, {"y": "132", "x": "252"}, {"y": "135", "x": "253"}, {"y": "138", "x": "255"}, {"y": "141", "x": "257"}, {"y": "144", "x": "259"}, {"y": "148", "x": "261"}, {"y": "151", "x": "263"}, {"y": "154", "x": "265"}, {"y": "154", "x": "265"}, {"y": "158", "x": "267"}, {"y": "162", "x": "269"}, {"y": "166", "x": "271"}, {"y": "169", "x": "273"}, {"y": "173", "x": "275"}, {"y": "177", "x": "278"}, {"y": "177", "x": "278"}], [{"y": "55", "x": "1"}, {"y": "55", "x": "1"}, {"y": "51", "x": "9"}, {"y": "48", "x": "17"}, {"y": "44", "x": "25"}, {"y": "40", "x": "33"}, {"y": "40", "x": "33"}, {"y": "36", "x": "41"}, {"y": "32", "x": "49"}, {"y": "28", "x": "57"}, {"y": "24", "x": "65"}, {"y": "20", "x": "73"}, {"y": "20", "x": "73"}, {"y": "16", "x": "82"}, {"y": "12", "x": "91"}, {"y": "7", "x": "100"}]]}