{"Lines": [[{"y": "89", "x": "0"}, {"y": "89", "x": "0"}, {"y": "86", "x": "5"}, {"y": "82", "x": "9"}, {"y": "79", "x": "14"}, {"y": "76", "x": "19"}, {"y": "73", "x": "24"}, {"y": "69", "x": "29"}, {"y": "66", "x": "34"}, {"y": "63", "x": "39"}, {"y": "60", "x": "44"}, {"y": "56", "x": "49"}, {"y": "53", "x": "53"}, {"y": "50", "x": "58"}, {"y": "47", "x": "63"}, {"y": "43", "x": "68"}, {"y": "43", "x": "68"}, {"y": "40", "x": "73"}, {"y": "36", "x": "78"}, {"y": "33", "x": "83"}, {"y": "29", "x": "88"}, {"y": "26", "x": "93"}, {"y": "22", "x": "98"}, {"y": "19", "x": "103"}, {"y": "15", "x": "108"}, {"y": "12", "x": "113"}, {"y": "8", "x": "118"}, {"y": "5", "x": "123"}, {"y": "2", "x": "128"}, {"y": "2", "x": "128"}], [{"y": "1", "x": "212"}, {"y": "5", "x": "217"}, {"y": "8", "x": "222"}, {"y": "11", "x": "228"}, {"y": "15", "x": "233"}, {"y": "18", "x": "239"}, {"y": "22", "x": "244"}, {"y": "25", "x": "249"}, {"y": "28", "x": "255"}, {"y": "32", "x": "260"}, {"y": "35", "x": "265"}, {"y": "35", "x": "265"}, {"y": "35", "x": "265"}, {"y": "39", "x": "271"}, {"y": "42", "x": "277"}, {"y": "46", "x": "283"}, {"y": "49", "x": "289"}, {"y": "53", "x": "295"}, {"y": "56", "x": "301"}, {"y": "60", "x": "307"}, {"y": "63", "x": "313"}, {"y": "67", "x": "318"}, {"y": "67", "x": "319"}]]}