{"Lines": [[{"y": "65", "x": "1"}, {"y": "65", "x": "1"}, {"y": "60", "x": "10"}, {"y": "55", "x": "19"}, {"y": "51", "x": "28"}, {"y": "51", "x": "28"}, {"y": "51", "x": "28"}, {"y": "47", "x": "35"}, {"y": "44", "x": "42"}, {"y": "41", "x": "50"}, {"y": "37", "x": "57"}, {"y": "34", "x": "64"}, {"y": "30", "x": "71"}, {"y": "27", "x": "78"}, {"y": "24", "x": "85"}, {"y": "20", "x": "92"}], [{"y": "178", "x": "43"}, {"y": "175", "x": "45"}, {"y": "172", "x": "47"}, {"y": "169", "x": "49"}, {"y": "166", "x": "51"}, {"y": "162", "x": "53"}, {"y": "159", "x": "55"}, {"y": "156", "x": "57"}, {"y": "153", "x": "59"}, {"y": "150", "x": "61"}, {"y": "147", "x": "63"}, {"y": "144", "x": "65"}, {"y": "140", "x": "67"}, {"y": "137", "x": "69"}, {"y": "134", "x": "71"}, {"y": "131", "x": "73"}, {"y": "128", "x": "75"}, {"y": "125", "x": "77"}, {"y": "122", "x": "79"}, {"y": "118", "x": "81"}, {"y": "115", "x": "83"}, {"y": "112", "x": "85"}, {"y": "109", "x": "87"}, {"y": "106", "x": "89"}, {"y": "103", "x": "91"}, {"y": "99", "x": "93"}, {"y": "96", "x": "95"}, {"y": "93", "x": "97"}, {"y": "93", "x": "97"}, {"y": "93", "x": "97"}, {"y": "90", "x": "100"}, {"y": "86", "x": "102"}, {"y": "83", "x": "105"}, {"y": "80", "x": "107"}, {"y": "76", "x": "109"}, {"y": "73", "x": "112"}, {"y": "70", "x": "114"}, {"y": "66", "x": "117"}, {"y": "63", "x": "119"}, {"y": "60", "x": "122"}, {"y": "56", "x": "124"}, {"y": "53", "x": "126"}, {"y": "49", "x": "129"}, {"y": "46", "x": "131"}, {"y": "43", "x": "134"}, {"y": "43", "x": "134"}, {"y": "39", "x": "138"}, {"y": "35", "x": "141"}, {"y": "32", "x": "145"}, {"y": "28", "x": "149"}, {"y": "24", "x": "153"}, {"y": "21", "x": "157"}, {"y": "17", "x": "160"}, {"y": "13", "x": "164"}, {"y": "13", "x": "164"}, {"y": "13", "x": "164"}, {"y": "9", "x": "171"}, {"y": "5", "x": "178"}, {"y": "1", "x": "184"}, {"y": "1", "x": "184"}], [{"y": "15", "x": "222"}, {"y": "15", "x": "222"}, {"y": "15", "x": "222"}, {"y": "19", "x": "223"}, {"y": "10", "x": "223"}, {"y": "23", "x": "224"}, {"y": "6", "x": "224"}, {"y": "27", "x": "225"}, {"y": "2", "x": "225"}, {"y": "2", "x": "225"}, {"y": "31", "x": "226"}, {"y": "31", "x": "226"}, {"y": "34", "x": "227"}, {"y": "38", "x": "229"}, {"y": "41", "x": "230"}, {"y": "44", "x": "232"}, {"y": "48", "x": "234"}, {"y": "51", "x": "235"}, {"y": "54", "x": "237"}, {"y": "58", "x": "239"}, {"y": "61", "x": "240"}, {"y": "65", "x": "242"}, {"y": "68", "x": "243"}, {"y": "71", "x": "245"}, {"y": "71", "x": "245"}, {"y": "71", "x": "245"}, {"y": "75", "x": "247"}, {"y": "78", "x": "249"}, {"y": "81", "x": "251"}, {"y": "84", "x": "253"}, {"y": "87", "x": "256"}, {"y": "91", "x": "258"}, {"y": "94", "x": "260"}, {"y": "97", "x": "262"}, {"y": "100", "x": "264"}, {"y": "103", "x": "266"}, {"y": "107", "x": "268"}, {"y": "110", "x": "270"}, {"y": "113", "x": "272"}, {"y": "116", "x": "274"}, {"y": "120", "x": "277"}, {"y": "123", "x": "279"}, {"y": "126", "x": "281"}, {"y": "129", "x": "283"}, {"y": "133", "x": "285"}, {"y": "136", "x": "288"}, {"y": "139", "x": "290"}, {"y": "142", "x": "292"}, {"y": "146", "x": "295"}, {"y": "149", "x": "297"}, {"y": "152", "x": "299"}, {"y": "156", "x": "301"}, {"y": "159", "x": "304"}, {"y": "162", "x": "306"}, {"y": "165", "x": "308"}, {"y": "169", "x": "311"}, {"y": "172", "x": "313"}, {"y": "175", "x": "315"}, {"y": "179", "x": "318"}]]}