{"Lines": [[{"y": "141", "x": "0"}, {"y": "141", "x": "0"}, {"y": "136", "x": "5"}, {"y": "130", "x": "11"}, {"y": "130", "x": "11"}, {"y": "130", "x": "11"}, {"y": "126", "x": "14"}, {"y": "123", "x": "17"}, {"y": "119", "x": "21"}, {"y": "116", "x": "24"}, {"y": "112", "x": "27"}, {"y": "108", "x": "31"}, {"y": "105", "x": "34"}, {"y": "101", "x": "37"}, {"y": "101", "x": "37"}, {"y": "101", "x": "37"}, {"y": "97", "x": "41"}, {"y": "93", "x": "45"}, {"y": "90", "x": "49"}, {"y": "86", "x": "53"}, {"y": "82", "x": "57"}, {"y": "78", "x": "61"}, {"y": "74", "x": "65"}, {"y": "74", "x": "65"}, {"y": "71", "x": "69"}, {"y": "67", "x": "73"}, {"y": "63", "x": "76"}, {"y": "59", "x": "80"}, {"y": "55", "x": "84"}, {"y": "51", "x": "88"}, {"y": "48", "x": "92"}, {"y": "48", "x": "92"}, {"y": "43", "x": "96"}, {"y": "39", "x": "100"}, {"y": "35", "x": "104"}, {"y": "31", "x": "108"}, {"y": "27", "x": "112"}, {"y": "27", "x": "112"}], [{"y": "19", "x": "173"}, {"y": "19", "x": "173"}, {"y": "23", "x": "175"}, {"y": "26", "x": "178"}, {"y": "30", "x": "181"}, {"y": "34", "x": "184"}, {"y": "37", "x": "186"}, {"y": "37", "x": "186"}, {"y": "37", "x": "186"}, {"y": "41", "x": "189"}, {"y": "44", "x": "191"}, {"y": "48", "x": "194"}, {"y": "52", "x": "196"}, {"y": "55", "x": "198"}, {"y": "59", "x": "201"}, {"y": "62", "x": "203"}, {"y": "66", "x": "205"}, {"y": "70", "x": "208"}, {"y": "70", "x": "208"}, {"y": "70", "x": "208"}, {"y": "73", "x": "210"}, {"y": "76", "x": "212"}, {"y": "79", "x": "213"}, {"y": "82", "x": "215"}, {"y": "86", "x": "217"}, {"y": "89", "x": "219"}, {"y": "92", "x": "221"}, {"y": "95", "x": "223"}, {"y": "98", "x": "225"}, {"y": "101", "x": "226"}, {"y": "105", "x": "228"}, {"y": "108", "x": "230"}, {"y": "111", "x": "232"}, {"y": "114", "x": "234"}, {"y": "117", "x": "236"}, {"y": "120", "x": "238"}, {"y": "124", "x": "239"}, {"y": "127", "x": "241"}, {"y": "130", "x": "243"}, {"y": "130", "x": "243"}, {"y": "133", "x": "245"}, {"y": "136", "x": "247"}, {"y": "140", "x": "249"}, {"y": "143", "x": "250"}, {"y": "146", "x": "252"}, {"y": "149", "x": "254"}, {"y": "153", "x": "256"}, {"y": "156", "x": "258"}, {"y": "159", "x": "260"}, {"y": "162", "x": "261"}, {"y": "166", "x": "263"}, {"y": "169", "x": "265"}, {"y": "172", "x": "267"}, {"y": "175", "x": "269"}, {"y": "179", "x": "270"}, {"y": "179", "x": "271"}], [{"y": "46", "x": "1"}, {"y": "46", "x": "1"}, {"y": "42", "x": "13"}, {"y": "37", "x": "25"}, {"y": "37", "x": "25"}, {"y": "37", "x": "25"}, {"y": "29", "x": "46"}, {"y": "29", "x": "46"}, {"y": "29", "x": "46"}, {"y": "23", "x": "65"}, {"y": "18", "x": "85"}]]}