{"Lines": [[{"y": "160", "x": "0"}, {"y": "160", "x": "0"}, {"y": "156", "x": "2"}, {"y": "152", "x": "5"}, {"y": "149", "x": "8"}, {"y": "145", "x": "11"}, {"y": "141", "x": "14"}, {"y": "137", "x": "16"}, {"y": "134", "x": "19"}, {"y": "130", "x": "22"}, {"y": "130", "x": "22"}, {"y": "130", "x": "22"}, {"y": "127", "x": "24"}, {"y": "124", "x": "27"}, {"y": "120", "x": "29"}, {"y": "117", "x": "32"}, {"y": "114", "x": "34"}, {"y": "110", "x": "37"}, {"y": "107", "x": "39"}, {"y": "104", "x": "42"}, {"y": "101", "x": "44"}, {"y": "97", "x": "47"}, {"y": "94", "x": "49"}, {"y": "91", "x": "52"}, {"y": "87", "x": "54"}, {"y": "84", "x": "57"}, {"y": "81", "x": "59"}, {"y": "81", "x": "59"}, {"y": "81", "x": "59"}, {"y": "78", "x": "62"}, {"y": "74", "x": "64"}, {"y": "71", "x": "67"}, {"y": "67", "x": "69"}, {"y": "64", "x": "72"}, {"y": "61", "x": "74"}, {"y": "57", "x": "77"}, {"y": "54", "x": "79"}, {"y": "51", "x": "82"}, {"y": "51", "x": "82"}, {"y": "51", "x": "82"}, {"y": "47", "x": "84"}, {"y": "43", "x": "87"}, {"y": "39", "x": "90"}, {"y": "35", "x": "92"}, {"y": "31", "x": "95"}, {"y": "31", "x": "95"}, {"y": "31", "x": "95"}, {"y": "27", "x": "97"}, {"y": "23", "x": "99"}, {"y": "18", "x": "101"}, {"y": "14", "x": "102"}, {"y": "14", "x": "102"}, {"y": "14", "x": "102"}, {"y": "10", "x": "103"}, {"y": "6", "x": "104"}, {"y": "1", "x": "105"}, {"y": "1", "x": "105"}], [{"y": "43", "x": "0"}, {"y": "43", "x": "0"}, {"y": "38", "x": "8"}, {"y": "34", "x": "16"}, {"y": "29", "x": "25"}, {"y": "29", "x": "25"}, {"y": "29", "x": "25"}, {"y": "23", "x": "34"}, {"y": "18", "x": "43"}, {"y": "18", "x": "43"}, {"y": "18", "x": "43"}, {"y": "12", "x": "50"}, {"y": "7", "x": "57"}, {"y": "7", "x": "57"}, {"y": "7", "x": "57"}, {"y": "0", "x": "62"}, {"y": "0", "x": "63"}], [{"y": "0", "x": "146"}, {"y": "0", "x": "146"}, {"y": "5", "x": "152"}, {"y": "11", "x": "159"}, {"y": "11", "x": "159"}, {"y": "11", "x": "159"}, {"y": "15", "x": "163"}, {"y": "18", "x": "166"}, {"y": "22", "x": "170"}, {"y": "26", "x": "173"}, {"y": "30", "x": "177"}, {"y": "34", "x": "181"}, {"y": "37", "x": "184"}, {"y": "37", "x": "184"}, {"y": "37", "x": "184"}, {"y": "41", "x": "187"}, {"y": "44", "x": "190"}, {"y": "48", "x": "193"}, {"y": "51", "x": "196"}, {"y": "55", "x": "199"}, {"y": "58", "x": "202"}, {"y": "61", "x": "205"}, {"y": "65", "x": "209"}, {"y": "68", "x": "212"}, {"y": "72", "x": "215"}, {"y": "75", "x": "218"}, {"y": "75", "x": "218"}, {"y": "75", "x": "218"}, {"y": "78", "x": "220"}, {"y": "82", "x": "223"}, {"y": "85", "x": "225"}, {"y": "88", "x": "228"}, {"y": "92", "x": "230"}, {"y": "95", "x": "233"}, {"y": "99", "x": "235"}, {"y": "102", "x": "238"}, {"y": "105", "x": "240"}, {"y": "109", "x": "243"}, {"y": "112", "x": "246"}, {"y": "115", "x": "248"}, {"y": "115", "x": "248"}, {"y": "119", "x": "251"}, {"y": "122", "x": "253"}, {"y": "125", "x": "256"}, {"y": "128", "x": "259"}, {"y": "131", "x": "261"}, {"y": "134", "x": "264"}, {"y": "137", "x": "267"}, {"y": "141", "x": "269"}, {"y": "144", "x": "272"}, {"y": "147", "x": "275"}, {"y": "150", "x": "277"}, {"y": "153", "x": "280"}, {"y": "156", "x": "283"}, {"y": "160", "x": "285"}, {"y": "163", "x": "288"}, {"y": "166", "x": "291"}, {"y": "169", "x": "293"}, {"y": "172", "x": "296"}, {"y": "175", "x": "299"}, {"y": "179", "x": "302"}]]}