{"Lines": [[{"y": "36", "x": "190"}, {"y": "36", "x": "190"}, {"y": "36", "x": "190"}, {"y": "40", "x": "191"}, {"y": "31", "x": "192"}, {"y": "45", "x": "192"}, {"y": "49", "x": "193"}, {"y": "54", "x": "194"}, {"y": "54", "x": "194"}, {"y": "26", "x": "194"}, {"y": "57", "x": "196"}, {"y": "61", "x": "197"}, {"y": "64", "x": "199"}, {"y": "68", "x": "200"}, {"y": "71", "x": "202"}, {"y": "19", "x": "202"}, {"y": "19", "x": "202"}, {"y": "75", "x": "203"}, {"y": "78", "x": "205"}, {"y": "82", "x": "206"}, {"y": "82", "x": "206"}, {"y": "82", "x": "206"}, {"y": "85", "x": "208"}, {"y": "89", "x": "211"}, {"y": "92", "x": "213"}, {"y": "96", "x": "215"}, {"y": "99", "x": "217"}, {"y": "103", "x": "219"}, {"y": "106", "x": "221"}, {"y": "110", "x": "223"}, {"y": "113", "x": "225"}, {"y": "116", "x": "227"}, {"y": "120", "x": "229"}, {"y": "123", "x": "231"}, {"y": "123", "x": "231"}, {"y": "127", "x": "233"}, {"y": "130", "x": "235"}, {"y": "133", "x": "237"}, {"y": "136", "x": "238"}, {"y": "140", "x": "240"}, {"y": "143", "x": "242"}, {"y": "146", "x": "244"}, {"y": "149", "x": "246"}, {"y": "153", "x": "248"}, {"y": "156", "x": "250"}, {"y": "159", "x": "251"}, {"y": "162", "x": "253"}, {"y": "166", "x": "255"}, {"y": "169", "x": "257"}, {"y": "172", "x": "259"}, {"y": "175", "x": "261"}, {"y": "179", "x": "263"}], [{"y": "45", "x": "0"}, {"y": "45", "x": "0"}, {"y": "40", "x": "14"}, {"y": "35", "x": "28"}, {"y": "35", "x": "28"}, {"y": "35", "x": "28"}, {"y": "27", "x": "55"}, {"y": "27", "x": "55"}, {"y": "27", "x": "55"}, {"y": "20", "x": "82"}, {"y": "20", "x": "82"}, {"y": "16", "x": "100"}, {"y": "16", "x": "100"}, {"y": "11", "x": "122"}, {"y": "11", "x": "122"}]]}