{"Lines": [[{"y": "48", "x": "0"}, {"y": "48", "x": "0"}, {"y": "43", "x": "15"}, {"y": "38", "x": "31"}, {"y": "38", "x": "31"}, {"y": "38", "x": "31"}, {"y": "33", "x": "45"}, {"y": "28", "x": "60"}, {"y": "28", "x": "60"}, {"y": "20", "x": "90"}, {"y": "20", "x": "90"}], [{"y": "176", "x": "5"}, {"y": "176", "x": "5"}, {"y": "173", "x": "8"}, {"y": "170", "x": "10"}, {"y": "166", "x": "13"}, {"y": "163", "x": "16"}, {"y": "160", "x": "19"}, {"y": "156", "x": "21"}, {"y": "153", "x": "24"}, {"y": "150", "x": "27"}, {"y": "147", "x": "29"}, {"y": "143", "x": "32"}, {"y": "140", "x": "35"}, {"y": "137", "x": "38"}, {"y": "133", "x": "40"}, {"y": "130", "x": "43"}, {"y": "127", "x": "46"}, {"y": "123", "x": "48"}, {"y": "120", "x": "51"}, {"y": "117", "x": "54"}, {"y": "117", "x": "54"}, {"y": "117", "x": "54"}, {"y": "113", "x": "57"}, {"y": "110", "x": "59"}, {"y": "107", "x": "62"}, {"y": "103", "x": "65"}, {"y": "100", "x": "68"}, {"y": "97", "x": "71"}, {"y": "94", "x": "74"}, {"y": "90", "x": "77"}, {"y": "87", "x": "79"}, {"y": "84", "x": "82"}, {"y": "80", "x": "85"}, {"y": "77", "x": "88"}, {"y": "74", "x": "91"}, {"y": "71", "x": "94"}, {"y": "67", "x": "96"}, {"y": "67", "x": "96"}, {"y": "64", "x": "100"}, {"y": "60", "x": "103"}, {"y": "56", "x": "106"}, {"y": "53", "x": "110"}, {"y": "49", "x": "113"}, {"y": "45", "x": "116"}, {"y": "42", "x": "119"}, {"y": "42", "x": "119"}, {"y": "42", "x": "119"}, {"y": "37", "x": "125"}, {"y": "33", "x": "130"}, {"y": "28", "x": "135"}, {"y": "24", "x": "140"}, {"y": "24", "x": "140"}], [{"y": "23", "x": "192"}, {"y": "23", "x": "192"}, {"y": "28", "x": "197"}, {"y": "33", "x": "202"}, {"y": "38", "x": "207"}, {"y": "38", "x": "207"}, {"y": "38", "x": "207"}, {"y": "41", "x": "210"}, {"y": "45", "x": "213"}, {"y": "49", "x": "215"}, {"y": "52", "x": "218"}, {"y": "56", "x": "221"}, {"y": "59", "x": "224"}, {"y": "63", "x": "227"}, {"y": "67", "x": "229"}, {"y": "67", "x": "229"}, {"y": "67", "x": "229"}, {"y": "70", "x": "232"}, {"y": "73", "x": "234"}, {"y": "77", "x": "237"}, {"y": "80", "x": "239"}, {"y": "84", "x": "242"}, {"y": "87", "x": "244"}, {"y": "91", "x": "247"}, {"y": "94", "x": "249"}, {"y": "98", "x": "251"}, {"y": "101", "x": "254"}, {"y": "104", "x": "256"}, {"y": "108", "x": "259"}, {"y": "111", "x": "261"}, {"y": "111", "x": "261"}, {"y": "111", "x": "261"}, {"y": "115", "x": "264"}, {"y": "118", "x": "266"}, {"y": "121", "x": "268"}, {"y": "124", "x": "270"}, {"y": "127", "x": "273"}, {"y": "131", "x": "275"}, {"y": "134", "x": "277"}, {"y": "137", "x": "279"}, {"y": "140", "x": "282"}, {"y": "143", "x": "284"}, {"y": "147", "x": "286"}, {"y": "150", "x": "288"}, {"y": "153", "x": "291"}, {"y": "156", "x": "293"}, {"y": "159", "x": "295"}, {"y": "163", "x": "297"}, {"y": "166", "x": "300"}, {"y": "169", "x": "302"}, {"y": "172", "x": "304"}, {"y": "175", "x": "306"}, {"y": "179", "x": "308"}, {"y": "179", "x": "309"}]]}