{"Lines": [[{"y": "20", "x": "233"}, {"y": "20", "x": "233"}, {"y": "24", "x": "233"}, {"y": "28", "x": "234"}, {"y": "32", "x": "235"}, {"y": "36", "x": "235"}, {"y": "40", "x": "236"}, {"y": "40", "x": "236"}, {"y": "43", "x": "238"}, {"y": "47", "x": "239"}, {"y": "50", "x": "241"}, {"y": "53", "x": "243"}, {"y": "56", "x": "244"}, {"y": "60", "x": "246"}, {"y": "63", "x": "248"}, {"y": "66", "x": "249"}, {"y": "70", "x": "251"}, {"y": "73", "x": "253"}, {"y": "76", "x": "254"}, {"y": "76", "x": "254"}, {"y": "80", "x": "256"}, {"y": "83", "x": "258"}, {"y": "86", "x": "260"}, {"y": "90", "x": "262"}, {"y": "93", "x": "264"}, {"y": "96", "x": "266"}, {"y": "99", "x": "268"}, {"y": "103", "x": "270"}, {"y": "106", "x": "272"}, {"y": "109", "x": "274"}, {"y": "113", "x": "276"}, {"y": "116", "x": "278"}, {"y": "119", "x": "280"}, {"y": "122", "x": "282"}, {"y": "126", "x": "284"}, {"y": "129", "x": "285"}, {"y": "132", "x": "287"}, {"y": "136", "x": "289"}, {"y": "139", "x": "291"}, {"y": "139", "x": "291"}, {"y": "139", "x": "291"}, {"y": "142", "x": "294"}, {"y": "146", "x": "296"}, {"y": "149", "x": "298"}, {"y": "153", "x": "301"}, {"y": "156", "x": "303"}, {"y": "160", "x": "305"}, {"y": "164", "x": "308"}, {"y": "167", "x": "310"}, {"y": "171", "x": "313"}, {"y": "174", "x": "315"}, {"y": "178", "x": "317"}], [{"y": "179", "x": "7"}, {"y": "179", "x": "7"}, {"y": "175", "x": "9"}, {"y": "172", "x": "12"}, {"y": "169", "x": "15"}, {"y": "166", "x": "18"}, {"y": "162", "x": "21"}, {"y": "159", "x": "24"}, {"y": "156", "x": "27"}, {"y": "153", "x": "30"}, {"y": "149", "x": "33"}, {"y": "146", "x": "36"}, {"y": "143", "x": "39"}, {"y": "140", "x": "42"}, {"y": "136", "x": "44"}, {"y": "133", "x": "47"}, {"y": "130", "x": "50"}, {"y": "127", "x": "53"}, {"y": "124", "x": "56"}, {"y": "120", "x": "59"}, {"y": "120", "x": "59"}, {"y": "120", "x": "59"}, {"y": "117", "x": "62"}, {"y": "114", "x": "66"}, {"y": "110", "x": "69"}, {"y": "107", "x": "72"}, {"y": "104", "x": "76"}, {"y": "100", "x": "79"}, {"y": "97", "x": "82"}, {"y": "94", "x": "86"}, {"y": "90", "x": "89"}, {"y": "87", "x": "92"}, {"y": "84", "x": "96"}, {"y": "80", "x": "99"}, {"y": "77", "x": "102"}, {"y": "74", "x": "106"}, {"y": "74", "x": "106"}, {"y": "74", "x": "106"}, {"y": "70", "x": "110"}, {"y": "67", "x": "113"}, {"y": "63", "x": "117"}, {"y": "60", "x": "121"}, {"y": "56", "x": "124"}, {"y": "53", "x": "128"}, {"y": "49", "x": "132"}, {"y": "46", "x": "135"}, {"y": "46", "x": "135"}, {"y": "42", "x": "141"}, {"y": "38", "x": "147"}, {"y": "33", "x": "152"}, {"y": "33", "x": "152"}, {"y": "26", "x": "163"}, {"y": "26", "x": "163"}, {"y": "26", "x": "163"}, {"y": "18", "x": "179"}, {"y": "18", "x": "180"}], [{"y": "57", "x": "0"}, {"y": "57", "x": "0"}, {"y": "49", "x": "23"}, {"y": "49", "x": "23"}, {"y": "49", "x": "23"}, {"y": "44", "x": "37"}, {"y": "39", "x": "51"}, {"y": "39", "x": "51"}, {"y": "39", "x": "51"}, {"y": "32", "x": "76"}, {"y": "32", "x": "76"}, {"y": "23", "x": "104"}]]}