{"Lines": [[{"y": "179", "x": "7"}, {"y": "179", "x": "7"}, {"y": "175", "x": "9"}, {"y": "172", "x": "11"}, {"y": "169", "x": "14"}, {"y": "166", "x": "16"}, {"y": "163", "x": "19"}, {"y": "159", "x": "21"}, {"y": "156", "x": "24"}, {"y": "153", "x": "26"}, {"y": "150", "x": "29"}, {"y": "147", "x": "31"}, {"y": "143", "x": "34"}, {"y": "140", "x": "36"}, {"y": "137", "x": "39"}, {"y": "134", "x": "41"}, {"y": "131", "x": "44"}, {"y": "127", "x": "46"}, {"y": "124", "x": "49"}, {"y": "121", "x": "51"}, {"y": "121", "x": "51"}, {"y": "121", "x": "51"}, {"y": "118", "x": "54"}, {"y": "114", "x": "56"}, {"y": "111", "x": "59"}, {"y": "108", "x": "61"}, {"y": "104", "x": "64"}, {"y": "101", "x": "66"}, {"y": "98", "x": "69"}, {"y": "94", "x": "71"}, {"y": "91", "x": "74"}, {"y": "88", "x": "76"}, {"y": "84", "x": "79"}, {"y": "81", "x": "81"}, {"y": "78", "x": "84"}, {"y": "74", "x": "86"}, {"y": "71", "x": "89"}, {"y": "68", "x": "91"}, {"y": "64", "x": "94"}, {"y": "64", "x": "94"}, {"y": "64", "x": "94"}, {"y": "61", "x": "96"}, {"y": "57", "x": "99"}, {"y": "54", "x": "101"}, {"y": "51", "x": "104"}, {"y": "47", "x": "107"}, {"y": "44", "x": "109"}, {"y": "40", "x": "112"}, {"y": "37", "x": "114"}, {"y": "33", "x": "117"}, {"y": "30", "x": "120"}, {"y": "30", "x": "120"}, {"y": "26", "x": "123"}, {"y": "23", "x": "126"}, {"y": "19", "x": "129"}, {"y": "15", "x": "132"}, {"y": "12", "x": "136"}, {"y": "12", "x": "136"}], [{"y": "13", "x": "176"}, {"y": "13", "x": "176"}, {"y": "17", "x": "178"}, {"y": "21", "x": "181"}, {"y": "25", "x": "183"}, {"y": "25", "x": "183"}, {"y": "25", "x": "183"}, {"y": "28", "x": "186"}, {"y": "32", "x": "188"}, {"y": "36", "x": "191"}, {"y": "39", "x": "194"}, {"y": "43", "x": "196"}, {"y": "47", "x": "199"}, {"y": "51", "x": "201"}, {"y": "54", "x": "204"}, {"y": "54", "x": "204"}, {"y": "58", "x": "206"}, {"y": "61", "x": "208"}, {"y": "64", "x": "210"}, {"y": "68", "x": "212"}, {"y": "71", "x": "214"}, {"y": "75", "x": "216"}, {"y": "78", "x": "218"}, {"y": "81", "x": "221"}, {"y": "85", "x": "223"}, {"y": "88", "x": "225"}, {"y": "91", "x": "227"}, {"y": "95", "x": "229"}, {"y": "98", "x": "231"}, {"y": "101", "x": "233"}, {"y": "105", "x": "235"}, {"y": "108", "x": "237"}, {"y": "108", "x": "237"}, {"y": "108", "x": "237"}, {"y": "111", "x": "239"}, {"y": "114", "x": "241"}, {"y": "118", "x": "243"}, {"y": "121", "x": "245"}, {"y": "124", "x": "247"}, {"y": "127", "x": "249"}, {"y": "130", "x": "251"}, {"y": "134", "x": "253"}, {"y": "137", "x": "255"}, {"y": "140", "x": "256"}, {"y": "143", "x": "258"}, {"y": "146", "x": "260"}, {"y": "150", "x": "262"}, {"y": "153", "x": "264"}, {"y": "156", "x": "266"}, {"y": "159", "x": "268"}, {"y": "162", "x": "270"}, {"y": "166", "x": "272"}, {"y": "169", "x": "274"}, {"y": "172", "x": "276"}, {"y": "175", "x": "278"}, {"y": "179", "x": "279"}, {"y": "179", "x": "280"}], [{"y": "52", "x": "0"}, {"y": "52", "x": "0"}, {"y": "48", "x": "8"}, {"y": "44", "x": "16"}, {"y": "40", "x": "25"}, {"y": "36", "x": "33"}, {"y": "36", "x": "33"}, {"y": "36", "x": "33"}, {"y": "33", "x": "42"}, {"y": "29", "x": "51"}, {"y": "25", "x": "61"}, {"y": "21", "x": "70"}, {"y": "17", "x": "79"}, {"y": "17", "x": "79"}]]}