{"Lines": [[{"y": "150", "x": "0"}, {"y": "150", "x": "0"}, {"y": "146", "x": "3"}, {"y": "142", "x": "6"}, {"y": "138", "x": "9"}, {"y": "135", "x": "13"}, {"y": "131", "x": "16"}, {"y": "127", "x": "19"}, {"y": "127", "x": "19"}, {"y": "127", "x": "19"}, {"y": "124", "x": "22"}, {"y": "120", "x": "25"}, {"y": "117", "x": "27"}, {"y": "114", "x": "30"}, {"y": "111", "x": "33"}, {"y": "107", "x": "36"}, {"y": "104", "x": "39"}, {"y": "101", "x": "42"}, {"y": "98", "x": "45"}, {"y": "95", "x": "47"}, {"y": "91", "x": "50"}, {"y": "88", "x": "53"}, {"y": "85", "x": "56"}, {"y": "82", "x": "59"}, {"y": "78", "x": "62"}, {"y": "75", "x": "65"}, {"y": "72", "x": "67"}, {"y": "69", "x": "70"}, {"y": "66", "x": "73"}, {"y": "62", "x": "76"}, {"y": "62", "x": "76"}, {"y": "59", "x": "79"}, {"y": "56", "x": "82"}, {"y": "52", "x": "84"}, {"y": "49", "x": "87"}, {"y": "45", "x": "90"}, {"y": "42", "x": "93"}, {"y": "38", "x": "96"}, {"y": "35", "x": "99"}, {"y": "32", "x": "101"}, {"y": "28", "x": "104"}, {"y": "25", "x": "107"}, {"y": "25", "x": "107"}, {"y": "21", "x": "109"}, {"y": "17", "x": "111"}, {"y": "13", "x": "114"}, {"y": "10", "x": "116"}, {"y": "6", "x": "118"}], [{"y": "8", "x": "155"}, {"y": "8", "x": "155"}, {"y": "12", "x": "159"}, {"y": "16", "x": "162"}, {"y": "20", "x": "165"}, {"y": "24", "x": "169"}, {"y": "28", "x": "172"}, {"y": "28", "x": "172"}, {"y": "31", "x": "174"}, {"y": "34", "x": "176"}, {"y": "38", "x": "178"}, {"y": "41", "x": "179"}, {"y": "44", "x": "181"}, {"y": "48", "x": "183"}, {"y": "51", "x": "185"}, {"y": "54", "x": "187"}, {"y": "58", "x": "189"}, {"y": "61", "x": "191"}, {"y": "64", "x": "192"}, {"y": "64", "x": "192"}, {"y": "64", "x": "192"}, {"y": "67", "x": "194"}, {"y": "70", "x": "196"}, {"y": "74", "x": "197"}, {"y": "77", "x": "199"}, {"y": "80", "x": "200"}, {"y": "83", "x": "202"}, {"y": "86", "x": "204"}, {"y": "89", "x": "205"}, {"y": "92", "x": "207"}, {"y": "96", "x": "209"}, {"y": "99", "x": "210"}, {"y": "102", "x": "212"}, {"y": "105", "x": "213"}, {"y": "108", "x": "215"}, {"y": "111", "x": "217"}, {"y": "114", "x": "218"}, {"y": "118", "x": "220"}, {"y": "121", "x": "221"}, {"y": "124", "x": "223"}, {"y": "127", "x": "225"}, {"y": "130", "x": "226"}, {"y": "133", "x": "228"}, {"y": "136", "x": "229"}, {"y": "136", "x": "230"}, {"y": "136", "x": "230"}, {"y": "140", "x": "231"}, {"y": "143", "x": "233"}, {"y": "146", "x": "234"}, {"y": "149", "x": "236"}, {"y": "153", "x": "238"}, {"y": "156", "x": "239"}, {"y": "159", "x": "241"}, {"y": "162", "x": "242"}, {"y": "166", "x": "244"}, {"y": "169", "x": "246"}, {"y": "172", "x": "247"}, {"y": "175", "x": "249"}, {"y": "179", "x": "251"}]]}