{"Lines": [[{"y": "71", "x": "3"}, {"y": "71", "x": "3"}, {"y": "67", "x": "11"}, {"y": "63", "x": "20"}, {"y": "59", "x": "28"}, {"y": "55", "x": "37"}, {"y": "51", "x": "45"}, {"y": "51", "x": "45"}, {"y": "51", "x": "45"}, {"y": "47", "x": "53"}, {"y": "43", "x": "60"}, {"y": "39", "x": "68"}, {"y": "34", "x": "75"}, {"y": "30", "x": "82"}, {"y": "30", "x": "82"}, {"y": "30", "x": "82"}, {"y": "27", "x": "88"}, {"y": "24", "x": "94"}, {"y": "20", "x": "100"}, {"y": "17", "x": "106"}, {"y": "14", "x": "112"}, {"y": "10", "x": "118"}, {"y": "7", "x": "124"}, {"y": "3", "x": "130"}, {"y": "0", "x": "135"}, {"y": "0", "x": "135"}], [{"y": "43", "x": "162"}, {"y": "43", "x": "162"}, {"y": "39", "x": "163"}, {"y": "35", "x": "164"}, {"y": "31", "x": "164"}, {"y": "27", "x": "165"}, {"y": "23", "x": "166"}, {"y": "23", "x": "166"}, {"y": "19", "x": "167"}, {"y": "16", "x": "168"}, {"y": "12", "x": "168"}, {"y": "9", "x": "169"}, {"y": "5", "x": "170"}, {"y": "2", "x": "171"}, {"y": "2", "x": "171"}], [{"y": "0", "x": "205"}, {"y": "4", "x": "210"}, {"y": "7", "x": "215"}, {"y": "11", "x": "220"}, {"y": "15", "x": "226"}, {"y": "18", "x": "231"}, {"y": "18", "x": "231"}, {"y": "22", "x": "235"}, {"y": "25", "x": "240"}, {"y": "29", "x": "245"}, {"y": "32", "x": "249"}, {"y": "35", "x": "254"}, {"y": "39", "x": "259"}, {"y": "42", "x": "263"}, {"y": "46", "x": "268"}, {"y": "49", "x": "273"}, {"y": "49", "x": "273"}, {"y": "53", "x": "277"}, {"y": "56", "x": "282"}, {"y": "59", "x": "286"}, {"y": "63", "x": "291"}, {"y": "66", "x": "296"}, {"y": "70", "x": "300"}, {"y": "73", "x": "305"}, {"y": "76", "x": "309"}, {"y": "80", "x": "314"}, {"y": "83", "x": "318"}, {"y": "83", "x": "318"}]]}