{"Lines": [[{"y": "13", "x": "189"}, {"y": "13", "x": "189"}, {"y": "22", "x": "191"}, {"y": "22", "x": "191"}, {"y": "26", "x": "195"}, {"y": "30", "x": "199"}, {"y": "34", "x": "202"}, {"y": "38", "x": "206"}, {"y": "42", "x": "210"}, {"y": "42", "x": "210"}, {"y": "42", "x": "210"}, {"y": "45", "x": "214"}, {"y": "48", "x": "218"}, {"y": "51", "x": "222"}, {"y": "55", "x": "226"}, {"y": "58", "x": "230"}, {"y": "61", "x": "234"}, {"y": "64", "x": "238"}, {"y": "68", "x": "242"}, {"y": "71", "x": "246"}, {"y": "74", "x": "249"}, {"y": "77", "x": "253"}, {"y": "81", "x": "257"}, {"y": "84", "x": "261"}, {"y": "84", "x": "261"}, {"y": "84", "x": "261"}, {"y": "87", "x": "266"}, {"y": "91", "x": "270"}, {"y": "94", "x": "275"}, {"y": "97", "x": "279"}, {"y": "101", "x": "283"}, {"y": "104", "x": "288"}, {"y": "107", "x": "292"}, {"y": "111", "x": "297"}, {"y": "114", "x": "301"}, {"y": "117", "x": "305"}, {"y": "121", "x": "310"}, {"y": "124", "x": "314"}, {"y": "128", "x": "319"}, {"y": "128", "x": "319"}], [{"y": "53", "x": "0"}, {"y": "53", "x": "0"}, {"y": "49", "x": "8"}, {"y": "46", "x": "15"}, {"y": "42", "x": "23"}, {"y": "39", "x": "30"}, {"y": "35", "x": "38"}, {"y": "32", "x": "46"}, {"y": "28", "x": "53"}, {"y": "28", "x": "53"}, {"y": "28", "x": "53"}, {"y": "24", "x": "65"}, {"y": "20", "x": "77"}, {"y": "16", "x": "89"}, {"y": "16", "x": "89"}, {"y": "11", "x": "109"}, {"y": "11", "x": "109"}]]}