{"Lines": [[{"y": "179", "x": "15"}, {"y": "179", "x": "16"}, {"y": "175", "x": "18"}, {"y": "172", "x": "20"}, {"y": "169", "x": "22"}, {"y": "166", "x": "24"}, {"y": "163", "x": "26"}, {"y": "159", "x": "28"}, {"y": "156", "x": "30"}, {"y": "153", "x": "32"}, {"y": "150", "x": "34"}, {"y": "147", "x": "36"}, {"y": "144", "x": "38"}, {"y": "140", "x": "40"}, {"y": "137", "x": "42"}, {"y": "134", "x": "44"}, {"y": "131", "x": "46"}, {"y": "128", "x": "48"}, {"y": "125", "x": "50"}, {"y": "121", "x": "52"}, {"y": "118", "x": "54"}, {"y": "115", "x": "56"}, {"y": "112", "x": "58"}, {"y": "109", "x": "60"}, {"y": "106", "x": "62"}, {"y": "102", "x": "64"}, {"y": "99", "x": "66"}, {"y": "96", "x": "68"}, {"y": "93", "x": "70"}, {"y": "90", "x": "72"}, {"y": "90", "x": "72"}, {"y": "90", "x": "72"}, {"y": "86", "x": "73"}, {"y": "83", "x": "75"}, {"y": "80", "x": "77"}, {"y": "77", "x": "79"}, {"y": "73", "x": "81"}, {"y": "70", "x": "82"}, {"y": "67", "x": "84"}, {"y": "64", "x": "86"}, {"y": "60", "x": "88"}, {"y": "57", "x": "90"}, {"y": "54", "x": "92"}, {"y": "51", "x": "93"}, {"y": "47", "x": "95"}, {"y": "44", "x": "97"}, {"y": "41", "x": "99"}, {"y": "41", "x": "99"}, {"y": "41", "x": "99"}, {"y": "37", "x": "100"}, {"y": "33", "x": "102"}, {"y": "30", "x": "103"}, {"y": "26", "x": "105"}, {"y": "22", "x": "106"}, {"y": "22", "x": "106"}, {"y": "18", "x": "108"}, {"y": "13", "x": "110"}, {"y": "9", "x": "112"}, {"y": "9", "x": "112"}, {"y": "9", "x": "112"}, {"y": "2", "x": "116"}, {"y": "2", "x": "116"}], [{"y": "5", "x": "146"}, {"y": "5", "x": "146"}, {"y": "9", "x": "151"}, {"y": "14", "x": "157"}, {"y": "18", "x": "162"}, {"y": "23", "x": "167"}, {"y": "23", "x": "167"}, {"y": "23", "x": "167"}, {"y": "26", "x": "171"}, {"y": "30", "x": "174"}, {"y": "33", "x": "177"}, {"y": "37", "x": "181"}, {"y": "41", "x": "184"}, {"y": "44", "x": "187"}, {"y": "48", "x": "191"}, {"y": "51", "x": "194"}, {"y": "55", "x": "197"}, {"y": "58", "x": "201"}, {"y": "58", "x": "201"}, {"y": "62", "x": "203"}, {"y": "65", "x": "206"}, {"y": "69", "x": "209"}, {"y": "72", "x": "212"}, {"y": "76", "x": "214"}, {"y": "80", "x": "217"}, {"y": "83", "x": "220"}, {"y": "87", "x": "222"}, {"y": "90", "x": "225"}, {"y": "94", "x": "228"}, {"y": "97", "x": "231"}, {"y": "97", "x": "231"}, {"y": "97", "x": "231"}, {"y": "101", "x": "233"}, {"y": "104", "x": "236"}, {"y": "107", "x": "238"}, {"y": "111", "x": "240"}, {"y": "114", "x": "243"}, {"y": "117", "x": "245"}, {"y": "121", "x": "248"}, {"y": "124", "x": "250"}, {"y": "127", "x": "253"}, {"y": "131", "x": "255"}, {"y": "134", "x": "258"}, {"y": "137", "x": "260"}, {"y": "141", "x": "263"}, {"y": "144", "x": "265"}, {"y": "147", "x": "268"}, {"y": "147", "x": "268"}, {"y": "151", "x": "270"}, {"y": "154", "x": "273"}, {"y": "158", "x": "275"}, {"y": "161", "x": "278"}, {"y": "165", "x": "280"}, {"y": "168", "x": "283"}, {"y": "172", "x": "285"}, {"y": "175", "x": "288"}, {"y": "179", "x": "291"}], [{"y": "48", "x": "0"}, {"y": "48", "x": "0"}, {"y": "44", "x": "8"}, {"y": "41", "x": "16"}, {"y": "37", "x": "24"}, {"y": "33", "x": "32"}, {"y": "33", "x": "32"}, {"y": "33", "x": "32"}, {"y": "28", "x": "40"}, {"y": "24", "x": "47"}, {"y": "19", "x": "55"}, {"y": "19", "x": "55"}, {"y": "19", "x": "55"}, {"y": "14", "x": "63"}, {"y": "10", "x": "71"}, {"y": "6", "x": "80"}, {"y": "6", "x": "80"}]]}