{"Lines": [[{"y": "179", "x": "54"}, {"y": "179", "x": "54"}, {"y": "175", "x": "55"}, {"y": "172", "x": "57"}, {"y": "169", "x": "59"}, {"y": "166", "x": "61"}, {"y": "162", "x": "63"}, {"y": "159", "x": "65"}, {"y": "156", "x": "67"}, {"y": "153", "x": "69"}, {"y": "149", "x": "71"}, {"y": "146", "x": "72"}, {"y": "143", "x": "74"}, {"y": "140", "x": "76"}, {"y": "136", "x": "78"}, {"y": "133", "x": "80"}, {"y": "130", "x": "82"}, {"y": "127", "x": "84"}, {"y": "123", "x": "86"}, {"y": "120", "x": "88"}, {"y": "117", "x": "90"}, {"y": "114", "x": "91"}, {"y": "110", "x": "93"}, {"y": "107", "x": "95"}, {"y": "104", "x": "97"}, {"y": "101", "x": "99"}, {"y": "101", "x": "99"}, {"y": "101", "x": "99"}, {"y": "97", "x": "101"}, {"y": "94", "x": "103"}, {"y": "91", "x": "105"}, {"y": "87", "x": "107"}, {"y": "84", "x": "109"}, {"y": "81", "x": "112"}, {"y": "77", "x": "114"}, {"y": "74", "x": "116"}, {"y": "71", "x": "118"}, {"y": "67", "x": "120"}, {"y": "64", "x": "122"}, {"y": "61", "x": "124"}, {"y": "57", "x": "126"}, {"y": "57", "x": "126"}, {"y": "54", "x": "128"}, {"y": "50", "x": "131"}, {"y": "47", "x": "133"}, {"y": "43", "x": "136"}, {"y": "39", "x": "138"}, {"y": "36", "x": "141"}, {"y": "32", "x": "143"}, {"y": "29", "x": "145"}, {"y": "29", "x": "145"}, {"y": "29", "x": "145"}, {"y": "25", "x": "148"}, {"y": "21", "x": "151"}, {"y": "17", "x": "154"}, {"y": "13", "x": "157"}, {"y": "9", "x": "160"}, {"y": "9", "x": "160"}], [{"y": "4", "x": "211"}, {"y": "4", "x": "211"}, {"y": "8", "x": "213"}, {"y": "11", "x": "215"}, {"y": "15", "x": "218"}, {"y": "19", "x": "220"}, {"y": "22", "x": "222"}, {"y": "26", "x": "224"}, {"y": "29", "x": "226"}, {"y": "29", "x": "226"}, {"y": "33", "x": "230"}, {"y": "36", "x": "233"}, {"y": "40", "x": "236"}, {"y": "43", "x": "239"}, {"y": "47", "x": "242"}, {"y": "50", "x": "245"}, {"y": "54", "x": "248"}, {"y": "57", "x": "252"}, {"y": "60", "x": "255"}, {"y": "64", "x": "258"}, {"y": "67", "x": "261"}, {"y": "71", "x": "264"}, {"y": "74", "x": "267"}, {"y": "74", "x": "267"}, {"y": "74", "x": "267"}, {"y": "78", "x": "270"}, {"y": "81", "x": "274"}, {"y": "84", "x": "277"}, {"y": "88", "x": "280"}, {"y": "91", "x": "283"}, {"y": "94", "x": "286"}, {"y": "98", "x": "290"}, {"y": "101", "x": "293"}, {"y": "104", "x": "296"}, {"y": "108", "x": "299"}, {"y": "111", "x": "302"}, {"y": "114", "x": "306"}, {"y": "118", "x": "309"}, {"y": "121", "x": "312"}, {"y": "124", "x": "315"}, {"y": "128", "x": "318"}, {"y": "128", "x": "318"}], [{"y": "60", "x": "2"}, {"y": "60", "x": "2"}, {"y": "54", "x": "14"}, {"y": "48", "x": "27"}, {"y": "48", "x": "27"}, {"y": "48", "x": "27"}, {"y": "44", "x": "35"}, {"y": "40", "x": "44"}, {"y": "36", "x": "52"}, {"y": "32", "x": "61"}, {"y": "28", "x": "69"}, {"y": "28", "x": "69"}, {"y": "28", "x": "69"}, {"y": "24", "x": "79"}, {"y": "20", "x": "88"}, {"y": "16", "x": "98"}, {"y": "16", "x": "98"}, {"y": "16", "x": "98"}, {"y": "12", "x": "108"}, {"y": "7", "x": "117"}, {"y": "3", "x": "127"}, {"y": "3", "x": "127"}]]}