{"Lines": [[{"y": "179", "x": "83"}, {"y": "175", "x": "85"}, {"y": "172", "x": "87"}, {"y": "168", "x": "90"}, {"y": "165", "x": "92"}, {"y": "161", "x": "95"}, {"y": "158", "x": "97"}, {"y": "154", "x": "99"}, {"y": "151", "x": "102"}, {"y": "151", "x": "102"}, {"y": "151", "x": "102"}, {"y": "148", "x": "104"}, {"y": "144", "x": "106"}, {"y": "141", "x": "108"}, {"y": "137", "x": "111"}, {"y": "134", "x": "113"}, {"y": "131", "x": "115"}, {"y": "127", "x": "117"}, {"y": "124", "x": "120"}, {"y": "121", "x": "122"}, {"y": "117", "x": "124"}, {"y": "114", "x": "126"}, {"y": "111", "x": "129"}, {"y": "107", "x": "131"}, {"y": "107", "x": "131"}, {"y": "107", "x": "131"}, {"y": "104", "x": "134"}, {"y": "101", "x": "136"}, {"y": "97", "x": "139"}, {"y": "94", "x": "142"}, {"y": "90", "x": "145"}, {"y": "87", "x": "147"}, {"y": "84", "x": "150"}, {"y": "80", "x": "153"}, {"y": "77", "x": "156"}, {"y": "77", "x": "156"}, {"y": "77", "x": "156"}, {"y": "73", "x": "159"}, {"y": "68", "x": "163"}, {"y": "64", "x": "166"}, {"y": "60", "x": "170"}, {"y": "60", "x": "170"}, {"y": "56", "x": "173"}, {"y": "52", "x": "176"}, {"y": "48", "x": "180"}, {"y": "45", "x": "183"}, {"y": "45", "x": "183"}, {"y": "40", "x": "189"}, {"y": "36", "x": "195"}, {"y": "31", "x": "201"}, {"y": "27", "x": "207"}, {"y": "27", "x": "207"}], [{"y": "36", "x": "274"}, {"y": "36", "x": "274"}, {"y": "36", "x": "274"}, {"y": "31", "x": "274"}, {"y": "26", "x": "274"}, {"y": "26", "x": "274"}, {"y": "26", "x": "274"}, {"y": "40", "x": "275"}, {"y": "44", "x": "276"}, {"y": "48", "x": "278"}, {"y": "48", "x": "278"}, {"y": "18", "x": "280"}, {"y": "52", "x": "280"}, {"y": "57", "x": "282"}, {"y": "61", "x": "284"}, {"y": "66", "x": "286"}, {"y": "66", "x": "286"}, {"y": "66", "x": "286"}, {"y": "69", "x": "288"}, {"y": "73", "x": "290"}, {"y": "76", "x": "292"}, {"y": "80", "x": "295"}, {"y": "83", "x": "297"}, {"y": "87", "x": "299"}, {"y": "90", "x": "301"}, {"y": "94", "x": "303"}, {"y": "94", "x": "303"}, {"y": "94", "x": "303"}, {"y": "97", "x": "306"}, {"y": "101", "x": "308"}, {"y": "104", "x": "311"}, {"y": "108", "x": "313"}, {"y": "111", "x": "316"}, {"y": "115", "x": "318"}, {"y": "115", "x": "318"}], [{"y": "91", "x": "0"}, {"y": "91", "x": "0"}, {"y": "86", "x": "10"}, {"y": "82", "x": "19"}, {"y": "77", "x": "29"}, {"y": "77", "x": "29"}, {"y": "77", "x": "29"}, {"y": "73", "x": "39"}, {"y": "68", "x": "49"}, {"y": "64", "x": "59"}, {"y": "59", "x": "68"}, {"y": "59", "x": "68"}, {"y": "55", "x": "78"}, {"y": "50", "x": "87"}, {"y": "46", "x": "96"}, {"y": "42", "x": "106"}, {"y": "42", "x": "106"}, {"y": "42", "x": "106"}, {"y": "38", "x": "116"}, {"y": "34", "x": "127"}, {"y": "30", "x": "138"}, {"y": "26", "x": "148"}, {"y": "26", "x": "148"}]]}