{"Lines": [[{"y": "179", "x": "61"}, {"y": "179", "x": "62"}, {"y": "175", "x": "63"}, {"y": "172", "x": "64"}, {"y": "169", "x": "66"}, {"y": "166", "x": "67"}, {"y": "163", "x": "68"}, {"y": "160", "x": "70"}, {"y": "156", "x": "71"}, {"y": "153", "x": "73"}, {"y": "150", "x": "74"}, {"y": "147", "x": "75"}, {"y": "144", "x": "77"}, {"y": "141", "x": "78"}, {"y": "138", "x": "80"}, {"y": "134", "x": "81"}, {"y": "131", "x": "82"}, {"y": "128", "x": "84"}, {"y": "125", "x": "85"}, {"y": "122", "x": "87"}, {"y": "119", "x": "88"}, {"y": "116", "x": "89"}, {"y": "112", "x": "91"}, {"y": "109", "x": "92"}, {"y": "106", "x": "94"}, {"y": "103", "x": "95"}, {"y": "100", "x": "96"}, {"y": "97", "x": "98"}, {"y": "93", "x": "99"}, {"y": "90", "x": "100"}, {"y": "87", "x": "102"}, {"y": "84", "x": "103"}, {"y": "81", "x": "105"}, {"y": "78", "x": "106"}, {"y": "75", "x": "107"}, {"y": "75", "x": "107"}, {"y": "75", "x": "107"}, {"y": "71", "x": "109"}, {"y": "68", "x": "110"}, {"y": "65", "x": "111"}, {"y": "61", "x": "113"}, {"y": "58", "x": "114"}, {"y": "54", "x": "115"}, {"y": "51", "x": "117"}, {"y": "48", "x": "118"}, {"y": "44", "x": "119"}, {"y": "41", "x": "121"}, {"y": "38", "x": "122"}, {"y": "34", "x": "123"}, {"y": "31", "x": "125"}, {"y": "31", "x": "125"}, {"y": "31", "x": "125"}, {"y": "27", "x": "126"}, {"y": "22", "x": "128"}, {"y": "18", "x": "130"}, {"y": "14", "x": "131"}, {"y": "14", "x": "131"}, {"y": "8", "x": "134"}, {"y": "3", "x": "137"}, {"y": "3", "x": "137"}], [{"y": "0", "x": "181"}, {"y": "4", "x": "184"}, {"y": "7", "x": "188"}, {"y": "11", "x": "192"}, {"y": "15", "x": "195"}, {"y": "18", "x": "199"}, {"y": "22", "x": "203"}, {"y": "25", "x": "206"}, {"y": "25", "x": "206"}, {"y": "29", "x": "210"}, {"y": "32", "x": "214"}, {"y": "35", "x": "218"}, {"y": "39", "x": "221"}, {"y": "42", "x": "225"}, {"y": "45", "x": "229"}, {"y": "49", "x": "233"}, {"y": "52", "x": "236"}, {"y": "56", "x": "240"}, {"y": "59", "x": "244"}, {"y": "62", "x": "248"}, {"y": "66", "x": "251"}, {"y": "69", "x": "255"}, {"y": "72", "x": "259"}, {"y": "76", "x": "263"}, {"y": "76", "x": "263"}, {"y": "79", "x": "266"}, {"y": "83", "x": "270"}, {"y": "86", "x": "274"}, {"y": "89", "x": "277"}, {"y": "93", "x": "281"}, {"y": "96", "x": "285"}, {"y": "99", "x": "289"}, {"y": "103", "x": "292"}, {"y": "106", "x": "296"}, {"y": "110", "x": "300"}, {"y": "113", "x": "304"}, {"y": "116", "x": "307"}, {"y": "120", "x": "311"}, {"y": "123", "x": "315"}, {"y": "127", "x": "319"}, {"y": "127", "x": "319"}], [{"y": "48", "x": "0"}, {"y": "48", "x": "0"}, {"y": "43", "x": "10"}, {"y": "37", "x": "21"}, {"y": "37", "x": "21"}, {"y": "37", "x": "21"}, {"y": "34", "x": "28"}, {"y": "30", "x": "35"}, {"y": "26", "x": "42"}, {"y": "23", "x": "49"}, {"y": "19", "x": "56"}, {"y": "15", "x": "63"}, {"y": "15", "x": "63"}, {"y": "15", "x": "63"}, {"y": "10", "x": "73"}, {"y": "5", "x": "83"}, {"y": "1", "x": "93"}, {"y": "1", "x": "93"}]]}