{"Lines": [[{"y": "179", "x": "66"}, {"y": "179", "x": "66"}, {"y": "175", "x": "68"}, {"y": "171", "x": "70"}, {"y": "167", "x": "72"}, {"y": "164", "x": "74"}, {"y": "160", "x": "76"}, {"y": "156", "x": "78"}, {"y": "153", "x": "80"}, {"y": "149", "x": "82"}, {"y": "149", "x": "82"}, {"y": "149", "x": "82"}, {"y": "146", "x": "83"}, {"y": "143", "x": "85"}, {"y": "139", "x": "86"}, {"y": "136", "x": "88"}, {"y": "133", "x": "90"}, {"y": "129", "x": "91"}, {"y": "126", "x": "93"}, {"y": "123", "x": "94"}, {"y": "120", "x": "96"}, {"y": "116", "x": "97"}, {"y": "113", "x": "99"}, {"y": "110", "x": "101"}, {"y": "106", "x": "102"}, {"y": "103", "x": "104"}, {"y": "100", "x": "105"}, {"y": "97", "x": "107"}, {"y": "93", "x": "108"}, {"y": "90", "x": "110"}, {"y": "87", "x": "111"}, {"y": "83", "x": "113"}, {"y": "80", "x": "115"}, {"y": "80", "x": "115"}, {"y": "80", "x": "115"}, {"y": "76", "x": "116"}, {"y": "73", "x": "118"}, {"y": "69", "x": "120"}, {"y": "65", "x": "122"}, {"y": "62", "x": "124"}, {"y": "58", "x": "126"}, {"y": "54", "x": "127"}, {"y": "50", "x": "129"}, {"y": "47", "x": "131"}, {"y": "43", "x": "133"}, {"y": "40", "x": "135"}, {"y": "36", "x": "136"}, {"y": "33", "x": "138"}, {"y": "29", "x": "140"}, {"y": "29", "x": "140"}, {"y": "29", "x": "140"}, {"y": "25", "x": "141"}, {"y": "21", "x": "143"}, {"y": "16", "x": "145"}, {"y": "12", "x": "146"}], [{"y": "6", "x": "186"}, {"y": "6", "x": "186"}, {"y": "10", "x": "190"}, {"y": "13", "x": "194"}, {"y": "17", "x": "198"}, {"y": "21", "x": "202"}, {"y": "24", "x": "206"}, {"y": "28", "x": "209"}, {"y": "32", "x": "213"}, {"y": "35", "x": "217"}, {"y": "39", "x": "221"}, {"y": "39", "x": "221"}, {"y": "39", "x": "221"}, {"y": "42", "x": "225"}, {"y": "45", "x": "229"}, {"y": "49", "x": "232"}, {"y": "52", "x": "236"}, {"y": "55", "x": "239"}, {"y": "58", "x": "243"}, {"y": "62", "x": "247"}, {"y": "65", "x": "250"}, {"y": "68", "x": "254"}, {"y": "72", "x": "257"}, {"y": "75", "x": "261"}, {"y": "78", "x": "265"}, {"y": "81", "x": "268"}, {"y": "85", "x": "272"}, {"y": "88", "x": "275"}, {"y": "91", "x": "279"}, {"y": "91", "x": "279"}, {"y": "94", "x": "283"}, {"y": "98", "x": "286"}, {"y": "101", "x": "290"}, {"y": "104", "x": "293"}, {"y": "108", "x": "297"}, {"y": "111", "x": "301"}, {"y": "114", "x": "304"}, {"y": "118", "x": "308"}, {"y": "121", "x": "311"}, {"y": "124", "x": "315"}, {"y": "128", "x": "318"}, {"y": "128", "x": "319"}], [{"y": "60", "x": "0"}, {"y": "60", "x": "0"}, {"y": "55", "x": "9"}, {"y": "51", "x": "19"}, {"y": "47", "x": "28"}, {"y": "47", "x": "28"}, {"y": "47", "x": "28"}, {"y": "43", "x": "37"}, {"y": "39", "x": "46"}, {"y": "35", "x": "54"}, {"y": "35", "x": "54"}, {"y": "29", "x": "68"}, {"y": "23", "x": "81"}, {"y": "23", "x": "81"}, {"y": "23", "x": "81"}, {"y": "17", "x": "91"}, {"y": "12", "x": "102"}, {"y": "12", "x": "102"}, {"y": "12", "x": "102"}, {"y": "7", "x": "111"}, {"y": "1", "x": "120"}, {"y": "1", "x": "120"}]]}