{"Lines": [[{"y": "179", "x": "33"}, {"y": "179", "x": "34"}, {"y": "175", "x": "35"}, {"y": "172", "x": "37"}, {"y": "169", "x": "39"}, {"y": "166", "x": "41"}, {"y": "162", "x": "43"}, {"y": "159", "x": "45"}, {"y": "156", "x": "47"}, {"y": "153", "x": "49"}, {"y": "149", "x": "51"}, {"y": "146", "x": "53"}, {"y": "143", "x": "55"}, {"y": "140", "x": "57"}, {"y": "136", "x": "59"}, {"y": "133", "x": "61"}, {"y": "130", "x": "62"}, {"y": "127", "x": "64"}, {"y": "123", "x": "66"}, {"y": "120", "x": "68"}, {"y": "117", "x": "70"}, {"y": "114", "x": "72"}, {"y": "114", "x": "72"}, {"y": "114", "x": "72"}, {"y": "111", "x": "74"}, {"y": "107", "x": "76"}, {"y": "104", "x": "78"}, {"y": "101", "x": "80"}, {"y": "98", "x": "82"}, {"y": "95", "x": "83"}, {"y": "91", "x": "85"}, {"y": "88", "x": "87"}, {"y": "85", "x": "89"}, {"y": "82", "x": "91"}, {"y": "79", "x": "93"}, {"y": "75", "x": "95"}, {"y": "72", "x": "96"}, {"y": "69", "x": "98"}, {"y": "66", "x": "100"}, {"y": "63", "x": "102"}, {"y": "59", "x": "104"}, {"y": "59", "x": "104"}, {"y": "59", "x": "104"}, {"y": "56", "x": "106"}, {"y": "52", "x": "108"}, {"y": "49", "x": "109"}, {"y": "45", "x": "111"}, {"y": "42", "x": "113"}, {"y": "38", "x": "115"}, {"y": "35", "x": "116"}, {"y": "31", "x": "118"}, {"y": "31", "x": "118"}, {"y": "31", "x": "118"}, {"y": "28", "x": "119"}, {"y": "24", "x": "120"}, {"y": "21", "x": "121"}, {"y": "17", "x": "122"}, {"y": "14", "x": "123"}, {"y": "11", "x": "124"}, {"y": "7", "x": "124"}, {"y": "4", "x": "125"}, {"y": "0", "x": "126"}, {"y": "0", "x": "126"}], [{"y": "1", "x": "171"}, {"y": "1", "x": "171"}, {"y": "5", "x": "174"}, {"y": "9", "x": "177"}, {"y": "13", "x": "180"}, {"y": "16", "x": "183"}, {"y": "20", "x": "186"}, {"y": "20", "x": "186"}, {"y": "25", "x": "190"}, {"y": "30", "x": "193"}, {"y": "35", "x": "197"}, {"y": "35", "x": "197"}, {"y": "39", "x": "212"}, {"y": "39", "x": "212"}, {"y": "42", "x": "215"}, {"y": "45", "x": "218"}, {"y": "49", "x": "221"}, {"y": "52", "x": "225"}, {"y": "56", "x": "228"}, {"y": "59", "x": "231"}, {"y": "62", "x": "234"}, {"y": "66", "x": "238"}, {"y": "66", "x": "238"}, {"y": "69", "x": "241"}, {"y": "72", "x": "244"}, {"y": "76", "x": "247"}, {"y": "79", "x": "250"}, {"y": "82", "x": "254"}, {"y": "85", "x": "257"}, {"y": "89", "x": "260"}, {"y": "92", "x": "263"}, {"y": "95", "x": "266"}, {"y": "98", "x": "270"}, {"y": "102", "x": "273"}, {"y": "105", "x": "276"}, {"y": "108", "x": "279"}, {"y": "108", "x": "279"}, {"y": "112", "x": "282"}, {"y": "115", "x": "286"}, {"y": "118", "x": "289"}, {"y": "122", "x": "292"}, {"y": "125", "x": "296"}, {"y": "128", "x": "299"}, {"y": "132", "x": "302"}, {"y": "135", "x": "305"}, {"y": "138", "x": "309"}, {"y": "142", "x": "312"}, {"y": "145", "x": "315"}, {"y": "149", "x": "318"}, {"y": "149", "x": "319"}], [{"y": "49", "x": "0"}, {"y": "46", "x": "4"}, {"y": "43", "x": "24"}, {"y": "43", "x": "24"}, {"y": "38", "x": "30"}, {"y": "33", "x": "37"}, {"y": "33", "x": "37"}, {"y": "29", "x": "43"}, {"y": "25", "x": "50"}, {"y": "21", "x": "56"}, {"y": "17", "x": "62"}, {"y": "17", "x": "62"}, {"y": "17", "x": "62"}, {"y": "13", "x": "67"}, {"y": "9", "x": "72"}, {"y": "5", "x": "76"}, {"y": "1", "x": "81"}, {"y": "1", "x": "81"}]]}