{"Lines": [[{"y": "179", "x": "45"}, {"y": "179", "x": "46"}, {"y": "175", "x": "47"}, {"y": "172", "x": "49"}, {"y": "169", "x": "50"}, {"y": "166", "x": "52"}, {"y": "162", "x": "54"}, {"y": "159", "x": "55"}, {"y": "156", "x": "57"}, {"y": "153", "x": "59"}, {"y": "150", "x": "60"}, {"y": "146", "x": "62"}, {"y": "143", "x": "64"}, {"y": "140", "x": "65"}, {"y": "137", "x": "67"}, {"y": "133", "x": "69"}, {"y": "130", "x": "70"}, {"y": "127", "x": "72"}, {"y": "127", "x": "72"}, {"y": "124", "x": "74"}, {"y": "120", "x": "76"}, {"y": "117", "x": "77"}, {"y": "114", "x": "79"}, {"y": "110", "x": "81"}, {"y": "107", "x": "83"}, {"y": "104", "x": "84"}, {"y": "100", "x": "86"}, {"y": "97", "x": "88"}, {"y": "94", "x": "90"}, {"y": "90", "x": "91"}, {"y": "87", "x": "93"}, {"y": "84", "x": "95"}, {"y": "80", "x": "97"}, {"y": "77", "x": "98"}, {"y": "74", "x": "100"}, {"y": "70", "x": "102"}, {"y": "66", "x": "104"}, {"y": "63", "x": "105"}, {"y": "59", "x": "107"}, {"y": "56", "x": "109"}, {"y": "52", "x": "110"}, {"y": "48", "x": "112"}, {"y": "45", "x": "114"}, {"y": "41", "x": "116"}, {"y": "41", "x": "116"}, {"y": "41", "x": "116"}, {"y": "38", "x": "117"}, {"y": "34", "x": "119"}, {"y": "30", "x": "120"}, {"y": "27", "x": "121"}, {"y": "23", "x": "123"}, {"y": "19", "x": "124"}, {"y": "19", "x": "124"}, {"y": "19", "x": "124"}, {"y": "16", "x": "125"}, {"y": "12", "x": "125"}, {"y": "8", "x": "125"}, {"y": "4", "x": "125"}, {"y": "4", "x": "125"}], [{"y": "49", "x": "1"}, {"y": "49", "x": "1"}, {"y": "45", "x": "9"}, {"y": "41", "x": "17"}, {"y": "37", "x": "24"}, {"y": "37", "x": "24"}, {"y": "37", "x": "24"}, {"y": "33", "x": "32"}, {"y": "28", "x": "41"}, {"y": "24", "x": "49"}, {"y": "24", "x": "49"}], [{"y": "0", "x": "161"}, {"y": "5", "x": "170"}, {"y": "11", "x": "179"}, {"y": "11", "x": "179"}, {"y": "14", "x": "183"}, {"y": "18", "x": "188"}, {"y": "21", "x": "192"}, {"y": "25", "x": "196"}, {"y": "28", "x": "200"}, {"y": "32", "x": "205"}, {"y": "35", "x": "209"}, {"y": "35", "x": "209"}, {"y": "39", "x": "213"}, {"y": "43", "x": "217"}, {"y": "47", "x": "221"}, {"y": "50", "x": "225"}, {"y": "54", "x": "229"}, {"y": "58", "x": "233"}, {"y": "62", "x": "237"}, {"y": "62", "x": "237"}, {"y": "62", "x": "237"}, {"y": "65", "x": "240"}, {"y": "69", "x": "244"}, {"y": "72", "x": "247"}, {"y": "75", "x": "251"}, {"y": "79", "x": "255"}, {"y": "82", "x": "258"}, {"y": "86", "x": "262"}, {"y": "89", "x": "265"}, {"y": "93", "x": "269"}, {"y": "96", "x": "272"}, {"y": "96", "x": "272"}, {"y": "99", "x": "276"}, {"y": "103", "x": "279"}, {"y": "106", "x": "283"}, {"y": "110", "x": "287"}, {"y": "113", "x": "290"}, {"y": "117", "x": "294"}, {"y": "120", "x": "297"}, {"y": "123", "x": "301"}, {"y": "127", "x": "304"}, {"y": "130", "x": "308"}, {"y": "134", "x": "311"}, {"y": "137", "x": "315"}, {"y": "141", "x": "318"}, {"y": "141", "x": "319"}]]}