{"Lines": [[{"y": "168", "x": "1"}, {"y": "168", "x": "1"}, {"y": "164", "x": "4"}, {"y": "161", "x": "7"}, {"y": "158", "x": "10"}, {"y": "155", "x": "13"}, {"y": "151", "x": "16"}, {"y": "148", "x": "18"}, {"y": "145", "x": "21"}, {"y": "142", "x": "24"}, {"y": "138", "x": "27"}, {"y": "135", "x": "30"}, {"y": "132", "x": "33"}, {"y": "129", "x": "36"}, {"y": "125", "x": "38"}, {"y": "122", "x": "41"}, {"y": "119", "x": "44"}, {"y": "116", "x": "47"}, {"y": "112", "x": "50"}, {"y": "109", "x": "53"}, {"y": "106", "x": "56"}, {"y": "103", "x": "58"}, {"y": "103", "x": "58"}, {"y": "103", "x": "58"}, {"y": "99", "x": "62"}, {"y": "96", "x": "65"}, {"y": "92", "x": "68"}, {"y": "89", "x": "71"}, {"y": "85", "x": "74"}, {"y": "82", "x": "77"}, {"y": "79", "x": "80"}, {"y": "75", "x": "83"}, {"y": "72", "x": "86"}, {"y": "68", "x": "89"}, {"y": "65", "x": "92"}, {"y": "62", "x": "95"}, {"y": "58", "x": "98"}, {"y": "55", "x": "101"}, {"y": "55", "x": "101"}, {"y": "51", "x": "105"}, {"y": "48", "x": "108"}, {"y": "44", "x": "111"}, {"y": "41", "x": "114"}, {"y": "37", "x": "117"}, {"y": "34", "x": "121"}, {"y": "30", "x": "124"}, {"y": "27", "x": "127"}, {"y": "27", "x": "127"}], [{"y": "1", "x": "193"}, {"y": "1", "x": "193"}, {"y": "5", "x": "195"}, {"y": "10", "x": "197"}, {"y": "31", "x": "197"}, {"y": "31", "x": "197"}, {"y": "31", "x": "197"}, {"y": "34", "x": "199"}, {"y": "14", "x": "199"}, {"y": "14", "x": "199"}, {"y": "14", "x": "199"}, {"y": "38", "x": "200"}, {"y": "42", "x": "202"}, {"y": "23", "x": "203"}, {"y": "23", "x": "203"}, {"y": "23", "x": "203"}, {"y": "46", "x": "203"}, {"y": "49", "x": "205"}, {"y": "53", "x": "206"}, {"y": "53", "x": "206"}, {"y": "57", "x": "208"}, {"y": "60", "x": "210"}, {"y": "64", "x": "211"}, {"y": "68", "x": "213"}, {"y": "71", "x": "215"}, {"y": "75", "x": "216"}, {"y": "78", "x": "218"}, {"y": "82", "x": "220"}, {"y": "82", "x": "220"}, {"y": "85", "x": "221"}, {"y": "89", "x": "223"}, {"y": "92", "x": "225"}, {"y": "96", "x": "226"}, {"y": "99", "x": "228"}, {"y": "102", "x": "230"}, {"y": "106", "x": "231"}, {"y": "109", "x": "233"}, {"y": "113", "x": "235"}, {"y": "116", "x": "236"}, {"y": "116", "x": "236"}, {"y": "116", "x": "236"}, {"y": "119", "x": "238"}, {"y": "123", "x": "240"}, {"y": "126", "x": "241"}, {"y": "129", "x": "243"}, {"y": "133", "x": "245"}, {"y": "136", "x": "246"}, {"y": "139", "x": "248"}, {"y": "142", "x": "250"}, {"y": "146", "x": "251"}, {"y": "149", "x": "253"}, {"y": "152", "x": "254"}, {"y": "156", "x": "256"}, {"y": "159", "x": "258"}, {"y": "162", "x": "259"}, {"y": "165", "x": "261"}, {"y": "169", "x": "263"}, {"y": "172", "x": "264"}, {"y": "175", "x": "266"}, {"y": "179", "x": "268"}, {"y": "179", "x": "268"}], [{"y": "38", "x": "22"}, {"y": "38", "x": "22"}, {"y": "34", "x": "38"}, {"y": "29", "x": "53"}, {"y": "29", "x": "53"}, {"y": "29", "x": "53"}, {"y": "25", "x": "64"}, {"y": "20", "x": "74"}, {"y": "16", "x": "84"}, {"y": "11", "x": "94"}, {"y": "11", "x": "94"}, {"y": "11", "x": "94"}, {"y": "6", "x": "109"}, {"y": "0", "x": "124"}, {"y": "0", "x": "124"}]]}