{"Lines": [[{"y": "61", "x": "1"}, {"y": "61", "x": "1"}, {"y": "58", "x": "9"}, {"y": "54", "x": "17"}, {"y": "50", "x": "25"}, {"y": "47", "x": "33"}, {"y": "43", "x": "41"}, {"y": "39", "x": "49"}, {"y": "35", "x": "57"}, {"y": "32", "x": "65"}, {"y": "32", "x": "65"}, {"y": "28", "x": "74"}, {"y": "24", "x": "83"}, {"y": "20", "x": "92"}, {"y": "16", "x": "101"}, {"y": "12", "x": "110"}, {"y": "8", "x": "119"}, {"y": "8", "x": "119"}], [{"y": "1", "x": "199"}, {"y": "1", "x": "200"}, {"y": "5", "x": "203"}, {"y": "9", "x": "207"}, {"y": "13", "x": "211"}, {"y": "17", "x": "215"}, {"y": "22", "x": "219"}, {"y": "22", "x": "219"}, {"y": "25", "x": "222"}, {"y": "28", "x": "225"}, {"y": "31", "x": "229"}, {"y": "34", "x": "232"}, {"y": "38", "x": "235"}, {"y": "41", "x": "238"}, {"y": "44", "x": "241"}, {"y": "47", "x": "244"}, {"y": "51", "x": "247"}, {"y": "54", "x": "250"}, {"y": "57", "x": "253"}, {"y": "60", "x": "256"}, {"y": "64", "x": "260"}, {"y": "67", "x": "263"}, {"y": "70", "x": "266"}, {"y": "73", "x": "269"}, {"y": "73", "x": "269"}, {"y": "77", "x": "272"}, {"y": "80", "x": "276"}, {"y": "83", "x": "279"}, {"y": "86", "x": "282"}, {"y": "90", "x": "285"}, {"y": "93", "x": "289"}, {"y": "96", "x": "292"}, {"y": "100", "x": "295"}, {"y": "103", "x": "299"}, {"y": "106", "x": "302"}, {"y": "109", "x": "305"}, {"y": "113", "x": "309"}, {"y": "116", "x": "312"}, {"y": "119", "x": "315"}, {"y": "123", "x": "319"}, {"y": "123", "x": "319"}]]}