{"Lines": [[{"y": "158", "x": "0"}, {"y": "158", "x": "0"}, {"y": "155", "x": "3"}, {"y": "152", "x": "7"}, {"y": "148", "x": "11"}, {"y": "145", "x": "14"}, {"y": "142", "x": "18"}, {"y": "138", "x": "21"}, {"y": "135", "x": "25"}, {"y": "132", "x": "28"}, {"y": "128", "x": "32"}, {"y": "125", "x": "36"}, {"y": "122", "x": "39"}, {"y": "118", "x": "43"}, {"y": "115", "x": "46"}, {"y": "112", "x": "50"}, {"y": "108", "x": "53"}, {"y": "108", "x": "53"}, {"y": "108", "x": "53"}, {"y": "105", "x": "57"}, {"y": "102", "x": "61"}, {"y": "98", "x": "64"}, {"y": "95", "x": "68"}, {"y": "92", "x": "71"}, {"y": "88", "x": "75"}, {"y": "85", "x": "78"}, {"y": "82", "x": "82"}, {"y": "78", "x": "86"}, {"y": "75", "x": "89"}, {"y": "72", "x": "93"}, {"y": "68", "x": "96"}, {"y": "68", "x": "96"}, {"y": "68", "x": "96"}, {"y": "65", "x": "101"}, {"y": "61", "x": "105"}, {"y": "58", "x": "110"}, {"y": "54", "x": "114"}, {"y": "51", "x": "119"}, {"y": "47", "x": "123"}, {"y": "47", "x": "123"}, {"y": "47", "x": "123"}, {"y": "43", "x": "129"}, {"y": "38", "x": "135"}, {"y": "34", "x": "141"}, {"y": "34", "x": "141"}, {"y": "30", "x": "147"}, {"y": "26", "x": "153"}, {"y": "22", "x": "158"}, {"y": "18", "x": "164"}, {"y": "18", "x": "164"}], [{"y": "12", "x": "216"}, {"y": "12", "x": "216"}, {"y": "16", "x": "216"}, {"y": "19", "x": "216"}, {"y": "23", "x": "216"}, {"y": "27", "x": "216"}, {"y": "30", "x": "216"}, {"y": "30", "x": "216"}, {"y": "30", "x": "216"}, {"y": "34", "x": "217"}, {"y": "38", "x": "219"}, {"y": "42", "x": "220"}, {"y": "46", "x": "221"}, {"y": "50", "x": "222"}, {"y": "50", "x": "222"}, {"y": "50", "x": "222"}, {"y": "53", "x": "224"}, {"y": "57", "x": "225"}, {"y": "60", "x": "227"}, {"y": "63", "x": "229"}, {"y": "67", "x": "230"}, {"y": "70", "x": "232"}, {"y": "73", "x": "234"}, {"y": "77", "x": "236"}, {"y": "80", "x": "237"}, {"y": "83", "x": "239"}, {"y": "87", "x": "241"}, {"y": "90", "x": "242"}, {"y": "93", "x": "244"}, {"y": "97", "x": "246"}, {"y": "100", "x": "247"}, {"y": "103", "x": "249"}, {"y": "107", "x": "251"}, {"y": "107", "x": "251"}, {"y": "107", "x": "251"}, {"y": "110", "x": "252"}, {"y": "113", "x": "254"}, {"y": "116", "x": "256"}, {"y": "120", "x": "258"}, {"y": "123", "x": "259"}, {"y": "126", "x": "261"}, {"y": "129", "x": "263"}, {"y": "133", "x": "265"}, {"y": "136", "x": "266"}, {"y": "139", "x": "268"}, {"y": "143", "x": "270"}, {"y": "146", "x": "272"}, {"y": "149", "x": "274"}, {"y": "152", "x": "275"}, {"y": "156", "x": "277"}, {"y": "159", "x": "279"}, {"y": "162", "x": "281"}, {"y": "165", "x": "282"}, {"y": "169", "x": "284"}, {"y": "172", "x": "286"}, {"y": "175", "x": "288"}, {"y": "179", "x": "289"}, {"y": "179", "x": "290"}], [{"y": "56", "x": "0"}, {"y": "56", "x": "0"}, {"y": "48", "x": "19"}, {"y": "48", "x": "19"}, {"y": "48", "x": "19"}, {"y": "43", "x": "37"}, {"y": "37", "x": "55"}, {"y": "37", "x": "55"}, {"y": "37", "x": "55"}, {"y": "32", "x": "69"}, {"y": "28", "x": "83"}, {"y": "28", "x": "83"}, {"y": "28", "x": "83"}, {"y": "20", "x": "109"}, {"y": "20", "x": "109"}, {"y": "16", "x": "127"}, {"y": "16", "x": "127"}]]}