{"Lines": [[{"y": "178", "x": "67"}, {"y": "178", "x": "67"}, {"y": "175", "x": "69"}, {"y": "171", "x": "70"}, {"y": "168", "x": "72"}, {"y": "164", "x": "73"}, {"y": "160", "x": "75"}, {"y": "157", "x": "76"}, {"y": "153", "x": "78"}, {"y": "153", "x": "78"}, {"y": "150", "x": "79"}, {"y": "147", "x": "81"}, {"y": "144", "x": "82"}, {"y": "140", "x": "83"}, {"y": "137", "x": "85"}, {"y": "134", "x": "86"}, {"y": "131", "x": "87"}, {"y": "128", "x": "89"}, {"y": "125", "x": "90"}, {"y": "121", "x": "91"}, {"y": "118", "x": "93"}, {"y": "115", "x": "94"}, {"y": "112", "x": "95"}, {"y": "109", "x": "97"}, {"y": "106", "x": "98"}, {"y": "102", "x": "100"}, {"y": "99", "x": "101"}, {"y": "96", "x": "102"}, {"y": "93", "x": "104"}, {"y": "90", "x": "105"}, {"y": "86", "x": "106"}, {"y": "83", "x": "108"}, {"y": "80", "x": "109"}, {"y": "77", "x": "110"}, {"y": "74", "x": "112"}, {"y": "74", "x": "112"}, {"y": "74", "x": "112"}, {"y": "70", "x": "113"}, {"y": "67", "x": "114"}, {"y": "64", "x": "115"}, {"y": "60", "x": "116"}, {"y": "57", "x": "117"}, {"y": "53", "x": "118"}, {"y": "50", "x": "119"}, {"y": "46", "x": "120"}, {"y": "43", "x": "121"}, {"y": "40", "x": "122"}, {"y": "36", "x": "123"}, {"y": "36", "x": "123"}, {"y": "36", "x": "123"}, {"y": "32", "x": "124"}, {"y": "28", "x": "125"}, {"y": "24", "x": "125"}, {"y": "4", "x": "126"}, {"y": "4", "x": "126"}, {"y": "8", "x": "126"}, {"y": "12", "x": "126"}, {"y": "16", "x": "126"}, {"y": "20", "x": "126"}, {"y": "20", "x": "126"}], [{"y": "4", "x": "162"}, {"y": "4", "x": "162"}, {"y": "8", "x": "166"}, {"y": "11", "x": "171"}, {"y": "15", "x": "176"}, {"y": "19", "x": "180"}, {"y": "23", "x": "185"}, {"y": "27", "x": "190"}, {"y": "27", "x": "190"}, {"y": "27", "x": "190"}, {"y": "31", "x": "194"}, {"y": "34", "x": "197"}, {"y": "37", "x": "201"}, {"y": "41", "x": "205"}, {"y": "44", "x": "208"}, {"y": "47", "x": "212"}, {"y": "51", "x": "216"}, {"y": "54", "x": "219"}, {"y": "57", "x": "223"}, {"y": "61", "x": "227"}, {"y": "64", "x": "230"}, {"y": "67", "x": "234"}, {"y": "71", "x": "238"}, {"y": "74", "x": "242"}, {"y": "77", "x": "245"}, {"y": "77", "x": "245"}, {"y": "80", "x": "248"}, {"y": "84", "x": "251"}, {"y": "87", "x": "254"}, {"y": "90", "x": "257"}, {"y": "93", "x": "260"}, {"y": "97", "x": "263"}, {"y": "100", "x": "266"}, {"y": "103", "x": "269"}, {"y": "106", "x": "272"}, {"y": "109", "x": "275"}, {"y": "113", "x": "279"}, {"y": "116", "x": "282"}, {"y": "119", "x": "285"}, {"y": "122", "x": "288"}, {"y": "125", "x": "291"}, {"y": "129", "x": "294"}, {"y": "132", "x": "297"}, {"y": "135", "x": "300"}, {"y": "138", "x": "303"}, {"y": "142", "x": "306"}, {"y": "145", "x": "309"}, {"y": "148", "x": "312"}, {"y": "151", "x": "315"}, {"y": "154", "x": "318"}, {"y": "154", "x": "318"}], [{"y": "60", "x": "1"}, {"y": "60", "x": "1"}, {"y": "56", "x": "8"}, {"y": "52", "x": "14"}, {"y": "48", "x": "21"}, {"y": "44", "x": "27"}, {"y": "40", "x": "34"}, {"y": "40", "x": "34"}, {"y": "40", "x": "34"}, {"y": "37", "x": "40"}, {"y": "33", "x": "45"}, {"y": "29", "x": "51"}, {"y": "26", "x": "57"}, {"y": "22", "x": "63"}, {"y": "18", "x": "68"}, {"y": "18", "x": "68"}, {"y": "18", "x": "68"}, {"y": "13", "x": "76"}, {"y": "8", "x": "84"}, {"y": "4", "x": "91"}, {"y": "4", "x": "91"}]]}