{"Lines": [[{"y": "9", "x": "198"}, {"y": "9", "x": "198"}, {"y": "13", "x": "202"}, {"y": "17", "x": "206"}, {"y": "21", "x": "209"}, {"y": "25", "x": "213"}, {"y": "29", "x": "217"}, {"y": "29", "x": "217"}, {"y": "29", "x": "217"}, {"y": "32", "x": "220"}, {"y": "36", "x": "223"}, {"y": "39", "x": "225"}, {"y": "42", "x": "228"}, {"y": "46", "x": "231"}, {"y": "49", "x": "234"}, {"y": "53", "x": "236"}, {"y": "56", "x": "239"}, {"y": "59", "x": "242"}, {"y": "63", "x": "245"}, {"y": "66", "x": "247"}, {"y": "66", "x": "247"}, {"y": "66", "x": "247"}, {"y": "70", "x": "250"}, {"y": "73", "x": "253"}, {"y": "77", "x": "256"}, {"y": "80", "x": "258"}, {"y": "84", "x": "261"}, {"y": "87", "x": "264"}, {"y": "91", "x": "267"}, {"y": "94", "x": "270"}, {"y": "98", "x": "272"}, {"y": "101", "x": "275"}, {"y": "105", "x": "278"}, {"y": "105", "x": "278"}, {"y": "108", "x": "281"}, {"y": "112", "x": "283"}, {"y": "115", "x": "286"}, {"y": "118", "x": "289"}, {"y": "122", "x": "291"}, {"y": "125", "x": "294"}, {"y": "128", "x": "297"}, {"y": "132", "x": "300"}, {"y": "135", "x": "302"}, {"y": "139", "x": "305"}, {"y": "142", "x": "308"}, {"y": "145", "x": "310"}, {"y": "149", "x": "313"}, {"y": "152", "x": "316"}, {"y": "156", "x": "319"}], [{"y": "59", "x": "1"}, {"y": "59", "x": "1"}, {"y": "55", "x": "10"}, {"y": "52", "x": "19"}, {"y": "48", "x": "28"}, {"y": "44", "x": "37"}, {"y": "40", "x": "46"}, {"y": "36", "x": "55"}, {"y": "36", "x": "55"}, {"y": "36", "x": "55"}, {"y": "32", "x": "63"}, {"y": "29", "x": "71"}, {"y": "25", "x": "79"}, {"y": "21", "x": "87"}, {"y": "21", "x": "87"}, {"y": "15", "x": "98"}, {"y": "10", "x": "108"}, {"y": "10", "x": "108"}, {"y": "2", "x": "124"}, {"y": "2", "x": "124"}]]}