{"Lines": [[{"y": "57", "x": "1"}, {"y": "57", "x": "1"}, {"y": "52", "x": "11"}, {"y": "46", "x": "21"}, {"y": "46", "x": "21"}, {"y": "46", "x": "21"}, {"y": "42", "x": "29"}, {"y": "38", "x": "36"}, {"y": "34", "x": "44"}, {"y": "31", "x": "51"}, {"y": "27", "x": "59"}, {"y": "23", "x": "66"}, {"y": "23", "x": "66"}, {"y": "19", "x": "73"}, {"y": "15", "x": "80"}, {"y": "12", "x": "87"}, {"y": "8", "x": "94"}, {"y": "4", "x": "101"}, {"y": "1", "x": "108"}, {"y": "1", "x": "108"}], [{"y": "179", "x": "81"}, {"y": "179", "x": "81"}, {"y": "175", "x": "82"}, {"y": "171", "x": "83"}, {"y": "168", "x": "84"}, {"y": "164", "x": "86"}, {"y": "161", "x": "87"}, {"y": "157", "x": "88"}, {"y": "154", "x": "90"}, {"y": "150", "x": "91"}, {"y": "147", "x": "92"}, {"y": "143", "x": "94"}, {"y": "140", "x": "95"}, {"y": "140", "x": "95"}, {"y": "140", "x": "95"}, {"y": "137", "x": "96"}, {"y": "133", "x": "97"}, {"y": "130", "x": "99"}, {"y": "127", "x": "100"}, {"y": "123", "x": "101"}, {"y": "120", "x": "102"}, {"y": "117", "x": "104"}, {"y": "113", "x": "105"}, {"y": "110", "x": "106"}, {"y": "107", "x": "107"}, {"y": "103", "x": "109"}, {"y": "100", "x": "110"}, {"y": "97", "x": "111"}, {"y": "94", "x": "112"}, {"y": "90", "x": "114"}, {"y": "87", "x": "115"}, {"y": "84", "x": "116"}, {"y": "84", "x": "116"}, {"y": "80", "x": "117"}, {"y": "77", "x": "119"}, {"y": "74", "x": "120"}, {"y": "71", "x": "121"}, {"y": "67", "x": "123"}, {"y": "64", "x": "124"}, {"y": "61", "x": "125"}, {"y": "58", "x": "126"}, {"y": "55", "x": "128"}, {"y": "51", "x": "129"}, {"y": "48", "x": "130"}, {"y": "45", "x": "131"}, {"y": "42", "x": "133"}, {"y": "39", "x": "134"}, {"y": "35", "x": "135"}, {"y": "32", "x": "136"}, {"y": "32", "x": "136"}, {"y": "32", "x": "136"}, {"y": "29", "x": "138"}, {"y": "25", "x": "139"}, {"y": "22", "x": "140"}, {"y": "18", "x": "141"}, {"y": "15", "x": "143"}, {"y": "11", "x": "144"}, {"y": "8", "x": "145"}, {"y": "5", "x": "146"}, {"y": "1", "x": "147"}, {"y": "1", "x": "147"}], [{"y": "0", "x": "187"}, {"y": "0", "x": "187"}, {"y": "4", "x": "192"}, {"y": "7", "x": "196"}, {"y": "11", "x": "200"}, {"y": "15", "x": "204"}, {"y": "18", "x": "209"}, {"y": "22", "x": "213"}, {"y": "26", "x": "217"}, {"y": "29", "x": "221"}, {"y": "29", "x": "221"}, {"y": "29", "x": "221"}, {"y": "33", "x": "225"}, {"y": "36", "x": "229"}, {"y": "39", "x": "233"}, {"y": "43", "x": "237"}, {"y": "46", "x": "241"}, {"y": "49", "x": "245"}, {"y": "52", "x": "248"}, {"y": "56", "x": "252"}, {"y": "59", "x": "256"}, {"y": "62", "x": "260"}, {"y": "66", "x": "264"}, {"y": "69", "x": "268"}, {"y": "72", "x": "272"}, {"y": "72", "x": "272"}, {"y": "76", "x": "275"}, {"y": "79", "x": "279"}, {"y": "82", "x": "283"}, {"y": "86", "x": "287"}, {"y": "89", "x": "291"}, {"y": "92", "x": "295"}, {"y": "96", "x": "299"}, {"y": "99", "x": "303"}, {"y": "102", "x": "307"}, {"y": "106", "x": "311"}, {"y": "109", "x": "315"}, {"y": "113", "x": "318"}, {"y": "113", "x": "319"}]]}