{"Lines": [[{"y": "53", "x": "1"}, {"y": "53", "x": "1"}, {"y": "49", "x": "10"}, {"y": "46", "x": "19"}, {"y": "42", "x": "28"}, {"y": "38", "x": "37"}, {"y": "38", "x": "37"}, {"y": "38", "x": "37"}, {"y": "34", "x": "45"}, {"y": "31", "x": "52"}, {"y": "27", "x": "59"}, {"y": "23", "x": "66"}, {"y": "20", "x": "74"}, {"y": "16", "x": "81"}, {"y": "16", "x": "81"}, {"y": "16", "x": "81"}, {"y": "12", "x": "90"}, {"y": "8", "x": "98"}, {"y": "4", "x": "107"}, {"y": "0", "x": "116"}, {"y": "0", "x": "116"}], [{"y": "179", "x": "39"}, {"y": "179", "x": "40"}, {"y": "174", "x": "42"}, {"y": "170", "x": "45"}, {"y": "165", "x": "48"}, {"y": "161", "x": "50"}, {"y": "161", "x": "50"}, {"y": "161", "x": "50"}, {"y": "158", "x": "52"}, {"y": "155", "x": "54"}, {"y": "151", "x": "57"}, {"y": "148", "x": "59"}, {"y": "145", "x": "61"}, {"y": "142", "x": "63"}, {"y": "138", "x": "65"}, {"y": "135", "x": "67"}, {"y": "132", "x": "69"}, {"y": "129", "x": "71"}, {"y": "125", "x": "73"}, {"y": "122", "x": "75"}, {"y": "119", "x": "77"}, {"y": "116", "x": "80"}, {"y": "112", "x": "82"}, {"y": "109", "x": "84"}, {"y": "106", "x": "86"}, {"y": "103", "x": "88"}, {"y": "99", "x": "90"}, {"y": "96", "x": "92"}, {"y": "93", "x": "94"}, {"y": "93", "x": "94"}, {"y": "93", "x": "94"}, {"y": "90", "x": "96"}, {"y": "86", "x": "98"}, {"y": "83", "x": "100"}, {"y": "80", "x": "102"}, {"y": "77", "x": "103"}, {"y": "74", "x": "105"}, {"y": "70", "x": "107"}, {"y": "67", "x": "109"}, {"y": "64", "x": "111"}, {"y": "61", "x": "113"}, {"y": "57", "x": "115"}, {"y": "54", "x": "116"}, {"y": "51", "x": "118"}, {"y": "48", "x": "120"}, {"y": "44", "x": "122"}, {"y": "41", "x": "124"}, {"y": "41", "x": "124"}, {"y": "41", "x": "124"}, {"y": "38", "x": "126"}, {"y": "34", "x": "128"}, {"y": "31", "x": "130"}, {"y": "27", "x": "132"}, {"y": "24", "x": "134"}, {"y": "21", "x": "136"}, {"y": "17", "x": "138"}, {"y": "14", "x": "140"}, {"y": "10", "x": "142"}, {"y": "7", "x": "144"}, {"y": "4", "x": "146"}, {"y": "0", "x": "148"}, {"y": "0", "x": "148"}], [{"y": "0", "x": "183"}, {"y": "0", "x": "183"}, {"y": "4", "x": "186"}, {"y": "8", "x": "190"}, {"y": "11", "x": "193"}, {"y": "15", "x": "197"}, {"y": "19", "x": "201"}, {"y": "23", "x": "204"}, {"y": "23", "x": "204"}, {"y": "23", "x": "204"}, {"y": "26", "x": "207"}, {"y": "30", "x": "210"}, {"y": "33", "x": "214"}, {"y": "36", "x": "217"}, {"y": "40", "x": "220"}, {"y": "43", "x": "223"}, {"y": "46", "x": "226"}, {"y": "50", "x": "229"}, {"y": "53", "x": "232"}, {"y": "56", "x": "235"}, {"y": "60", "x": "238"}, {"y": "63", "x": "242"}, {"y": "66", "x": "245"}, {"y": "70", "x": "248"}, {"y": "73", "x": "251"}, {"y": "76", "x": "254"}, {"y": "79", "x": "257"}, {"y": "79", "x": "257"}, {"y": "79", "x": "257"}, {"y": "83", "x": "260"}, {"y": "86", "x": "263"}, {"y": "89", "x": "266"}, {"y": "92", "x": "269"}, {"y": "95", "x": "272"}, {"y": "99", "x": "275"}, {"y": "102", "x": "279"}, {"y": "105", "x": "282"}, {"y": "108", "x": "285"}, {"y": "111", "x": "288"}, {"y": "115", "x": "291"}, {"y": "118", "x": "294"}, {"y": "121", "x": "297"}, {"y": "124", "x": "300"}, {"y": "127", "x": "303"}, {"y": "131", "x": "306"}, {"y": "134", "x": "309"}, {"y": "137", "x": "312"}, {"y": "140", "x": "315"}, {"y": "144", "x": "319"}, {"y": "144", "x": "319"}]]}