{"Lines": [[{"y": "1", "x": "198"}, {"y": "1", "x": "198"}, {"y": "4", "x": "204"}, {"y": "8", "x": "209"}, {"y": "11", "x": "215"}, {"y": "15", "x": "220"}, {"y": "18", "x": "226"}, {"y": "22", "x": "231"}, {"y": "25", "x": "237"}, {"y": "25", "x": "237"}, {"y": "25", "x": "237"}, {"y": "29", "x": "242"}, {"y": "32", "x": "247"}, {"y": "35", "x": "252"}, {"y": "39", "x": "258"}, {"y": "42", "x": "263"}, {"y": "46", "x": "268"}, {"y": "49", "x": "273"}, {"y": "52", "x": "278"}, {"y": "56", "x": "284"}, {"y": "59", "x": "289"}, {"y": "59", "x": "289"}, {"y": "59", "x": "289"}, {"y": "63", "x": "295"}, {"y": "67", "x": "301"}, {"y": "70", "x": "307"}, {"y": "74", "x": "313"}, {"y": "78", "x": "319"}, {"y": "78", "x": "319"}], [{"y": "79", "x": "1"}, {"y": "79", "x": "1"}, {"y": "76", "x": "7"}, {"y": "72", "x": "13"}, {"y": "68", "x": "18"}, {"y": "65", "x": "24"}, {"y": "61", "x": "30"}, {"y": "57", "x": "36"}, {"y": "54", "x": "42"}, {"y": "50", "x": "48"}, {"y": "50", "x": "48"}, {"y": "50", "x": "48"}, {"y": "46", "x": "53"}, {"y": "43", "x": "59"}, {"y": "40", "x": "64"}, {"y": "36", "x": "70"}, {"y": "33", "x": "75"}, {"y": "29", "x": "81"}, {"y": "26", "x": "86"}, {"y": "22", "x": "92"}, {"y": "22", "x": "92"}, {"y": "22", "x": "92"}, {"y": "19", "x": "98"}, {"y": "15", "x": "104"}, {"y": "11", "x": "110"}, {"y": "8", "x": "116"}, {"y": "4", "x": "122"}, {"y": "0", "x": "127"}, {"y": "0", "x": "127"}]]}