{"Lines": [[{"y": "179", "x": "65"}, {"y": "179", "x": "66"}, {"y": "175", "x": "67"}, {"y": "172", "x": "69"}, {"y": "168", "x": "71"}, {"y": "165", "x": "73"}, {"y": "162", "x": "75"}, {"y": "158", "x": "77"}, {"y": "155", "x": "79"}, {"y": "152", "x": "81"}, {"y": "148", "x": "83"}, {"y": "145", "x": "84"}, {"y": "142", "x": "86"}, {"y": "138", "x": "88"}, {"y": "138", "x": "88"}, {"y": "138", "x": "88"}, {"y": "135", "x": "90"}, {"y": "132", "x": "92"}, {"y": "128", "x": "94"}, {"y": "125", "x": "96"}, {"y": "121", "x": "97"}, {"y": "118", "x": "99"}, {"y": "115", "x": "101"}, {"y": "111", "x": "103"}, {"y": "108", "x": "105"}, {"y": "105", "x": "107"}, {"y": "101", "x": "108"}, {"y": "98", "x": "110"}, {"y": "95", "x": "112"}, {"y": "91", "x": "114"}, {"y": "88", "x": "116"}, {"y": "85", "x": "117"}, {"y": "85", "x": "117"}, {"y": "85", "x": "117"}, {"y": "81", "x": "119"}, {"y": "77", "x": "121"}, {"y": "74", "x": "123"}, {"y": "70", "x": "124"}, {"y": "67", "x": "126"}, {"y": "63", "x": "128"}, {"y": "59", "x": "129"}, {"y": "59", "x": "129"}, {"y": "55", "x": "131"}, {"y": "52", "x": "133"}, {"y": "48", "x": "134"}, {"y": "44", "x": "136"}, {"y": "40", "x": "137"}, {"y": "40", "x": "137"}, {"y": "40", "x": "137"}, {"y": "36", "x": "138"}, {"y": "32", "x": "139"}, {"y": "27", "x": "140"}, {"y": "23", "x": "141"}, {"y": "23", "x": "141"}], [{"y": "68", "x": "1"}, {"y": "68", "x": "1"}, {"y": "64", "x": "8"}, {"y": "61", "x": "15"}, {"y": "57", "x": "22"}, {"y": "53", "x": "29"}, {"y": "49", "x": "36"}, {"y": "46", "x": "43"}, {"y": "42", "x": "51"}, {"y": "42", "x": "51"}, {"y": "42", "x": "51"}, {"y": "38", "x": "57"}, {"y": "35", "x": "63"}, {"y": "31", "x": "69"}, {"y": "27", "x": "76"}, {"y": "24", "x": "82"}, {"y": "24", "x": "82"}, {"y": "24", "x": "82"}, {"y": "20", "x": "87"}, {"y": "16", "x": "91"}, {"y": "12", "x": "96"}, {"y": "9", "x": "101"}, {"y": "5", "x": "106"}, {"y": "5", "x": "106"}], [{"y": "20", "x": "186"}, {"y": "20", "x": "186"}, {"y": "24", "x": "190"}, {"y": "28", "x": "194"}, {"y": "32", "x": "199"}, {"y": "35", "x": "203"}, {"y": "39", "x": "208"}, {"y": "43", "x": "212"}, {"y": "46", "x": "216"}, {"y": "46", "x": "216"}, {"y": "46", "x": "216"}, {"y": "49", "x": "220"}, {"y": "53", "x": "223"}, {"y": "56", "x": "226"}, {"y": "59", "x": "229"}, {"y": "63", "x": "232"}, {"y": "66", "x": "235"}, {"y": "69", "x": "238"}, {"y": "72", "x": "241"}, {"y": "76", "x": "244"}, {"y": "79", "x": "247"}, {"y": "82", "x": "250"}, {"y": "85", "x": "254"}, {"y": "89", "x": "257"}, {"y": "89", "x": "257"}, {"y": "92", "x": "259"}, {"y": "95", "x": "262"}, {"y": "98", "x": "265"}, {"y": "102", "x": "267"}, {"y": "105", "x": "270"}, {"y": "108", "x": "273"}, {"y": "111", "x": "275"}, {"y": "114", "x": "278"}, {"y": "118", "x": "281"}, {"y": "121", "x": "283"}, {"y": "124", "x": "286"}, {"y": "127", "x": "289"}, {"y": "130", "x": "291"}, {"y": "134", "x": "294"}, {"y": "137", "x": "297"}, {"y": "140", "x": "299"}, {"y": "140", "x": "299"}, {"y": "144", "x": "302"}, {"y": "148", "x": "306"}, {"y": "152", "x": "309"}, {"y": "156", "x": "312"}, {"y": "160", "x": "315"}, {"y": "164", "x": "319"}]]}