{"Lines": [[{"y": "179", "x": "59"}, {"y": "179", "x": "59"}, {"y": "175", "x": "60"}, {"y": "172", "x": "61"}, {"y": "169", "x": "63"}, {"y": "166", "x": "64"}, {"y": "163", "x": "65"}, {"y": "160", "x": "67"}, {"y": "156", "x": "68"}, {"y": "153", "x": "70"}, {"y": "150", "x": "71"}, {"y": "147", "x": "72"}, {"y": "144", "x": "74"}, {"y": "141", "x": "75"}, {"y": "137", "x": "76"}, {"y": "134", "x": "78"}, {"y": "131", "x": "79"}, {"y": "128", "x": "81"}, {"y": "125", "x": "82"}, {"y": "122", "x": "83"}, {"y": "118", "x": "85"}, {"y": "115", "x": "86"}, {"y": "112", "x": "88"}, {"y": "109", "x": "89"}, {"y": "106", "x": "90"}, {"y": "103", "x": "92"}, {"y": "100", "x": "93"}, {"y": "96", "x": "94"}, {"y": "93", "x": "96"}, {"y": "90", "x": "97"}, {"y": "87", "x": "99"}, {"y": "84", "x": "100"}, {"y": "81", "x": "101"}, {"y": "77", "x": "103"}, {"y": "77", "x": "103"}, {"y": "74", "x": "104"}, {"y": "71", "x": "105"}, {"y": "68", "x": "106"}, {"y": "65", "x": "107"}, {"y": "61", "x": "108"}, {"y": "58", "x": "109"}, {"y": "55", "x": "110"}, {"y": "52", "x": "111"}, {"y": "49", "x": "112"}, {"y": "45", "x": "113"}, {"y": "42", "x": "114"}, {"y": "39", "x": "115"}, {"y": "36", "x": "116"}, {"y": "32", "x": "117"}, {"y": "29", "x": "118"}, {"y": "26", "x": "119"}, {"y": "26", "x": "119"}, {"y": "26", "x": "119"}, {"y": "22", "x": "119"}, {"y": "19", "x": "120"}, {"y": "15", "x": "120"}, {"y": "12", "x": "120"}, {"y": "8", "x": "121"}, {"y": "5", "x": "121"}, {"y": "1", "x": "122"}, {"y": "1", "x": "122"}], [{"y": "0", "x": "168"}, {"y": "0", "x": "168"}, {"y": "4", "x": "173"}, {"y": "7", "x": "177"}, {"y": "10", "x": "181"}, {"y": "14", "x": "186"}, {"y": "17", "x": "190"}, {"y": "21", "x": "194"}, {"y": "24", "x": "198"}, {"y": "24", "x": "198"}, {"y": "28", "x": "202"}, {"y": "31", "x": "206"}, {"y": "34", "x": "210"}, {"y": "38", "x": "214"}, {"y": "41", "x": "218"}, {"y": "44", "x": "222"}, {"y": "48", "x": "226"}, {"y": "51", "x": "230"}, {"y": "54", "x": "234"}, {"y": "58", "x": "238"}, {"y": "61", "x": "242"}, {"y": "65", "x": "246"}, {"y": "68", "x": "250"}, {"y": "71", "x": "254"}, {"y": "71", "x": "254"}, {"y": "71", "x": "254"}, {"y": "75", "x": "257"}, {"y": "78", "x": "261"}, {"y": "81", "x": "265"}, {"y": "84", "x": "268"}, {"y": "88", "x": "272"}, {"y": "91", "x": "275"}, {"y": "94", "x": "279"}, {"y": "97", "x": "283"}, {"y": "101", "x": "286"}, {"y": "104", "x": "290"}, {"y": "107", "x": "293"}, {"y": "110", "x": "297"}, {"y": "113", "x": "301"}, {"y": "117", "x": "304"}, {"y": "120", "x": "308"}, {"y": "123", "x": "311"}, {"y": "126", "x": "315"}, {"y": "130", "x": "318"}, {"y": "130", "x": "318"}], [{"y": "44", "x": "0"}, {"y": "44", "x": "0"}, {"y": "38", "x": "11"}, {"y": "33", "x": "21"}, {"y": "33", "x": "21"}, {"y": "33", "x": "21"}, {"y": "28", "x": "30"}, {"y": "23", "x": "38"}, {"y": "19", "x": "47"}, {"y": "19", "x": "47"}, {"y": "19", "x": "47"}, {"y": "15", "x": "52"}, {"y": "11", "x": "57"}, {"y": "8", "x": "62"}, {"y": "4", "x": "67"}, {"y": "1", "x": "72"}]]}