{"Lines": [[{"y": "58", "x": "0"}, {"y": "58", "x": "0"}, {"y": "54", "x": "7"}, {"y": "50", "x": "14"}, {"y": "47", "x": "21"}, {"y": "43", "x": "29"}, {"y": "39", "x": "36"}, {"y": "35", "x": "43"}, {"y": "35", "x": "43"}, {"y": "35", "x": "43"}, {"y": "32", "x": "51"}, {"y": "28", "x": "58"}, {"y": "24", "x": "66"}, {"y": "20", "x": "74"}, {"y": "16", "x": "81"}, {"y": "16", "x": "81"}, {"y": "12", "x": "89"}, {"y": "8", "x": "97"}, {"y": "4", "x": "105"}, {"y": "0", "x": "113"}, {"y": "0", "x": "113"}], [{"y": "179", "x": "82"}, {"y": "175", "x": "83"}, {"y": "172", "x": "84"}, {"y": "168", "x": "85"}, {"y": "165", "x": "87"}, {"y": "162", "x": "88"}, {"y": "158", "x": "89"}, {"y": "155", "x": "90"}, {"y": "152", "x": "92"}, {"y": "148", "x": "93"}, {"y": "145", "x": "94"}, {"y": "142", "x": "95"}, {"y": "138", "x": "97"}, {"y": "135", "x": "98"}, {"y": "132", "x": "99"}, {"y": "128", "x": "100"}, {"y": "128", "x": "100"}, {"y": "125", "x": "102"}, {"y": "122", "x": "103"}, {"y": "119", "x": "104"}, {"y": "115", "x": "105"}, {"y": "112", "x": "107"}, {"y": "109", "x": "108"}, {"y": "106", "x": "109"}, {"y": "102", "x": "111"}, {"y": "99", "x": "112"}, {"y": "96", "x": "113"}, {"y": "93", "x": "114"}, {"y": "90", "x": "116"}, {"y": "86", "x": "117"}, {"y": "83", "x": "118"}, {"y": "80", "x": "120"}, {"y": "77", "x": "121"}, {"y": "73", "x": "122"}, {"y": "70", "x": "123"}, {"y": "67", "x": "125"}, {"y": "64", "x": "126"}, {"y": "60", "x": "127"}, {"y": "60", "x": "127"}, {"y": "60", "x": "127"}, {"y": "57", "x": "129"}, {"y": "53", "x": "130"}, {"y": "50", "x": "132"}, {"y": "46", "x": "133"}, {"y": "43", "x": "135"}, {"y": "39", "x": "136"}, {"y": "36", "x": "137"}, {"y": "32", "x": "139"}, {"y": "28", "x": "140"}, {"y": "28", "x": "140"}, {"y": "28", "x": "140"}, {"y": "25", "x": "141"}, {"y": "22", "x": "143"}, {"y": "18", "x": "144"}, {"y": "15", "x": "145"}, {"y": "11", "x": "146"}, {"y": "8", "x": "147"}, {"y": "4", "x": "149"}, {"y": "1", "x": "150"}, {"y": "1", "x": "150"}], [{"y": "0", "x": "188"}, {"y": "0", "x": "188"}, {"y": "4", "x": "192"}, {"y": "7", "x": "196"}, {"y": "11", "x": "200"}, {"y": "14", "x": "204"}, {"y": "17", "x": "208"}, {"y": "21", "x": "213"}, {"y": "24", "x": "217"}, {"y": "28", "x": "221"}, {"y": "31", "x": "225"}, {"y": "31", "x": "225"}, {"y": "31", "x": "225"}, {"y": "35", "x": "229"}, {"y": "38", "x": "233"}, {"y": "42", "x": "237"}, {"y": "45", "x": "241"}, {"y": "49", "x": "245"}, {"y": "53", "x": "249"}, {"y": "56", "x": "253"}, {"y": "60", "x": "257"}, {"y": "63", "x": "261"}, {"y": "67", "x": "265"}, {"y": "70", "x": "269"}, {"y": "74", "x": "273"}, {"y": "77", "x": "277"}, {"y": "81", "x": "281"}, {"y": "84", "x": "286"}, {"y": "87", "x": "290"}, {"y": "91", "x": "294"}, {"y": "94", "x": "298"}, {"y": "98", "x": "302"}, {"y": "101", "x": "306"}, {"y": "105", "x": "310"}, {"y": "108", "x": "314"}, {"y": "112", "x": "319"}, {"y": "112", "x": "319"}]]}