{"Lines": [[{"y": "59", "x": "2"}, {"y": "59", "x": "2"}, {"y": "55", "x": "9"}, {"y": "52", "x": "16"}, {"y": "49", "x": "22"}, {"y": "45", "x": "29"}, {"y": "42", "x": "36"}, {"y": "38", "x": "42"}, {"y": "35", "x": "49"}, {"y": "32", "x": "55"}, {"y": "32", "x": "55"}, {"y": "28", "x": "62"}, {"y": "24", "x": "68"}, {"y": "21", "x": "75"}, {"y": "17", "x": "81"}, {"y": "14", "x": "88"}, {"y": "10", "x": "94"}, {"y": "7", "x": "101"}, {"y": "3", "x": "107"}, {"y": "0", "x": "114"}, {"y": "0", "x": "114"}], [{"y": "179", "x": "89"}, {"y": "179", "x": "90"}, {"y": "175", "x": "91"}, {"y": "172", "x": "92"}, {"y": "169", "x": "93"}, {"y": "166", "x": "94"}, {"y": "163", "x": "95"}, {"y": "159", "x": "96"}, {"y": "156", "x": "97"}, {"y": "153", "x": "98"}, {"y": "150", "x": "99"}, {"y": "147", "x": "101"}, {"y": "144", "x": "102"}, {"y": "140", "x": "103"}, {"y": "137", "x": "104"}, {"y": "134", "x": "105"}, {"y": "131", "x": "106"}, {"y": "128", "x": "107"}, {"y": "125", "x": "108"}, {"y": "121", "x": "109"}, {"y": "118", "x": "111"}, {"y": "115", "x": "112"}, {"y": "112", "x": "113"}, {"y": "109", "x": "114"}, {"y": "106", "x": "115"}, {"y": "102", "x": "116"}, {"y": "99", "x": "117"}, {"y": "96", "x": "118"}, {"y": "93", "x": "119"}, {"y": "90", "x": "121"}, {"y": "90", "x": "121"}, {"y": "86", "x": "122"}, {"y": "83", "x": "123"}, {"y": "80", "x": "124"}, {"y": "76", "x": "125"}, {"y": "73", "x": "126"}, {"y": "70", "x": "127"}, {"y": "67", "x": "129"}, {"y": "63", "x": "130"}, {"y": "60", "x": "131"}, {"y": "57", "x": "132"}, {"y": "53", "x": "133"}, {"y": "50", "x": "134"}, {"y": "47", "x": "136"}, {"y": "43", "x": "137"}, {"y": "40", "x": "138"}, {"y": "40", "x": "138"}, {"y": "37", "x": "139"}, {"y": "33", "x": "140"}, {"y": "30", "x": "141"}, {"y": "27", "x": "142"}, {"y": "24", "x": "143"}, {"y": "20", "x": "144"}, {"y": "17", "x": "145"}, {"y": "14", "x": "146"}, {"y": "10", "x": "147"}, {"y": "7", "x": "148"}, {"y": "4", "x": "149"}, {"y": "0", "x": "151"}, {"y": "0", "x": "151"}], [{"y": "1", "x": "188"}, {"y": "1", "x": "188"}, {"y": "4", "x": "193"}, {"y": "8", "x": "198"}, {"y": "11", "x": "203"}, {"y": "15", "x": "207"}, {"y": "19", "x": "212"}, {"y": "22", "x": "217"}, {"y": "26", "x": "222"}, {"y": "29", "x": "226"}, {"y": "29", "x": "226"}, {"y": "33", "x": "230"}, {"y": "36", "x": "234"}, {"y": "40", "x": "238"}, {"y": "43", "x": "242"}, {"y": "46", "x": "246"}, {"y": "50", "x": "250"}, {"y": "53", "x": "254"}, {"y": "56", "x": "258"}, {"y": "60", "x": "262"}, {"y": "63", "x": "266"}, {"y": "66", "x": "270"}, {"y": "70", "x": "274"}, {"y": "73", "x": "278"}, {"y": "76", "x": "282"}, {"y": "80", "x": "286"}, {"y": "83", "x": "290"}, {"y": "87", "x": "294"}, {"y": "90", "x": "298"}, {"y": "94", "x": "302"}, {"y": "97", "x": "306"}, {"y": "101", "x": "310"}, {"y": "104", "x": "314"}, {"y": "108", "x": "318"}, {"y": "108", "x": "319"}]]}