{"Lines": [[{"y": "179", "x": "5"}, {"y": "179", "x": "5"}, {"y": "175", "x": "7"}, {"y": "172", "x": "9"}, {"y": "168", "x": "11"}, {"y": "165", "x": "13"}, {"y": "162", "x": "15"}, {"y": "158", "x": "17"}, {"y": "155", "x": "19"}, {"y": "152", "x": "21"}, {"y": "148", "x": "23"}, {"y": "145", "x": "26"}, {"y": "141", "x": "28"}, {"y": "138", "x": "30"}, {"y": "135", "x": "32"}, {"y": "131", "x": "34"}, {"y": "131", "x": "34"}, {"y": "131", "x": "34"}, {"y": "128", "x": "36"}, {"y": "125", "x": "39"}, {"y": "121", "x": "41"}, {"y": "118", "x": "43"}, {"y": "115", "x": "46"}, {"y": "111", "x": "48"}, {"y": "108", "x": "50"}, {"y": "105", "x": "53"}, {"y": "102", "x": "55"}, {"y": "98", "x": "57"}, {"y": "98", "x": "57"}, {"y": "98", "x": "57"}, {"y": "95", "x": "60"}, {"y": "92", "x": "62"}, {"y": "88", "x": "64"}, {"y": "85", "x": "67"}, {"y": "82", "x": "69"}, {"y": "79", "x": "71"}, {"y": "75", "x": "74"}, {"y": "72", "x": "76"}, {"y": "69", "x": "78"}, {"y": "65", "x": "80"}, {"y": "62", "x": "83"}, {"y": "59", "x": "85"}, {"y": "56", "x": "87"}, {"y": "56", "x": "87"}, {"y": "52", "x": "90"}, {"y": "48", "x": "94"}, {"y": "45", "x": "97"}, {"y": "41", "x": "100"}, {"y": "38", "x": "103"}, {"y": "34", "x": "107"}, {"y": "30", "x": "110"}, {"y": "27", "x": "113"}, {"y": "27", "x": "113"}, {"y": "23", "x": "118"}, {"y": "19", "x": "122"}, {"y": "15", "x": "127"}, {"y": "11", "x": "132"}, {"y": "11", "x": "132"}, {"y": "6", "x": "139"}, {"y": "1", "x": "146"}, {"y": "1", "x": "146"}], [{"y": "9", "x": "192"}, {"y": "9", "x": "192"}, {"y": "13", "x": "192"}, {"y": "4", "x": "192"}, {"y": "17", "x": "193"}, {"y": "0", "x": "193"}, {"y": "0", "x": "193"}, {"y": "22", "x": "193"}, {"y": "22", "x": "193"}, {"y": "27", "x": "196"}, {"y": "33", "x": "199"}, {"y": "33", "x": "199"}, {"y": "37", "x": "201"}, {"y": "40", "x": "203"}, {"y": "43", "x": "205"}, {"y": "46", "x": "208"}, {"y": "50", "x": "210"}, {"y": "53", "x": "212"}, {"y": "56", "x": "215"}, {"y": "60", "x": "217"}, {"y": "63", "x": "219"}, {"y": "66", "x": "221"}, {"y": "69", "x": "224"}, {"y": "69", "x": "224"}, {"y": "69", "x": "224"}, {"y": "73", "x": "226"}, {"y": "76", "x": "229"}, {"y": "80", "x": "232"}, {"y": "83", "x": "235"}, {"y": "86", "x": "238"}, {"y": "90", "x": "241"}, {"y": "93", "x": "243"}, {"y": "96", "x": "246"}, {"y": "100", "x": "249"}, {"y": "103", "x": "252"}, {"y": "107", "x": "255"}, {"y": "110", "x": "258"}, {"y": "113", "x": "261"}, {"y": "117", "x": "263"}, {"y": "117", "x": "263"}, {"y": "117", "x": "263"}, {"y": "120", "x": "266"}, {"y": "123", "x": "270"}, {"y": "127", "x": "273"}, {"y": "130", "x": "276"}, {"y": "133", "x": "279"}, {"y": "137", "x": "282"}, {"y": "140", "x": "285"}, {"y": "143", "x": "288"}, {"y": "147", "x": "291"}, {"y": "150", "x": "294"}, {"y": "153", "x": "297"}, {"y": "157", "x": "300"}, {"y": "160", "x": "303"}, {"y": "163", "x": "306"}, {"y": "167", "x": "309"}, {"y": "170", "x": "312"}, {"y": "173", "x": "315"}, {"y": "177", "x": "318"}, {"y": "177", "x": "319"}], [{"y": "43", "x": "0"}, {"y": "43", "x": "0"}, {"y": "37", "x": "12"}, {"y": "31", "x": "24"}, {"y": "31", "x": "24"}, {"y": "31", "x": "24"}, {"y": "26", "x": "40"}, {"y": "20", "x": "55"}, {"y": "20", "x": "55"}, {"y": "20", "x": "55"}, {"y": "15", "x": "68"}, {"y": "10", "x": "82"}, {"y": "10", "x": "82"}, {"y": "10", "x": "82"}, {"y": "5", "x": "95"}, {"y": "0", "x": "107"}]]}