{"Lines": [[{"y": "176", "x": "0"}, {"y": "176", "x": "0"}, {"y": "173", "x": "3"}, {"y": "169", "x": "5"}, {"y": "166", "x": "8"}, {"y": "163", "x": "11"}, {"y": "160", "x": "13"}, {"y": "157", "x": "16"}, {"y": "153", "x": "19"}, {"y": "150", "x": "22"}, {"y": "147", "x": "24"}, {"y": "144", "x": "27"}, {"y": "140", "x": "30"}, {"y": "137", "x": "32"}, {"y": "134", "x": "35"}, {"y": "131", "x": "38"}, {"y": "128", "x": "41"}, {"y": "124", "x": "43"}, {"y": "121", "x": "46"}, {"y": "121", "x": "46"}, {"y": "121", "x": "46"}, {"y": "118", "x": "49"}, {"y": "114", "x": "52"}, {"y": "111", "x": "55"}, {"y": "108", "x": "58"}, {"y": "104", "x": "60"}, {"y": "101", "x": "63"}, {"y": "98", "x": "66"}, {"y": "94", "x": "69"}, {"y": "91", "x": "72"}, {"y": "88", "x": "75"}, {"y": "84", "x": "78"}, {"y": "81", "x": "80"}, {"y": "77", "x": "83"}, {"y": "74", "x": "86"}, {"y": "71", "x": "89"}, {"y": "71", "x": "89"}, {"y": "71", "x": "89"}, {"y": "67", "x": "92"}, {"y": "64", "x": "95"}, {"y": "61", "x": "98"}, {"y": "57", "x": "101"}, {"y": "54", "x": "104"}, {"y": "51", "x": "107"}, {"y": "47", "x": "111"}, {"y": "44", "x": "114"}, {"y": "41", "x": "117"}, {"y": "37", "x": "120"}, {"y": "37", "x": "120"}], [{"y": "4", "x": "194"}, {"y": "4", "x": "194"}, {"y": "7", "x": "196"}, {"y": "11", "x": "198"}, {"y": "14", "x": "200"}, {"y": "18", "x": "203"}, {"y": "40", "x": "204"}, {"y": "40", "x": "204"}, {"y": "40", "x": "204"}, {"y": "21", "x": "205"}, {"y": "43", "x": "205"}, {"y": "46", "x": "207"}, {"y": "25", "x": "207"}, {"y": "50", "x": "208"}, {"y": "29", "x": "209"}, {"y": "53", "x": "210"}, {"y": "56", "x": "211"}, {"y": "32", "x": "212"}, {"y": "60", "x": "213"}, {"y": "36", "x": "214"}, {"y": "63", "x": "214"}, {"y": "66", "x": "216"}, {"y": "70", "x": "217"}, {"y": "73", "x": "219"}, {"y": "76", "x": "221"}, {"y": "79", "x": "222"}, {"y": "83", "x": "224"}, {"y": "83", "x": "224"}, {"y": "83", "x": "224"}, {"y": "86", "x": "225"}, {"y": "89", "x": "227"}, {"y": "92", "x": "229"}, {"y": "95", "x": "230"}, {"y": "99", "x": "232"}, {"y": "102", "x": "233"}, {"y": "105", "x": "235"}, {"y": "108", "x": "237"}, {"y": "111", "x": "238"}, {"y": "115", "x": "240"}, {"y": "118", "x": "242"}, {"y": "121", "x": "243"}, {"y": "124", "x": "245"}, {"y": "127", "x": "247"}, {"y": "131", "x": "248"}, {"y": "134", "x": "250"}, {"y": "137", "x": "252"}, {"y": "140", "x": "253"}, {"y": "143", "x": "255"}, {"y": "146", "x": "257"}, {"y": "150", "x": "258"}, {"y": "153", "x": "260"}, {"y": "156", "x": "261"}, {"y": "159", "x": "263"}, {"y": "162", "x": "265"}, {"y": "166", "x": "266"}, {"y": "169", "x": "268"}, {"y": "172", "x": "270"}, {"y": "175", "x": "271"}, {"y": "178", "x": "273"}, {"y": "178", "x": "273"}], [{"y": "53", "x": "1"}, {"y": "53", "x": "1"}, {"y": "49", "x": "10"}, {"y": "45", "x": "19"}, {"y": "41", "x": "28"}, {"y": "38", "x": "37"}, {"y": "38", "x": "37"}, {"y": "38", "x": "37"}, {"y": "33", "x": "43"}, {"y": "28", "x": "48"}, {"y": "28", "x": "48"}, {"y": "28", "x": "48"}, {"y": "23", "x": "62"}, {"y": "18", "x": "75"}, {"y": "13", "x": "89"}, {"y": "13", "x": "89"}, {"y": "13", "x": "89"}, {"y": "9", "x": "101"}, {"y": "4", "x": "113"}, {"y": "0", "x": "125"}, {"y": "0", "x": "125"}]]}