{"Lines": [[{"y": "179", "x": "21"}, {"y": "179", "x": "21"}, {"y": "175", "x": "23"}, {"y": "172", "x": "25"}, {"y": "169", "x": "27"}, {"y": "165", "x": "29"}, {"y": "162", "x": "31"}, {"y": "159", "x": "34"}, {"y": "155", "x": "36"}, {"y": "152", "x": "38"}, {"y": "149", "x": "40"}, {"y": "146", "x": "42"}, {"y": "142", "x": "45"}, {"y": "142", "x": "45"}, {"y": "139", "x": "47"}, {"y": "136", "x": "49"}, {"y": "133", "x": "51"}, {"y": "130", "x": "53"}, {"y": "126", "x": "55"}, {"y": "123", "x": "57"}, {"y": "120", "x": "59"}, {"y": "117", "x": "61"}, {"y": "114", "x": "64"}, {"y": "111", "x": "66"}, {"y": "107", "x": "68"}, {"y": "104", "x": "70"}, {"y": "101", "x": "72"}, {"y": "98", "x": "74"}, {"y": "95", "x": "76"}, {"y": "92", "x": "78"}, {"y": "88", "x": "80"}, {"y": "85", "x": "82"}, {"y": "82", "x": "85"}, {"y": "82", "x": "85"}, {"y": "79", "x": "87"}, {"y": "75", "x": "90"}, {"y": "72", "x": "92"}, {"y": "68", "x": "94"}, {"y": "65", "x": "97"}, {"y": "61", "x": "99"}, {"y": "58", "x": "102"}, {"y": "54", "x": "104"}, {"y": "51", "x": "107"}, {"y": "47", "x": "109"}, {"y": "44", "x": "112"}, {"y": "40", "x": "114"}, {"y": "40", "x": "114"}, {"y": "40", "x": "114"}, {"y": "37", "x": "116"}, {"y": "33", "x": "119"}, {"y": "30", "x": "121"}, {"y": "26", "x": "124"}, {"y": "22", "x": "126"}, {"y": "19", "x": "128"}, {"y": "15", "x": "131"}, {"y": "12", "x": "133"}, {"y": "8", "x": "136"}], [{"y": "35", "x": "205"}, {"y": "39", "x": "207"}, {"y": "43", "x": "209"}, {"y": "47", "x": "211"}, {"y": "52", "x": "213"}, {"y": "56", "x": "216"}, {"y": "56", "x": "216"}, {"y": "59", "x": "218"}, {"y": "62", "x": "220"}, {"y": "65", "x": "223"}, {"y": "68", "x": "225"}, {"y": "72", "x": "227"}, {"y": "75", "x": "230"}, {"y": "78", "x": "232"}, {"y": "81", "x": "235"}, {"y": "85", "x": "237"}, {"y": "88", "x": "239"}, {"y": "91", "x": "242"}, {"y": "94", "x": "244"}, {"y": "97", "x": "246"}, {"y": "101", "x": "249"}, {"y": "104", "x": "251"}, {"y": "107", "x": "254"}, {"y": "107", "x": "254"}, {"y": "110", "x": "256"}, {"y": "113", "x": "258"}, {"y": "117", "x": "260"}, {"y": "120", "x": "263"}, {"y": "123", "x": "265"}, {"y": "126", "x": "267"}, {"y": "129", "x": "270"}, {"y": "133", "x": "272"}, {"y": "136", "x": "274"}, {"y": "139", "x": "276"}, {"y": "142", "x": "279"}, {"y": "145", "x": "281"}, {"y": "149", "x": "283"}, {"y": "152", "x": "286"}, {"y": "155", "x": "288"}, {"y": "158", "x": "290"}, {"y": "161", "x": "292"}, {"y": "165", "x": "295"}, {"y": "168", "x": "297"}, {"y": "171", "x": "299"}, {"y": "174", "x": "302"}, {"y": "177", "x": "304"}], [{"y": "50", "x": "1"}, {"y": "50", "x": "1"}, {"y": "47", "x": "8"}, {"y": "43", "x": "15"}, {"y": "39", "x": "23"}, {"y": "36", "x": "30"}, {"y": "32", "x": "37"}, {"y": "32", "x": "37"}, {"y": "32", "x": "37"}, {"y": "29", "x": "45"}, {"y": "25", "x": "52"}, {"y": "22", "x": "59"}, {"y": "18", "x": "66"}, {"y": "15", "x": "73"}, {"y": "11", "x": "80"}, {"y": "8", "x": "87"}, {"y": "5", "x": "95"}, {"y": "5", "x": "95"}]]}