{"Lines": [[{"y": "179", "x": "23"}, {"y": "179", "x": "24"}, {"y": "175", "x": "26"}, {"y": "172", "x": "28"}, {"y": "169", "x": "30"}, {"y": "166", "x": "32"}, {"y": "163", "x": "34"}, {"y": "160", "x": "36"}, {"y": "157", "x": "38"}, {"y": "153", "x": "40"}, {"y": "150", "x": "43"}, {"y": "147", "x": "45"}, {"y": "144", "x": "47"}, {"y": "141", "x": "49"}, {"y": "138", "x": "51"}, {"y": "135", "x": "53"}, {"y": "132", "x": "55"}, {"y": "128", "x": "57"}, {"y": "125", "x": "59"}, {"y": "122", "x": "62"}, {"y": "119", "x": "64"}, {"y": "116", "x": "66"}, {"y": "113", "x": "68"}, {"y": "110", "x": "70"}, {"y": "107", "x": "72"}, {"y": "103", "x": "74"}, {"y": "100", "x": "76"}, {"y": "97", "x": "79"}, {"y": "94", "x": "81"}, {"y": "91", "x": "83"}, {"y": "91", "x": "83"}, {"y": "88", "x": "85"}, {"y": "84", "x": "87"}, {"y": "81", "x": "90"}, {"y": "78", "x": "92"}, {"y": "74", "x": "94"}, {"y": "71", "x": "96"}, {"y": "68", "x": "99"}, {"y": "64", "x": "101"}, {"y": "61", "x": "103"}, {"y": "58", "x": "105"}, {"y": "54", "x": "108"}, {"y": "51", "x": "110"}, {"y": "48", "x": "112"}, {"y": "44", "x": "114"}, {"y": "41", "x": "117"}, {"y": "38", "x": "119"}, {"y": "34", "x": "121"}, {"y": "34", "x": "121"}, {"y": "31", "x": "124"}, {"y": "27", "x": "126"}, {"y": "24", "x": "129"}, {"y": "21", "x": "131"}, {"y": "17", "x": "134"}, {"y": "14", "x": "136"}, {"y": "10", "x": "139"}, {"y": "7", "x": "142"}], [{"y": "82", "x": "239"}, {"y": "82", "x": "239"}, {"y": "86", "x": "240"}, {"y": "89", "x": "242"}, {"y": "93", "x": "244"}, {"y": "96", "x": "246"}, {"y": "100", "x": "247"}, {"y": "103", "x": "249"}, {"y": "107", "x": "251"}, {"y": "110", "x": "252"}, {"y": "114", "x": "254"}, {"y": "118", "x": "256"}, {"y": "121", "x": "258"}, {"y": "121", "x": "258"}, {"y": "121", "x": "258"}, {"y": "124", "x": "260"}, {"y": "127", "x": "262"}, {"y": "131", "x": "264"}, {"y": "134", "x": "266"}, {"y": "137", "x": "268"}, {"y": "140", "x": "270"}, {"y": "143", "x": "272"}, {"y": "147", "x": "274"}, {"y": "150", "x": "276"}, {"y": "153", "x": "278"}, {"y": "156", "x": "280"}, {"y": "159", "x": "282"}, {"y": "163", "x": "284"}, {"y": "166", "x": "286"}, {"y": "169", "x": "288"}, {"y": "172", "x": "290"}, {"y": "175", "x": "292"}, {"y": "179", "x": "295"}, {"y": "179", "x": "295"}], [{"y": "56", "x": "0"}, {"y": "56", "x": "0"}, {"y": "53", "x": "8"}, {"y": "49", "x": "16"}, {"y": "45", "x": "25"}, {"y": "41", "x": "33"}, {"y": "37", "x": "41"}, {"y": "33", "x": "49"}, {"y": "33", "x": "49"}, {"y": "33", "x": "49"}, {"y": "29", "x": "58"}, {"y": "25", "x": "66"}, {"y": "21", "x": "75"}, {"y": "17", "x": "84"}, {"y": "13", "x": "92"}, {"y": "13", "x": "92"}]]}