{"Lines": [[{"y": "61", "x": "0"}, {"y": "61", "x": "0"}, {"y": "58", "x": "7"}, {"y": "54", "x": "15"}, {"y": "50", "x": "22"}, {"y": "47", "x": "30"}, {"y": "43", "x": "37"}, {"y": "39", "x": "45"}, {"y": "36", "x": "52"}, {"y": "36", "x": "52"}, {"y": "36", "x": "52"}, {"y": "32", "x": "62"}, {"y": "28", "x": "71"}, {"y": "24", "x": "80"}, {"y": "20", "x": "90"}, {"y": "20", "x": "90"}], [{"y": "179", "x": "14"}, {"y": "179", "x": "15"}, {"y": "175", "x": "17"}, {"y": "172", "x": "19"}, {"y": "169", "x": "21"}, {"y": "166", "x": "24"}, {"y": "163", "x": "26"}, {"y": "160", "x": "28"}, {"y": "156", "x": "31"}, {"y": "153", "x": "33"}, {"y": "150", "x": "35"}, {"y": "147", "x": "38"}, {"y": "144", "x": "40"}, {"y": "141", "x": "42"}, {"y": "137", "x": "45"}, {"y": "134", "x": "47"}, {"y": "131", "x": "49"}, {"y": "128", "x": "52"}, {"y": "125", "x": "54"}, {"y": "122", "x": "56"}, {"y": "118", "x": "59"}, {"y": "115", "x": "61"}, {"y": "115", "x": "61"}, {"y": "115", "x": "61"}, {"y": "112", "x": "64"}, {"y": "109", "x": "66"}, {"y": "105", "x": "69"}, {"y": "102", "x": "72"}, {"y": "99", "x": "75"}, {"y": "95", "x": "78"}, {"y": "92", "x": "80"}, {"y": "89", "x": "83"}, {"y": "85", "x": "86"}, {"y": "82", "x": "89"}, {"y": "79", "x": "91"}, {"y": "75", "x": "94"}, {"y": "72", "x": "97"}, {"y": "69", "x": "100"}, {"y": "65", "x": "103"}, {"y": "62", "x": "105"}, {"y": "59", "x": "108"}, {"y": "55", "x": "111"}, {"y": "55", "x": "111"}, {"y": "55", "x": "111"}, {"y": "51", "x": "115"}, {"y": "48", "x": "118"}, {"y": "44", "x": "122"}, {"y": "40", "x": "125"}, {"y": "36", "x": "129"}, {"y": "32", "x": "133"}, {"y": "32", "x": "133"}, {"y": "28", "x": "137"}, {"y": "24", "x": "142"}, {"y": "20", "x": "146"}, {"y": "16", "x": "151"}, {"y": "12", "x": "156"}, {"y": "12", "x": "156"}, {"y": "12", "x": "156"}, {"y": "7", "x": "163"}, {"y": "1", "x": "171"}], [{"y": "12", "x": "210"}, {"y": "12", "x": "210"}, {"y": "12", "x": "210"}, {"y": "15", "x": "210"}, {"y": "6", "x": "211"}, {"y": "19", "x": "211"}, {"y": "1", "x": "211"}, {"y": "22", "x": "212"}, {"y": "26", "x": "213"}, {"y": "29", "x": "213"}, {"y": "33", "x": "214"}, {"y": "36", "x": "215"}, {"y": "40", "x": "216"}, {"y": "40", "x": "216"}, {"y": "40", "x": "216"}, {"y": "43", "x": "217"}, {"y": "46", "x": "219"}, {"y": "50", "x": "221"}, {"y": "53", "x": "223"}, {"y": "56", "x": "224"}, {"y": "59", "x": "226"}, {"y": "62", "x": "228"}, {"y": "66", "x": "230"}, {"y": "69", "x": "232"}, {"y": "72", "x": "233"}, {"y": "75", "x": "235"}, {"y": "78", "x": "237"}, {"y": "82", "x": "239"}, {"y": "85", "x": "240"}, {"y": "88", "x": "242"}, {"y": "91", "x": "244"}, {"y": "95", "x": "246"}, {"y": "98", "x": "247"}, {"y": "101", "x": "249"}, {"y": "104", "x": "251"}, {"y": "104", "x": "251"}, {"y": "104", "x": "251"}, {"y": "107", "x": "253"}, {"y": "111", "x": "254"}, {"y": "114", "x": "256"}, {"y": "117", "x": "258"}, {"y": "120", "x": "260"}, {"y": "124", "x": "262"}, {"y": "127", "x": "263"}, {"y": "130", "x": "265"}, {"y": "133", "x": "267"}, {"y": "136", "x": "269"}, {"y": "140", "x": "270"}, {"y": "143", "x": "272"}, {"y": "146", "x": "274"}, {"y": "149", "x": "276"}, {"y": "153", "x": "277"}, {"y": "156", "x": "279"}, {"y": "159", "x": "281"}, {"y": "162", "x": "283"}, {"y": "166", "x": "284"}, {"y": "169", "x": "286"}, {"y": "172", "x": "288"}, {"y": "175", "x": "290"}, {"y": "179", "x": "292"}]]}