{"Lines": [[{"y": "97", "x": "0"}, {"y": "97", "x": "0"}, {"y": "94", "x": "4"}, {"y": "90", "x": "9"}, {"y": "87", "x": "13"}, {"y": "83", "x": "18"}, {"y": "79", "x": "22"}, {"y": "76", "x": "27"}, {"y": "76", "x": "27"}, {"y": "76", "x": "27"}, {"y": "72", "x": "31"}, {"y": "69", "x": "35"}, {"y": "66", "x": "39"}, {"y": "62", "x": "44"}, {"y": "59", "x": "48"}, {"y": "56", "x": "52"}, {"y": "53", "x": "56"}, {"y": "49", "x": "61"}, {"y": "46", "x": "65"}, {"y": "43", "x": "69"}, {"y": "43", "x": "69"}, {"y": "39", "x": "73"}, {"y": "36", "x": "76"}, {"y": "33", "x": "80"}, {"y": "30", "x": "83"}, {"y": "26", "x": "87"}, {"y": "23", "x": "90"}, {"y": "20", "x": "94"}, {"y": "17", "x": "98"}, {"y": "13", "x": "101"}, {"y": "10", "x": "105"}, {"y": "7", "x": "108"}, {"y": "4", "x": "112"}, {"y": "1", "x": "115"}, {"y": "1", "x": "115"}], [{"y": "1", "x": "197"}, {"y": "1", "x": "197"}, {"y": "4", "x": "205"}, {"y": "8", "x": "212"}, {"y": "12", "x": "219"}, {"y": "15", "x": "227"}, {"y": "19", "x": "234"}, {"y": "23", "x": "241"}, {"y": "27", "x": "249"}, {"y": "27", "x": "249"}, {"y": "27", "x": "249"}, {"y": "30", "x": "255"}, {"y": "34", "x": "262"}, {"y": "37", "x": "269"}, {"y": "40", "x": "275"}, {"y": "44", "x": "282"}, {"y": "47", "x": "289"}, {"y": "51", "x": "295"}, {"y": "51", "x": "295"}, {"y": "55", "x": "303"}, {"y": "59", "x": "311"}, {"y": "64", "x": "318"}, {"y": "64", "x": "319"}]]}