{"Lines": [[{"y": "80", "x": "2"}, {"y": "80", "x": "2"}, {"y": "77", "x": "10"}, {"y": "73", "x": "17"}, {"y": "69", "x": "25"}, {"y": "66", "x": "33"}, {"y": "62", "x": "41"}, {"y": "58", "x": "49"}, {"y": "55", "x": "57"}, {"y": "55", "x": "57"}, {"y": "55", "x": "57"}, {"y": "50", "x": "66"}, {"y": "46", "x": "76"}, {"y": "42", "x": "86"}, {"y": "38", "x": "95"}, {"y": "34", "x": "105"}, {"y": "34", "x": "105"}, {"y": "34", "x": "105"}, {"y": "30", "x": "114"}, {"y": "26", "x": "123"}, {"y": "21", "x": "132"}, {"y": "17", "x": "142"}, {"y": "17", "x": "142"}], [{"y": "179", "x": "67"}, {"y": "179", "x": "68"}, {"y": "175", "x": "70"}, {"y": "172", "x": "73"}, {"y": "169", "x": "75"}, {"y": "166", "x": "78"}, {"y": "163", "x": "80"}, {"y": "160", "x": "83"}, {"y": "156", "x": "85"}, {"y": "153", "x": "88"}, {"y": "150", "x": "90"}, {"y": "147", "x": "93"}, {"y": "144", "x": "95"}, {"y": "141", "x": "98"}, {"y": "138", "x": "101"}, {"y": "134", "x": "103"}, {"y": "131", "x": "106"}, {"y": "128", "x": "108"}, {"y": "125", "x": "111"}, {"y": "122", "x": "113"}, {"y": "119", "x": "116"}, {"y": "115", "x": "118"}, {"y": "112", "x": "121"}, {"y": "112", "x": "121"}, {"y": "112", "x": "121"}, {"y": "109", "x": "123"}, {"y": "105", "x": "126"}, {"y": "102", "x": "128"}, {"y": "98", "x": "131"}, {"y": "95", "x": "133"}, {"y": "92", "x": "136"}, {"y": "88", "x": "138"}, {"y": "85", "x": "141"}, {"y": "81", "x": "143"}, {"y": "78", "x": "146"}, {"y": "74", "x": "148"}, {"y": "71", "x": "151"}, {"y": "71", "x": "151"}, {"y": "67", "x": "154"}, {"y": "64", "x": "157"}, {"y": "60", "x": "159"}, {"y": "57", "x": "162"}, {"y": "53", "x": "165"}, {"y": "50", "x": "168"}, {"y": "46", "x": "170"}, {"y": "43", "x": "173"}, {"y": "39", "x": "176"}, {"y": "39", "x": "176"}, {"y": "35", "x": "179"}, {"y": "31", "x": "183"}, {"y": "28", "x": "186"}, {"y": "24", "x": "189"}, {"y": "20", "x": "193"}, {"y": "16", "x": "196"}, {"y": "12", "x": "199"}, {"y": "12", "x": "200"}], [{"y": "5", "x": "245"}, {"y": "5", "x": "245"}, {"y": "9", "x": "247"}, {"y": "13", "x": "249"}, {"y": "17", "x": "251"}, {"y": "21", "x": "254"}, {"y": "25", "x": "256"}, {"y": "25", "x": "256"}, {"y": "29", "x": "258"}, {"y": "33", "x": "261"}, {"y": "37", "x": "264"}, {"y": "40", "x": "266"}, {"y": "44", "x": "269"}, {"y": "48", "x": "272"}, {"y": "51", "x": "274"}, {"y": "55", "x": "277"}, {"y": "55", "x": "277"}, {"y": "59", "x": "280"}, {"y": "62", "x": "282"}, {"y": "66", "x": "285"}, {"y": "70", "x": "287"}, {"y": "73", "x": "290"}, {"y": "77", "x": "292"}, {"y": "80", "x": "295"}, {"y": "84", "x": "297"}, {"y": "88", "x": "300"}, {"y": "91", "x": "302"}, {"y": "91", "x": "302"}, {"y": "91", "x": "302"}, {"y": "95", "x": "305"}, {"y": "99", "x": "308"}, {"y": "102", "x": "310"}, {"y": "106", "x": "313"}, {"y": "110", "x": "316"}, {"y": "114", "x": "318"}, {"y": "114", "x": "319"}]]}