{"Lines": [[{"y": "179", "x": "51"}, {"y": "179", "x": "52"}, {"y": "175", "x": "53"}, {"y": "172", "x": "55"}, {"y": "169", "x": "57"}, {"y": "166", "x": "59"}, {"y": "163", "x": "61"}, {"y": "160", "x": "63"}, {"y": "156", "x": "65"}, {"y": "153", "x": "67"}, {"y": "150", "x": "69"}, {"y": "147", "x": "70"}, {"y": "144", "x": "72"}, {"y": "141", "x": "74"}, {"y": "137", "x": "76"}, {"y": "134", "x": "78"}, {"y": "131", "x": "80"}, {"y": "128", "x": "82"}, {"y": "125", "x": "84"}, {"y": "122", "x": "86"}, {"y": "118", "x": "88"}, {"y": "115", "x": "89"}, {"y": "112", "x": "91"}, {"y": "112", "x": "91"}, {"y": "112", "x": "91"}, {"y": "109", "x": "94"}, {"y": "105", "x": "96"}, {"y": "102", "x": "98"}, {"y": "99", "x": "100"}, {"y": "95", "x": "102"}, {"y": "92", "x": "104"}, {"y": "89", "x": "107"}, {"y": "85", "x": "109"}, {"y": "82", "x": "111"}, {"y": "79", "x": "113"}, {"y": "75", "x": "115"}, {"y": "72", "x": "118"}, {"y": "69", "x": "120"}, {"y": "65", "x": "122"}, {"y": "62", "x": "124"}, {"y": "59", "x": "126"}, {"y": "55", "x": "128"}, {"y": "55", "x": "128"}, {"y": "55", "x": "128"}, {"y": "52", "x": "131"}, {"y": "49", "x": "134"}, {"y": "45", "x": "137"}, {"y": "42", "x": "140"}, {"y": "39", "x": "142"}, {"y": "35", "x": "145"}, {"y": "32", "x": "148"}, {"y": "29", "x": "151"}, {"y": "25", "x": "153"}, {"y": "22", "x": "156"}, {"y": "18", "x": "159"}, {"y": "18", "x": "159"}, {"y": "18", "x": "159"}, {"y": "14", "x": "165"}, {"y": "10", "x": "171"}, {"y": "6", "x": "177"}, {"y": "2", "x": "183"}, {"y": "2", "x": "183"}], [{"y": "9", "x": "226"}, {"y": "9", "x": "226"}, {"y": "9", "x": "226"}, {"y": "15", "x": "226"}, {"y": "20", "x": "227"}, {"y": "20", "x": "227"}, {"y": "24", "x": "228"}, {"y": "28", "x": "229"}, {"y": "32", "x": "230"}, {"y": "36", "x": "231"}, {"y": "1", "x": "231"}, {"y": "1", "x": "231"}, {"y": "39", "x": "232"}, {"y": "39", "x": "232"}, {"y": "39", "x": "232"}, {"y": "43", "x": "234"}, {"y": "47", "x": "236"}, {"y": "50", "x": "239"}, {"y": "54", "x": "241"}, {"y": "58", "x": "243"}, {"y": "62", "x": "245"}, {"y": "65", "x": "247"}, {"y": "69", "x": "249"}, {"y": "69", "x": "249"}, {"y": "69", "x": "250"}, {"y": "72", "x": "252"}, {"y": "76", "x": "254"}, {"y": "79", "x": "257"}, {"y": "82", "x": "259"}, {"y": "86", "x": "262"}, {"y": "89", "x": "264"}, {"y": "92", "x": "266"}, {"y": "96", "x": "269"}, {"y": "99", "x": "271"}, {"y": "102", "x": "274"}, {"y": "106", "x": "276"}, {"y": "109", "x": "278"}, {"y": "112", "x": "281"}, {"y": "116", "x": "283"}, {"y": "119", "x": "286"}, {"y": "122", "x": "288"}, {"y": "126", "x": "290"}, {"y": "126", "x": "290"}, {"y": "129", "x": "293"}, {"y": "132", "x": "295"}, {"y": "136", "x": "298"}, {"y": "139", "x": "301"}, {"y": "142", "x": "303"}, {"y": "146", "x": "306"}, {"y": "149", "x": "308"}, {"y": "152", "x": "311"}, {"y": "156", "x": "313"}, {"y": "159", "x": "316"}, {"y": "163", "x": "319"}, {"y": "163", "x": "319"}], [{"y": "65", "x": "0"}, {"y": "65", "x": "0"}, {"y": "62", "x": "7"}, {"y": "58", "x": "15"}, {"y": "55", "x": "22"}, {"y": "51", "x": "29"}, {"y": "48", "x": "36"}, {"y": "44", "x": "43"}, {"y": "41", "x": "50"}, {"y": "41", "x": "50"}, {"y": "41", "x": "50"}, {"y": "37", "x": "58"}, {"y": "33", "x": "66"}, {"y": "29", "x": "75"}, {"y": "25", "x": "83"}, {"y": "21", "x": "91"}, {"y": "21", "x": "91"}]]}