{"Lines": [[{"y": "179", "x": "126"}, {"y": "179", "x": "127"}, {"y": "175", "x": "128"}, {"y": "172", "x": "129"}, {"y": "168", "x": "130"}, {"y": "165", "x": "132"}, {"y": "162", "x": "133"}, {"y": "158", "x": "134"}, {"y": "155", "x": "136"}, {"y": "152", "x": "137"}, {"y": "148", "x": "138"}, {"y": "145", "x": "139"}, {"y": "142", "x": "141"}, {"y": "138", "x": "142"}, {"y": "135", "x": "143"}, {"y": "132", "x": "145"}, {"y": "128", "x": "146"}, {"y": "125", "x": "147"}, {"y": "125", "x": "147"}, {"y": "125", "x": "147"}, {"y": "122", "x": "148"}, {"y": "118", "x": "149"}, {"y": "115", "x": "151"}, {"y": "112", "x": "152"}, {"y": "109", "x": "153"}, {"y": "106", "x": "154"}, {"y": "103", "x": "155"}, {"y": "99", "x": "156"}, {"y": "96", "x": "157"}, {"y": "93", "x": "158"}, {"y": "90", "x": "159"}, {"y": "87", "x": "161"}, {"y": "83", "x": "162"}, {"y": "80", "x": "163"}, {"y": "77", "x": "164"}, {"y": "74", "x": "165"}, {"y": "71", "x": "166"}, {"y": "68", "x": "167"}, {"y": "64", "x": "168"}, {"y": "61", "x": "169"}, {"y": "58", "x": "171"}, {"y": "55", "x": "172"}, {"y": "52", "x": "173"}, {"y": "52", "x": "173"}, {"y": "52", "x": "173"}, {"y": "48", "x": "174"}, {"y": "45", "x": "175"}, {"y": "42", "x": "176"}, {"y": "38", "x": "177"}, {"y": "35", "x": "178"}, {"y": "32", "x": "179"}, {"y": "28", "x": "180"}, {"y": "25", "x": "181"}, {"y": "22", "x": "182"}, {"y": "18", "x": "183"}, {"y": "15", "x": "184"}, {"y": "12", "x": "185"}, {"y": "12", "x": "185"}], [{"y": "77", "x": "0"}, {"y": "77", "x": "0"}, {"y": "72", "x": "10"}, {"y": "68", "x": "21"}, {"y": "63", "x": "31"}, {"y": "63", "x": "31"}, {"y": "63", "x": "31"}, {"y": "58", "x": "41"}, {"y": "53", "x": "51"}, {"y": "49", "x": "61"}, {"y": "49", "x": "61"}, {"y": "49", "x": "61"}, {"y": "45", "x": "69"}, {"y": "41", "x": "78"}, {"y": "36", "x": "86"}, {"y": "32", "x": "95"}, {"y": "32", "x": "95"}, {"y": "32", "x": "95"}, {"y": "28", "x": "103"}, {"y": "25", "x": "112"}, {"y": "21", "x": "120"}, {"y": "17", "x": "129"}, {"y": "13", "x": "137"}, {"y": "13", "x": "137"}], [{"y": "9", "x": "225"}, {"y": "14", "x": "233"}, {"y": "18", "x": "240"}, {"y": "18", "x": "240"}, {"y": "18", "x": "240"}, {"y": "23", "x": "247"}, {"y": "28", "x": "253"}, {"y": "32", "x": "259"}, {"y": "32", "x": "259"}, {"y": "32", "x": "259"}, {"y": "36", "x": "265"}, {"y": "40", "x": "270"}, {"y": "44", "x": "275"}, {"y": "48", "x": "281"}, {"y": "53", "x": "286"}, {"y": "53", "x": "286"}, {"y": "53", "x": "286"}, {"y": "56", "x": "291"}, {"y": "60", "x": "295"}, {"y": "63", "x": "300"}, {"y": "67", "x": "305"}, {"y": "70", "x": "309"}, {"y": "74", "x": "314"}, {"y": "78", "x": "318"}, {"y": "78", "x": "319"}]]}