{"Lines": [[{"y": "179", "x": "59"}, {"y": "179", "x": "59"}, {"y": "175", "x": "60"}, {"y": "171", "x": "62"}, {"y": "167", "x": "63"}, {"y": "164", "x": "65"}, {"y": "160", "x": "66"}, {"y": "156", "x": "68"}, {"y": "153", "x": "69"}, {"y": "149", "x": "71"}, {"y": "149", "x": "71"}, {"y": "149", "x": "71"}, {"y": "146", "x": "72"}, {"y": "143", "x": "74"}, {"y": "139", "x": "75"}, {"y": "136", "x": "76"}, {"y": "133", "x": "78"}, {"y": "130", "x": "79"}, {"y": "126", "x": "81"}, {"y": "123", "x": "82"}, {"y": "120", "x": "83"}, {"y": "117", "x": "85"}, {"y": "114", "x": "86"}, {"y": "110", "x": "87"}, {"y": "107", "x": "89"}, {"y": "104", "x": "90"}, {"y": "101", "x": "92"}, {"y": "97", "x": "93"}, {"y": "97", "x": "93"}, {"y": "97", "x": "93"}, {"y": "94", "x": "94"}, {"y": "91", "x": "96"}, {"y": "87", "x": "97"}, {"y": "84", "x": "98"}, {"y": "81", "x": "100"}, {"y": "77", "x": "101"}, {"y": "74", "x": "102"}, {"y": "70", "x": "104"}, {"y": "67", "x": "105"}, {"y": "64", "x": "107"}, {"y": "60", "x": "108"}, {"y": "57", "x": "109"}, {"y": "57", "x": "109"}, {"y": "57", "x": "109"}, {"y": "54", "x": "110"}, {"y": "50", "x": "111"}, {"y": "47", "x": "112"}, {"y": "43", "x": "113"}, {"y": "40", "x": "114"}, {"y": "36", "x": "114"}, {"y": "33", "x": "115"}, {"y": "30", "x": "116"}, {"y": "11", "x": "117"}, {"y": "11", "x": "117"}, {"y": "16", "x": "117"}, {"y": "21", "x": "117"}, {"y": "26", "x": "117"}, {"y": "26", "x": "117"}, {"y": "26", "x": "117"}], [{"y": "16", "x": "167"}, {"y": "20", "x": "172"}, {"y": "24", "x": "176"}, {"y": "28", "x": "181"}, {"y": "32", "x": "186"}, {"y": "36", "x": "191"}, {"y": "36", "x": "191"}, {"y": "36", "x": "191"}, {"y": "40", "x": "194"}, {"y": "43", "x": "198"}, {"y": "47", "x": "202"}, {"y": "51", "x": "206"}, {"y": "54", "x": "210"}, {"y": "58", "x": "213"}, {"y": "62", "x": "217"}, {"y": "66", "x": "221"}, {"y": "66", "x": "221"}, {"y": "66", "x": "221"}, {"y": "69", "x": "224"}, {"y": "72", "x": "227"}, {"y": "76", "x": "231"}, {"y": "79", "x": "234"}, {"y": "83", "x": "237"}, {"y": "86", "x": "240"}, {"y": "89", "x": "243"}, {"y": "93", "x": "247"}, {"y": "96", "x": "250"}, {"y": "99", "x": "253"}, {"y": "99", "x": "253"}, {"y": "99", "x": "253"}, {"y": "103", "x": "256"}, {"y": "106", "x": "259"}, {"y": "109", "x": "262"}, {"y": "113", "x": "265"}, {"y": "116", "x": "268"}, {"y": "119", "x": "271"}, {"y": "123", "x": "274"}, {"y": "126", "x": "277"}, {"y": "129", "x": "280"}, {"y": "133", "x": "283"}, {"y": "136", "x": "286"}, {"y": "139", "x": "289"}, {"y": "143", "x": "292"}, {"y": "143", "x": "292"}, {"y": "146", "x": "295"}, {"y": "150", "x": "299"}, {"y": "154", "x": "302"}, {"y": "158", "x": "305"}, {"y": "161", "x": "309"}, {"y": "165", "x": "312"}, {"y": "169", "x": "315"}, {"y": "172", "x": "318"}, {"y": "172", "x": "318"}], [{"y": "50", "x": "0"}, {"y": "50", "x": "0"}, {"y": "46", "x": "7"}, {"y": "42", "x": "14"}, {"y": "38", "x": "20"}, {"y": "35", "x": "27"}, {"y": "35", "x": "27"}, {"y": "35", "x": "27"}, {"y": "30", "x": "34"}, {"y": "26", "x": "41"}, {"y": "21", "x": "48"}, {"y": "21", "x": "48"}, {"y": "21", "x": "48"}, {"y": "17", "x": "54"}, {"y": "13", "x": "61"}, {"y": "10", "x": "67"}, {"y": "6", "x": "73"}, {"y": "6", "x": "73"}]]}