{"Lines": [[{"y": "179", "x": "10"}, {"y": "179", "x": "11"}, {"y": "175", "x": "13"}, {"y": "172", "x": "15"}, {"y": "169", "x": "17"}, {"y": "166", "x": "19"}, {"y": "162", "x": "21"}, {"y": "159", "x": "23"}, {"y": "156", "x": "25"}, {"y": "153", "x": "27"}, {"y": "150", "x": "29"}, {"y": "146", "x": "31"}, {"y": "143", "x": "33"}, {"y": "140", "x": "35"}, {"y": "137", "x": "37"}, {"y": "133", "x": "39"}, {"y": "130", "x": "41"}, {"y": "127", "x": "43"}, {"y": "124", "x": "45"}, {"y": "121", "x": "48"}, {"y": "117", "x": "50"}, {"y": "114", "x": "52"}, {"y": "111", "x": "54"}, {"y": "108", "x": "56"}, {"y": "104", "x": "58"}, {"y": "101", "x": "60"}, {"y": "98", "x": "62"}, {"y": "95", "x": "64"}, {"y": "92", "x": "66"}, {"y": "92", "x": "66"}, {"y": "88", "x": "68"}, {"y": "85", "x": "70"}, {"y": "82", "x": "72"}, {"y": "79", "x": "74"}, {"y": "75", "x": "76"}, {"y": "72", "x": "78"}, {"y": "69", "x": "80"}, {"y": "66", "x": "82"}, {"y": "62", "x": "84"}, {"y": "59", "x": "86"}, {"y": "56", "x": "88"}, {"y": "53", "x": "90"}, {"y": "49", "x": "92"}, {"y": "49", "x": "92"}, {"y": "46", "x": "94"}, {"y": "42", "x": "96"}, {"y": "38", "x": "98"}, {"y": "34", "x": "100"}, {"y": "30", "x": "102"}, {"y": "27", "x": "104"}, {"y": "23", "x": "106"}, {"y": "23", "x": "106"}, {"y": "19", "x": "108"}, {"y": "15", "x": "110"}, {"y": "11", "x": "112"}, {"y": "7", "x": "115"}, {"y": "7", "x": "115"}], [{"y": "8", "x": "152"}, {"y": "8", "x": "152"}, {"y": "12", "x": "156"}, {"y": "16", "x": "160"}, {"y": "20", "x": "164"}, {"y": "25", "x": "168"}, {"y": "25", "x": "168"}, {"y": "25", "x": "168"}, {"y": "28", "x": "172"}, {"y": "32", "x": "175"}, {"y": "36", "x": "178"}, {"y": "40", "x": "182"}, {"y": "44", "x": "185"}, {"y": "48", "x": "188"}, {"y": "52", "x": "192"}, {"y": "52", "x": "192"}, {"y": "55", "x": "194"}, {"y": "58", "x": "197"}, {"y": "61", "x": "199"}, {"y": "65", "x": "202"}, {"y": "68", "x": "204"}, {"y": "71", "x": "207"}, {"y": "75", "x": "210"}, {"y": "78", "x": "212"}, {"y": "81", "x": "215"}, {"y": "84", "x": "217"}, {"y": "88", "x": "220"}, {"y": "91", "x": "222"}, {"y": "94", "x": "225"}, {"y": "98", "x": "227"}, {"y": "101", "x": "230"}, {"y": "101", "x": "230"}, {"y": "101", "x": "230"}, {"y": "104", "x": "232"}, {"y": "107", "x": "235"}, {"y": "111", "x": "237"}, {"y": "114", "x": "239"}, {"y": "117", "x": "242"}, {"y": "120", "x": "244"}, {"y": "124", "x": "246"}, {"y": "127", "x": "249"}, {"y": "130", "x": "251"}, {"y": "133", "x": "253"}, {"y": "136", "x": "256"}, {"y": "140", "x": "258"}, {"y": "143", "x": "261"}, {"y": "146", "x": "263"}, {"y": "149", "x": "265"}, {"y": "153", "x": "268"}, {"y": "156", "x": "270"}, {"y": "159", "x": "272"}, {"y": "162", "x": "275"}, {"y": "166", "x": "277"}, {"y": "169", "x": "279"}, {"y": "172", "x": "282"}, {"y": "175", "x": "284"}, {"y": "179", "x": "286"}, {"y": "179", "x": "287"}], [{"y": "48", "x": "1"}, {"y": "48", "x": "1"}, {"y": "44", "x": "9"}, {"y": "40", "x": "18"}, {"y": "35", "x": "26"}, {"y": "31", "x": "34"}, {"y": "31", "x": "34"}, {"y": "31", "x": "34"}, {"y": "27", "x": "41"}, {"y": "23", "x": "48"}, {"y": "19", "x": "55"}, {"y": "15", "x": "62"}, {"y": "11", "x": "69"}, {"y": "7", "x": "76"}, {"y": "7", "x": "76"}]]}