{"Lines": [[{"y": "9", "x": "190"}, {"y": "9", "x": "190"}, {"y": "13", "x": "193"}, {"y": "16", "x": "197"}, {"y": "20", "x": "201"}, {"y": "23", "x": "204"}, {"y": "27", "x": "208"}, {"y": "30", "x": "212"}, {"y": "34", "x": "216"}, {"y": "37", "x": "219"}, {"y": "41", "x": "223"}, {"y": "41", "x": "223"}, {"y": "41", "x": "223"}, {"y": "44", "x": "227"}, {"y": "48", "x": "230"}, {"y": "51", "x": "234"}, {"y": "54", "x": "237"}, {"y": "58", "x": "241"}, {"y": "61", "x": "245"}, {"y": "64", "x": "248"}, {"y": "67", "x": "252"}, {"y": "71", "x": "255"}, {"y": "74", "x": "259"}, {"y": "77", "x": "263"}, {"y": "77", "x": "263"}, {"y": "81", "x": "266"}, {"y": "84", "x": "270"}, {"y": "87", "x": "274"}, {"y": "91", "x": "277"}, {"y": "94", "x": "281"}, {"y": "97", "x": "285"}, {"y": "101", "x": "289"}, {"y": "104", "x": "292"}, {"y": "107", "x": "296"}, {"y": "111", "x": "300"}, {"y": "114", "x": "304"}, {"y": "117", "x": "307"}, {"y": "121", "x": "311"}, {"y": "124", "x": "315"}, {"y": "128", "x": "319"}], [{"y": "54", "x": "0"}, {"y": "54", "x": "0"}, {"y": "51", "x": "7"}, {"y": "48", "x": "15"}, {"y": "44", "x": "22"}, {"y": "41", "x": "29"}, {"y": "38", "x": "37"}, {"y": "34", "x": "44"}, {"y": "31", "x": "51"}, {"y": "28", "x": "59"}, {"y": "24", "x": "66"}, {"y": "21", "x": "73"}, {"y": "21", "x": "73"}, {"y": "17", "x": "82"}, {"y": "13", "x": "91"}, {"y": "9", "x": "100"}, {"y": "4", "x": "108"}, {"y": "0", "x": "117"}, {"y": "0", "x": "117"}]]}