{"Lines": [[{"y": "179", "x": "20"}, {"y": "179", "x": "21"}, {"y": "175", "x": "23"}, {"y": "172", "x": "25"}, {"y": "169", "x": "28"}, {"y": "166", "x": "30"}, {"y": "163", "x": "33"}, {"y": "160", "x": "35"}, {"y": "157", "x": "38"}, {"y": "154", "x": "40"}, {"y": "150", "x": "42"}, {"y": "147", "x": "45"}, {"y": "144", "x": "47"}, {"y": "141", "x": "50"}, {"y": "138", "x": "52"}, {"y": "135", "x": "55"}, {"y": "132", "x": "57"}, {"y": "129", "x": "60"}, {"y": "126", "x": "62"}, {"y": "122", "x": "64"}, {"y": "119", "x": "67"}, {"y": "116", "x": "69"}, {"y": "113", "x": "72"}, {"y": "110", "x": "74"}, {"y": "107", "x": "77"}, {"y": "104", "x": "79"}, {"y": "101", "x": "82"}, {"y": "98", "x": "84"}, {"y": "94", "x": "86"}, {"y": "91", "x": "89"}, {"y": "88", "x": "91"}, {"y": "85", "x": "94"}, {"y": "82", "x": "96"}, {"y": "82", "x": "96"}, {"y": "82", "x": "96"}, {"y": "79", "x": "99"}, {"y": "75", "x": "102"}, {"y": "72", "x": "105"}, {"y": "69", "x": "108"}, {"y": "66", "x": "111"}, {"y": "62", "x": "115"}, {"y": "59", "x": "118"}, {"y": "56", "x": "121"}, {"y": "53", "x": "124"}, {"y": "50", "x": "127"}, {"y": "46", "x": "130"}, {"y": "43", "x": "133"}, {"y": "40", "x": "136"}, {"y": "37", "x": "139"}, {"y": "33", "x": "142"}, {"y": "30", "x": "145"}, {"y": "27", "x": "148"}, {"y": "24", "x": "151"}, {"y": "24", "x": "151"}, {"y": "24", "x": "151"}, {"y": "20", "x": "156"}, {"y": "16", "x": "160"}, {"y": "12", "x": "165"}, {"y": "8", "x": "169"}, {"y": "4", "x": "174"}, {"y": "0", "x": "178"}, {"y": "0", "x": "178"}], [{"y": "1", "x": "217"}, {"y": "1", "x": "217"}, {"y": "5", "x": "217"}, {"y": "9", "x": "217"}, {"y": "13", "x": "217"}, {"y": "17", "x": "217"}, {"y": "17", "x": "217"}, {"y": "21", "x": "219"}, {"y": "25", "x": "220"}, {"y": "29", "x": "221"}, {"y": "33", "x": "223"}, {"y": "37", "x": "224"}, {"y": "37", "x": "224"}, {"y": "37", "x": "224"}, {"y": "40", "x": "225"}, {"y": "43", "x": "227"}, {"y": "47", "x": "228"}, {"y": "50", "x": "230"}, {"y": "53", "x": "231"}, {"y": "57", "x": "233"}, {"y": "60", "x": "234"}, {"y": "63", "x": "236"}, {"y": "66", "x": "237"}, {"y": "70", "x": "239"}, {"y": "73", "x": "240"}, {"y": "76", "x": "242"}, {"y": "80", "x": "243"}, {"y": "83", "x": "245"}, {"y": "86", "x": "246"}, {"y": "90", "x": "248"}, {"y": "93", "x": "249"}, {"y": "93", "x": "249"}, {"y": "93", "x": "249"}, {"y": "96", "x": "251"}, {"y": "100", "x": "253"}, {"y": "103", "x": "255"}, {"y": "106", "x": "257"}, {"y": "109", "x": "258"}, {"y": "113", "x": "260"}, {"y": "116", "x": "262"}, {"y": "119", "x": "264"}, {"y": "123", "x": "266"}, {"y": "126", "x": "267"}, {"y": "126", "x": "267"}, {"y": "126", "x": "267"}, {"y": "129", "x": "269"}, {"y": "133", "x": "271"}, {"y": "136", "x": "273"}, {"y": "139", "x": "275"}, {"y": "142", "x": "277"}, {"y": "146", "x": "279"}, {"y": "149", "x": "281"}, {"y": "152", "x": "282"}, {"y": "156", "x": "284"}, {"y": "159", "x": "286"}, {"y": "162", "x": "288"}, {"y": "165", "x": "290"}, {"y": "169", "x": "292"}, {"y": "172", "x": "294"}, {"y": "175", "x": "296"}, {"y": "179", "x": "298"}, {"y": "179", "x": "298"}], [{"y": "62", "x": "0"}, {"y": "62", "x": "0"}, {"y": "57", "x": "11"}, {"y": "52", "x": "22"}, {"y": "48", "x": "33"}, {"y": "48", "x": "33"}, {"y": "48", "x": "33"}, {"y": "44", "x": "41"}, {"y": "40", "x": "49"}, {"y": "37", "x": "57"}, {"y": "33", "x": "66"}, {"y": "29", "x": "74"}, {"y": "29", "x": "74"}, {"y": "29", "x": "74"}, {"y": "26", "x": "83"}, {"y": "22", "x": "92"}, {"y": "19", "x": "100"}, {"y": "15", "x": "109"}, {"y": "11", "x": "118"}, {"y": "11", "x": "118"}]]}