{"Lines": [[{"y": "179", "x": "88"}, {"y": "179", "x": "88"}, {"y": "175", "x": "89"}, {"y": "172", "x": "90"}, {"y": "168", "x": "91"}, {"y": "165", "x": "92"}, {"y": "161", "x": "93"}, {"y": "158", "x": "94"}, {"y": "154", "x": "95"}, {"y": "151", "x": "97"}, {"y": "148", "x": "98"}, {"y": "144", "x": "99"}, {"y": "144", "x": "99"}, {"y": "141", "x": "100"}, {"y": "138", "x": "101"}, {"y": "134", "x": "102"}, {"y": "131", "x": "103"}, {"y": "128", "x": "105"}, {"y": "124", "x": "106"}, {"y": "121", "x": "107"}, {"y": "118", "x": "108"}, {"y": "114", "x": "109"}, {"y": "111", "x": "110"}, {"y": "108", "x": "111"}, {"y": "104", "x": "113"}, {"y": "101", "x": "114"}, {"y": "101", "x": "114"}, {"y": "101", "x": "114"}, {"y": "97", "x": "115"}, {"y": "94", "x": "116"}, {"y": "90", "x": "117"}, {"y": "86", "x": "118"}, {"y": "83", "x": "119"}, {"y": "79", "x": "120"}, {"y": "76", "x": "121"}, {"y": "72", "x": "122"}, {"y": "68", "x": "123"}, {"y": "68", "x": "123"}, {"y": "68", "x": "123"}, {"y": "65", "x": "125"}, {"y": "61", "x": "126"}, {"y": "57", "x": "128"}, {"y": "53", "x": "129"}, {"y": "49", "x": "130"}, {"y": "49", "x": "130"}, {"y": "46", "x": "131"}, {"y": "42", "x": "133"}, {"y": "39", "x": "134"}, {"y": "36", "x": "135"}, {"y": "32", "x": "136"}, {"y": "29", "x": "137"}, {"y": "25", "x": "138"}, {"y": "22", "x": "139"}, {"y": "19", "x": "140"}, {"y": "15", "x": "142"}], [{"y": "6", "x": "184"}, {"y": "6", "x": "184"}, {"y": "9", "x": "187"}, {"y": "13", "x": "190"}, {"y": "17", "x": "194"}, {"y": "20", "x": "197"}, {"y": "24", "x": "200"}, {"y": "27", "x": "203"}, {"y": "31", "x": "206"}, {"y": "31", "x": "206"}, {"y": "31", "x": "206"}, {"y": "34", "x": "210"}, {"y": "38", "x": "213"}, {"y": "41", "x": "217"}, {"y": "45", "x": "220"}, {"y": "48", "x": "224"}, {"y": "52", "x": "227"}, {"y": "55", "x": "231"}, {"y": "59", "x": "234"}, {"y": "62", "x": "238"}, {"y": "66", "x": "241"}, {"y": "66", "x": "241"}, {"y": "66", "x": "241"}, {"y": "69", "x": "245"}, {"y": "73", "x": "248"}, {"y": "76", "x": "252"}, {"y": "80", "x": "256"}, {"y": "83", "x": "259"}, {"y": "87", "x": "263"}, {"y": "90", "x": "266"}, {"y": "94", "x": "270"}, {"y": "97", "x": "274"}, {"y": "101", "x": "277"}, {"y": "104", "x": "281"}, {"y": "104", "x": "281"}, {"y": "107", "x": "284"}, {"y": "111", "x": "288"}, {"y": "114", "x": "291"}, {"y": "117", "x": "294"}, {"y": "121", "x": "298"}, {"y": "124", "x": "301"}, {"y": "127", "x": "305"}, {"y": "131", "x": "308"}, {"y": "134", "x": "312"}, {"y": "137", "x": "315"}, {"y": "141", "x": "319"}], [{"y": "65", "x": "1"}, {"y": "65", "x": "1"}, {"y": "61", "x": "7"}, {"y": "57", "x": "13"}, {"y": "54", "x": "20"}, {"y": "50", "x": "26"}, {"y": "46", "x": "33"}, {"y": "46", "x": "33"}, {"y": "46", "x": "33"}, {"y": "42", "x": "41"}, {"y": "38", "x": "48"}, {"y": "34", "x": "56"}, {"y": "30", "x": "64"}, {"y": "30", "x": "64"}, {"y": "26", "x": "73"}, {"y": "22", "x": "81"}, {"y": "17", "x": "90"}, {"y": "13", "x": "98"}, {"y": "13", "x": "98"}]]}