{"Lines": [[{"y": "178", "x": "74"}, {"y": "178", "x": "74"}, {"y": "174", "x": "76"}, {"y": "171", "x": "77"}, {"y": "168", "x": "78"}, {"y": "165", "x": "80"}, {"y": "162", "x": "81"}, {"y": "158", "x": "82"}, {"y": "155", "x": "83"}, {"y": "152", "x": "85"}, {"y": "149", "x": "86"}, {"y": "145", "x": "87"}, {"y": "142", "x": "89"}, {"y": "139", "x": "90"}, {"y": "136", "x": "91"}, {"y": "133", "x": "93"}, {"y": "129", "x": "94"}, {"y": "126", "x": "95"}, {"y": "123", "x": "97"}, {"y": "120", "x": "98"}, {"y": "116", "x": "99"}, {"y": "113", "x": "101"}, {"y": "110", "x": "102"}, {"y": "106", "x": "104"}, {"y": "103", "x": "105"}, {"y": "100", "x": "107"}, {"y": "97", "x": "108"}, {"y": "93", "x": "109"}, {"y": "90", "x": "111"}, {"y": "87", "x": "112"}, {"y": "83", "x": "114"}, {"y": "80", "x": "115"}, {"y": "77", "x": "116"}, {"y": "73", "x": "118"}, {"y": "73", "x": "118"}, {"y": "70", "x": "119"}, {"y": "66", "x": "121"}, {"y": "62", "x": "123"}, {"y": "58", "x": "124"}, {"y": "54", "x": "126"}, {"y": "50", "x": "127"}, {"y": "46", "x": "129"}, {"y": "46", "x": "129"}, {"y": "46", "x": "129"}, {"y": "43", "x": "131"}, {"y": "39", "x": "132"}, {"y": "36", "x": "133"}, {"y": "32", "x": "135"}, {"y": "28", "x": "136"}, {"y": "25", "x": "138"}, {"y": "25", "x": "138"}], [{"y": "66", "x": "0"}, {"y": "66", "x": "0"}, {"y": "62", "x": "10"}, {"y": "57", "x": "20"}, {"y": "53", "x": "29"}, {"y": "53", "x": "29"}, {"y": "53", "x": "29"}, {"y": "47", "x": "41"}, {"y": "42", "x": "53"}, {"y": "42", "x": "53"}, {"y": "37", "x": "64"}, {"y": "32", "x": "75"}, {"y": "32", "x": "75"}], [{"y": "31", "x": "198"}, {"y": "31", "x": "198"}, {"y": "35", "x": "204"}, {"y": "38", "x": "210"}, {"y": "42", "x": "216"}, {"y": "46", "x": "222"}, {"y": "50", "x": "227"}, {"y": "50", "x": "227"}, {"y": "50", "x": "227"}, {"y": "54", "x": "232"}, {"y": "57", "x": "236"}, {"y": "61", "x": "240"}, {"y": "64", "x": "244"}, {"y": "68", "x": "248"}, {"y": "71", "x": "252"}, {"y": "75", "x": "256"}, {"y": "78", "x": "261"}, {"y": "78", "x": "261"}, {"y": "82", "x": "264"}, {"y": "85", "x": "268"}, {"y": "88", "x": "272"}, {"y": "91", "x": "276"}, {"y": "95", "x": "280"}, {"y": "98", "x": "284"}, {"y": "101", "x": "287"}, {"y": "104", "x": "291"}, {"y": "107", "x": "295"}, {"y": "111", "x": "299"}, {"y": "114", "x": "303"}, {"y": "117", "x": "307"}, {"y": "120", "x": "310"}, {"y": "124", "x": "314"}, {"y": "127", "x": "318"}]]}