{"Lines": [[{"y": "60", "x": "2"}, {"y": "60", "x": "2"}, {"y": "56", "x": "10"}, {"y": "51", "x": "18"}, {"y": "47", "x": "26"}, {"y": "43", "x": "34"}, {"y": "43", "x": "34"}, {"y": "43", "x": "34"}, {"y": "39", "x": "41"}, {"y": "35", "x": "48"}, {"y": "31", "x": "55"}, {"y": "27", "x": "63"}, {"y": "27", "x": "63"}, {"y": "27", "x": "63"}, {"y": "23", "x": "70"}, {"y": "20", "x": "77"}, {"y": "16", "x": "84"}, {"y": "12", "x": "92"}, {"y": "9", "x": "99"}, {"y": "5", "x": "106"}], [{"y": "179", "x": "87"}, {"y": "179", "x": "87"}, {"y": "175", "x": "88"}, {"y": "172", "x": "89"}, {"y": "169", "x": "90"}, {"y": "166", "x": "91"}, {"y": "163", "x": "92"}, {"y": "159", "x": "93"}, {"y": "156", "x": "94"}, {"y": "153", "x": "95"}, {"y": "150", "x": "96"}, {"y": "147", "x": "98"}, {"y": "144", "x": "99"}, {"y": "140", "x": "100"}, {"y": "137", "x": "101"}, {"y": "134", "x": "102"}, {"y": "131", "x": "103"}, {"y": "128", "x": "104"}, {"y": "124", "x": "105"}, {"y": "121", "x": "106"}, {"y": "121", "x": "106"}, {"y": "121", "x": "106"}, {"y": "118", "x": "108"}, {"y": "115", "x": "109"}, {"y": "111", "x": "110"}, {"y": "108", "x": "111"}, {"y": "105", "x": "113"}, {"y": "102", "x": "114"}, {"y": "98", "x": "115"}, {"y": "95", "x": "116"}, {"y": "92", "x": "118"}, {"y": "88", "x": "119"}, {"y": "85", "x": "120"}, {"y": "82", "x": "121"}, {"y": "79", "x": "123"}, {"y": "75", "x": "124"}, {"y": "72", "x": "125"}, {"y": "69", "x": "126"}, {"y": "69", "x": "126"}, {"y": "69", "x": "126"}, {"y": "65", "x": "128"}, {"y": "62", "x": "129"}, {"y": "58", "x": "130"}, {"y": "55", "x": "132"}, {"y": "52", "x": "133"}, {"y": "48", "x": "134"}, {"y": "45", "x": "136"}, {"y": "41", "x": "137"}, {"y": "38", "x": "138"}, {"y": "35", "x": "139"}, {"y": "31", "x": "141"}, {"y": "31", "x": "141"}, {"y": "28", "x": "142"}, {"y": "24", "x": "143"}, {"y": "21", "x": "144"}, {"y": "18", "x": "145"}, {"y": "14", "x": "146"}, {"y": "11", "x": "147"}, {"y": "7", "x": "148"}, {"y": "4", "x": "149"}, {"y": "1", "x": "150"}, {"y": "1", "x": "150"}], [{"y": "1", "x": "189"}, {"y": "4", "x": "193"}, {"y": "8", "x": "197"}, {"y": "11", "x": "201"}, {"y": "14", "x": "205"}, {"y": "18", "x": "209"}, {"y": "21", "x": "214"}, {"y": "25", "x": "218"}, {"y": "28", "x": "222"}, {"y": "32", "x": "226"}, {"y": "35", "x": "230"}, {"y": "38", "x": "234"}, {"y": "42", "x": "238"}, {"y": "45", "x": "242"}, {"y": "49", "x": "246"}, {"y": "52", "x": "250"}, {"y": "56", "x": "254"}, {"y": "59", "x": "258"}, {"y": "62", "x": "262"}, {"y": "66", "x": "266"}, {"y": "66", "x": "266"}, {"y": "66", "x": "266"}, {"y": "69", "x": "270"}, {"y": "73", "x": "274"}, {"y": "76", "x": "278"}, {"y": "79", "x": "282"}, {"y": "83", "x": "286"}, {"y": "86", "x": "290"}, {"y": "89", "x": "294"}, {"y": "93", "x": "298"}, {"y": "96", "x": "302"}, {"y": "99", "x": "306"}, {"y": "103", "x": "310"}, {"y": "106", "x": "314"}, {"y": "110", "x": "319"}, {"y": "110", "x": "319"}]]}