{"Lines": [[{"y": "179", "x": "28"}, {"y": "179", "x": "29"}, {"y": "175", "x": "31"}, {"y": "172", "x": "33"}, {"y": "169", "x": "36"}, {"y": "166", "x": "38"}, {"y": "162", "x": "41"}, {"y": "159", "x": "43"}, {"y": "156", "x": "46"}, {"y": "153", "x": "48"}, {"y": "150", "x": "51"}, {"y": "146", "x": "53"}, {"y": "143", "x": "55"}, {"y": "140", "x": "58"}, {"y": "137", "x": "60"}, {"y": "134", "x": "63"}, {"y": "130", "x": "65"}, {"y": "127", "x": "68"}, {"y": "124", "x": "70"}, {"y": "121", "x": "73"}, {"y": "118", "x": "75"}, {"y": "114", "x": "77"}, {"y": "111", "x": "80"}, {"y": "108", "x": "82"}, {"y": "105", "x": "85"}, {"y": "102", "x": "87"}, {"y": "98", "x": "90"}, {"y": "95", "x": "92"}, {"y": "95", "x": "92"}, {"y": "95", "x": "92"}, {"y": "92", "x": "96"}, {"y": "88", "x": "99"}, {"y": "85", "x": "102"}, {"y": "82", "x": "106"}, {"y": "78", "x": "109"}, {"y": "75", "x": "112"}, {"y": "71", "x": "116"}, {"y": "68", "x": "119"}, {"y": "65", "x": "123"}, {"y": "61", "x": "126"}, {"y": "61", "x": "126"}, {"y": "61", "x": "126"}, {"y": "57", "x": "130"}, {"y": "53", "x": "135"}, {"y": "49", "x": "139"}, {"y": "46", "x": "143"}, {"y": "42", "x": "148"}, {"y": "38", "x": "152"}, {"y": "38", "x": "152"}, {"y": "33", "x": "159"}, {"y": "29", "x": "165"}, {"y": "24", "x": "172"}, {"y": "20", "x": "179"}, {"y": "20", "x": "179"}], [{"y": "18", "x": "239"}, {"y": "18", "x": "239"}, {"y": "22", "x": "239"}, {"y": "26", "x": "240"}, {"y": "30", "x": "240"}, {"y": "34", "x": "241"}, {"y": "34", "x": "241"}, {"y": "37", "x": "242"}, {"y": "41", "x": "244"}, {"y": "44", "x": "246"}, {"y": "47", "x": "247"}, {"y": "51", "x": "249"}, {"y": "54", "x": "251"}, {"y": "58", "x": "253"}, {"y": "61", "x": "254"}, {"y": "65", "x": "256"}, {"y": "68", "x": "258"}, {"y": "68", "x": "258"}, {"y": "71", "x": "260"}, {"y": "75", "x": "262"}, {"y": "78", "x": "264"}, {"y": "81", "x": "267"}, {"y": "85", "x": "269"}, {"y": "88", "x": "271"}, {"y": "91", "x": "273"}, {"y": "95", "x": "275"}, {"y": "98", "x": "278"}, {"y": "101", "x": "280"}, {"y": "104", "x": "282"}, {"y": "108", "x": "284"}, {"y": "111", "x": "286"}, {"y": "111", "x": "286"}, {"y": "111", "x": "286"}, {"y": "114", "x": "289"}, {"y": "118", "x": "291"}, {"y": "121", "x": "293"}, {"y": "124", "x": "296"}, {"y": "127", "x": "298"}, {"y": "131", "x": "300"}, {"y": "134", "x": "302"}, {"y": "137", "x": "305"}, {"y": "140", "x": "307"}, {"y": "144", "x": "309"}, {"y": "147", "x": "312"}, {"y": "150", "x": "314"}, {"y": "153", "x": "316"}, {"y": "157", "x": "318"}, {"y": "157", "x": "319"}], [{"y": "61", "x": "0"}, {"y": "61", "x": "0"}, {"y": "56", "x": "12"}, {"y": "50", "x": "25"}, {"y": "50", "x": "25"}, {"y": "50", "x": "25"}, {"y": "42", "x": "52"}, {"y": "42", "x": "52"}, {"y": "42", "x": "52"}, {"y": "36", "x": "67"}, {"y": "31", "x": "82"}, {"y": "31", "x": "82"}, {"y": "31", "x": "82"}, {"y": "27", "x": "99"}, {"y": "22", "x": "116"}, {"y": "22", "x": "116"}]]}