{"Lines": [[{"y": "179", "x": "32"}, {"y": "179", "x": "33"}, {"y": "175", "x": "35"}, {"y": "172", "x": "37"}, {"y": "169", "x": "40"}, {"y": "165", "x": "42"}, {"y": "162", "x": "45"}, {"y": "159", "x": "47"}, {"y": "156", "x": "49"}, {"y": "152", "x": "52"}, {"y": "149", "x": "54"}, {"y": "146", "x": "57"}, {"y": "143", "x": "59"}, {"y": "139", "x": "61"}, {"y": "136", "x": "64"}, {"y": "133", "x": "66"}, {"y": "129", "x": "69"}, {"y": "126", "x": "71"}, {"y": "126", "x": "71"}, {"y": "126", "x": "71"}, {"y": "123", "x": "73"}, {"y": "120", "x": "76"}, {"y": "116", "x": "78"}, {"y": "113", "x": "81"}, {"y": "110", "x": "83"}, {"y": "106", "x": "86"}, {"y": "103", "x": "88"}, {"y": "100", "x": "91"}, {"y": "96", "x": "93"}, {"y": "93", "x": "96"}, {"y": "90", "x": "98"}, {"y": "86", "x": "100"}, {"y": "83", "x": "103"}, {"y": "80", "x": "105"}, {"y": "76", "x": "108"}, {"y": "76", "x": "108"}, {"y": "72", "x": "111"}, {"y": "69", "x": "114"}, {"y": "65", "x": "117"}, {"y": "61", "x": "120"}, {"y": "58", "x": "123"}, {"y": "54", "x": "126"}, {"y": "50", "x": "129"}, {"y": "46", "x": "132"}, {"y": "46", "x": "132"}, {"y": "43", "x": "136"}, {"y": "39", "x": "139"}, {"y": "35", "x": "142"}, {"y": "31", "x": "146"}, {"y": "27", "x": "149"}], [{"y": "60", "x": "1"}, {"y": "60", "x": "1"}, {"y": "54", "x": "16"}, {"y": "48", "x": "31"}, {"y": "48", "x": "31"}, {"y": "48", "x": "31"}, {"y": "43", "x": "45"}, {"y": "38", "x": "59"}, {"y": "38", "x": "59"}, {"y": "33", "x": "74"}, {"y": "27", "x": "90"}, {"y": "27", "x": "90"}], [{"y": "26", "x": "201"}, {"y": "26", "x": "201"}, {"y": "30", "x": "205"}, {"y": "34", "x": "209"}, {"y": "37", "x": "212"}, {"y": "41", "x": "216"}, {"y": "44", "x": "220"}, {"y": "48", "x": "224"}, {"y": "51", "x": "228"}, {"y": "51", "x": "228"}, {"y": "51", "x": "228"}, {"y": "55", "x": "231"}, {"y": "58", "x": "234"}, {"y": "61", "x": "237"}, {"y": "65", "x": "240"}, {"y": "68", "x": "243"}, {"y": "72", "x": "246"}, {"y": "75", "x": "249"}, {"y": "78", "x": "252"}, {"y": "82", "x": "255"}, {"y": "85", "x": "258"}, {"y": "85", "x": "258"}, {"y": "88", "x": "261"}, {"y": "92", "x": "264"}, {"y": "95", "x": "267"}, {"y": "98", "x": "270"}, {"y": "102", "x": "272"}, {"y": "105", "x": "275"}, {"y": "108", "x": "278"}, {"y": "111", "x": "281"}, {"y": "115", "x": "284"}, {"y": "118", "x": "287"}, {"y": "121", "x": "289"}, {"y": "125", "x": "292"}, {"y": "128", "x": "295"}, {"y": "131", "x": "298"}, {"y": "134", "x": "301"}, {"y": "134", "x": "301"}, {"y": "138", "x": "304"}, {"y": "142", "x": "308"}, {"y": "146", "x": "311"}, {"y": "150", "x": "315"}, {"y": "155", "x": "319"}, {"y": "155", "x": "319"}]]}