{"Lines": [[{"y": "24", "x": "210"}, {"y": "19", "x": "210"}, {"y": "28", "x": "211"}, {"y": "14", "x": "211"}, {"y": "14", "x": "211"}, {"y": "32", "x": "212"}, {"y": "36", "x": "213"}, {"y": "40", "x": "215"}, {"y": "44", "x": "216"}, {"y": "44", "x": "216"}, {"y": "44", "x": "216"}, {"y": "47", "x": "218"}, {"y": "51", "x": "220"}, {"y": "54", "x": "221"}, {"y": "57", "x": "223"}, {"y": "60", "x": "225"}, {"y": "64", "x": "227"}, {"y": "67", "x": "229"}, {"y": "70", "x": "231"}, {"y": "74", "x": "233"}, {"y": "77", "x": "235"}, {"y": "80", "x": "237"}, {"y": "84", "x": "238"}, {"y": "87", "x": "240"}, {"y": "87", "x": "240"}, {"y": "87", "x": "240"}, {"y": "90", "x": "242"}, {"y": "93", "x": "244"}, {"y": "96", "x": "246"}, {"y": "99", "x": "248"}, {"y": "103", "x": "250"}, {"y": "106", "x": "252"}, {"y": "109", "x": "254"}, {"y": "112", "x": "256"}, {"y": "115", "x": "258"}, {"y": "118", "x": "260"}, {"y": "121", "x": "262"}, {"y": "125", "x": "264"}, {"y": "128", "x": "266"}, {"y": "131", "x": "268"}, {"y": "134", "x": "270"}, {"y": "137", "x": "272"}, {"y": "140", "x": "274"}, {"y": "143", "x": "276"}, {"y": "147", "x": "278"}, {"y": "150", "x": "280"}, {"y": "153", "x": "282"}, {"y": "156", "x": "284"}, {"y": "159", "x": "285"}, {"y": "162", "x": "287"}, {"y": "165", "x": "289"}, {"y": "169", "x": "291"}, {"y": "172", "x": "293"}, {"y": "175", "x": "295"}, {"y": "178", "x": "297"}], [{"y": "171", "x": "1"}, {"y": "171", "x": "1"}, {"y": "167", "x": "3"}, {"y": "164", "x": "6"}, {"y": "161", "x": "9"}, {"y": "157", "x": "11"}, {"y": "154", "x": "14"}, {"y": "151", "x": "17"}, {"y": "148", "x": "20"}, {"y": "144", "x": "22"}, {"y": "141", "x": "25"}, {"y": "138", "x": "28"}, {"y": "135", "x": "30"}, {"y": "131", "x": "33"}, {"y": "131", "x": "33"}, {"y": "131", "x": "33"}, {"y": "128", "x": "36"}, {"y": "125", "x": "39"}, {"y": "122", "x": "42"}, {"y": "118", "x": "46"}, {"y": "115", "x": "49"}, {"y": "112", "x": "52"}, {"y": "109", "x": "55"}, {"y": "105", "x": "58"}, {"y": "102", "x": "61"}, {"y": "99", "x": "64"}, {"y": "96", "x": "67"}, {"y": "92", "x": "71"}, {"y": "89", "x": "74"}, {"y": "86", "x": "77"}, {"y": "86", "x": "77"}, {"y": "86", "x": "77"}, {"y": "83", "x": "80"}, {"y": "79", "x": "83"}, {"y": "76", "x": "86"}, {"y": "73", "x": "90"}, {"y": "69", "x": "93"}, {"y": "66", "x": "96"}, {"y": "63", "x": "99"}, {"y": "60", "x": "102"}, {"y": "56", "x": "106"}, {"y": "53", "x": "109"}, {"y": "50", "x": "112"}, {"y": "50", "x": "112"}, {"y": "46", "x": "117"}, {"y": "42", "x": "121"}, {"y": "38", "x": "126"}, {"y": "35", "x": "130"}, {"y": "31", "x": "135"}, {"y": "27", "x": "140"}, {"y": "27", "x": "140"}, {"y": "27", "x": "140"}, {"y": "23", "x": "146"}, {"y": "20", "x": "152"}, {"y": "16", "x": "158"}, {"y": "12", "x": "164"}], [{"y": "56", "x": "0"}, {"y": "56", "x": "0"}, {"y": "51", "x": "11"}, {"y": "47", "x": "22"}, {"y": "43", "x": "33"}, {"y": "43", "x": "33"}, {"y": "43", "x": "33"}, {"y": "37", "x": "49"}, {"y": "31", "x": "65"}, {"y": "31", "x": "65"}, {"y": "31", "x": "65"}, {"y": "26", "x": "81"}, {"y": "21", "x": "97"}, {"y": "21", "x": "97"}]]}