{"Lines": [[{"y": "29", "x": "185"}, {"y": "29", "x": "185"}, {"y": "23", "x": "186"}, {"y": "18", "x": "186"}, {"y": "18", "x": "186"}, {"y": "33", "x": "188"}, {"y": "37", "x": "190"}, {"y": "41", "x": "192"}, {"y": "45", "x": "195"}, {"y": "45", "x": "195"}, {"y": "45", "x": "195"}, {"y": "49", "x": "197"}, {"y": "52", "x": "200"}, {"y": "56", "x": "203"}, {"y": "59", "x": "205"}, {"y": "63", "x": "208"}, {"y": "66", "x": "211"}, {"y": "70", "x": "213"}, {"y": "73", "x": "216"}, {"y": "77", "x": "219"}, {"y": "80", "x": "222"}, {"y": "80", "x": "222"}, {"y": "80", "x": "222"}, {"y": "83", "x": "224"}, {"y": "86", "x": "227"}, {"y": "90", "x": "230"}, {"y": "93", "x": "233"}, {"y": "96", "x": "236"}, {"y": "99", "x": "239"}, {"y": "102", "x": "242"}, {"y": "106", "x": "245"}, {"y": "109", "x": "247"}, {"y": "112", "x": "250"}, {"y": "115", "x": "253"}, {"y": "118", "x": "256"}, {"y": "121", "x": "259"}, {"y": "125", "x": "262"}, {"y": "128", "x": "265"}, {"y": "131", "x": "268"}, {"y": "134", "x": "271"}, {"y": "134", "x": "271"}, {"y": "138", "x": "274"}, {"y": "141", "x": "277"}, {"y": "144", "x": "280"}, {"y": "148", "x": "284"}, {"y": "151", "x": "287"}, {"y": "155", "x": "290"}, {"y": "158", "x": "294"}, {"y": "161", "x": "297"}, {"y": "165", "x": "300"}, {"y": "168", "x": "304"}, {"y": "172", "x": "307"}, {"y": "175", "x": "310"}, {"y": "179", "x": "314"}], [{"y": "45", "x": "0"}, {"y": "45", "x": "0"}, {"y": "39", "x": "16"}, {"y": "33", "x": "32"}, {"y": "33", "x": "32"}, {"y": "33", "x": "32"}, {"y": "25", "x": "59"}, {"y": "25", "x": "59"}, {"y": "19", "x": "81"}, {"y": "14", "x": "101"}, {"y": "14", "x": "101"}, {"y": "9", "x": "125"}, {"y": "9", "x": "125"}]]}