{"Lines": [[{"y": "168", "x": "0"}, {"y": "165", "x": "3"}, {"y": "162", "x": "6"}, {"y": "158", "x": "8"}, {"y": "155", "x": "11"}, {"y": "152", "x": "14"}, {"y": "148", "x": "17"}, {"y": "145", "x": "19"}, {"y": "142", "x": "22"}, {"y": "138", "x": "25"}, {"y": "135", "x": "27"}, {"y": "132", "x": "30"}, {"y": "128", "x": "33"}, {"y": "125", "x": "36"}, {"y": "122", "x": "38"}, {"y": "118", "x": "41"}, {"y": "118", "x": "41"}, {"y": "118", "x": "41"}, {"y": "115", "x": "44"}, {"y": "112", "x": "47"}, {"y": "108", "x": "49"}, {"y": "105", "x": "52"}, {"y": "102", "x": "55"}, {"y": "98", "x": "58"}, {"y": "95", "x": "61"}, {"y": "92", "x": "64"}, {"y": "88", "x": "66"}, {"y": "85", "x": "69"}, {"y": "85", "x": "69"}, {"y": "85", "x": "69"}, {"y": "81", "x": "73"}, {"y": "78", "x": "76"}, {"y": "74", "x": "79"}, {"y": "70", "x": "82"}, {"y": "66", "x": "85"}, {"y": "63", "x": "89"}, {"y": "59", "x": "92"}, {"y": "55", "x": "95"}, {"y": "55", "x": "95"}, {"y": "55", "x": "95"}, {"y": "51", "x": "99"}, {"y": "47", "x": "102"}, {"y": "44", "x": "106"}, {"y": "40", "x": "110"}, {"y": "36", "x": "113"}, {"y": "36", "x": "113"}, {"y": "36", "x": "113"}, {"y": "31", "x": "118"}, {"y": "27", "x": "123"}, {"y": "23", "x": "128"}, {"y": "18", "x": "133"}, {"y": "18", "x": "133"}], [{"y": "16", "x": "180"}, {"y": "20", "x": "182"}, {"y": "24", "x": "183"}, {"y": "28", "x": "184"}, {"y": "32", "x": "186"}, {"y": "35", "x": "187"}, {"y": "35", "x": "187"}, {"y": "35", "x": "187"}, {"y": "39", "x": "189"}, {"y": "43", "x": "190"}, {"y": "46", "x": "192"}, {"y": "50", "x": "194"}, {"y": "54", "x": "196"}, {"y": "57", "x": "197"}, {"y": "61", "x": "199"}, {"y": "61", "x": "199"}, {"y": "61", "x": "199"}, {"y": "64", "x": "201"}, {"y": "68", "x": "203"}, {"y": "71", "x": "204"}, {"y": "75", "x": "206"}, {"y": "78", "x": "208"}, {"y": "81", "x": "210"}, {"y": "85", "x": "212"}, {"y": "88", "x": "213"}, {"y": "92", "x": "215"}, {"y": "95", "x": "217"}, {"y": "95", "x": "217"}, {"y": "98", "x": "219"}, {"y": "102", "x": "221"}, {"y": "105", "x": "222"}, {"y": "108", "x": "224"}, {"y": "112", "x": "226"}, {"y": "115", "x": "228"}, {"y": "118", "x": "229"}, {"y": "121", "x": "231"}, {"y": "125", "x": "233"}, {"y": "128", "x": "235"}, {"y": "131", "x": "236"}, {"y": "135", "x": "238"}, {"y": "138", "x": "240"}, {"y": "141", "x": "242"}, {"y": "145", "x": "243"}, {"y": "148", "x": "245"}, {"y": "151", "x": "247"}, {"y": "155", "x": "249"}, {"y": "158", "x": "250"}, {"y": "158", "x": "250"}, {"y": "158", "x": "250"}, {"y": "162", "x": "253"}, {"y": "166", "x": "255"}, {"y": "170", "x": "258"}, {"y": "174", "x": "260"}, {"y": "179", "x": "262"}, {"y": "179", "x": "263"}], [{"y": "13", "x": "222"}, {"y": "13", "x": "222"}, {"y": "18", "x": "230"}, {"y": "23", "x": "238"}, {"y": "23", "x": "238"}, {"y": "23", "x": "238"}, {"y": "27", "x": "246"}, {"y": "31", "x": "254"}, {"y": "35", "x": "261"}, {"y": "35", "x": "261"}, {"y": "40", "x": "272"}, {"y": "46", "x": "283"}, {"y": "46", "x": "283"}, {"y": "46", "x": "283"}, {"y": "49", "x": "290"}, {"y": "53", "x": "297"}, {"y": "57", "x": "304"}, {"y": "60", "x": "311"}, {"y": "64", "x": "318"}]]}