{"Lines": [[{"y": "48", "x": "5"}, {"y": "48", "x": "5"}, {"y": "44", "x": "13"}, {"y": "39", "x": "21"}, {"y": "35", "x": "30"}, {"y": "31", "x": "38"}, {"y": "31", "x": "38"}, {"y": "31", "x": "38"}, {"y": "28", "x": "44"}, {"y": "24", "x": "51"}, {"y": "21", "x": "57"}, {"y": "17", "x": "63"}, {"y": "13", "x": "70"}, {"y": "10", "x": "76"}, {"y": "10", "x": "76"}], [{"y": "155", "x": "0"}, {"y": "155", "x": "0"}, {"y": "151", "x": "3"}, {"y": "147", "x": "6"}, {"y": "144", "x": "9"}, {"y": "140", "x": "12"}, {"y": "136", "x": "15"}, {"y": "132", "x": "18"}, {"y": "129", "x": "21"}, {"y": "125", "x": "25"}, {"y": "125", "x": "25"}, {"y": "125", "x": "25"}, {"y": "122", "x": "27"}, {"y": "119", "x": "30"}, {"y": "116", "x": "33"}, {"y": "112", "x": "36"}, {"y": "109", "x": "39"}, {"y": "106", "x": "41"}, {"y": "103", "x": "44"}, {"y": "100", "x": "47"}, {"y": "97", "x": "50"}, {"y": "93", "x": "53"}, {"y": "90", "x": "55"}, {"y": "87", "x": "58"}, {"y": "84", "x": "61"}, {"y": "81", "x": "64"}, {"y": "78", "x": "67"}, {"y": "74", "x": "69"}, {"y": "71", "x": "72"}, {"y": "68", "x": "75"}, {"y": "65", "x": "78"}, {"y": "62", "x": "81"}, {"y": "62", "x": "81"}, {"y": "58", "x": "83"}, {"y": "55", "x": "86"}, {"y": "52", "x": "89"}, {"y": "49", "x": "91"}, {"y": "45", "x": "94"}, {"y": "42", "x": "96"}, {"y": "39", "x": "99"}, {"y": "35", "x": "102"}, {"y": "32", "x": "104"}, {"y": "29", "x": "107"}, {"y": "26", "x": "109"}, {"y": "22", "x": "112"}, {"y": "22", "x": "112"}, {"y": "22", "x": "112"}, {"y": "18", "x": "114"}, {"y": "13", "x": "116"}, {"y": "9", "x": "118"}, {"y": "4", "x": "120"}, {"y": "4", "x": "120"}], [{"y": "8", "x": "157"}, {"y": "8", "x": "157"}, {"y": "17", "x": "166"}, {"y": "17", "x": "166"}, {"y": "17", "x": "166"}, {"y": "20", "x": "168"}, {"y": "24", "x": "171"}, {"y": "27", "x": "173"}, {"y": "31", "x": "175"}, {"y": "34", "x": "177"}, {"y": "38", "x": "179"}, {"y": "41", "x": "181"}, {"y": "45", "x": "183"}, {"y": "48", "x": "186"}, {"y": "48", "x": "186"}, {"y": "48", "x": "186"}, {"y": "51", "x": "187"}, {"y": "55", "x": "189"}, {"y": "58", "x": "190"}, {"y": "61", "x": "192"}, {"y": "64", "x": "194"}, {"y": "67", "x": "195"}, {"y": "71", "x": "197"}, {"y": "74", "x": "198"}, {"y": "77", "x": "200"}, {"y": "80", "x": "202"}, {"y": "83", "x": "203"}, {"y": "87", "x": "205"}, {"y": "90", "x": "207"}, {"y": "93", "x": "208"}, {"y": "96", "x": "210"}, {"y": "100", "x": "211"}, {"y": "103", "x": "213"}, {"y": "106", "x": "215"}, {"y": "109", "x": "216"}, {"y": "112", "x": "218"}, {"y": "116", "x": "219"}, {"y": "119", "x": "221"}, {"y": "122", "x": "223"}, {"y": "122", "x": "223"}, {"y": "122", "x": "223"}, {"y": "125", "x": "224"}, {"y": "129", "x": "226"}, {"y": "132", "x": "227"}, {"y": "135", "x": "229"}, {"y": "139", "x": "231"}, {"y": "142", "x": "232"}, {"y": "145", "x": "234"}, {"y": "149", "x": "236"}, {"y": "152", "x": "237"}, {"y": "155", "x": "239"}, {"y": "159", "x": "241"}, {"y": "162", "x": "242"}, {"y": "165", "x": "244"}, {"y": "169", "x": "246"}, {"y": "172", "x": "247"}, {"y": "175", "x": "249"}, {"y": "179", "x": "250"}, {"y": "179", "x": "251"}]]}