{"Lines": [[{"y": "179", "x": "32"}, {"y": "179", "x": "32"}, {"y": "175", "x": "33"}, {"y": "172", "x": "35"}, {"y": "169", "x": "37"}, {"y": "166", "x": "39"}, {"y": "163", "x": "41"}, {"y": "159", "x": "43"}, {"y": "156", "x": "45"}, {"y": "153", "x": "47"}, {"y": "150", "x": "49"}, {"y": "147", "x": "51"}, {"y": "143", "x": "52"}, {"y": "140", "x": "54"}, {"y": "137", "x": "56"}, {"y": "134", "x": "58"}, {"y": "131", "x": "60"}, {"y": "127", "x": "62"}, {"y": "124", "x": "64"}, {"y": "121", "x": "66"}, {"y": "118", "x": "68"}, {"y": "115", "x": "70"}, {"y": "112", "x": "71"}, {"y": "108", "x": "73"}, {"y": "105", "x": "75"}, {"y": "102", "x": "77"}, {"y": "99", "x": "79"}, {"y": "96", "x": "81"}, {"y": "92", "x": "83"}, {"y": "89", "x": "85"}, {"y": "86", "x": "87"}, {"y": "86", "x": "87"}, {"y": "86", "x": "87"}, {"y": "83", "x": "89"}, {"y": "79", "x": "90"}, {"y": "76", "x": "92"}, {"y": "73", "x": "94"}, {"y": "69", "x": "96"}, {"y": "66", "x": "98"}, {"y": "63", "x": "100"}, {"y": "59", "x": "102"}, {"y": "56", "x": "103"}, {"y": "53", "x": "105"}, {"y": "49", "x": "107"}, {"y": "46", "x": "109"}, {"y": "43", "x": "111"}, {"y": "43", "x": "111"}, {"y": "43", "x": "111"}, {"y": "39", "x": "113"}, {"y": "36", "x": "114"}, {"y": "33", "x": "116"}, {"y": "30", "x": "117"}, {"y": "26", "x": "119"}, {"y": "23", "x": "121"}, {"y": "20", "x": "122"}, {"y": "16", "x": "124"}, {"y": "13", "x": "125"}, {"y": "10", "x": "127"}, {"y": "6", "x": "129"}, {"y": "3", "x": "130"}, {"y": "0", "x": "132"}, {"y": "0", "x": "132"}], [{"y": "1", "x": "188"}, {"y": "1", "x": "188"}, {"y": "4", "x": "190"}, {"y": "8", "x": "192"}, {"y": "11", "x": "194"}, {"y": "15", "x": "196"}, {"y": "19", "x": "198"}, {"y": "22", "x": "201"}, {"y": "22", "x": "201"}, {"y": "22", "x": "201"}, {"y": "26", "x": "203"}, {"y": "29", "x": "205"}, {"y": "32", "x": "207"}, {"y": "36", "x": "210"}, {"y": "39", "x": "212"}, {"y": "42", "x": "214"}, {"y": "46", "x": "216"}, {"y": "49", "x": "219"}, {"y": "52", "x": "221"}, {"y": "56", "x": "223"}, {"y": "59", "x": "226"}, {"y": "63", "x": "228"}, {"y": "66", "x": "230"}, {"y": "69", "x": "232"}, {"y": "69", "x": "232"}, {"y": "69", "x": "232"}, {"y": "73", "x": "235"}, {"y": "76", "x": "237"}, {"y": "79", "x": "240"}, {"y": "82", "x": "242"}, {"y": "85", "x": "244"}, {"y": "89", "x": "247"}, {"y": "92", "x": "249"}, {"y": "95", "x": "252"}, {"y": "98", "x": "254"}, {"y": "102", "x": "256"}, {"y": "105", "x": "259"}, {"y": "108", "x": "261"}, {"y": "111", "x": "264"}, {"y": "115", "x": "266"}, {"y": "118", "x": "268"}, {"y": "121", "x": "271"}, {"y": "121", "x": "271"}, {"y": "124", "x": "273"}, {"y": "127", "x": "276"}, {"y": "131", "x": "278"}, {"y": "134", "x": "280"}, {"y": "137", "x": "283"}, {"y": "140", "x": "285"}, {"y": "143", "x": "288"}, {"y": "147", "x": "290"}, {"y": "150", "x": "293"}, {"y": "153", "x": "295"}, {"y": "156", "x": "297"}, {"y": "159", "x": "300"}, {"y": "163", "x": "302"}, {"y": "166", "x": "305"}, {"y": "169", "x": "307"}, {"y": "172", "x": "310"}, {"y": "175", "x": "312"}, {"y": "179", "x": "314"}, {"y": "179", "x": "315"}], [{"y": "48", "x": "0"}, {"y": "48", "x": "0"}, {"y": "45", "x": "6"}, {"y": "41", "x": "11"}, {"y": "38", "x": "17"}, {"y": "34", "x": "23"}, {"y": "31", "x": "28"}, {"y": "27", "x": "34"}, {"y": "24", "x": "40"}, {"y": "20", "x": "46"}, {"y": "17", "x": "51"}, {"y": "17", "x": "51"}, {"y": "17", "x": "51"}, {"y": "13", "x": "58"}, {"y": "8", "x": "65"}, {"y": "4", "x": "72"}, {"y": "0", "x": "78"}]]}