{"Lines": [[{"y": "63", "x": "227"}, {"y": "63", "x": "227"}, {"y": "59", "x": "227"}, {"y": "56", "x": "227"}, {"y": "66", "x": "227"}, {"y": "52", "x": "227"}, {"y": "49", "x": "227"}, {"y": "69", "x": "227"}, {"y": "45", "x": "227"}, {"y": "42", "x": "227"}, {"y": "42", "x": "227"}, {"y": "42", "x": "227"}, {"y": "73", "x": "228"}, {"y": "76", "x": "228"}, {"y": "38", "x": "228"}, {"y": "80", "x": "228"}, {"y": "83", "x": "228"}, {"y": "34", "x": "228"}, {"y": "87", "x": "228"}, {"y": "90", "x": "229"}, {"y": "30", "x": "229"}, {"y": "94", "x": "229"}, {"y": "97", "x": "229"}, {"y": "97", "x": "229"}, {"y": "27", "x": "229"}, {"y": "23", "x": "230"}, {"y": "100", "x": "230"}, {"y": "19", "x": "230"}, {"y": "19", "x": "230"}, {"y": "104", "x": "230"}, {"y": "107", "x": "230"}, {"y": "110", "x": "231"}, {"y": "114", "x": "231"}, {"y": "117", "x": "232"}, {"y": "120", "x": "232"}, {"y": "123", "x": "233"}, {"y": "127", "x": "233"}, {"y": "130", "x": "234"}, {"y": "133", "x": "234"}, {"y": "136", "x": "235"}, {"y": "140", "x": "235"}, {"y": "143", "x": "235"}, {"y": "146", "x": "236"}, {"y": "149", "x": "236"}, {"y": "153", "x": "237"}, {"y": "156", "x": "237"}, {"y": "156", "x": "237"}, {"y": "156", "x": "237"}, {"y": "160", "x": "238"}, {"y": "163", "x": "238"}, {"y": "167", "x": "239"}, {"y": "171", "x": "239"}, {"y": "175", "x": "240"}, {"y": "179", "x": "241"}, {"y": "179", "x": "241"}], [{"y": "145", "x": "1"}, {"y": "145", "x": "1"}, {"y": "142", "x": "6"}, {"y": "138", "x": "10"}, {"y": "135", "x": "14"}, {"y": "131", "x": "19"}, {"y": "128", "x": "23"}, {"y": "124", "x": "27"}, {"y": "121", "x": "32"}, {"y": "117", "x": "36"}, {"y": "117", "x": "36"}, {"y": "117", "x": "36"}, {"y": "114", "x": "41"}, {"y": "110", "x": "46"}, {"y": "106", "x": "50"}, {"y": "103", "x": "55"}, {"y": "99", "x": "60"}, {"y": "96", "x": "64"}, {"y": "92", "x": "69"}, {"y": "88", "x": "74"}, {"y": "85", "x": "78"}, {"y": "85", "x": "78"}, {"y": "85", "x": "78"}, {"y": "81", "x": "83"}, {"y": "78", "x": "88"}, {"y": "74", "x": "93"}, {"y": "71", "x": "98"}, {"y": "67", "x": "102"}, {"y": "64", "x": "107"}, {"y": "60", "x": "112"}, {"y": "57", "x": "117"}, {"y": "54", "x": "122"}, {"y": "54", "x": "122"}, {"y": "54", "x": "122"}, {"y": "50", "x": "127"}, {"y": "46", "x": "133"}, {"y": "42", "x": "139"}, {"y": "38", "x": "144"}, {"y": "34", "x": "150"}, {"y": "34", "x": "150"}, {"y": "29", "x": "161"}, {"y": "23", "x": "171"}], [{"y": "17", "x": "283"}, {"y": "17", "x": "283"}, {"y": "21", "x": "287"}, {"y": "25", "x": "292"}, {"y": "29", "x": "296"}, {"y": "33", "x": "301"}, {"y": "33", "x": "301"}, {"y": "39", "x": "310"}, {"y": "45", "x": "319"}]]}