{"Lines": [[{"y": "179", "x": "72"}, {"y": "175", "x": "73"}, {"y": "171", "x": "74"}, {"y": "168", "x": "76"}, {"y": "164", "x": "77"}, {"y": "161", "x": "79"}, {"y": "157", "x": "80"}, {"y": "157", "x": "80"}, {"y": "157", "x": "80"}, {"y": "154", "x": "82"}, {"y": "151", "x": "83"}, {"y": "147", "x": "85"}, {"y": "144", "x": "86"}, {"y": "141", "x": "87"}, {"y": "137", "x": "89"}, {"y": "134", "x": "90"}, {"y": "131", "x": "92"}, {"y": "128", "x": "93"}, {"y": "124", "x": "94"}, {"y": "121", "x": "96"}, {"y": "118", "x": "97"}, {"y": "114", "x": "99"}, {"y": "111", "x": "100"}, {"y": "108", "x": "102"}, {"y": "104", "x": "103"}, {"y": "101", "x": "104"}, {"y": "98", "x": "106"}, {"y": "95", "x": "107"}, {"y": "95", "x": "107"}, {"y": "95", "x": "107"}, {"y": "91", "x": "109"}, {"y": "88", "x": "110"}, {"y": "84", "x": "111"}, {"y": "81", "x": "113"}, {"y": "77", "x": "114"}, {"y": "74", "x": "116"}, {"y": "71", "x": "117"}, {"y": "67", "x": "119"}, {"y": "64", "x": "120"}, {"y": "60", "x": "121"}, {"y": "57", "x": "123"}, {"y": "54", "x": "124"}, {"y": "54", "x": "124"}, {"y": "54", "x": "124"}, {"y": "50", "x": "126"}, {"y": "47", "x": "127"}, {"y": "43", "x": "128"}, {"y": "40", "x": "130"}, {"y": "37", "x": "131"}, {"y": "33", "x": "133"}, {"y": "30", "x": "134"}, {"y": "26", "x": "136"}, {"y": "23", "x": "137"}, {"y": "23", "x": "137"}, {"y": "23", "x": "137"}, {"y": "19", "x": "138"}, {"y": "16", "x": "140"}, {"y": "12", "x": "141"}, {"y": "9", "x": "142"}, {"y": "5", "x": "144"}, {"y": "2", "x": "145"}, {"y": "2", "x": "145"}], [{"y": "0", "x": "184"}, {"y": "0", "x": "184"}, {"y": "4", "x": "187"}, {"y": "8", "x": "190"}, {"y": "13", "x": "193"}, {"y": "17", "x": "197"}, {"y": "17", "x": "197"}, {"y": "20", "x": "200"}, {"y": "24", "x": "203"}, {"y": "27", "x": "206"}, {"y": "30", "x": "209"}, {"y": "34", "x": "212"}, {"y": "37", "x": "215"}, {"y": "41", "x": "218"}, {"y": "44", "x": "221"}, {"y": "47", "x": "224"}, {"y": "51", "x": "227"}, {"y": "54", "x": "230"}, {"y": "58", "x": "233"}, {"y": "58", "x": "233"}, {"y": "58", "x": "233"}, {"y": "61", "x": "236"}, {"y": "64", "x": "239"}, {"y": "68", "x": "243"}, {"y": "71", "x": "246"}, {"y": "74", "x": "249"}, {"y": "78", "x": "252"}, {"y": "81", "x": "255"}, {"y": "84", "x": "258"}, {"y": "88", "x": "261"}, {"y": "91", "x": "265"}, {"y": "94", "x": "268"}, {"y": "94", "x": "268"}, {"y": "94", "x": "268"}, {"y": "98", "x": "271"}, {"y": "101", "x": "274"}, {"y": "104", "x": "277"}, {"y": "108", "x": "280"}, {"y": "111", "x": "284"}, {"y": "114", "x": "287"}, {"y": "118", "x": "290"}, {"y": "121", "x": "293"}, {"y": "124", "x": "296"}, {"y": "128", "x": "299"}, {"y": "131", "x": "303"}, {"y": "134", "x": "306"}, {"y": "138", "x": "309"}, {"y": "141", "x": "312"}, {"y": "144", "x": "315"}, {"y": "148", "x": "318"}, {"y": "148", "x": "319"}], [{"y": "60", "x": "1"}, {"y": "60", "x": "1"}, {"y": "56", "x": "8"}, {"y": "52", "x": "14"}, {"y": "48", "x": "21"}, {"y": "44", "x": "27"}, {"y": "40", "x": "34"}, {"y": "40", "x": "34"}, {"y": "40", "x": "34"}, {"y": "37", "x": "41"}, {"y": "33", "x": "48"}, {"y": "29", "x": "56"}, {"y": "25", "x": "63"}, {"y": "21", "x": "70"}, {"y": "21", "x": "70"}, {"y": "21", "x": "70"}, {"y": "17", "x": "76"}, {"y": "14", "x": "82"}, {"y": "10", "x": "88"}, {"y": "7", "x": "94"}, {"y": "3", "x": "100"}, {"y": "0", "x": "107"}, {"y": "0", "x": "107"}]]}