{"Lines": [[{"y": "52", "x": "0"}, {"y": "52", "x": "0"}, {"y": "47", "x": "13"}, {"y": "42", "x": "26"}, {"y": "42", "x": "26"}, {"y": "42", "x": "26"}, {"y": "37", "x": "39"}, {"y": "33", "x": "52"}, {"y": "33", "x": "52"}, {"y": "33", "x": "52"}, {"y": "28", "x": "62"}, {"y": "23", "x": "73"}, {"y": "18", "x": "83"}, {"y": "18", "x": "83"}], [{"y": "172", "x": "0"}, {"y": "172", "x": "0"}, {"y": "168", "x": "3"}, {"y": "164", "x": "6"}, {"y": "161", "x": "9"}, {"y": "157", "x": "13"}, {"y": "153", "x": "16"}, {"y": "153", "x": "16"}, {"y": "153", "x": "16"}, {"y": "150", "x": "18"}, {"y": "147", "x": "21"}, {"y": "143", "x": "24"}, {"y": "140", "x": "26"}, {"y": "137", "x": "29"}, {"y": "134", "x": "32"}, {"y": "130", "x": "34"}, {"y": "127", "x": "37"}, {"y": "124", "x": "40"}, {"y": "120", "x": "42"}, {"y": "117", "x": "45"}, {"y": "117", "x": "45"}, {"y": "117", "x": "45"}, {"y": "114", "x": "48"}, {"y": "110", "x": "50"}, {"y": "107", "x": "53"}, {"y": "103", "x": "56"}, {"y": "100", "x": "59"}, {"y": "96", "x": "61"}, {"y": "93", "x": "64"}, {"y": "93", "x": "64"}, {"y": "89", "x": "67"}, {"y": "85", "x": "70"}, {"y": "81", "x": "73"}, {"y": "78", "x": "76"}, {"y": "74", "x": "79"}, {"y": "70", "x": "82"}, {"y": "66", "x": "85"}, {"y": "66", "x": "85"}, {"y": "62", "x": "88"}, {"y": "58", "x": "91"}, {"y": "54", "x": "95"}, {"y": "50", "x": "98"}, {"y": "46", "x": "102"}, {"y": "46", "x": "102"}, {"y": "42", "x": "105"}, {"y": "39", "x": "108"}, {"y": "35", "x": "112"}, {"y": "31", "x": "115"}, {"y": "27", "x": "118"}, {"y": "24", "x": "122"}, {"y": "24", "x": "122"}], [{"y": "21", "x": "171"}, {"y": "21", "x": "171"}, {"y": "25", "x": "174"}, {"y": "29", "x": "177"}, {"y": "33", "x": "179"}, {"y": "36", "x": "182"}, {"y": "36", "x": "182"}, {"y": "36", "x": "182"}, {"y": "40", "x": "185"}, {"y": "44", "x": "187"}, {"y": "47", "x": "189"}, {"y": "51", "x": "192"}, {"y": "54", "x": "194"}, {"y": "58", "x": "196"}, {"y": "62", "x": "198"}, {"y": "62", "x": "198"}, {"y": "65", "x": "201"}, {"y": "69", "x": "203"}, {"y": "72", "x": "205"}, {"y": "76", "x": "207"}, {"y": "79", "x": "209"}, {"y": "83", "x": "211"}, {"y": "86", "x": "213"}, {"y": "90", "x": "215"}, {"y": "93", "x": "217"}, {"y": "97", "x": "219"}, {"y": "97", "x": "219"}, {"y": "97", "x": "219"}, {"y": "100", "x": "221"}, {"y": "104", "x": "223"}, {"y": "107", "x": "225"}, {"y": "110", "x": "227"}, {"y": "114", "x": "229"}, {"y": "117", "x": "231"}, {"y": "121", "x": "233"}, {"y": "124", "x": "235"}, {"y": "128", "x": "237"}, {"y": "131", "x": "239"}, {"y": "134", "x": "241"}, {"y": "138", "x": "243"}, {"y": "141", "x": "245"}, {"y": "145", "x": "247"}, {"y": "145", "x": "247"}, {"y": "145", "x": "247"}, {"y": "148", "x": "249"}, {"y": "151", "x": "251"}, {"y": "155", "x": "253"}, {"y": "158", "x": "254"}, {"y": "162", "x": "256"}, {"y": "165", "x": "258"}, {"y": "168", "x": "260"}, {"y": "172", "x": "262"}, {"y": "175", "x": "264"}, {"y": "179", "x": "266"}]]}