{"Lines": [[{"y": "179", "x": "42"}, {"y": "179", "x": "42"}, {"y": "174", "x": "44"}, {"y": "170", "x": "46"}, {"y": "166", "x": "48"}, {"y": "162", "x": "50"}, {"y": "162", "x": "50"}, {"y": "162", "x": "50"}, {"y": "159", "x": "52"}, {"y": "156", "x": "54"}, {"y": "153", "x": "55"}, {"y": "150", "x": "57"}, {"y": "147", "x": "58"}, {"y": "143", "x": "60"}, {"y": "140", "x": "62"}, {"y": "137", "x": "63"}, {"y": "134", "x": "65"}, {"y": "131", "x": "67"}, {"y": "128", "x": "68"}, {"y": "125", "x": "70"}, {"y": "122", "x": "71"}, {"y": "118", "x": "73"}, {"y": "115", "x": "75"}, {"y": "112", "x": "76"}, {"y": "109", "x": "78"}, {"y": "106", "x": "80"}, {"y": "103", "x": "81"}, {"y": "100", "x": "83"}, {"y": "97", "x": "84"}, {"y": "94", "x": "86"}, {"y": "90", "x": "88"}, {"y": "87", "x": "89"}, {"y": "84", "x": "91"}, {"y": "81", "x": "93"}, {"y": "78", "x": "94"}, {"y": "75", "x": "96"}, {"y": "75", "x": "96"}, {"y": "75", "x": "96"}, {"y": "72", "x": "98"}, {"y": "68", "x": "99"}, {"y": "65", "x": "101"}, {"y": "62", "x": "103"}, {"y": "58", "x": "105"}, {"y": "55", "x": "106"}, {"y": "52", "x": "108"}, {"y": "49", "x": "110"}, {"y": "45", "x": "112"}, {"y": "42", "x": "113"}, {"y": "39", "x": "115"}, {"y": "39", "x": "115"}, {"y": "39", "x": "115"}, {"y": "35", "x": "116"}, {"y": "31", "x": "118"}, {"y": "28", "x": "119"}, {"y": "24", "x": "120"}, {"y": "20", "x": "121"}, {"y": "17", "x": "122"}, {"y": "17", "x": "122"}], [{"y": "15", "x": "166"}, {"y": "15", "x": "166"}, {"y": "18", "x": "170"}, {"y": "21", "x": "175"}, {"y": "25", "x": "179"}, {"y": "28", "x": "183"}, {"y": "31", "x": "187"}, {"y": "35", "x": "191"}, {"y": "38", "x": "195"}, {"y": "41", "x": "199"}, {"y": "45", "x": "203"}, {"y": "48", "x": "207"}, {"y": "48", "x": "207"}, {"y": "48", "x": "207"}, {"y": "51", "x": "210"}, {"y": "54", "x": "214"}, {"y": "58", "x": "217"}, {"y": "61", "x": "221"}, {"y": "64", "x": "224"}, {"y": "67", "x": "228"}, {"y": "70", "x": "231"}, {"y": "74", "x": "235"}, {"y": "77", "x": "238"}, {"y": "80", "x": "242"}, {"y": "83", "x": "245"}, {"y": "86", "x": "249"}, {"y": "90", "x": "252"}, {"y": "93", "x": "256"}, {"y": "96", "x": "259"}, {"y": "99", "x": "263"}, {"y": "102", "x": "266"}, {"y": "106", "x": "270"}, {"y": "106", "x": "270"}, {"y": "109", "x": "273"}, {"y": "112", "x": "277"}, {"y": "115", "x": "280"}, {"y": "119", "x": "284"}, {"y": "122", "x": "287"}, {"y": "125", "x": "291"}, {"y": "129", "x": "294"}, {"y": "132", "x": "298"}, {"y": "135", "x": "301"}, {"y": "138", "x": "305"}, {"y": "142", "x": "308"}, {"y": "145", "x": "312"}, {"y": "148", "x": "315"}, {"y": "152", "x": "319"}], [{"y": "53", "x": "0"}, {"y": "53", "x": "0"}, {"y": "48", "x": "13"}, {"y": "43", "x": "26"}, {"y": "43", "x": "26"}, {"y": "43", "x": "26"}, {"y": "38", "x": "36"}, {"y": "34", "x": "45"}, {"y": "30", "x": "55"}, {"y": "30", "x": "55"}, {"y": "30", "x": "55"}, {"y": "25", "x": "67"}, {"y": "20", "x": "79"}, {"y": "20", "x": "79"}, {"y": "15", "x": "84"}, {"y": "10", "x": "89"}, {"y": "10", "x": "89"}]]}