{"Lines": [[{"y": "173", "x": "0"}, {"y": "173", "x": "0"}, {"y": "169", "x": "2"}, {"y": "166", "x": "4"}, {"y": "163", "x": "7"}, {"y": "160", "x": "9"}, {"y": "156", "x": "11"}, {"y": "153", "x": "13"}, {"y": "150", "x": "15"}, {"y": "147", "x": "17"}, {"y": "143", "x": "19"}, {"y": "140", "x": "22"}, {"y": "137", "x": "24"}, {"y": "134", "x": "26"}, {"y": "130", "x": "28"}, {"y": "127", "x": "30"}, {"y": "124", "x": "32"}, {"y": "121", "x": "35"}, {"y": "117", "x": "37"}, {"y": "114", "x": "39"}, {"y": "111", "x": "41"}, {"y": "108", "x": "43"}, {"y": "108", "x": "43"}, {"y": "104", "x": "46"}, {"y": "101", "x": "48"}, {"y": "97", "x": "51"}, {"y": "94", "x": "53"}, {"y": "90", "x": "56"}, {"y": "87", "x": "58"}, {"y": "83", "x": "61"}, {"y": "80", "x": "64"}, {"y": "76", "x": "66"}, {"y": "73", "x": "69"}, {"y": "69", "x": "71"}, {"y": "69", "x": "71"}, {"y": "69", "x": "71"}, {"y": "65", "x": "74"}, {"y": "61", "x": "77"}, {"y": "57", "x": "80"}, {"y": "53", "x": "83"}, {"y": "49", "x": "86"}, {"y": "49", "x": "86"}, {"y": "49", "x": "86"}, {"y": "45", "x": "89"}, {"y": "42", "x": "92"}, {"y": "38", "x": "94"}, {"y": "35", "x": "97"}, {"y": "31", "x": "100"}, {"y": "28", "x": "102"}, {"y": "28", "x": "102"}, {"y": "28", "x": "102"}, {"y": "24", "x": "105"}, {"y": "21", "x": "108"}, {"y": "17", "x": "111"}, {"y": "14", "x": "114"}, {"y": "10", "x": "117"}, {"y": "7", "x": "120"}, {"y": "4", "x": "123"}], [{"y": "2", "x": "158"}, {"y": "2", "x": "158"}, {"y": "6", "x": "159"}, {"y": "10", "x": "160"}, {"y": "14", "x": "161"}, {"y": "18", "x": "162"}, {"y": "18", "x": "162"}, {"y": "22", "x": "165"}, {"y": "26", "x": "167"}, {"y": "30", "x": "169"}, {"y": "34", "x": "172"}, {"y": "38", "x": "174"}, {"y": "38", "x": "174"}, {"y": "38", "x": "174"}, {"y": "41", "x": "176"}, {"y": "44", "x": "178"}, {"y": "48", "x": "181"}, {"y": "51", "x": "183"}, {"y": "54", "x": "185"}, {"y": "58", "x": "187"}, {"y": "61", "x": "189"}, {"y": "64", "x": "192"}, {"y": "67", "x": "194"}, {"y": "71", "x": "196"}, {"y": "74", "x": "198"}, {"y": "74", "x": "198"}, {"y": "77", "x": "201"}, {"y": "81", "x": "203"}, {"y": "84", "x": "205"}, {"y": "87", "x": "207"}, {"y": "90", "x": "210"}, {"y": "94", "x": "212"}, {"y": "97", "x": "214"}, {"y": "100", "x": "216"}, {"y": "104", "x": "219"}, {"y": "107", "x": "221"}, {"y": "110", "x": "223"}, {"y": "114", "x": "225"}, {"y": "114", "x": "225"}, {"y": "114", "x": "225"}, {"y": "117", "x": "228"}, {"y": "120", "x": "230"}, {"y": "123", "x": "233"}, {"y": "127", "x": "235"}, {"y": "130", "x": "237"}, {"y": "133", "x": "240"}, {"y": "136", "x": "242"}, {"y": "140", "x": "245"}, {"y": "143", "x": "247"}, {"y": "146", "x": "249"}, {"y": "149", "x": "252"}, {"y": "153", "x": "254"}, {"y": "156", "x": "257"}, {"y": "159", "x": "259"}, {"y": "162", "x": "261"}, {"y": "166", "x": "264"}, {"y": "169", "x": "266"}, {"y": "172", "x": "269"}, {"y": "175", "x": "271"}, {"y": "179", "x": "273"}, {"y": "179", "x": "274"}], [{"y": "44", "x": "0"}, {"y": "44", "x": "0"}, {"y": "40", "x": "10"}, {"y": "35", "x": "21"}, {"y": "35", "x": "21"}, {"y": "35", "x": "21"}, {"y": "31", "x": "31"}, {"y": "27", "x": "40"}, {"y": "23", "x": "50"}, {"y": "23", "x": "50"}, {"y": "19", "x": "59"}, {"y": "15", "x": "68"}, {"y": "10", "x": "76"}, {"y": "6", "x": "87"}, {"y": "6", "x": "87"}]]}