{"Lines": [[{"y": "157", "x": "2"}, {"y": "157", "x": "2"}, {"y": "154", "x": "4"}, {"y": "151", "x": "6"}, {"y": "148", "x": "8"}, {"y": "145", "x": "10"}, {"y": "141", "x": "12"}, {"y": "138", "x": "14"}, {"y": "135", "x": "17"}, {"y": "132", "x": "19"}, {"y": "129", "x": "21"}, {"y": "125", "x": "23"}, {"y": "122", "x": "25"}, {"y": "119", "x": "27"}, {"y": "116", "x": "30"}, {"y": "113", "x": "32"}, {"y": "109", "x": "34"}, {"y": "106", "x": "36"}, {"y": "103", "x": "38"}, {"y": "100", "x": "40"}, {"y": "97", "x": "42"}, {"y": "93", "x": "45"}, {"y": "90", "x": "47"}, {"y": "87", "x": "49"}, {"y": "87", "x": "49"}, {"y": "84", "x": "51"}, {"y": "80", "x": "52"}, {"y": "77", "x": "54"}, {"y": "74", "x": "56"}, {"y": "70", "x": "58"}, {"y": "67", "x": "59"}, {"y": "64", "x": "61"}, {"y": "61", "x": "63"}, {"y": "57", "x": "65"}, {"y": "54", "x": "66"}, {"y": "51", "x": "68"}, {"y": "47", "x": "70"}, {"y": "16", "x": "70"}, {"y": "16", "x": "70"}, {"y": "44", "x": "72"}, {"y": "44", "x": "72"}, {"y": "21", "x": "72"}, {"y": "40", "x": "72"}, {"y": "36", "x": "73"}, {"y": "31", "x": "73"}, {"y": "27", "x": "74"}, {"y": "27", "x": "74"}], [{"y": "19", "x": "131"}, {"y": "19", "x": "131"}, {"y": "22", "x": "136"}, {"y": "26", "x": "141"}, {"y": "30", "x": "146"}, {"y": "33", "x": "151"}, {"y": "37", "x": "156"}, {"y": "37", "x": "156"}, {"y": "37", "x": "156"}, {"y": "40", "x": "159"}, {"y": "44", "x": "162"}, {"y": "47", "x": "165"}, {"y": "50", "x": "168"}, {"y": "54", "x": "171"}, {"y": "57", "x": "174"}, {"y": "61", "x": "177"}, {"y": "64", "x": "180"}, {"y": "67", "x": "184"}, {"y": "71", "x": "187"}, {"y": "74", "x": "190"}, {"y": "74", "x": "190"}, {"y": "74", "x": "190"}, {"y": "77", "x": "192"}, {"y": "81", "x": "195"}, {"y": "84", "x": "197"}, {"y": "87", "x": "199"}, {"y": "90", "x": "202"}, {"y": "94", "x": "204"}, {"y": "97", "x": "207"}, {"y": "100", "x": "209"}, {"y": "104", "x": "212"}, {"y": "107", "x": "214"}, {"y": "110", "x": "217"}, {"y": "113", "x": "219"}, {"y": "117", "x": "221"}, {"y": "120", "x": "224"}, {"y": "123", "x": "226"}, {"y": "126", "x": "229"}, {"y": "130", "x": "231"}, {"y": "133", "x": "234"}, {"y": "136", "x": "236"}, {"y": "136", "x": "236"}, {"y": "136", "x": "236"}, {"y": "140", "x": "238"}, {"y": "143", "x": "241"}, {"y": "147", "x": "243"}, {"y": "150", "x": "245"}, {"y": "154", "x": "248"}, {"y": "157", "x": "250"}, {"y": "160", "x": "252"}, {"y": "164", "x": "255"}, {"y": "167", "x": "257"}, {"y": "171", "x": "259"}, {"y": "174", "x": "262"}, {"y": "178", "x": "264"}], [{"y": "30", "x": "1"}, {"y": "30", "x": "1"}, {"y": "22", "x": "11"}, {"y": "22", "x": "11"}, {"y": "22", "x": "11"}, {"y": "18", "x": "14"}, {"y": "13", "x": "17"}, {"y": "9", "x": "20"}, {"y": "9", "x": "20"}]]}