{"Lines": [[{"y": "179", "x": "23"}, {"y": "179", "x": "24"}, {"y": "175", "x": "25"}, {"y": "172", "x": "27"}, {"y": "169", "x": "29"}, {"y": "166", "x": "31"}, {"y": "163", "x": "33"}, {"y": "160", "x": "35"}, {"y": "156", "x": "37"}, {"y": "153", "x": "39"}, {"y": "150", "x": "41"}, {"y": "147", "x": "43"}, {"y": "144", "x": "45"}, {"y": "141", "x": "47"}, {"y": "138", "x": "49"}, {"y": "134", "x": "51"}, {"y": "131", "x": "53"}, {"y": "128", "x": "55"}, {"y": "125", "x": "57"}, {"y": "122", "x": "59"}, {"y": "119", "x": "61"}, {"y": "116", "x": "63"}, {"y": "112", "x": "65"}, {"y": "109", "x": "66"}, {"y": "106", "x": "68"}, {"y": "103", "x": "70"}, {"y": "100", "x": "72"}, {"y": "97", "x": "74"}, {"y": "94", "x": "76"}, {"y": "90", "x": "78"}, {"y": "87", "x": "80"}, {"y": "84", "x": "82"}, {"y": "81", "x": "84"}, {"y": "78", "x": "86"}, {"y": "75", "x": "88"}, {"y": "72", "x": "90"}, {"y": "72", "x": "90"}, {"y": "72", "x": "90"}, {"y": "68", "x": "92"}, {"y": "65", "x": "94"}, {"y": "61", "x": "96"}, {"y": "58", "x": "98"}, {"y": "55", "x": "100"}, {"y": "51", "x": "102"}, {"y": "48", "x": "104"}, {"y": "45", "x": "106"}, {"y": "41", "x": "108"}, {"y": "38", "x": "110"}, {"y": "35", "x": "112"}, {"y": "31", "x": "114"}, {"y": "28", "x": "116"}, {"y": "25", "x": "118"}, {"y": "21", "x": "121"}, {"y": "18", "x": "123"}, {"y": "18", "x": "123"}, {"y": "18", "x": "123"}, {"y": "13", "x": "125"}, {"y": "9", "x": "128"}, {"y": "5", "x": "131"}, {"y": "0", "x": "134"}, {"y": "0", "x": "134"}], [{"y": "6", "x": "191"}, {"y": "6", "x": "191"}, {"y": "13", "x": "192"}, {"y": "13", "x": "192"}, {"y": "13", "x": "192"}, {"y": "16", "x": "195"}, {"y": "20", "x": "197"}, {"y": "23", "x": "200"}, {"y": "27", "x": "203"}, {"y": "31", "x": "205"}, {"y": "31", "x": "205"}, {"y": "34", "x": "207"}, {"y": "37", "x": "210"}, {"y": "40", "x": "212"}, {"y": "44", "x": "214"}, {"y": "47", "x": "216"}, {"y": "50", "x": "219"}, {"y": "53", "x": "221"}, {"y": "57", "x": "223"}, {"y": "60", "x": "225"}, {"y": "63", "x": "228"}, {"y": "66", "x": "230"}, {"y": "70", "x": "232"}, {"y": "73", "x": "234"}, {"y": "76", "x": "236"}, {"y": "80", "x": "239"}, {"y": "83", "x": "241"}, {"y": "86", "x": "243"}, {"y": "86", "x": "243"}, {"y": "86", "x": "243"}, {"y": "89", "x": "245"}, {"y": "92", "x": "248"}, {"y": "96", "x": "250"}, {"y": "99", "x": "252"}, {"y": "102", "x": "255"}, {"y": "105", "x": "257"}, {"y": "108", "x": "259"}, {"y": "112", "x": "262"}, {"y": "115", "x": "264"}, {"y": "118", "x": "266"}, {"y": "121", "x": "269"}, {"y": "124", "x": "271"}, {"y": "127", "x": "273"}, {"y": "131", "x": "276"}, {"y": "134", "x": "278"}, {"y": "137", "x": "280"}, {"y": "140", "x": "283"}, {"y": "143", "x": "285"}, {"y": "147", "x": "287"}, {"y": "150", "x": "290"}, {"y": "153", "x": "292"}, {"y": "156", "x": "294"}, {"y": "159", "x": "297"}, {"y": "163", "x": "299"}, {"y": "166", "x": "301"}, {"y": "169", "x": "304"}, {"y": "172", "x": "306"}, {"y": "175", "x": "308"}, {"y": "179", "x": "311"}, {"y": "179", "x": "311"}], [{"y": "43", "x": "0"}, {"y": "43", "x": "0"}, {"y": "38", "x": "8"}, {"y": "34", "x": "17"}, {"y": "30", "x": "25"}, {"y": "25", "x": "34"}, {"y": "25", "x": "34"}, {"y": "25", "x": "34"}, {"y": "22", "x": "41"}, {"y": "18", "x": "48"}, {"y": "14", "x": "55"}, {"y": "11", "x": "62"}, {"y": "7", "x": "70"}, {"y": "3", "x": "77"}, {"y": "0", "x": "84"}, {"y": "0", "x": "84"}]]}