{"Lines": [[{"y": "179", "x": "25"}, {"y": "179", "x": "25"}, {"y": "175", "x": "27"}, {"y": "172", "x": "29"}, {"y": "169", "x": "31"}, {"y": "166", "x": "33"}, {"y": "162", "x": "35"}, {"y": "159", "x": "38"}, {"y": "156", "x": "40"}, {"y": "153", "x": "42"}, {"y": "150", "x": "44"}, {"y": "146", "x": "46"}, {"y": "143", "x": "49"}, {"y": "140", "x": "51"}, {"y": "137", "x": "53"}, {"y": "133", "x": "55"}, {"y": "130", "x": "57"}, {"y": "127", "x": "59"}, {"y": "127", "x": "59"}, {"y": "127", "x": "60"}, {"y": "124", "x": "62"}, {"y": "121", "x": "64"}, {"y": "118", "x": "66"}, {"y": "115", "x": "68"}, {"y": "111", "x": "70"}, {"y": "108", "x": "73"}, {"y": "105", "x": "75"}, {"y": "102", "x": "77"}, {"y": "99", "x": "79"}, {"y": "96", "x": "81"}, {"y": "93", "x": "84"}, {"y": "90", "x": "86"}, {"y": "86", "x": "88"}, {"y": "83", "x": "90"}, {"y": "80", "x": "92"}, {"y": "77", "x": "94"}, {"y": "74", "x": "97"}, {"y": "71", "x": "99"}, {"y": "68", "x": "101"}, {"y": "64", "x": "103"}, {"y": "61", "x": "105"}, {"y": "58", "x": "108"}, {"y": "55", "x": "110"}, {"y": "52", "x": "112"}, {"y": "49", "x": "114"}, {"y": "46", "x": "116"}, {"y": "43", "x": "119"}, {"y": "39", "x": "121"}, {"y": "39", "x": "121"}, {"y": "39", "x": "121"}, {"y": "36", "x": "123"}, {"y": "32", "x": "126"}, {"y": "29", "x": "128"}, {"y": "25", "x": "131"}, {"y": "22", "x": "134"}, {"y": "18", "x": "136"}, {"y": "14", "x": "139"}, {"y": "11", "x": "141"}, {"y": "7", "x": "144"}, {"y": "4", "x": "146"}, {"y": "4", "x": "146"}], [{"y": "56", "x": "0"}, {"y": "56", "x": "0"}, {"y": "52", "x": "8"}, {"y": "49", "x": "15"}, {"y": "45", "x": "22"}, {"y": "42", "x": "30"}, {"y": "38", "x": "37"}, {"y": "34", "x": "45"}, {"y": "34", "x": "45"}, {"y": "34", "x": "45"}, {"y": "31", "x": "53"}, {"y": "27", "x": "62"}, {"y": "23", "x": "71"}, {"y": "19", "x": "79"}, {"y": "15", "x": "88"}, {"y": "11", "x": "96"}], [{"y": "1", "x": "185"}, {"y": "1", "x": "185"}, {"y": "5", "x": "187"}, {"y": "9", "x": "189"}, {"y": "13", "x": "190"}, {"y": "17", "x": "192"}, {"y": "21", "x": "194"}, {"y": "24", "x": "196"}, {"y": "28", "x": "198"}, {"y": "28", "x": "198"}, {"y": "34", "x": "205"}, {"y": "40", "x": "211"}, {"y": "40", "x": "211"}]]}