{"Lines": [[{"y": "178", "x": "28"}, {"y": "178", "x": "28"}, {"y": "175", "x": "30"}, {"y": "171", "x": "32"}, {"y": "168", "x": "34"}, {"y": "165", "x": "36"}, {"y": "162", "x": "39"}, {"y": "158", "x": "41"}, {"y": "155", "x": "43"}, {"y": "152", "x": "45"}, {"y": "148", "x": "47"}, {"y": "145", "x": "49"}, {"y": "142", "x": "52"}, {"y": "139", "x": "54"}, {"y": "135", "x": "56"}, {"y": "132", "x": "58"}, {"y": "129", "x": "60"}, {"y": "126", "x": "62"}, {"y": "122", "x": "65"}, {"y": "119", "x": "67"}, {"y": "116", "x": "69"}, {"y": "113", "x": "71"}, {"y": "109", "x": "73"}, {"y": "109", "x": "73"}, {"y": "109", "x": "73"}, {"y": "106", "x": "75"}, {"y": "103", "x": "78"}, {"y": "99", "x": "80"}, {"y": "96", "x": "82"}, {"y": "92", "x": "84"}, {"y": "89", "x": "86"}, {"y": "86", "x": "89"}, {"y": "82", "x": "91"}, {"y": "79", "x": "93"}, {"y": "76", "x": "95"}, {"y": "72", "x": "97"}, {"y": "69", "x": "100"}, {"y": "65", "x": "102"}, {"y": "62", "x": "104"}, {"y": "59", "x": "106"}, {"y": "59", "x": "106"}, {"y": "59", "x": "106"}, {"y": "55", "x": "109"}, {"y": "51", "x": "111"}, {"y": "48", "x": "114"}, {"y": "44", "x": "116"}, {"y": "41", "x": "118"}, {"y": "37", "x": "121"}, {"y": "33", "x": "123"}, {"y": "30", "x": "126"}, {"y": "30", "x": "126"}, {"y": "30", "x": "126"}, {"y": "26", "x": "129"}, {"y": "22", "x": "133"}, {"y": "18", "x": "137"}, {"y": "14", "x": "140"}, {"y": "10", "x": "144"}, {"y": "6", "x": "148"}], [{"y": "2", "x": "185"}, {"y": "2", "x": "185"}, {"y": "5", "x": "187"}, {"y": "9", "x": "188"}, {"y": "13", "x": "190"}, {"y": "17", "x": "191"}, {"y": "17", "x": "191"}, {"y": "17", "x": "191"}, {"y": "20", "x": "193"}, {"y": "24", "x": "195"}, {"y": "27", "x": "198"}, {"y": "31", "x": "200"}, {"y": "34", "x": "202"}, {"y": "38", "x": "204"}, {"y": "41", "x": "206"}, {"y": "45", "x": "209"}, {"y": "45", "x": "209"}, {"y": "48", "x": "211"}, {"y": "51", "x": "213"}, {"y": "54", "x": "215"}, {"y": "58", "x": "218"}, {"y": "61", "x": "220"}, {"y": "64", "x": "222"}, {"y": "67", "x": "225"}, {"y": "71", "x": "227"}, {"y": "74", "x": "229"}, {"y": "77", "x": "231"}, {"y": "80", "x": "234"}, {"y": "83", "x": "236"}, {"y": "87", "x": "238"}, {"y": "90", "x": "240"}, {"y": "93", "x": "243"}, {"y": "96", "x": "245"}, {"y": "100", "x": "247"}, {"y": "103", "x": "249"}, {"y": "106", "x": "252"}, {"y": "109", "x": "254"}, {"y": "112", "x": "256"}, {"y": "116", "x": "258"}, {"y": "119", "x": "261"}, {"y": "119", "x": "261"}, {"y": "122", "x": "263"}, {"y": "125", "x": "265"}, {"y": "129", "x": "268"}, {"y": "132", "x": "270"}, {"y": "135", "x": "272"}, {"y": "139", "x": "275"}, {"y": "142", "x": "277"}, {"y": "145", "x": "279"}, {"y": "149", "x": "282"}, {"y": "152", "x": "284"}, {"y": "155", "x": "286"}, {"y": "159", "x": "289"}, {"y": "162", "x": "291"}, {"y": "165", "x": "293"}, {"y": "169", "x": "296"}, {"y": "172", "x": "298"}, {"y": "175", "x": "300"}, {"y": "179", "x": "303"}], [{"y": "57", "x": "0"}, {"y": "57", "x": "0"}, {"y": "53", "x": "8"}, {"y": "50", "x": "15"}, {"y": "46", "x": "22"}, {"y": "43", "x": "30"}, {"y": "39", "x": "37"}, {"y": "36", "x": "44"}, {"y": "32", "x": "52"}, {"y": "29", "x": "59"}, {"y": "29", "x": "59"}, {"y": "29", "x": "59"}, {"y": "25", "x": "67"}, {"y": "21", "x": "75"}, {"y": "18", "x": "83"}, {"y": "14", "x": "92"}, {"y": "10", "x": "100"}, {"y": "6", "x": "108"}, {"y": "3", "x": "116"}, {"y": "3", "x": "116"}]]}