{"Lines": [[{"y": "179", "x": "36"}, {"y": "179", "x": "37"}, {"y": "175", "x": "39"}, {"y": "172", "x": "41"}, {"y": "168", "x": "43"}, {"y": "165", "x": "45"}, {"y": "161", "x": "47"}, {"y": "158", "x": "49"}, {"y": "154", "x": "51"}, {"y": "151", "x": "53"}, {"y": "151", "x": "53"}, {"y": "151", "x": "53"}, {"y": "147", "x": "55"}, {"y": "144", "x": "57"}, {"y": "141", "x": "59"}, {"y": "138", "x": "61"}, {"y": "134", "x": "63"}, {"y": "131", "x": "65"}, {"y": "128", "x": "67"}, {"y": "125", "x": "69"}, {"y": "121", "x": "71"}, {"y": "118", "x": "73"}, {"y": "115", "x": "75"}, {"y": "111", "x": "77"}, {"y": "108", "x": "79"}, {"y": "105", "x": "81"}, {"y": "102", "x": "83"}, {"y": "98", "x": "85"}, {"y": "95", "x": "87"}, {"y": "92", "x": "89"}, {"y": "88", "x": "91"}, {"y": "85", "x": "93"}, {"y": "82", "x": "95"}, {"y": "79", "x": "97"}, {"y": "75", "x": "99"}, {"y": "72", "x": "101"}, {"y": "69", "x": "103"}, {"y": "65", "x": "105"}, {"y": "62", "x": "107"}, {"y": "59", "x": "109"}, {"y": "55", "x": "111"}, {"y": "52", "x": "113"}, {"y": "49", "x": "115"}, {"y": "45", "x": "117"}, {"y": "42", "x": "119"}, {"y": "42", "x": "119"}, {"y": "38", "x": "120"}, {"y": "34", "x": "122"}, {"y": "31", "x": "123"}, {"y": "27", "x": "125"}, {"y": "23", "x": "126"}, {"y": "19", "x": "127"}, {"y": "16", "x": "129"}, {"y": "16", "x": "129"}], [{"y": "57", "x": "1"}, {"y": "57", "x": "1"}, {"y": "53", "x": "8"}, {"y": "49", "x": "16"}, {"y": "45", "x": "24"}, {"y": "41", "x": "32"}, {"y": "37", "x": "40"}, {"y": "37", "x": "40"}, {"y": "33", "x": "47"}, {"y": "29", "x": "54"}, {"y": "25", "x": "61"}, {"y": "21", "x": "68"}, {"y": "18", "x": "75"}, {"y": "18", "x": "75"}, {"y": "18", "x": "75"}, {"y": "12", "x": "80"}, {"y": "7", "x": "86"}], [{"y": "6", "x": "163"}, {"y": "6", "x": "163"}, {"y": "10", "x": "169"}, {"y": "14", "x": "175"}, {"y": "18", "x": "181"}, {"y": "18", "x": "181"}, {"y": "18", "x": "181"}, {"y": "22", "x": "185"}, {"y": "26", "x": "189"}, {"y": "29", "x": "193"}, {"y": "33", "x": "196"}, {"y": "37", "x": "200"}, {"y": "40", "x": "204"}, {"y": "40", "x": "204"}, {"y": "44", "x": "207"}, {"y": "47", "x": "210"}, {"y": "50", "x": "212"}, {"y": "54", "x": "215"}, {"y": "57", "x": "218"}, {"y": "61", "x": "220"}, {"y": "64", "x": "223"}, {"y": "67", "x": "226"}, {"y": "71", "x": "229"}, {"y": "74", "x": "231"}, {"y": "77", "x": "234"}, {"y": "81", "x": "237"}, {"y": "81", "x": "237"}, {"y": "84", "x": "239"}, {"y": "87", "x": "241"}, {"y": "90", "x": "244"}, {"y": "94", "x": "246"}, {"y": "97", "x": "249"}, {"y": "100", "x": "251"}, {"y": "103", "x": "254"}, {"y": "107", "x": "256"}, {"y": "110", "x": "258"}, {"y": "113", "x": "261"}, {"y": "116", "x": "263"}, {"y": "120", "x": "266"}, {"y": "123", "x": "268"}, {"y": "126", "x": "270"}, {"y": "129", "x": "273"}, {"y": "133", "x": "275"}, {"y": "136", "x": "278"}, {"y": "136", "x": "278"}, {"y": "139", "x": "280"}, {"y": "142", "x": "283"}, {"y": "146", "x": "285"}, {"y": "149", "x": "288"}, {"y": "152", "x": "290"}, {"y": "156", "x": "293"}, {"y": "159", "x": "295"}, {"y": "162", "x": "298"}, {"y": "165", "x": "300"}, {"y": "169", "x": "303"}, {"y": "172", "x": "305"}, {"y": "175", "x": "308"}, {"y": "179", "x": "311"}, {"y": "179", "x": "311"}]]}