{"Lines": [[{"y": "179", "x": "8"}, {"y": "179", "x": "8"}, {"y": "175", "x": "10"}, {"y": "172", "x": "12"}, {"y": "169", "x": "14"}, {"y": "165", "x": "17"}, {"y": "162", "x": "19"}, {"y": "159", "x": "21"}, {"y": "156", "x": "23"}, {"y": "152", "x": "26"}, {"y": "149", "x": "28"}, {"y": "146", "x": "30"}, {"y": "143", "x": "32"}, {"y": "139", "x": "35"}, {"y": "136", "x": "37"}, {"y": "133", "x": "39"}, {"y": "133", "x": "39"}, {"y": "133", "x": "39"}, {"y": "130", "x": "41"}, {"y": "126", "x": "43"}, {"y": "123", "x": "46"}, {"y": "120", "x": "48"}, {"y": "117", "x": "50"}, {"y": "114", "x": "52"}, {"y": "110", "x": "54"}, {"y": "107", "x": "56"}, {"y": "104", "x": "58"}, {"y": "101", "x": "60"}, {"y": "98", "x": "62"}, {"y": "95", "x": "65"}, {"y": "91", "x": "67"}, {"y": "88", "x": "69"}, {"y": "85", "x": "71"}, {"y": "82", "x": "73"}, {"y": "79", "x": "75"}, {"y": "79", "x": "75"}, {"y": "79", "x": "75"}, {"y": "75", "x": "77"}, {"y": "71", "x": "79"}, {"y": "68", "x": "81"}, {"y": "64", "x": "83"}, {"y": "60", "x": "85"}, {"y": "57", "x": "87"}, {"y": "53", "x": "89"}, {"y": "49", "x": "91"}, {"y": "49", "x": "91"}, {"y": "49", "x": "91"}, {"y": "46", "x": "93"}, {"y": "42", "x": "95"}, {"y": "38", "x": "97"}, {"y": "34", "x": "99"}, {"y": "30", "x": "100"}, {"y": "27", "x": "100"}, {"y": "23", "x": "101"}, {"y": "19", "x": "102"}, {"y": "13", "x": "102"}, {"y": "7", "x": "103"}, {"y": "7", "x": "103"}], [{"y": "9", "x": "143"}, {"y": "9", "x": "143"}, {"y": "17", "x": "155"}, {"y": "17", "x": "155"}, {"y": "17", "x": "155"}, {"y": "21", "x": "160"}, {"y": "25", "x": "164"}, {"y": "29", "x": "168"}, {"y": "33", "x": "172"}, {"y": "37", "x": "176"}, {"y": "37", "x": "176"}, {"y": "37", "x": "176"}, {"y": "40", "x": "179"}, {"y": "44", "x": "182"}, {"y": "47", "x": "185"}, {"y": "51", "x": "188"}, {"y": "54", "x": "191"}, {"y": "58", "x": "194"}, {"y": "61", "x": "197"}, {"y": "65", "x": "199"}, {"y": "68", "x": "202"}, {"y": "72", "x": "205"}, {"y": "75", "x": "208"}, {"y": "75", "x": "208"}, {"y": "75", "x": "208"}, {"y": "79", "x": "211"}, {"y": "82", "x": "213"}, {"y": "85", "x": "216"}, {"y": "89", "x": "218"}, {"y": "92", "x": "221"}, {"y": "95", "x": "223"}, {"y": "99", "x": "226"}, {"y": "102", "x": "228"}, {"y": "106", "x": "230"}, {"y": "109", "x": "233"}, {"y": "112", "x": "235"}, {"y": "116", "x": "238"}, {"y": "119", "x": "240"}, {"y": "123", "x": "243"}, {"y": "123", "x": "243"}, {"y": "126", "x": "245"}, {"y": "129", "x": "247"}, {"y": "132", "x": "249"}, {"y": "136", "x": "251"}, {"y": "139", "x": "254"}, {"y": "142", "x": "256"}, {"y": "146", "x": "258"}, {"y": "149", "x": "260"}, {"y": "152", "x": "262"}, {"y": "155", "x": "264"}, {"y": "159", "x": "267"}, {"y": "162", "x": "269"}, {"y": "165", "x": "271"}, {"y": "169", "x": "273"}, {"y": "172", "x": "275"}, {"y": "175", "x": "277"}, {"y": "179", "x": "280"}], [{"y": "45", "x": "1"}, {"y": "45", "x": "1"}, {"y": "40", "x": "11"}, {"y": "35", "x": "20"}, {"y": "35", "x": "20"}, {"y": "31", "x": "27"}, {"y": "27", "x": "34"}, {"y": "23", "x": "41"}, {"y": "23", "x": "41"}, {"y": "23", "x": "41"}, {"y": "18", "x": "48"}, {"y": "14", "x": "56"}, {"y": "9", "x": "63"}, {"y": "9", "x": "63"}]]}