{"Lines": [[{"y": "179", "x": "31"}, {"y": "179", "x": "32"}, {"y": "175", "x": "34"}, {"y": "172", "x": "36"}, {"y": "169", "x": "38"}, {"y": "166", "x": "40"}, {"y": "163", "x": "42"}, {"y": "160", "x": "44"}, {"y": "157", "x": "47"}, {"y": "153", "x": "49"}, {"y": "150", "x": "51"}, {"y": "147", "x": "53"}, {"y": "144", "x": "55"}, {"y": "141", "x": "57"}, {"y": "138", "x": "59"}, {"y": "135", "x": "62"}, {"y": "131", "x": "64"}, {"y": "128", "x": "66"}, {"y": "125", "x": "68"}, {"y": "122", "x": "70"}, {"y": "119", "x": "72"}, {"y": "116", "x": "75"}, {"y": "113", "x": "77"}, {"y": "109", "x": "79"}, {"y": "106", "x": "81"}, {"y": "103", "x": "83"}, {"y": "100", "x": "85"}, {"y": "97", "x": "87"}, {"y": "94", "x": "90"}, {"y": "91", "x": "92"}, {"y": "88", "x": "94"}, {"y": "84", "x": "96"}, {"y": "81", "x": "98"}, {"y": "78", "x": "100"}, {"y": "75", "x": "103"}, {"y": "75", "x": "103"}, {"y": "75", "x": "103"}, {"y": "72", "x": "104"}, {"y": "69", "x": "106"}, {"y": "65", "x": "108"}, {"y": "62", "x": "110"}, {"y": "59", "x": "112"}, {"y": "56", "x": "113"}, {"y": "53", "x": "115"}, {"y": "49", "x": "117"}, {"y": "46", "x": "119"}, {"y": "43", "x": "121"}, {"y": "40", "x": "122"}, {"y": "37", "x": "124"}, {"y": "33", "x": "126"}, {"y": "30", "x": "128"}, {"y": "27", "x": "130"}, {"y": "24", "x": "131"}, {"y": "24", "x": "131"}, {"y": "20", "x": "133"}, {"y": "16", "x": "134"}, {"y": "12", "x": "136"}, {"y": "8", "x": "137"}, {"y": "4", "x": "139"}, {"y": "1", "x": "141"}, {"y": "1", "x": "141"}], [{"y": "0", "x": "179"}, {"y": "0", "x": "179"}, {"y": "4", "x": "181"}, {"y": "8", "x": "183"}, {"y": "12", "x": "185"}, {"y": "15", "x": "187"}, {"y": "15", "x": "187"}, {"y": "15", "x": "187"}, {"y": "20", "x": "190"}, {"y": "24", "x": "193"}, {"y": "28", "x": "196"}, {"y": "33", "x": "199"}, {"y": "33", "x": "199"}, {"y": "36", "x": "201"}, {"y": "39", "x": "203"}, {"y": "43", "x": "206"}, {"y": "46", "x": "208"}, {"y": "49", "x": "210"}, {"y": "53", "x": "212"}, {"y": "56", "x": "215"}, {"y": "59", "x": "217"}, {"y": "63", "x": "219"}, {"y": "66", "x": "222"}, {"y": "69", "x": "224"}, {"y": "73", "x": "226"}, {"y": "76", "x": "228"}, {"y": "76", "x": "228"}, {"y": "76", "x": "228"}, {"y": "79", "x": "231"}, {"y": "83", "x": "233"}, {"y": "86", "x": "235"}, {"y": "89", "x": "238"}, {"y": "92", "x": "240"}, {"y": "95", "x": "242"}, {"y": "99", "x": "245"}, {"y": "102", "x": "247"}, {"y": "105", "x": "249"}, {"y": "108", "x": "252"}, {"y": "111", "x": "254"}, {"y": "114", "x": "256"}, {"y": "118", "x": "258"}, {"y": "121", "x": "261"}, {"y": "124", "x": "263"}, {"y": "127", "x": "265"}, {"y": "130", "x": "268"}, {"y": "134", "x": "270"}, {"y": "137", "x": "272"}, {"y": "140", "x": "275"}, {"y": "143", "x": "277"}, {"y": "143", "x": "277"}, {"y": "147", "x": "279"}, {"y": "150", "x": "282"}, {"y": "154", "x": "284"}, {"y": "157", "x": "287"}, {"y": "161", "x": "289"}, {"y": "164", "x": "292"}, {"y": "168", "x": "294"}, {"y": "171", "x": "297"}, {"y": "175", "x": "299"}, {"y": "179", "x": "302"}, {"y": "179", "x": "302"}], [{"y": "62", "x": "0"}, {"y": "62", "x": "0"}, {"y": "56", "x": "12"}, {"y": "50", "x": "23"}, {"y": "50", "x": "23"}, {"y": "50", "x": "23"}, {"y": "47", "x": "30"}, {"y": "43", "x": "36"}, {"y": "40", "x": "43"}, {"y": "36", "x": "49"}, {"y": "33", "x": "56"}, {"y": "29", "x": "62"}, {"y": "29", "x": "62"}, {"y": "29", "x": "62"}, {"y": "24", "x": "70"}, {"y": "19", "x": "78"}, {"y": "14", "x": "86"}, {"y": "14", "x": "86"}, {"y": "10", "x": "91"}, {"y": "5", "x": "97"}, {"y": "1", "x": "102"}, {"y": "1", "x": "102"}]]}