{"Lines": [[{"y": "57", "x": "1"}, {"y": "57", "x": "1"}, {"y": "54", "x": "7"}, {"y": "50", "x": "14"}, {"y": "47", "x": "20"}, {"y": "43", "x": "26"}, {"y": "40", "x": "33"}, {"y": "36", "x": "39"}, {"y": "33", "x": "45"}, {"y": "29", "x": "52"}, {"y": "29", "x": "52"}, {"y": "29", "x": "52"}, {"y": "25", "x": "60"}, {"y": "20", "x": "69"}, {"y": "16", "x": "77"}, {"y": "12", "x": "86"}, {"y": "12", "x": "86"}, {"y": "12", "x": "86"}, {"y": "8", "x": "95"}, {"y": "4", "x": "104"}, {"y": "0", "x": "112"}, {"y": "0", "x": "113"}], [{"y": "179", "x": "79"}, {"y": "179", "x": "80"}, {"y": "175", "x": "81"}, {"y": "172", "x": "82"}, {"y": "168", "x": "83"}, {"y": "165", "x": "84"}, {"y": "161", "x": "85"}, {"y": "158", "x": "87"}, {"y": "154", "x": "88"}, {"y": "151", "x": "89"}, {"y": "148", "x": "90"}, {"y": "144", "x": "91"}, {"y": "141", "x": "93"}, {"y": "141", "x": "93"}, {"y": "137", "x": "94"}, {"y": "134", "x": "95"}, {"y": "131", "x": "96"}, {"y": "127", "x": "98"}, {"y": "124", "x": "99"}, {"y": "121", "x": "100"}, {"y": "118", "x": "102"}, {"y": "114", "x": "103"}, {"y": "111", "x": "104"}, {"y": "108", "x": "106"}, {"y": "104", "x": "107"}, {"y": "101", "x": "108"}, {"y": "98", "x": "110"}, {"y": "94", "x": "111"}, {"y": "91", "x": "112"}, {"y": "88", "x": "113"}, {"y": "84", "x": "115"}, {"y": "81", "x": "116"}, {"y": "81", "x": "116"}, {"y": "78", "x": "117"}, {"y": "74", "x": "119"}, {"y": "71", "x": "120"}, {"y": "68", "x": "121"}, {"y": "64", "x": "123"}, {"y": "61", "x": "124"}, {"y": "58", "x": "125"}, {"y": "55", "x": "126"}, {"y": "51", "x": "128"}, {"y": "48", "x": "129"}, {"y": "45", "x": "130"}, {"y": "41", "x": "132"}, {"y": "38", "x": "133"}, {"y": "35", "x": "134"}, {"y": "31", "x": "135"}, {"y": "28", "x": "137"}, {"y": "24", "x": "138"}, {"y": "21", "x": "139"}, {"y": "18", "x": "140"}, {"y": "14", "x": "141"}, {"y": "11", "x": "142"}, {"y": "7", "x": "144"}, {"y": "4", "x": "145"}, {"y": "1", "x": "146"}, {"y": "1", "x": "146"}], [{"y": "0", "x": "186"}, {"y": "0", "x": "186"}, {"y": "4", "x": "190"}, {"y": "7", "x": "194"}, {"y": "11", "x": "198"}, {"y": "15", "x": "202"}, {"y": "19", "x": "207"}, {"y": "23", "x": "211"}, {"y": "23", "x": "211"}, {"y": "23", "x": "211"}, {"y": "26", "x": "215"}, {"y": "30", "x": "219"}, {"y": "33", "x": "223"}, {"y": "36", "x": "226"}, {"y": "40", "x": "230"}, {"y": "43", "x": "234"}, {"y": "46", "x": "238"}, {"y": "50", "x": "242"}, {"y": "53", "x": "246"}, {"y": "56", "x": "250"}, {"y": "59", "x": "253"}, {"y": "63", "x": "257"}, {"y": "66", "x": "261"}, {"y": "69", "x": "265"}, {"y": "73", "x": "269"}, {"y": "76", "x": "273"}, {"y": "79", "x": "277"}, {"y": "83", "x": "281"}, {"y": "86", "x": "285"}, {"y": "89", "x": "290"}, {"y": "93", "x": "294"}, {"y": "96", "x": "298"}, {"y": "99", "x": "302"}, {"y": "103", "x": "306"}, {"y": "106", "x": "310"}, {"y": "109", "x": "314"}, {"y": "113", "x": "319"}, {"y": "113", "x": "319"}]]}