{"Lines": [[{"y": "179", "x": "42"}, {"y": "179", "x": "42"}, {"y": "175", "x": "43"}, {"y": "172", "x": "45"}, {"y": "169", "x": "47"}, {"y": "166", "x": "49"}, {"y": "162", "x": "50"}, {"y": "159", "x": "52"}, {"y": "156", "x": "54"}, {"y": "153", "x": "56"}, {"y": "150", "x": "57"}, {"y": "146", "x": "59"}, {"y": "143", "x": "61"}, {"y": "140", "x": "63"}, {"y": "137", "x": "64"}, {"y": "134", "x": "66"}, {"y": "130", "x": "68"}, {"y": "127", "x": "70"}, {"y": "124", "x": "71"}, {"y": "121", "x": "73"}, {"y": "118", "x": "75"}, {"y": "118", "x": "75"}, {"y": "114", "x": "77"}, {"y": "111", "x": "79"}, {"y": "107", "x": "81"}, {"y": "103", "x": "83"}, {"y": "100", "x": "85"}, {"y": "96", "x": "87"}, {"y": "93", "x": "89"}, {"y": "89", "x": "91"}, {"y": "86", "x": "94"}, {"y": "82", "x": "96"}, {"y": "79", "x": "98"}, {"y": "79", "x": "98"}, {"y": "75", "x": "100"}, {"y": "72", "x": "102"}, {"y": "68", "x": "104"}, {"y": "65", "x": "106"}, {"y": "61", "x": "109"}, {"y": "58", "x": "111"}, {"y": "54", "x": "113"}, {"y": "51", "x": "115"}, {"y": "47", "x": "117"}, {"y": "44", "x": "120"}, {"y": "44", "x": "120"}, {"y": "44", "x": "120"}, {"y": "40", "x": "122"}, {"y": "37", "x": "125"}, {"y": "33", "x": "128"}, {"y": "30", "x": "130"}, {"y": "26", "x": "133"}, {"y": "23", "x": "136"}, {"y": "23", "x": "136"}, {"y": "19", "x": "139"}, {"y": "15", "x": "141"}, {"y": "11", "x": "144"}, {"y": "7", "x": "147"}, {"y": "7", "x": "147"}], [{"y": "3", "x": "186"}, {"y": "3", "x": "186"}, {"y": "9", "x": "192"}, {"y": "15", "x": "197"}, {"y": "15", "x": "197"}, {"y": "15", "x": "197"}, {"y": "18", "x": "200"}, {"y": "22", "x": "204"}, {"y": "26", "x": "207"}, {"y": "29", "x": "210"}, {"y": "33", "x": "214"}, {"y": "37", "x": "217"}, {"y": "40", "x": "220"}, {"y": "44", "x": "223"}, {"y": "44", "x": "223"}, {"y": "44", "x": "223"}, {"y": "47", "x": "226"}, {"y": "51", "x": "230"}, {"y": "54", "x": "233"}, {"y": "57", "x": "236"}, {"y": "61", "x": "239"}, {"y": "64", "x": "242"}, {"y": "67", "x": "245"}, {"y": "70", "x": "248"}, {"y": "74", "x": "251"}, {"y": "77", "x": "254"}, {"y": "80", "x": "257"}, {"y": "84", "x": "260"}, {"y": "87", "x": "263"}, {"y": "90", "x": "266"}, {"y": "93", "x": "269"}, {"y": "93", "x": "270"}, {"y": "97", "x": "273"}, {"y": "100", "x": "276"}, {"y": "103", "x": "279"}, {"y": "106", "x": "283"}, {"y": "110", "x": "286"}, {"y": "113", "x": "289"}, {"y": "116", "x": "292"}, {"y": "120", "x": "296"}, {"y": "123", "x": "299"}, {"y": "126", "x": "302"}, {"y": "129", "x": "305"}, {"y": "133", "x": "309"}, {"y": "136", "x": "312"}, {"y": "139", "x": "315"}, {"y": "143", "x": "318"}, {"y": "143", "x": "319"}], [{"y": "52", "x": "2"}, {"y": "52", "x": "2"}, {"y": "46", "x": "15"}, {"y": "41", "x": "28"}, {"y": "41", "x": "28"}, {"y": "41", "x": "28"}, {"y": "37", "x": "37"}, {"y": "33", "x": "46"}, {"y": "29", "x": "55"}, {"y": "26", "x": "64"}, {"y": "26", "x": "64"}, {"y": "26", "x": "64"}, {"y": "21", "x": "74"}, {"y": "17", "x": "84"}, {"y": "12", "x": "94"}, {"y": "8", "x": "104"}, {"y": "8", "x": "104"}]]}