{"Lines": [[{"y": "165", "x": "0"}, {"y": "165", "x": "0"}, {"y": "161", "x": "2"}, {"y": "158", "x": "5"}, {"y": "155", "x": "8"}, {"y": "152", "x": "11"}, {"y": "148", "x": "14"}, {"y": "145", "x": "17"}, {"y": "142", "x": "20"}, {"y": "139", "x": "23"}, {"y": "135", "x": "26"}, {"y": "132", "x": "29"}, {"y": "129", "x": "32"}, {"y": "126", "x": "35"}, {"y": "123", "x": "38"}, {"y": "119", "x": "41"}, {"y": "116", "x": "44"}, {"y": "113", "x": "47"}, {"y": "110", "x": "50"}, {"y": "106", "x": "53"}, {"y": "103", "x": "56"}, {"y": "100", "x": "59"}, {"y": "97", "x": "62"}, {"y": "93", "x": "65"}, {"y": "90", "x": "67"}, {"y": "87", "x": "70"}, {"y": "84", "x": "73"}, {"y": "84", "x": "73"}, {"y": "84", "x": "73"}, {"y": "81", "x": "77"}, {"y": "77", "x": "80"}, {"y": "74", "x": "84"}, {"y": "71", "x": "87"}, {"y": "67", "x": "90"}, {"y": "64", "x": "94"}, {"y": "61", "x": "97"}, {"y": "58", "x": "101"}, {"y": "54", "x": "104"}, {"y": "51", "x": "107"}, {"y": "48", "x": "111"}, {"y": "45", "x": "114"}, {"y": "41", "x": "118"}, {"y": "38", "x": "121"}, {"y": "35", "x": "124"}, {"y": "32", "x": "128"}, {"y": "28", "x": "131"}, {"y": "28", "x": "131"}, {"y": "28", "x": "131"}, {"y": "25", "x": "136"}, {"y": "21", "x": "140"}, {"y": "17", "x": "144"}, {"y": "14", "x": "149"}, {"y": "10", "x": "153"}, {"y": "7", "x": "158"}, {"y": "3", "x": "162"}, {"y": "3", "x": "162"}], [{"y": "19", "x": "196"}, {"y": "19", "x": "196"}, {"y": "19", "x": "196"}, {"y": "15", "x": "196"}, {"y": "11", "x": "196"}, {"y": "7", "x": "197"}, {"y": "3", "x": "197"}, {"y": "3", "x": "197"}, {"y": "22", "x": "197"}, {"y": "25", "x": "198"}, {"y": "29", "x": "199"}, {"y": "32", "x": "200"}, {"y": "35", "x": "201"}, {"y": "39", "x": "202"}, {"y": "42", "x": "203"}, {"y": "46", "x": "204"}, {"y": "49", "x": "205"}, {"y": "49", "x": "205"}, {"y": "52", "x": "206"}, {"y": "55", "x": "208"}, {"y": "59", "x": "209"}, {"y": "62", "x": "210"}, {"y": "65", "x": "211"}, {"y": "68", "x": "212"}, {"y": "71", "x": "214"}, {"y": "75", "x": "215"}, {"y": "78", "x": "216"}, {"y": "81", "x": "217"}, {"y": "84", "x": "218"}, {"y": "87", "x": "220"}, {"y": "91", "x": "221"}, {"y": "94", "x": "222"}, {"y": "97", "x": "223"}, {"y": "100", "x": "224"}, {"y": "100", "x": "224"}, {"y": "100", "x": "224"}, {"y": "103", "x": "226"}, {"y": "107", "x": "227"}, {"y": "110", "x": "229"}, {"y": "113", "x": "230"}, {"y": "116", "x": "231"}, {"y": "119", "x": "233"}, {"y": "122", "x": "234"}, {"y": "125", "x": "236"}, {"y": "128", "x": "237"}, {"y": "132", "x": "238"}, {"y": "135", "x": "240"}, {"y": "138", "x": "241"}, {"y": "141", "x": "243"}, {"y": "144", "x": "244"}, {"y": "147", "x": "245"}, {"y": "150", "x": "247"}, {"y": "153", "x": "248"}, {"y": "157", "x": "250"}, {"y": "160", "x": "251"}, {"y": "163", "x": "252"}, {"y": "166", "x": "254"}, {"y": "169", "x": "255"}, {"y": "172", "x": "257"}, {"y": "175", "x": "258"}, {"y": "179", "x": "259"}, {"y": "179", "x": "260"}], [{"y": "57", "x": "0"}, {"y": "57", "x": "0"}, {"y": "54", "x": "8"}, {"y": "50", "x": "17"}, {"y": "47", "x": "25"}, {"y": "43", "x": "33"}, {"y": "39", "x": "41"}, {"y": "36", "x": "49"}, {"y": "36", "x": "49"}, {"y": "36", "x": "49"}, {"y": "32", "x": "59"}, {"y": "28", "x": "68"}, {"y": "24", "x": "78"}, {"y": "20", "x": "87"}, {"y": "16", "x": "97"}, {"y": "12", "x": "106"}, {"y": "12", "x": "106"}]]}