{"Lines": [[{"y": "174", "x": "0"}, {"y": "174", "x": "0"}, {"y": "170", "x": "3"}, {"y": "167", "x": "6"}, {"y": "164", "x": "9"}, {"y": "160", "x": "12"}, {"y": "157", "x": "15"}, {"y": "154", "x": "18"}, {"y": "150", "x": "21"}, {"y": "147", "x": "23"}, {"y": "144", "x": "26"}, {"y": "140", "x": "29"}, {"y": "137", "x": "32"}, {"y": "134", "x": "35"}, {"y": "130", "x": "38"}, {"y": "127", "x": "41"}, {"y": "127", "x": "41"}, {"y": "127", "x": "41"}, {"y": "124", "x": "44"}, {"y": "121", "x": "47"}, {"y": "117", "x": "50"}, {"y": "114", "x": "53"}, {"y": "111", "x": "57"}, {"y": "107", "x": "60"}, {"y": "104", "x": "63"}, {"y": "101", "x": "66"}, {"y": "98", "x": "69"}, {"y": "94", "x": "73"}, {"y": "91", "x": "76"}, {"y": "88", "x": "79"}, {"y": "85", "x": "82"}, {"y": "81", "x": "85"}, {"y": "78", "x": "89"}, {"y": "75", "x": "92"}, {"y": "75", "x": "92"}, {"y": "71", "x": "96"}, {"y": "68", "x": "99"}, {"y": "65", "x": "103"}, {"y": "61", "x": "107"}, {"y": "58", "x": "111"}, {"y": "54", "x": "115"}, {"y": "51", "x": "119"}, {"y": "47", "x": "123"}, {"y": "47", "x": "123"}, {"y": "43", "x": "129"}, {"y": "38", "x": "135"}, {"y": "34", "x": "141"}, {"y": "34", "x": "141"}, {"y": "34", "x": "141"}, {"y": "28", "x": "149"}, {"y": "23", "x": "157"}, {"y": "23", "x": "157"}, {"y": "23", "x": "157"}, {"y": "16", "x": "175"}, {"y": "16", "x": "175"}], [{"y": "28", "x": "225"}, {"y": "28", "x": "225"}, {"y": "28", "x": "225"}, {"y": "32", "x": "225"}, {"y": "36", "x": "225"}, {"y": "40", "x": "225"}, {"y": "44", "x": "226"}, {"y": "44", "x": "226"}, {"y": "44", "x": "226"}, {"y": "24", "x": "227"}, {"y": "48", "x": "227"}, {"y": "19", "x": "228"}, {"y": "51", "x": "229"}, {"y": "15", "x": "230"}, {"y": "15", "x": "230"}, {"y": "55", "x": "231"}, {"y": "59", "x": "233"}, {"y": "62", "x": "234"}, {"y": "66", "x": "236"}, {"y": "66", "x": "236"}, {"y": "69", "x": "238"}, {"y": "72", "x": "240"}, {"y": "76", "x": "242"}, {"y": "79", "x": "244"}, {"y": "83", "x": "246"}, {"y": "86", "x": "248"}, {"y": "89", "x": "250"}, {"y": "93", "x": "252"}, {"y": "96", "x": "254"}, {"y": "99", "x": "256"}, {"y": "103", "x": "258"}, {"y": "106", "x": "260"}, {"y": "109", "x": "262"}, {"y": "113", "x": "264"}, {"y": "116", "x": "266"}, {"y": "119", "x": "268"}, {"y": "119", "x": "268"}, {"y": "123", "x": "270"}, {"y": "126", "x": "272"}, {"y": "129", "x": "274"}, {"y": "132", "x": "276"}, {"y": "136", "x": "278"}, {"y": "139", "x": "280"}, {"y": "142", "x": "282"}, {"y": "146", "x": "284"}, {"y": "149", "x": "287"}, {"y": "152", "x": "289"}, {"y": "155", "x": "291"}, {"y": "159", "x": "293"}, {"y": "162", "x": "295"}, {"y": "165", "x": "297"}, {"y": "169", "x": "299"}, {"y": "172", "x": "301"}, {"y": "175", "x": "303"}, {"y": "179", "x": "306"}, {"y": "179", "x": "306"}], [{"y": "56", "x": "0"}, {"y": "56", "x": "0"}, {"y": "50", "x": "15"}, {"y": "45", "x": "31"}, {"y": "45", "x": "31"}, {"y": "45", "x": "31"}, {"y": "39", "x": "47"}, {"y": "33", "x": "64"}, {"y": "33", "x": "64"}, {"y": "33", "x": "64"}, {"y": "28", "x": "81"}, {"y": "24", "x": "98"}, {"y": "18", "x": "118"}, {"y": "18", "x": "118"}]]}