{"Lines": [[{"y": "179", "x": "23"}, {"y": "179", "x": "23"}, {"y": "175", "x": "25"}, {"y": "172", "x": "28"}, {"y": "169", "x": "30"}, {"y": "166", "x": "33"}, {"y": "162", "x": "35"}, {"y": "159", "x": "38"}, {"y": "156", "x": "40"}, {"y": "153", "x": "43"}, {"y": "149", "x": "45"}, {"y": "146", "x": "48"}, {"y": "143", "x": "50"}, {"y": "140", "x": "53"}, {"y": "136", "x": "55"}, {"y": "133", "x": "58"}, {"y": "130", "x": "60"}, {"y": "127", "x": "63"}, {"y": "123", "x": "65"}, {"y": "120", "x": "68"}, {"y": "117", "x": "71"}, {"y": "117", "x": "71"}, {"y": "117", "x": "71"}, {"y": "114", "x": "73"}, {"y": "110", "x": "76"}, {"y": "107", "x": "79"}, {"y": "104", "x": "81"}, {"y": "101", "x": "84"}, {"y": "97", "x": "87"}, {"y": "94", "x": "90"}, {"y": "91", "x": "92"}, {"y": "87", "x": "95"}, {"y": "84", "x": "98"}, {"y": "81", "x": "100"}, {"y": "78", "x": "103"}, {"y": "74", "x": "106"}, {"y": "71", "x": "109"}, {"y": "68", "x": "111"}, {"y": "65", "x": "114"}, {"y": "61", "x": "117"}, {"y": "61", "x": "117"}, {"y": "61", "x": "117"}, {"y": "58", "x": "120"}, {"y": "54", "x": "123"}, {"y": "51", "x": "126"}, {"y": "47", "x": "130"}, {"y": "43", "x": "133"}, {"y": "40", "x": "136"}, {"y": "36", "x": "139"}, {"y": "33", "x": "142"}, {"y": "29", "x": "146"}, {"y": "26", "x": "149"}, {"y": "26", "x": "149"}, {"y": "22", "x": "153"}, {"y": "18", "x": "157"}, {"y": "15", "x": "161"}, {"y": "11", "x": "165"}, {"y": "8", "x": "169"}, {"y": "4", "x": "173"}, {"y": "1", "x": "177"}, {"y": "1", "x": "177"}], [{"y": "0", "x": "214"}, {"y": "0", "x": "214"}, {"y": "6", "x": "215"}, {"y": "11", "x": "216"}, {"y": "11", "x": "216"}, {"y": "15", "x": "217"}, {"y": "19", "x": "218"}, {"y": "23", "x": "220"}, {"y": "26", "x": "221"}, {"y": "30", "x": "222"}, {"y": "34", "x": "224"}, {"y": "38", "x": "225"}, {"y": "38", "x": "225"}, {"y": "38", "x": "225"}, {"y": "41", "x": "226"}, {"y": "45", "x": "228"}, {"y": "48", "x": "230"}, {"y": "52", "x": "231"}, {"y": "55", "x": "233"}, {"y": "59", "x": "234"}, {"y": "62", "x": "236"}, {"y": "66", "x": "237"}, {"y": "69", "x": "239"}, {"y": "73", "x": "240"}, {"y": "76", "x": "242"}, {"y": "79", "x": "244"}, {"y": "79", "x": "244"}, {"y": "79", "x": "244"}, {"y": "83", "x": "245"}, {"y": "86", "x": "247"}, {"y": "89", "x": "249"}, {"y": "92", "x": "251"}, {"y": "96", "x": "253"}, {"y": "99", "x": "255"}, {"y": "102", "x": "256"}, {"y": "105", "x": "258"}, {"y": "108", "x": "260"}, {"y": "112", "x": "262"}, {"y": "115", "x": "264"}, {"y": "118", "x": "265"}, {"y": "121", "x": "267"}, {"y": "125", "x": "269"}, {"y": "128", "x": "271"}, {"y": "131", "x": "273"}, {"y": "134", "x": "275"}, {"y": "137", "x": "276"}, {"y": "137", "x": "276"}, {"y": "141", "x": "279"}, {"y": "144", "x": "281"}, {"y": "148", "x": "283"}, {"y": "151", "x": "285"}, {"y": "155", "x": "288"}, {"y": "158", "x": "290"}, {"y": "161", "x": "292"}, {"y": "165", "x": "294"}, {"y": "168", "x": "297"}, {"y": "172", "x": "299"}, {"y": "175", "x": "301"}, {"y": "179", "x": "304"}], [{"y": "63", "x": "1"}, {"y": "63", "x": "1"}, {"y": "59", "x": "9"}, {"y": "55", "x": "18"}, {"y": "52", "x": "26"}, {"y": "48", "x": "34"}, {"y": "44", "x": "43"}, {"y": "41", "x": "51"}, {"y": "41", "x": "51"}, {"y": "37", "x": "59"}, {"y": "34", "x": "67"}, {"y": "30", "x": "75"}, {"y": "27", "x": "83"}, {"y": "24", "x": "91"}, {"y": "20", "x": "99"}, {"y": "17", "x": "107"}, {"y": "17", "x": "107"}]]}