{"Lines": [[{"y": "179", "x": "9"}, {"y": "179", "x": "9"}, {"y": "175", "x": "11"}, {"y": "172", "x": "14"}, {"y": "169", "x": "16"}, {"y": "165", "x": "19"}, {"y": "162", "x": "21"}, {"y": "159", "x": "24"}, {"y": "156", "x": "26"}, {"y": "152", "x": "29"}, {"y": "149", "x": "31"}, {"y": "146", "x": "34"}, {"y": "142", "x": "36"}, {"y": "139", "x": "39"}, {"y": "139", "x": "39"}, {"y": "139", "x": "39"}, {"y": "136", "x": "41"}, {"y": "132", "x": "44"}, {"y": "129", "x": "46"}, {"y": "126", "x": "49"}, {"y": "123", "x": "52"}, {"y": "119", "x": "54"}, {"y": "116", "x": "57"}, {"y": "113", "x": "59"}, {"y": "109", "x": "62"}, {"y": "106", "x": "64"}, {"y": "103", "x": "67"}, {"y": "99", "x": "69"}, {"y": "96", "x": "72"}, {"y": "93", "x": "75"}, {"y": "90", "x": "77"}, {"y": "86", "x": "80"}, {"y": "86", "x": "80"}, {"y": "83", "x": "82"}, {"y": "80", "x": "85"}, {"y": "76", "x": "87"}, {"y": "73", "x": "90"}, {"y": "70", "x": "92"}, {"y": "66", "x": "95"}, {"y": "63", "x": "97"}, {"y": "60", "x": "100"}, {"y": "56", "x": "102"}, {"y": "53", "x": "105"}, {"y": "49", "x": "107"}, {"y": "46", "x": "110"}, {"y": "43", "x": "112"}, {"y": "39", "x": "115"}, {"y": "39", "x": "115"}, {"y": "36", "x": "118"}, {"y": "32", "x": "121"}, {"y": "29", "x": "124"}, {"y": "25", "x": "126"}, {"y": "22", "x": "129"}, {"y": "18", "x": "132"}, {"y": "15", "x": "135"}, {"y": "11", "x": "138"}, {"y": "8", "x": "141"}, {"y": "8", "x": "141"}], [{"y": "11", "x": "182"}, {"y": "11", "x": "182"}, {"y": "14", "x": "184"}, {"y": "18", "x": "186"}, {"y": "22", "x": "188"}, {"y": "25", "x": "190"}, {"y": "29", "x": "192"}, {"y": "33", "x": "194"}, {"y": "36", "x": "196"}, {"y": "36", "x": "196"}, {"y": "36", "x": "196"}, {"y": "40", "x": "198"}, {"y": "43", "x": "200"}, {"y": "46", "x": "202"}, {"y": "49", "x": "204"}, {"y": "53", "x": "206"}, {"y": "56", "x": "207"}, {"y": "59", "x": "209"}, {"y": "63", "x": "211"}, {"y": "66", "x": "213"}, {"y": "69", "x": "215"}, {"y": "72", "x": "217"}, {"y": "76", "x": "219"}, {"y": "79", "x": "221"}, {"y": "82", "x": "223"}, {"y": "85", "x": "225"}, {"y": "89", "x": "227"}, {"y": "89", "x": "227"}, {"y": "89", "x": "227"}, {"y": "92", "x": "229"}, {"y": "95", "x": "231"}, {"y": "98", "x": "233"}, {"y": "101", "x": "235"}, {"y": "105", "x": "237"}, {"y": "108", "x": "238"}, {"y": "111", "x": "240"}, {"y": "114", "x": "242"}, {"y": "117", "x": "244"}, {"y": "121", "x": "246"}, {"y": "124", "x": "248"}, {"y": "127", "x": "250"}, {"y": "130", "x": "252"}, {"y": "133", "x": "254"}, {"y": "136", "x": "256"}, {"y": "140", "x": "258"}, {"y": "143", "x": "260"}, {"y": "146", "x": "262"}, {"y": "149", "x": "264"}, {"y": "152", "x": "266"}, {"y": "156", "x": "267"}, {"y": "156", "x": "267"}, {"y": "156", "x": "267"}, {"y": "159", "x": "270"}, {"y": "163", "x": "272"}, {"y": "167", "x": "274"}, {"y": "171", "x": "276"}, {"y": "175", "x": "278"}, {"y": "179", "x": "281"}], [{"y": "54", "x": "0"}, {"y": "54", "x": "0"}, {"y": "51", "x": "8"}, {"y": "47", "x": "15"}, {"y": "44", "x": "22"}, {"y": "40", "x": "29"}, {"y": "37", "x": "37"}, {"y": "33", "x": "44"}, {"y": "30", "x": "51"}, {"y": "26", "x": "60"}, {"y": "22", "x": "68"}, {"y": "18", "x": "77"}, {"y": "14", "x": "85"}, {"y": "10", "x": "94"}, {"y": "10", "x": "94"}]]}