{"Lines": [[{"y": "178", "x": "15"}, {"y": "178", "x": "15"}, {"y": "175", "x": "17"}, {"y": "172", "x": "20"}, {"y": "169", "x": "22"}, {"y": "166", "x": "25"}, {"y": "163", "x": "27"}, {"y": "160", "x": "30"}, {"y": "156", "x": "32"}, {"y": "153", "x": "35"}, {"y": "150", "x": "37"}, {"y": "147", "x": "40"}, {"y": "144", "x": "42"}, {"y": "141", "x": "44"}, {"y": "138", "x": "47"}, {"y": "135", "x": "49"}, {"y": "131", "x": "52"}, {"y": "128", "x": "54"}, {"y": "125", "x": "57"}, {"y": "122", "x": "59"}, {"y": "119", "x": "62"}, {"y": "116", "x": "64"}, {"y": "113", "x": "67"}, {"y": "109", "x": "69"}, {"y": "106", "x": "72"}, {"y": "103", "x": "74"}, {"y": "100", "x": "77"}, {"y": "97", "x": "79"}, {"y": "94", "x": "82"}, {"y": "91", "x": "84"}, {"y": "87", "x": "87"}, {"y": "84", "x": "89"}, {"y": "81", "x": "92"}, {"y": "78", "x": "94"}, {"y": "78", "x": "94"}, {"y": "75", "x": "97"}, {"y": "72", "x": "100"}, {"y": "68", "x": "103"}, {"y": "65", "x": "106"}, {"y": "62", "x": "109"}, {"y": "59", "x": "112"}, {"y": "55", "x": "115"}, {"y": "52", "x": "118"}, {"y": "49", "x": "121"}, {"y": "46", "x": "124"}, {"y": "42", "x": "127"}, {"y": "39", "x": "130"}, {"y": "36", "x": "133"}, {"y": "33", "x": "136"}, {"y": "29", "x": "139"}, {"y": "26", "x": "142"}, {"y": "26", "x": "142"}, {"y": "23", "x": "147"}, {"y": "19", "x": "151"}, {"y": "15", "x": "156"}, {"y": "12", "x": "161"}, {"y": "8", "x": "165"}, {"y": "4", "x": "170"}, {"y": "1", "x": "174"}], [{"y": "12", "x": "213"}, {"y": "12", "x": "213"}, {"y": "6", "x": "213"}, {"y": "1", "x": "213"}, {"y": "1", "x": "213"}, {"y": "16", "x": "214"}, {"y": "20", "x": "215"}, {"y": "24", "x": "216"}, {"y": "29", "x": "217"}, {"y": "33", "x": "218"}, {"y": "33", "x": "218"}, {"y": "36", "x": "219"}, {"y": "40", "x": "220"}, {"y": "43", "x": "221"}, {"y": "47", "x": "222"}, {"y": "50", "x": "224"}, {"y": "53", "x": "225"}, {"y": "57", "x": "226"}, {"y": "60", "x": "227"}, {"y": "64", "x": "228"}, {"y": "67", "x": "229"}, {"y": "67", "x": "229"}, {"y": "67", "x": "229"}, {"y": "71", "x": "231"}, {"y": "74", "x": "233"}, {"y": "77", "x": "235"}, {"y": "80", "x": "237"}, {"y": "83", "x": "239"}, {"y": "86", "x": "241"}, {"y": "89", "x": "243"}, {"y": "92", "x": "245"}, {"y": "96", "x": "247"}, {"y": "99", "x": "249"}, {"y": "102", "x": "251"}, {"y": "105", "x": "253"}, {"y": "108", "x": "255"}, {"y": "111", "x": "257"}, {"y": "114", "x": "259"}, {"y": "117", "x": "261"}, {"y": "121", "x": "263"}, {"y": "124", "x": "264"}, {"y": "127", "x": "266"}, {"y": "130", "x": "268"}, {"y": "133", "x": "270"}, {"y": "136", "x": "272"}, {"y": "139", "x": "274"}, {"y": "142", "x": "276"}, {"y": "146", "x": "278"}, {"y": "146", "x": "278"}, {"y": "146", "x": "278"}, {"y": "149", "x": "280"}, {"y": "153", "x": "283"}, {"y": "157", "x": "285"}, {"y": "160", "x": "288"}, {"y": "164", "x": "290"}, {"y": "168", "x": "292"}, {"y": "171", "x": "295"}, {"y": "175", "x": "297"}, {"y": "179", "x": "300"}], [{"y": "55", "x": "11"}, {"y": "55", "x": "11"}, {"y": "51", "x": "19"}, {"y": "48", "x": "27"}, {"y": "44", "x": "36"}, {"y": "40", "x": "44"}, {"y": "36", "x": "52"}, {"y": "36", "x": "52"}, {"y": "33", "x": "61"}, {"y": "29", "x": "71"}, {"y": "25", "x": "80"}, {"y": "21", "x": "89"}, {"y": "17", "x": "98"}, {"y": "13", "x": "108"}, {"y": "13", "x": "108"}]]}