{"Lines": [[{"y": "179", "x": "31"}, {"y": "179", "x": "31"}, {"y": "175", "x": "32"}, {"y": "172", "x": "34"}, {"y": "169", "x": "36"}, {"y": "166", "x": "38"}, {"y": "163", "x": "40"}, {"y": "159", "x": "42"}, {"y": "156", "x": "44"}, {"y": "153", "x": "46"}, {"y": "150", "x": "48"}, {"y": "147", "x": "49"}, {"y": "143", "x": "51"}, {"y": "140", "x": "53"}, {"y": "137", "x": "55"}, {"y": "134", "x": "57"}, {"y": "131", "x": "59"}, {"y": "127", "x": "61"}, {"y": "124", "x": "63"}, {"y": "121", "x": "65"}, {"y": "118", "x": "66"}, {"y": "115", "x": "68"}, {"y": "111", "x": "70"}, {"y": "108", "x": "72"}, {"y": "105", "x": "74"}, {"y": "102", "x": "76"}, {"y": "99", "x": "78"}, {"y": "96", "x": "80"}, {"y": "92", "x": "82"}, {"y": "92", "x": "82"}, {"y": "89", "x": "83"}, {"y": "86", "x": "85"}, {"y": "83", "x": "87"}, {"y": "79", "x": "89"}, {"y": "76", "x": "90"}, {"y": "73", "x": "92"}, {"y": "70", "x": "94"}, {"y": "66", "x": "96"}, {"y": "63", "x": "97"}, {"y": "60", "x": "99"}, {"y": "57", "x": "101"}, {"y": "53", "x": "103"}, {"y": "50", "x": "104"}, {"y": "47", "x": "106"}, {"y": "47", "x": "106"}, {"y": "43", "x": "108"}, {"y": "40", "x": "109"}, {"y": "37", "x": "110"}, {"y": "33", "x": "111"}, {"y": "30", "x": "113"}, {"y": "26", "x": "114"}, {"y": "23", "x": "115"}, {"y": "19", "x": "116"}, {"y": "16", "x": "118"}, {"y": "16", "x": "118"}, {"y": "16", "x": "118"}, {"y": "12", "x": "118"}, {"y": "8", "x": "118"}, {"y": "4", "x": "118"}, {"y": "0", "x": "119"}, {"y": "0", "x": "119"}], [{"y": "1", "x": "156"}, {"y": "1", "x": "156"}, {"y": "6", "x": "162"}, {"y": "10", "x": "168"}, {"y": "14", "x": "175"}, {"y": "19", "x": "181"}, {"y": "19", "x": "181"}, {"y": "19", "x": "181"}, {"y": "23", "x": "186"}, {"y": "27", "x": "190"}, {"y": "30", "x": "195"}, {"y": "34", "x": "199"}, {"y": "38", "x": "204"}, {"y": "42", "x": "208"}, {"y": "46", "x": "213"}, {"y": "46", "x": "213"}, {"y": "46", "x": "213"}, {"y": "49", "x": "216"}, {"y": "52", "x": "219"}, {"y": "55", "x": "222"}, {"y": "58", "x": "225"}, {"y": "62", "x": "229"}, {"y": "65", "x": "232"}, {"y": "68", "x": "235"}, {"y": "71", "x": "238"}, {"y": "74", "x": "241"}, {"y": "77", "x": "245"}, {"y": "81", "x": "248"}, {"y": "84", "x": "251"}, {"y": "87", "x": "254"}, {"y": "90", "x": "257"}, {"y": "93", "x": "261"}, {"y": "97", "x": "264"}, {"y": "97", "x": "264"}, {"y": "97", "x": "264"}, {"y": "100", "x": "267"}, {"y": "103", "x": "270"}, {"y": "107", "x": "273"}, {"y": "110", "x": "277"}, {"y": "113", "x": "280"}, {"y": "117", "x": "283"}, {"y": "120", "x": "286"}, {"y": "123", "x": "290"}, {"y": "127", "x": "293"}, {"y": "130", "x": "296"}, {"y": "133", "x": "299"}, {"y": "137", "x": "302"}, {"y": "140", "x": "306"}, {"y": "143", "x": "309"}, {"y": "147", "x": "312"}, {"y": "150", "x": "315"}, {"y": "154", "x": "319"}, {"y": "154", "x": "319"}]]}