{"Lines": [[{"y": "171", "x": "1"}, {"y": "171", "x": "1"}, {"y": "168", "x": "3"}, {"y": "165", "x": "5"}, {"y": "162", "x": "7"}, {"y": "158", "x": "9"}, {"y": "155", "x": "11"}, {"y": "152", "x": "14"}, {"y": "149", "x": "16"}, {"y": "146", "x": "18"}, {"y": "142", "x": "20"}, {"y": "139", "x": "22"}, {"y": "136", "x": "25"}, {"y": "133", "x": "27"}, {"y": "130", "x": "29"}, {"y": "126", "x": "31"}, {"y": "123", "x": "33"}, {"y": "120", "x": "36"}, {"y": "117", "x": "38"}, {"y": "114", "x": "40"}, {"y": "111", "x": "42"}, {"y": "107", "x": "44"}, {"y": "104", "x": "47"}, {"y": "101", "x": "49"}, {"y": "98", "x": "51"}, {"y": "95", "x": "53"}, {"y": "95", "x": "53"}, {"y": "95", "x": "53"}, {"y": "91", "x": "56"}, {"y": "88", "x": "58"}, {"y": "84", "x": "60"}, {"y": "81", "x": "63"}, {"y": "77", "x": "65"}, {"y": "74", "x": "67"}, {"y": "71", "x": "69"}, {"y": "67", "x": "72"}, {"y": "64", "x": "74"}, {"y": "60", "x": "76"}, {"y": "57", "x": "79"}, {"y": "53", "x": "81"}, {"y": "50", "x": "83"}, {"y": "47", "x": "86"}, {"y": "47", "x": "86"}, {"y": "47", "x": "86"}, {"y": "43", "x": "88"}, {"y": "39", "x": "90"}, {"y": "35", "x": "92"}, {"y": "32", "x": "94"}, {"y": "28", "x": "96"}, {"y": "24", "x": "99"}, {"y": "20", "x": "101"}, {"y": "17", "x": "103"}, {"y": "17", "x": "103"}, {"y": "17", "x": "103"}, {"y": "13", "x": "104"}, {"y": "8", "x": "105"}, {"y": "4", "x": "107"}, {"y": "0", "x": "108"}, {"y": "0", "x": "108"}], [{"y": "1", "x": "146"}, {"y": "1", "x": "146"}, {"y": "4", "x": "150"}, {"y": "8", "x": "154"}, {"y": "11", "x": "158"}, {"y": "15", "x": "162"}, {"y": "18", "x": "166"}, {"y": "22", "x": "170"}, {"y": "25", "x": "174"}, {"y": "25", "x": "174"}, {"y": "29", "x": "177"}, {"y": "32", "x": "180"}, {"y": "35", "x": "183"}, {"y": "39", "x": "187"}, {"y": "42", "x": "190"}, {"y": "46", "x": "193"}, {"y": "49", "x": "196"}, {"y": "52", "x": "199"}, {"y": "56", "x": "202"}, {"y": "59", "x": "206"}, {"y": "63", "x": "209"}, {"y": "66", "x": "212"}, {"y": "69", "x": "215"}, {"y": "73", "x": "218"}, {"y": "73", "x": "218"}, {"y": "73", "x": "218"}, {"y": "76", "x": "221"}, {"y": "79", "x": "224"}, {"y": "83", "x": "227"}, {"y": "86", "x": "230"}, {"y": "89", "x": "233"}, {"y": "92", "x": "236"}, {"y": "96", "x": "239"}, {"y": "99", "x": "242"}, {"y": "102", "x": "245"}, {"y": "106", "x": "248"}, {"y": "109", "x": "251"}, {"y": "112", "x": "254"}, {"y": "115", "x": "257"}, {"y": "119", "x": "260"}, {"y": "122", "x": "262"}, {"y": "125", "x": "265"}, {"y": "125", "x": "265"}, {"y": "125", "x": "265"}, {"y": "129", "x": "268"}, {"y": "132", "x": "271"}, {"y": "135", "x": "274"}, {"y": "139", "x": "277"}, {"y": "142", "x": "280"}, {"y": "145", "x": "283"}, {"y": "148", "x": "285"}, {"y": "152", "x": "288"}, {"y": "155", "x": "291"}, {"y": "158", "x": "294"}, {"y": "162", "x": "297"}, {"y": "165", "x": "300"}, {"y": "168", "x": "303"}, {"y": "172", "x": "305"}, {"y": "175", "x": "308"}, {"y": "178", "x": "311"}, {"y": "178", "x": "311"}], [{"y": "31", "x": "1"}, {"y": "31", "x": "1"}, {"y": "25", "x": "13"}, {"y": "20", "x": "25"}, {"y": "20", "x": "25"}, {"y": "20", "x": "25"}, {"y": "16", "x": "32"}, {"y": "12", "x": "39"}, {"y": "8", "x": "46"}, {"y": "4", "x": "53"}, {"y": "1", "x": "59"}, {"y": "1", "x": "59"}]]}