{"Lines": [[{"y": "80", "x": "0"}, {"y": "80", "x": "0"}, {"y": "77", "x": "7"}, {"y": "73", "x": "13"}, {"y": "70", "x": "20"}, {"y": "66", "x": "26"}, {"y": "63", "x": "33"}, {"y": "59", "x": "39"}, {"y": "56", "x": "46"}, {"y": "53", "x": "52"}, {"y": "49", "x": "59"}, {"y": "49", "x": "59"}, {"y": "49", "x": "59"}, {"y": "45", "x": "67"}, {"y": "41", "x": "75"}, {"y": "37", "x": "83"}, {"y": "33", "x": "91"}, {"y": "33", "x": "91"}, {"y": "33", "x": "91"}, {"y": "28", "x": "101"}, {"y": "24", "x": "112"}, {"y": "19", "x": "123"}, {"y": "19", "x": "123"}], [{"y": "21", "x": "222"}, {"y": "21", "x": "222"}, {"y": "26", "x": "228"}, {"y": "31", "x": "235"}, {"y": "35", "x": "242"}, {"y": "35", "x": "242"}, {"y": "39", "x": "247"}, {"y": "43", "x": "252"}, {"y": "47", "x": "258"}, {"y": "50", "x": "263"}, {"y": "54", "x": "268"}, {"y": "58", "x": "274"}, {"y": "62", "x": "279"}, {"y": "65", "x": "284"}, {"y": "69", "x": "289"}, {"y": "73", "x": "294"}, {"y": "76", "x": "298"}, {"y": "80", "x": "303"}, {"y": "83", "x": "308"}, {"y": "87", "x": "313"}, {"y": "90", "x": "318"}, {"y": "90", "x": "318"}]]}