{"Lines": [[{"y": "179", "x": "7"}, {"y": "179", "x": "8"}, {"y": "174", "x": "11"}, {"y": "170", "x": "14"}, {"y": "166", "x": "17"}, {"y": "162", "x": "20"}, {"y": "158", "x": "23"}, {"y": "158", "x": "23"}, {"y": "158", "x": "23"}, {"y": "155", "x": "25"}, {"y": "151", "x": "27"}, {"y": "148", "x": "30"}, {"y": "145", "x": "32"}, {"y": "142", "x": "34"}, {"y": "138", "x": "37"}, {"y": "135", "x": "39"}, {"y": "132", "x": "41"}, {"y": "129", "x": "44"}, {"y": "125", "x": "46"}, {"y": "122", "x": "49"}, {"y": "119", "x": "51"}, {"y": "116", "x": "53"}, {"y": "112", "x": "56"}, {"y": "109", "x": "58"}, {"y": "106", "x": "60"}, {"y": "103", "x": "63"}, {"y": "103", "x": "63"}, {"y": "103", "x": "63"}, {"y": "99", "x": "65"}, {"y": "96", "x": "68"}, {"y": "93", "x": "70"}, {"y": "89", "x": "73"}, {"y": "86", "x": "75"}, {"y": "82", "x": "78"}, {"y": "79", "x": "80"}, {"y": "75", "x": "83"}, {"y": "72", "x": "85"}, {"y": "69", "x": "87"}, {"y": "65", "x": "90"}, {"y": "65", "x": "90"}, {"y": "62", "x": "92"}, {"y": "58", "x": "95"}, {"y": "55", "x": "97"}, {"y": "52", "x": "99"}, {"y": "48", "x": "102"}, {"y": "45", "x": "104"}, {"y": "41", "x": "107"}, {"y": "38", "x": "109"}, {"y": "34", "x": "111"}, {"y": "31", "x": "114"}, {"y": "28", "x": "116"}, {"y": "28", "x": "116"}, {"y": "28", "x": "116"}, {"y": "24", "x": "118"}, {"y": "20", "x": "121"}, {"y": "16", "x": "123"}, {"y": "12", "x": "125"}, {"y": "9", "x": "128"}, {"y": "5", "x": "130"}, {"y": "1", "x": "132"}, {"y": "1", "x": "132"}], [{"y": "0", "x": "172"}, {"y": "0", "x": "172"}, {"y": "3", "x": "175"}, {"y": "7", "x": "178"}, {"y": "10", "x": "181"}, {"y": "14", "x": "184"}, {"y": "17", "x": "187"}, {"y": "20", "x": "190"}, {"y": "24", "x": "193"}, {"y": "27", "x": "196"}, {"y": "31", "x": "199"}, {"y": "34", "x": "202"}, {"y": "37", "x": "205"}, {"y": "41", "x": "208"}, {"y": "44", "x": "211"}, {"y": "48", "x": "214"}, {"y": "51", "x": "217"}, {"y": "51", "x": "217"}, {"y": "51", "x": "217"}, {"y": "54", "x": "219"}, {"y": "57", "x": "222"}, {"y": "60", "x": "225"}, {"y": "64", "x": "227"}, {"y": "67", "x": "230"}, {"y": "70", "x": "233"}, {"y": "73", "x": "235"}, {"y": "76", "x": "238"}, {"y": "79", "x": "240"}, {"y": "83", "x": "243"}, {"y": "86", "x": "246"}, {"y": "89", "x": "248"}, {"y": "92", "x": "251"}, {"y": "95", "x": "253"}, {"y": "98", "x": "256"}, {"y": "102", "x": "259"}, {"y": "105", "x": "261"}, {"y": "108", "x": "264"}, {"y": "111", "x": "267"}, {"y": "114", "x": "269"}, {"y": "117", "x": "272"}, {"y": "117", "x": "272"}, {"y": "121", "x": "274"}, {"y": "124", "x": "277"}, {"y": "127", "x": "280"}, {"y": "130", "x": "282"}, {"y": "134", "x": "285"}, {"y": "137", "x": "287"}, {"y": "140", "x": "290"}, {"y": "143", "x": "293"}, {"y": "146", "x": "295"}, {"y": "150", "x": "298"}, {"y": "153", "x": "300"}, {"y": "156", "x": "303"}, {"y": "159", "x": "306"}, {"y": "163", "x": "308"}, {"y": "166", "x": "311"}, {"y": "169", "x": "313"}, {"y": "172", "x": "316"}, {"y": "176", "x": "319"}], [{"y": "45", "x": "1"}, {"y": "45", "x": "1"}, {"y": "40", "x": "10"}, {"y": "36", "x": "19"}, {"y": "32", "x": "28"}, {"y": "28", "x": "37"}, {"y": "28", "x": "37"}, {"y": "28", "x": "37"}, {"y": "23", "x": "45"}, {"y": "19", "x": "54"}, {"y": "15", "x": "62"}, {"y": "15", "x": "62"}, {"y": "15", "x": "62"}, {"y": "10", "x": "71"}, {"y": "5", "x": "80"}, {"y": "0", "x": "89"}, {"y": "0", "x": "89"}]]}