{"Lines": [[{"y": "178", "x": "7"}, {"y": "178", "x": "7"}, {"y": "175", "x": "9"}, {"y": "172", "x": "12"}, {"y": "169", "x": "14"}, {"y": "165", "x": "16"}, {"y": "162", "x": "19"}, {"y": "159", "x": "21"}, {"y": "156", "x": "24"}, {"y": "153", "x": "26"}, {"y": "150", "x": "29"}, {"y": "146", "x": "31"}, {"y": "143", "x": "33"}, {"y": "140", "x": "36"}, {"y": "137", "x": "38"}, {"y": "134", "x": "41"}, {"y": "131", "x": "43"}, {"y": "128", "x": "46"}, {"y": "124", "x": "48"}, {"y": "121", "x": "51"}, {"y": "118", "x": "53"}, {"y": "115", "x": "55"}, {"y": "112", "x": "58"}, {"y": "109", "x": "60"}, {"y": "105", "x": "63"}, {"y": "102", "x": "65"}, {"y": "99", "x": "68"}, {"y": "96", "x": "70"}, {"y": "96", "x": "70"}, {"y": "96", "x": "70"}, {"y": "93", "x": "73"}, {"y": "89", "x": "75"}, {"y": "86", "x": "78"}, {"y": "83", "x": "80"}, {"y": "79", "x": "83"}, {"y": "76", "x": "86"}, {"y": "73", "x": "88"}, {"y": "70", "x": "91"}, {"y": "66", "x": "93"}, {"y": "63", "x": "96"}, {"y": "60", "x": "98"}, {"y": "56", "x": "101"}, {"y": "53", "x": "103"}, {"y": "50", "x": "106"}, {"y": "50", "x": "106"}, {"y": "50", "x": "106"}, {"y": "46", "x": "109"}, {"y": "43", "x": "111"}, {"y": "40", "x": "114"}, {"y": "36", "x": "117"}, {"y": "33", "x": "120"}, {"y": "29", "x": "122"}, {"y": "26", "x": "125"}, {"y": "23", "x": "128"}, {"y": "19", "x": "131"}, {"y": "16", "x": "133"}, {"y": "13", "x": "136"}, {"y": "13", "x": "136"}], [{"y": "11", "x": "181"}, {"y": "11", "x": "181"}, {"y": "15", "x": "183"}, {"y": "18", "x": "185"}, {"y": "21", "x": "187"}, {"y": "25", "x": "189"}, {"y": "28", "x": "191"}, {"y": "32", "x": "192"}, {"y": "35", "x": "194"}, {"y": "39", "x": "196"}, {"y": "42", "x": "198"}, {"y": "42", "x": "198"}, {"y": "45", "x": "200"}, {"y": "49", "x": "202"}, {"y": "52", "x": "204"}, {"y": "55", "x": "206"}, {"y": "59", "x": "208"}, {"y": "62", "x": "210"}, {"y": "65", "x": "212"}, {"y": "69", "x": "214"}, {"y": "72", "x": "216"}, {"y": "75", "x": "218"}, {"y": "78", "x": "220"}, {"y": "82", "x": "222"}, {"y": "85", "x": "224"}, {"y": "85", "x": "224"}, {"y": "85", "x": "224"}, {"y": "88", "x": "226"}, {"y": "92", "x": "228"}, {"y": "95", "x": "230"}, {"y": "98", "x": "232"}, {"y": "101", "x": "234"}, {"y": "105", "x": "236"}, {"y": "108", "x": "238"}, {"y": "111", "x": "240"}, {"y": "115", "x": "242"}, {"y": "118", "x": "244"}, {"y": "121", "x": "246"}, {"y": "125", "x": "248"}, {"y": "128", "x": "250"}, {"y": "131", "x": "252"}, {"y": "135", "x": "254"}, {"y": "138", "x": "256"}, {"y": "141", "x": "258"}, {"y": "141", "x": "258"}, {"y": "141", "x": "258"}, {"y": "145", "x": "260"}, {"y": "148", "x": "262"}, {"y": "151", "x": "264"}, {"y": "155", "x": "266"}, {"y": "158", "x": "268"}, {"y": "162", "x": "270"}, {"y": "165", "x": "272"}, {"y": "168", "x": "274"}, {"y": "172", "x": "276"}, {"y": "175", "x": "278"}, {"y": "179", "x": "280"}, {"y": "179", "x": "280"}], [{"y": "57", "x": "1"}, {"y": "57", "x": "1"}, {"y": "54", "x": "8"}, {"y": "50", "x": "15"}, {"y": "47", "x": "22"}, {"y": "43", "x": "29"}, {"y": "40", "x": "36"}, {"y": "36", "x": "43"}, {"y": "33", "x": "50"}, {"y": "33", "x": "50"}, {"y": "29", "x": "58"}, {"y": "25", "x": "66"}, {"y": "21", "x": "73"}, {"y": "17", "x": "81"}, {"y": "13", "x": "89"}, {"y": "13", "x": "89"}]]}