{"Lines": [[{"y": "179", "x": "23"}, {"y": "179", "x": "24"}, {"y": "175", "x": "25"}, {"y": "172", "x": "27"}, {"y": "168", "x": "29"}, {"y": "165", "x": "31"}, {"y": "161", "x": "33"}, {"y": "158", "x": "34"}, {"y": "154", "x": "36"}, {"y": "151", "x": "38"}, {"y": "151", "x": "38"}, {"y": "148", "x": "40"}, {"y": "145", "x": "42"}, {"y": "141", "x": "43"}, {"y": "138", "x": "45"}, {"y": "135", "x": "47"}, {"y": "132", "x": "49"}, {"y": "129", "x": "50"}, {"y": "125", "x": "52"}, {"y": "122", "x": "54"}, {"y": "119", "x": "56"}, {"y": "116", "x": "57"}, {"y": "112", "x": "59"}, {"y": "109", "x": "61"}, {"y": "106", "x": "63"}, {"y": "103", "x": "64"}, {"y": "100", "x": "66"}, {"y": "96", "x": "68"}, {"y": "93", "x": "70"}, {"y": "90", "x": "72"}, {"y": "90", "x": "72"}, {"y": "90", "x": "72"}, {"y": "87", "x": "73"}, {"y": "84", "x": "75"}, {"y": "80", "x": "76"}, {"y": "77", "x": "78"}, {"y": "74", "x": "80"}, {"y": "71", "x": "81"}, {"y": "68", "x": "83"}, {"y": "64", "x": "85"}, {"y": "61", "x": "86"}, {"y": "58", "x": "88"}, {"y": "55", "x": "89"}, {"y": "51", "x": "91"}, {"y": "48", "x": "93"}, {"y": "45", "x": "94"}, {"y": "42", "x": "96"}, {"y": "39", "x": "98"}, {"y": "35", "x": "99"}, {"y": "32", "x": "101"}, {"y": "32", "x": "101"}, {"y": "32", "x": "101"}, {"y": "29", "x": "102"}, {"y": "25", "x": "104"}, {"y": "22", "x": "105"}, {"y": "18", "x": "107"}, {"y": "14", "x": "109"}, {"y": "11", "x": "110"}, {"y": "7", "x": "112"}, {"y": "7", "x": "112"}], [{"y": "7", "x": "156"}, {"y": "7", "x": "156"}, {"y": "10", "x": "158"}, {"y": "14", "x": "161"}, {"y": "17", "x": "164"}, {"y": "20", "x": "167"}, {"y": "24", "x": "170"}, {"y": "27", "x": "173"}, {"y": "31", "x": "176"}, {"y": "34", "x": "178"}, {"y": "37", "x": "181"}, {"y": "41", "x": "184"}, {"y": "44", "x": "187"}, {"y": "47", "x": "190"}, {"y": "47", "x": "190"}, {"y": "47", "x": "190"}, {"y": "51", "x": "193"}, {"y": "54", "x": "195"}, {"y": "57", "x": "198"}, {"y": "60", "x": "201"}, {"y": "63", "x": "203"}, {"y": "66", "x": "206"}, {"y": "70", "x": "209"}, {"y": "73", "x": "211"}, {"y": "76", "x": "214"}, {"y": "79", "x": "217"}, {"y": "82", "x": "219"}, {"y": "85", "x": "222"}, {"y": "89", "x": "225"}, {"y": "92", "x": "227"}, {"y": "95", "x": "230"}, {"y": "98", "x": "233"}, {"y": "101", "x": "235"}, {"y": "104", "x": "238"}, {"y": "108", "x": "241"}, {"y": "108", "x": "241"}, {"y": "108", "x": "241"}, {"y": "111", "x": "243"}, {"y": "114", "x": "246"}, {"y": "117", "x": "249"}, {"y": "121", "x": "251"}, {"y": "124", "x": "254"}, {"y": "127", "x": "257"}, {"y": "130", "x": "260"}, {"y": "133", "x": "262"}, {"y": "137", "x": "265"}, {"y": "140", "x": "268"}, {"y": "143", "x": "271"}, {"y": "146", "x": "273"}, {"y": "150", "x": "276"}, {"y": "153", "x": "279"}, {"y": "156", "x": "281"}, {"y": "159", "x": "284"}, {"y": "162", "x": "287"}, {"y": "166", "x": "290"}, {"y": "169", "x": "292"}, {"y": "172", "x": "295"}, {"y": "175", "x": "298"}, {"y": "179", "x": "300"}, {"y": "179", "x": "301"}], [{"y": "41", "x": "1"}, {"y": "41", "x": "1"}, {"y": "37", "x": "9"}, {"y": "32", "x": "18"}, {"y": "28", "x": "27"}, {"y": "24", "x": "35"}, {"y": "19", "x": "44"}, {"y": "15", "x": "52"}, {"y": "11", "x": "60"}, {"y": "11", "x": "60"}]]}