{"Lines": [[{"y": "178", "x": "20"}, {"y": "178", "x": "20"}, {"y": "175", "x": "22"}, {"y": "172", "x": "24"}, {"y": "168", "x": "26"}, {"y": "165", "x": "28"}, {"y": "162", "x": "30"}, {"y": "159", "x": "32"}, {"y": "156", "x": "34"}, {"y": "153", "x": "36"}, {"y": "149", "x": "38"}, {"y": "146", "x": "41"}, {"y": "143", "x": "43"}, {"y": "140", "x": "45"}, {"y": "137", "x": "47"}, {"y": "134", "x": "49"}, {"y": "130", "x": "51"}, {"y": "127", "x": "53"}, {"y": "124", "x": "55"}, {"y": "121", "x": "57"}, {"y": "118", "x": "59"}, {"y": "115", "x": "62"}, {"y": "112", "x": "64"}, {"y": "108", "x": "66"}, {"y": "105", "x": "68"}, {"y": "105", "x": "68"}, {"y": "105", "x": "68"}, {"y": "102", "x": "70"}, {"y": "99", "x": "73"}, {"y": "96", "x": "75"}, {"y": "92", "x": "77"}, {"y": "89", "x": "80"}, {"y": "86", "x": "82"}, {"y": "83", "x": "85"}, {"y": "80", "x": "87"}, {"y": "76", "x": "89"}, {"y": "73", "x": "92"}, {"y": "70", "x": "94"}, {"y": "67", "x": "96"}, {"y": "64", "x": "99"}, {"y": "60", "x": "101"}, {"y": "57", "x": "104"}, {"y": "54", "x": "106"}, {"y": "51", "x": "108"}, {"y": "47", "x": "111"}, {"y": "44", "x": "113"}, {"y": "41", "x": "115"}, {"y": "38", "x": "118"}, {"y": "38", "x": "118"}, {"y": "38", "x": "118"}, {"y": "34", "x": "121"}, {"y": "30", "x": "123"}, {"y": "26", "x": "126"}, {"y": "22", "x": "129"}, {"y": "18", "x": "132"}, {"y": "14", "x": "135"}, {"y": "8", "x": "141"}, {"y": "3", "x": "148"}], [{"y": "1", "x": "185"}, {"y": "1", "x": "185"}, {"y": "6", "x": "185"}, {"y": "11", "x": "186"}, {"y": "11", "x": "186"}, {"y": "11", "x": "186"}, {"y": "15", "x": "188"}, {"y": "19", "x": "190"}, {"y": "24", "x": "192"}, {"y": "28", "x": "194"}, {"y": "31", "x": "196"}, {"y": "35", "x": "198"}, {"y": "38", "x": "200"}, {"y": "42", "x": "203"}, {"y": "45", "x": "205"}, {"y": "48", "x": "207"}, {"y": "52", "x": "209"}, {"y": "55", "x": "211"}, {"y": "59", "x": "213"}, {"y": "62", "x": "216"}, {"y": "66", "x": "218"}, {"y": "69", "x": "220"}, {"y": "69", "x": "220"}, {"y": "69", "x": "220"}, {"y": "72", "x": "222"}, {"y": "76", "x": "224"}, {"y": "79", "x": "227"}, {"y": "82", "x": "229"}, {"y": "85", "x": "231"}, {"y": "89", "x": "233"}, {"y": "92", "x": "235"}, {"y": "95", "x": "238"}, {"y": "99", "x": "240"}, {"y": "102", "x": "242"}, {"y": "105", "x": "244"}, {"y": "108", "x": "246"}, {"y": "112", "x": "249"}, {"y": "115", "x": "251"}, {"y": "118", "x": "253"}, {"y": "121", "x": "255"}, {"y": "125", "x": "257"}, {"y": "128", "x": "260"}, {"y": "128", "x": "260"}, {"y": "128", "x": "260"}, {"y": "131", "x": "262"}, {"y": "135", "x": "264"}, {"y": "138", "x": "267"}, {"y": "142", "x": "269"}, {"y": "145", "x": "271"}, {"y": "148", "x": "274"}, {"y": "152", "x": "276"}, {"y": "155", "x": "278"}, {"y": "158", "x": "281"}, {"y": "162", "x": "283"}, {"y": "165", "x": "285"}, {"y": "168", "x": "288"}, {"y": "172", "x": "290"}, {"y": "175", "x": "292"}, {"y": "179", "x": "295"}, {"y": "179", "x": "295"}], [{"y": "55", "x": "2"}, {"y": "55", "x": "2"}, {"y": "51", "x": "9"}, {"y": "48", "x": "17"}, {"y": "44", "x": "24"}, {"y": "41", "x": "32"}, {"y": "37", "x": "40"}, {"y": "34", "x": "47"}, {"y": "30", "x": "55"}, {"y": "27", "x": "62"}, {"y": "23", "x": "70"}, {"y": "23", "x": "70"}, {"y": "19", "x": "78"}, {"y": "15", "x": "86"}, {"y": "11", "x": "95"}, {"y": "7", "x": "103"}, {"y": "7", "x": "103"}]]}