{"Lines": [[{"y": "169", "x": "0"}, {"y": "169", "x": "0"}, {"y": "165", "x": "3"}, {"y": "161", "x": "5"}, {"y": "157", "x": "8"}, {"y": "153", "x": "11"}, {"y": "153", "x": "11"}, {"y": "153", "x": "11"}, {"y": "150", "x": "13"}, {"y": "146", "x": "16"}, {"y": "143", "x": "19"}, {"y": "140", "x": "21"}, {"y": "137", "x": "24"}, {"y": "134", "x": "26"}, {"y": "130", "x": "29"}, {"y": "127", "x": "32"}, {"y": "124", "x": "34"}, {"y": "121", "x": "37"}, {"y": "117", "x": "39"}, {"y": "114", "x": "42"}, {"y": "111", "x": "45"}, {"y": "108", "x": "47"}, {"y": "104", "x": "50"}, {"y": "101", "x": "53"}, {"y": "101", "x": "53"}, {"y": "101", "x": "53"}, {"y": "98", "x": "55"}, {"y": "95", "x": "58"}, {"y": "91", "x": "61"}, {"y": "88", "x": "63"}, {"y": "85", "x": "66"}, {"y": "82", "x": "69"}, {"y": "79", "x": "71"}, {"y": "75", "x": "74"}, {"y": "72", "x": "77"}, {"y": "69", "x": "80"}, {"y": "66", "x": "82"}, {"y": "62", "x": "85"}, {"y": "59", "x": "88"}, {"y": "56", "x": "90"}, {"y": "56", "x": "90"}, {"y": "53", "x": "93"}, {"y": "49", "x": "95"}, {"y": "46", "x": "98"}, {"y": "42", "x": "101"}, {"y": "39", "x": "103"}, {"y": "35", "x": "106"}, {"y": "32", "x": "108"}, {"y": "29", "x": "111"}, {"y": "25", "x": "113"}, {"y": "25", "x": "113"}], [{"y": "9", "x": "173"}, {"y": "9", "x": "173"}, {"y": "12", "x": "175"}, {"y": "16", "x": "178"}, {"y": "19", "x": "181"}, {"y": "23", "x": "184"}, {"y": "26", "x": "187"}, {"y": "30", "x": "190"}, {"y": "33", "x": "193"}, {"y": "37", "x": "196"}, {"y": "37", "x": "196"}, {"y": "40", "x": "198"}, {"y": "43", "x": "201"}, {"y": "47", "x": "204"}, {"y": "50", "x": "206"}, {"y": "54", "x": "209"}, {"y": "57", "x": "211"}, {"y": "61", "x": "214"}, {"y": "64", "x": "217"}, {"y": "68", "x": "219"}, {"y": "71", "x": "222"}, {"y": "74", "x": "225"}, {"y": "74", "x": "225"}, {"y": "78", "x": "227"}, {"y": "81", "x": "230"}, {"y": "84", "x": "233"}, {"y": "88", "x": "235"}, {"y": "91", "x": "238"}, {"y": "94", "x": "241"}, {"y": "98", "x": "243"}, {"y": "101", "x": "246"}, {"y": "104", "x": "249"}, {"y": "108", "x": "252"}, {"y": "111", "x": "254"}, {"y": "114", "x": "257"}, {"y": "117", "x": "260"}, {"y": "121", "x": "262"}, {"y": "124", "x": "265"}, {"y": "127", "x": "268"}, {"y": "127", "x": "268"}, {"y": "131", "x": "270"}, {"y": "134", "x": "273"}, {"y": "137", "x": "275"}, {"y": "140", "x": "277"}, {"y": "143", "x": "280"}, {"y": "147", "x": "282"}, {"y": "150", "x": "285"}, {"y": "153", "x": "287"}, {"y": "156", "x": "290"}, {"y": "159", "x": "292"}, {"y": "163", "x": "294"}, {"y": "166", "x": "297"}, {"y": "169", "x": "299"}, {"y": "172", "x": "302"}, {"y": "175", "x": "304"}, {"y": "179", "x": "307"}], [{"y": "42", "x": "0"}, {"y": "42", "x": "0"}, {"y": "37", "x": "12"}, {"y": "33", "x": "24"}, {"y": "33", "x": "24"}, {"y": "33", "x": "24"}, {"y": "29", "x": "33"}, {"y": "25", "x": "43"}, {"y": "21", "x": "52"}, {"y": "18", "x": "62"}, {"y": "18", "x": "62"}]]}