{"Lines": [[{"y": "179", "x": "135"}, {"y": "179", "x": "136"}, {"y": "175", "x": "137"}, {"y": "171", "x": "138"}, {"y": "167", "x": "140"}, {"y": "163", "x": "141"}, {"y": "159", "x": "143"}, {"y": "155", "x": "144"}, {"y": "155", "x": "144"}, {"y": "155", "x": "144"}, {"y": "151", "x": "145"}, {"y": "148", "x": "147"}, {"y": "145", "x": "148"}, {"y": "142", "x": "149"}, {"y": "138", "x": "151"}, {"y": "135", "x": "152"}, {"y": "132", "x": "153"}, {"y": "129", "x": "155"}, {"y": "125", "x": "156"}, {"y": "122", "x": "157"}, {"y": "119", "x": "159"}, {"y": "116", "x": "160"}, {"y": "112", "x": "161"}, {"y": "109", "x": "163"}, {"y": "106", "x": "164"}, {"y": "103", "x": "165"}, {"y": "99", "x": "167"}, {"y": "96", "x": "168"}, {"y": "93", "x": "169"}, {"y": "93", "x": "169"}, {"y": "93", "x": "169"}, {"y": "90", "x": "171"}, {"y": "86", "x": "172"}, {"y": "83", "x": "173"}, {"y": "79", "x": "175"}, {"y": "76", "x": "176"}, {"y": "72", "x": "177"}, {"y": "69", "x": "179"}, {"y": "65", "x": "180"}, {"y": "62", "x": "181"}, {"y": "62", "x": "181"}, {"y": "58", "x": "183"}, {"y": "54", "x": "184"}, {"y": "50", "x": "186"}, {"y": "47", "x": "187"}, {"y": "43", "x": "189"}, {"y": "39", "x": "191"}, {"y": "35", "x": "192"}, {"y": "35", "x": "192"}, {"y": "31", "x": "194"}, {"y": "28", "x": "196"}, {"y": "24", "x": "197"}, {"y": "20", "x": "199"}, {"y": "16", "x": "201"}, {"y": "13", "x": "203"}], [{"y": "98", "x": "0"}, {"y": "98", "x": "0"}, {"y": "94", "x": "6"}, {"y": "90", "x": "13"}, {"y": "87", "x": "20"}, {"y": "83", "x": "26"}, {"y": "79", "x": "33"}, {"y": "75", "x": "39"}, {"y": "72", "x": "46"}, {"y": "72", "x": "46"}, {"y": "68", "x": "53"}, {"y": "64", "x": "60"}, {"y": "60", "x": "67"}, {"y": "56", "x": "74"}, {"y": "52", "x": "81"}, {"y": "52", "x": "81"}, {"y": "52", "x": "81"}, {"y": "47", "x": "88"}, {"y": "43", "x": "96"}, {"y": "39", "x": "103"}, {"y": "35", "x": "111"}, {"y": "31", "x": "118"}, {"y": "31", "x": "118"}, {"y": "27", "x": "125"}, {"y": "24", "x": "131"}, {"y": "20", "x": "138"}, {"y": "17", "x": "144"}, {"y": "13", "x": "151"}, {"y": "10", "x": "157"}, {"y": "10", "x": "157"}], [{"y": "3", "x": "244"}, {"y": "3", "x": "244"}, {"y": "6", "x": "247"}, {"y": "9", "x": "250"}, {"y": "13", "x": "253"}, {"y": "16", "x": "256"}, {"y": "20", "x": "259"}, {"y": "23", "x": "262"}, {"y": "27", "x": "265"}, {"y": "27", "x": "265"}, {"y": "27", "x": "265"}, {"y": "30", "x": "268"}, {"y": "33", "x": "272"}, {"y": "37", "x": "275"}, {"y": "40", "x": "278"}, {"y": "44", "x": "282"}, {"y": "47", "x": "285"}, {"y": "50", "x": "289"}, {"y": "54", "x": "292"}, {"y": "57", "x": "296"}, {"y": "60", "x": "299"}, {"y": "64", "x": "303"}, {"y": "64", "x": "303"}, {"y": "64", "x": "303"}, {"y": "69", "x": "308"}, {"y": "74", "x": "313"}, {"y": "79", "x": "319"}, {"y": "79", "x": "319"}]]}