{"Lines": [[{"y": "57", "x": "1"}, {"y": "57", "x": "1"}, {"y": "52", "x": "14"}, {"y": "48", "x": "27"}, {"y": "48", "x": "27"}, {"y": "48", "x": "27"}, {"y": "44", "x": "37"}, {"y": "40", "x": "48"}, {"y": "36", "x": "58"}, {"y": "32", "x": "68"}, {"y": "32", "x": "68"}], [{"y": "179", "x": "9"}, {"y": "179", "x": "9"}, {"y": "175", "x": "11"}, {"y": "172", "x": "13"}, {"y": "169", "x": "16"}, {"y": "166", "x": "18"}, {"y": "163", "x": "21"}, {"y": "159", "x": "23"}, {"y": "156", "x": "25"}, {"y": "153", "x": "28"}, {"y": "150", "x": "30"}, {"y": "147", "x": "33"}, {"y": "143", "x": "35"}, {"y": "140", "x": "37"}, {"y": "137", "x": "40"}, {"y": "134", "x": "42"}, {"y": "131", "x": "45"}, {"y": "127", "x": "47"}, {"y": "124", "x": "49"}, {"y": "124", "x": "49"}, {"y": "124", "x": "49"}, {"y": "121", "x": "52"}, {"y": "118", "x": "55"}, {"y": "115", "x": "57"}, {"y": "111", "x": "60"}, {"y": "108", "x": "62"}, {"y": "105", "x": "65"}, {"y": "102", "x": "67"}, {"y": "99", "x": "70"}, {"y": "95", "x": "72"}, {"y": "92", "x": "75"}, {"y": "89", "x": "77"}, {"y": "86", "x": "80"}, {"y": "83", "x": "82"}, {"y": "79", "x": "85"}, {"y": "76", "x": "87"}, {"y": "73", "x": "90"}, {"y": "70", "x": "92"}, {"y": "67", "x": "95"}, {"y": "67", "x": "95"}, {"y": "67", "x": "95"}, {"y": "63", "x": "98"}, {"y": "60", "x": "101"}, {"y": "57", "x": "104"}, {"y": "53", "x": "107"}, {"y": "50", "x": "111"}, {"y": "46", "x": "114"}, {"y": "43", "x": "117"}, {"y": "40", "x": "120"}, {"y": "36", "x": "124"}, {"y": "36", "x": "124"}, {"y": "36", "x": "124"}, {"y": "32", "x": "128"}, {"y": "28", "x": "132"}, {"y": "24", "x": "136"}, {"y": "19", "x": "140"}, {"y": "19", "x": "140"}], [{"y": "24", "x": "184"}, {"y": "24", "x": "184"}, {"y": "28", "x": "187"}, {"y": "32", "x": "190"}, {"y": "36", "x": "193"}, {"y": "36", "x": "193"}, {"y": "40", "x": "195"}, {"y": "44", "x": "198"}, {"y": "48", "x": "200"}, {"y": "52", "x": "202"}, {"y": "55", "x": "205"}, {"y": "59", "x": "207"}, {"y": "59", "x": "207"}, {"y": "59", "x": "207"}, {"y": "63", "x": "210"}, {"y": "66", "x": "212"}, {"y": "70", "x": "214"}, {"y": "74", "x": "216"}, {"y": "77", "x": "218"}, {"y": "81", "x": "220"}, {"y": "85", "x": "222"}, {"y": "85", "x": "222"}, {"y": "88", "x": "224"}, {"y": "91", "x": "226"}, {"y": "95", "x": "228"}, {"y": "98", "x": "230"}, {"y": "101", "x": "232"}, {"y": "104", "x": "234"}, {"y": "108", "x": "236"}, {"y": "111", "x": "238"}, {"y": "114", "x": "240"}, {"y": "117", "x": "242"}, {"y": "121", "x": "244"}, {"y": "124", "x": "246"}, {"y": "127", "x": "248"}, {"y": "131", "x": "250"}, {"y": "134", "x": "252"}, {"y": "137", "x": "254"}, {"y": "140", "x": "256"}, {"y": "140", "x": "256"}, {"y": "140", "x": "256"}, {"y": "144", "x": "258"}, {"y": "147", "x": "260"}, {"y": "151", "x": "262"}, {"y": "154", "x": "264"}, {"y": "157", "x": "267"}, {"y": "161", "x": "269"}, {"y": "164", "x": "271"}, {"y": "168", "x": "273"}, {"y": "171", "x": "275"}, {"y": "175", "x": "277"}, {"y": "178", "x": "279"}, {"y": "178", "x": "280"}]]}