{"Lines": [[{"y": "179", "x": "30"}, {"y": "179", "x": "30"}, {"y": "175", "x": "32"}, {"y": "172", "x": "34"}, {"y": "169", "x": "36"}, {"y": "166", "x": "38"}, {"y": "162", "x": "40"}, {"y": "159", "x": "42"}, {"y": "156", "x": "44"}, {"y": "153", "x": "47"}, {"y": "149", "x": "49"}, {"y": "146", "x": "51"}, {"y": "143", "x": "53"}, {"y": "140", "x": "55"}, {"y": "137", "x": "57"}, {"y": "133", "x": "59"}, {"y": "130", "x": "61"}, {"y": "127", "x": "64"}, {"y": "124", "x": "66"}, {"y": "120", "x": "68"}, {"y": "117", "x": "70"}, {"y": "114", "x": "72"}, {"y": "111", "x": "74"}, {"y": "108", "x": "76"}, {"y": "104", "x": "78"}, {"y": "101", "x": "81"}, {"y": "101", "x": "81"}, {"y": "101", "x": "81"}, {"y": "98", "x": "83"}, {"y": "95", "x": "85"}, {"y": "92", "x": "87"}, {"y": "88", "x": "89"}, {"y": "85", "x": "91"}, {"y": "82", "x": "93"}, {"y": "79", "x": "95"}, {"y": "76", "x": "97"}, {"y": "73", "x": "99"}, {"y": "70", "x": "101"}, {"y": "66", "x": "104"}, {"y": "63", "x": "106"}, {"y": "60", "x": "108"}, {"y": "57", "x": "110"}, {"y": "54", "x": "112"}, {"y": "51", "x": "114"}, {"y": "48", "x": "116"}, {"y": "44", "x": "118"}, {"y": "41", "x": "120"}, {"y": "38", "x": "122"}, {"y": "38", "x": "122"}, {"y": "38", "x": "122"}, {"y": "35", "x": "125"}, {"y": "31", "x": "127"}, {"y": "28", "x": "130"}, {"y": "25", "x": "132"}, {"y": "21", "x": "135"}, {"y": "18", "x": "137"}, {"y": "15", "x": "140"}, {"y": "11", "x": "142"}, {"y": "8", "x": "145"}, {"y": "5", "x": "147"}, {"y": "2", "x": "150"}, {"y": "2", "x": "150"}], [{"y": "2", "x": "186"}, {"y": "2", "x": "186"}, {"y": "6", "x": "188"}, {"y": "10", "x": "190"}, {"y": "14", "x": "192"}, {"y": "18", "x": "194"}, {"y": "21", "x": "196"}, {"y": "25", "x": "198"}, {"y": "25", "x": "198"}, {"y": "25", "x": "198"}, {"y": "29", "x": "200"}, {"y": "32", "x": "203"}, {"y": "35", "x": "205"}, {"y": "39", "x": "207"}, {"y": "42", "x": "209"}, {"y": "46", "x": "212"}, {"y": "49", "x": "214"}, {"y": "52", "x": "216"}, {"y": "52", "x": "216"}, {"y": "52", "x": "216"}, {"y": "55", "x": "218"}, {"y": "59", "x": "220"}, {"y": "62", "x": "222"}, {"y": "65", "x": "225"}, {"y": "68", "x": "227"}, {"y": "71", "x": "229"}, {"y": "74", "x": "231"}, {"y": "77", "x": "233"}, {"y": "81", "x": "235"}, {"y": "84", "x": "237"}, {"y": "87", "x": "240"}, {"y": "90", "x": "242"}, {"y": "93", "x": "244"}, {"y": "96", "x": "246"}, {"y": "100", "x": "248"}, {"y": "103", "x": "250"}, {"y": "106", "x": "252"}, {"y": "109", "x": "255"}, {"y": "112", "x": "257"}, {"y": "115", "x": "259"}, {"y": "118", "x": "261"}, {"y": "122", "x": "263"}, {"y": "122", "x": "263"}, {"y": "125", "x": "266"}, {"y": "128", "x": "268"}, {"y": "132", "x": "271"}, {"y": "135", "x": "273"}, {"y": "138", "x": "276"}, {"y": "142", "x": "278"}, {"y": "145", "x": "281"}, {"y": "148", "x": "283"}, {"y": "152", "x": "286"}, {"y": "155", "x": "288"}, {"y": "158", "x": "291"}, {"y": "162", "x": "293"}, {"y": "165", "x": "296"}, {"y": "168", "x": "298"}, {"y": "172", "x": "301"}, {"y": "175", "x": "303"}, {"y": "179", "x": "306"}], [{"y": "55", "x": "1"}, {"y": "55", "x": "1"}, {"y": "51", "x": "9"}, {"y": "48", "x": "16"}, {"y": "44", "x": "24"}, {"y": "41", "x": "32"}, {"y": "37", "x": "39"}, {"y": "34", "x": "47"}, {"y": "30", "x": "54"}, {"y": "26", "x": "62"}, {"y": "26", "x": "62"}, {"y": "22", "x": "70"}, {"y": "19", "x": "79"}, {"y": "15", "x": "88"}, {"y": "11", "x": "96"}, {"y": "7", "x": "105"}, {"y": "3", "x": "113"}, {"y": "3", "x": "113"}]]}