{"Lines": [[{"y": "165", "x": "0"}, {"y": "165", "x": "0"}, {"y": "160", "x": "5"}, {"y": "156", "x": "10"}, {"y": "151", "x": "14"}, {"y": "151", "x": "14"}, {"y": "151", "x": "14"}, {"y": "147", "x": "18"}, {"y": "144", "x": "21"}, {"y": "141", "x": "24"}, {"y": "137", "x": "27"}, {"y": "134", "x": "30"}, {"y": "131", "x": "33"}, {"y": "128", "x": "37"}, {"y": "124", "x": "40"}, {"y": "121", "x": "43"}, {"y": "118", "x": "46"}, {"y": "114", "x": "49"}, {"y": "111", "x": "53"}, {"y": "108", "x": "56"}, {"y": "104", "x": "59"}, {"y": "101", "x": "62"}, {"y": "101", "x": "62"}, {"y": "101", "x": "62"}, {"y": "98", "x": "66"}, {"y": "94", "x": "70"}, {"y": "90", "x": "75"}, {"y": "87", "x": "79"}, {"y": "83", "x": "83"}, {"y": "80", "x": "87"}, {"y": "76", "x": "91"}, {"y": "72", "x": "95"}, {"y": "69", "x": "99"}, {"y": "69", "x": "99"}, {"y": "65", "x": "104"}, {"y": "61", "x": "109"}, {"y": "56", "x": "114"}, {"y": "52", "x": "119"}, {"y": "52", "x": "120"}, {"y": "52", "x": "120"}, {"y": "48", "x": "125"}, {"y": "44", "x": "131"}, {"y": "40", "x": "137"}, {"y": "36", "x": "143"}, {"y": "36", "x": "143"}], [{"y": "44", "x": "216"}, {"y": "44", "x": "216"}, {"y": "49", "x": "216"}, {"y": "53", "x": "216"}, {"y": "58", "x": "216"}, {"y": "58", "x": "216"}, {"y": "39", "x": "216"}, {"y": "33", "x": "217"}, {"y": "33", "x": "217"}, {"y": "33", "x": "217"}, {"y": "63", "x": "217"}, {"y": "68", "x": "218"}, {"y": "73", "x": "219"}, {"y": "73", "x": "219"}, {"y": "73", "x": "219"}, {"y": "28", "x": "220"}, {"y": "77", "x": "221"}, {"y": "81", "x": "222"}, {"y": "85", "x": "223"}, {"y": "23", "x": "223"}, {"y": "23", "x": "223"}, {"y": "89", "x": "224"}, {"y": "93", "x": "225"}, {"y": "93", "x": "225"}, {"y": "93", "x": "225"}, {"y": "97", "x": "226"}, {"y": "100", "x": "227"}, {"y": "103", "x": "228"}, {"y": "107", "x": "230"}, {"y": "110", "x": "231"}, {"y": "113", "x": "232"}, {"y": "117", "x": "233"}, {"y": "120", "x": "234"}, {"y": "123", "x": "236"}, {"y": "127", "x": "237"}, {"y": "130", "x": "238"}, {"y": "130", "x": "238"}, {"y": "133", "x": "239"}, {"y": "137", "x": "241"}, {"y": "140", "x": "242"}, {"y": "143", "x": "243"}, {"y": "146", "x": "244"}, {"y": "149", "x": "245"}, {"y": "153", "x": "247"}, {"y": "156", "x": "248"}, {"y": "159", "x": "249"}, {"y": "162", "x": "250"}, {"y": "166", "x": "252"}, {"y": "169", "x": "253"}, {"y": "172", "x": "254"}, {"y": "175", "x": "255"}, {"y": "179", "x": "257"}, {"y": "179", "x": "257"}], [{"y": "67", "x": "0"}, {"y": "67", "x": "0"}, {"y": "58", "x": "25"}, {"y": "58", "x": "25"}, {"y": "58", "x": "25"}, {"y": "52", "x": "41"}, {"y": "46", "x": "57"}, {"y": "46", "x": "57"}, {"y": "46", "x": "57"}, {"y": "42", "x": "70"}, {"y": "37", "x": "83"}, {"y": "33", "x": "96"}, {"y": "33", "x": "96"}]]}