{"Lines": [[{"y": "179", "x": "25"}, {"y": "179", "x": "26"}, {"y": "175", "x": "28"}, {"y": "172", "x": "30"}, {"y": "169", "x": "32"}, {"y": "166", "x": "34"}, {"y": "163", "x": "36"}, {"y": "160", "x": "38"}, {"y": "157", "x": "40"}, {"y": "154", "x": "42"}, {"y": "150", "x": "44"}, {"y": "147", "x": "46"}, {"y": "144", "x": "48"}, {"y": "141", "x": "50"}, {"y": "138", "x": "52"}, {"y": "135", "x": "54"}, {"y": "132", "x": "56"}, {"y": "129", "x": "58"}, {"y": "125", "x": "60"}, {"y": "122", "x": "62"}, {"y": "119", "x": "64"}, {"y": "116", "x": "66"}, {"y": "113", "x": "68"}, {"y": "110", "x": "70"}, {"y": "107", "x": "72"}, {"y": "104", "x": "74"}, {"y": "100", "x": "76"}, {"y": "97", "x": "78"}, {"y": "94", "x": "80"}, {"y": "91", "x": "82"}, {"y": "88", "x": "84"}, {"y": "85", "x": "86"}, {"y": "82", "x": "88"}, {"y": "79", "x": "90"}, {"y": "75", "x": "92"}, {"y": "72", "x": "94"}, {"y": "69", "x": "96"}, {"y": "66", "x": "98"}, {"y": "66", "x": "98"}, {"y": "63", "x": "100"}, {"y": "59", "x": "102"}, {"y": "56", "x": "104"}, {"y": "53", "x": "106"}, {"y": "49", "x": "108"}, {"y": "46", "x": "110"}, {"y": "43", "x": "112"}, {"y": "39", "x": "114"}, {"y": "36", "x": "116"}, {"y": "33", "x": "118"}, {"y": "29", "x": "120"}, {"y": "26", "x": "122"}, {"y": "23", "x": "124"}, {"y": "23", "x": "124"}, {"y": "19", "x": "126"}, {"y": "15", "x": "128"}, {"y": "12", "x": "130"}, {"y": "8", "x": "132"}, {"y": "4", "x": "134"}, {"y": "0", "x": "136"}, {"y": "0", "x": "136"}], [{"y": "47", "x": "0"}, {"y": "47", "x": "0"}, {"y": "43", "x": "10"}, {"y": "38", "x": "20"}, {"y": "34", "x": "31"}, {"y": "29", "x": "41"}, {"y": "29", "x": "41"}, {"y": "29", "x": "41"}, {"y": "25", "x": "51"}, {"y": "20", "x": "61"}, {"y": "15", "x": "71"}, {"y": "15", "x": "71"}, {"y": "15", "x": "71"}, {"y": "10", "x": "80"}, {"y": "5", "x": "89"}, {"y": "0", "x": "98"}, {"y": "0", "x": "98"}], [{"y": "0", "x": "174"}, {"y": "0", "x": "174"}, {"y": "4", "x": "179"}, {"y": "9", "x": "183"}, {"y": "13", "x": "188"}, {"y": "18", "x": "193"}, {"y": "18", "x": "193"}, {"y": "21", "x": "196"}, {"y": "24", "x": "199"}, {"y": "27", "x": "202"}, {"y": "31", "x": "205"}, {"y": "34", "x": "208"}, {"y": "37", "x": "211"}, {"y": "40", "x": "214"}, {"y": "43", "x": "217"}, {"y": "47", "x": "219"}, {"y": "50", "x": "222"}, {"y": "53", "x": "225"}, {"y": "56", "x": "228"}, {"y": "60", "x": "231"}, {"y": "63", "x": "234"}, {"y": "66", "x": "237"}, {"y": "69", "x": "240"}, {"y": "73", "x": "243"}, {"y": "76", "x": "246"}, {"y": "76", "x": "246"}, {"y": "76", "x": "246"}, {"y": "79", "x": "249"}, {"y": "82", "x": "252"}, {"y": "85", "x": "255"}, {"y": "88", "x": "257"}, {"y": "92", "x": "260"}, {"y": "95", "x": "263"}, {"y": "98", "x": "266"}, {"y": "101", "x": "268"}, {"y": "104", "x": "271"}, {"y": "107", "x": "274"}, {"y": "110", "x": "277"}, {"y": "114", "x": "280"}, {"y": "117", "x": "282"}, {"y": "120", "x": "285"}, {"y": "123", "x": "288"}, {"y": "126", "x": "291"}, {"y": "129", "x": "293"}, {"y": "132", "x": "296"}, {"y": "136", "x": "299"}, {"y": "139", "x": "302"}, {"y": "142", "x": "305"}, {"y": "145", "x": "307"}, {"y": "148", "x": "310"}, {"y": "151", "x": "313"}, {"y": "154", "x": "316"}, {"y": "158", "x": "319"}]]}