{"Lines": [[{"y": "179", "x": "35"}, {"y": "179", "x": "36"}, {"y": "175", "x": "37"}, {"y": "172", "x": "39"}, {"y": "169", "x": "41"}, {"y": "166", "x": "43"}, {"y": "163", "x": "45"}, {"y": "160", "x": "47"}, {"y": "157", "x": "49"}, {"y": "154", "x": "51"}, {"y": "151", "x": "52"}, {"y": "148", "x": "54"}, {"y": "145", "x": "56"}, {"y": "141", "x": "58"}, {"y": "138", "x": "60"}, {"y": "135", "x": "62"}, {"y": "132", "x": "64"}, {"y": "129", "x": "66"}, {"y": "126", "x": "67"}, {"y": "123", "x": "69"}, {"y": "120", "x": "71"}, {"y": "117", "x": "73"}, {"y": "114", "x": "75"}, {"y": "111", "x": "77"}, {"y": "108", "x": "79"}, {"y": "104", "x": "81"}, {"y": "101", "x": "83"}, {"y": "98", "x": "84"}, {"y": "95", "x": "86"}, {"y": "92", "x": "88"}, {"y": "89", "x": "90"}, {"y": "86", "x": "92"}, {"y": "83", "x": "94"}, {"y": "80", "x": "96"}, {"y": "77", "x": "98"}, {"y": "74", "x": "99"}, {"y": "71", "x": "101"}, {"y": "71", "x": "101"}, {"y": "71", "x": "101"}, {"y": "67", "x": "103"}, {"y": "64", "x": "105"}, {"y": "61", "x": "108"}, {"y": "57", "x": "110"}, {"y": "54", "x": "112"}, {"y": "51", "x": "114"}, {"y": "47", "x": "116"}, {"y": "44", "x": "118"}, {"y": "41", "x": "120"}, {"y": "37", "x": "122"}, {"y": "34", "x": "124"}, {"y": "31", "x": "126"}, {"y": "27", "x": "128"}, {"y": "27", "x": "128"}, {"y": "24", "x": "131"}, {"y": "20", "x": "133"}, {"y": "16", "x": "136"}, {"y": "13", "x": "138"}, {"y": "9", "x": "141"}, {"y": "5", "x": "143"}, {"y": "5", "x": "143"}], [{"y": "52", "x": "0"}, {"y": "52", "x": "0"}, {"y": "49", "x": "8"}, {"y": "45", "x": "16"}, {"y": "41", "x": "24"}, {"y": "37", "x": "32"}, {"y": "34", "x": "40"}, {"y": "30", "x": "48"}, {"y": "26", "x": "56"}, {"y": "26", "x": "56"}, {"y": "26", "x": "56"}, {"y": "23", "x": "63"}, {"y": "19", "x": "70"}, {"y": "16", "x": "77"}, {"y": "12", "x": "85"}, {"y": "9", "x": "92"}, {"y": "5", "x": "99"}, {"y": "2", "x": "106"}, {"y": "2", "x": "106"}], [{"y": "1", "x": "182"}, {"y": "1", "x": "182"}, {"y": "4", "x": "185"}, {"y": "8", "x": "188"}, {"y": "11", "x": "192"}, {"y": "15", "x": "195"}, {"y": "18", "x": "198"}, {"y": "21", "x": "201"}, {"y": "25", "x": "205"}, {"y": "28", "x": "208"}, {"y": "28", "x": "208"}, {"y": "32", "x": "211"}, {"y": "35", "x": "214"}, {"y": "38", "x": "217"}, {"y": "41", "x": "220"}, {"y": "45", "x": "223"}, {"y": "48", "x": "226"}, {"y": "51", "x": "230"}, {"y": "54", "x": "233"}, {"y": "58", "x": "236"}, {"y": "61", "x": "239"}, {"y": "64", "x": "242"}, {"y": "68", "x": "245"}, {"y": "71", "x": "248"}, {"y": "74", "x": "251"}, {"y": "77", "x": "254"}, {"y": "81", "x": "258"}, {"y": "84", "x": "261"}, {"y": "87", "x": "264"}, {"y": "90", "x": "267"}, {"y": "90", "x": "267"}, {"y": "90", "x": "267"}, {"y": "94", "x": "270"}, {"y": "97", "x": "273"}, {"y": "100", "x": "276"}, {"y": "104", "x": "279"}, {"y": "107", "x": "282"}, {"y": "110", "x": "285"}, {"y": "114", "x": "288"}, {"y": "117", "x": "291"}, {"y": "120", "x": "294"}, {"y": "123", "x": "297"}, {"y": "127", "x": "300"}, {"y": "130", "x": "303"}, {"y": "133", "x": "306"}, {"y": "137", "x": "309"}, {"y": "140", "x": "312"}, {"y": "143", "x": "315"}, {"y": "147", "x": "318"}, {"y": "147", "x": "319"}]]}