{"Lines": [[{"y": "158", "x": "0"}, {"y": "158", "x": "0"}, {"y": "155", "x": "3"}, {"y": "152", "x": "6"}, {"y": "148", "x": "8"}, {"y": "145", "x": "11"}, {"y": "142", "x": "14"}, {"y": "138", "x": "17"}, {"y": "135", "x": "20"}, {"y": "131", "x": "22"}, {"y": "128", "x": "25"}, {"y": "125", "x": "28"}, {"y": "121", "x": "31"}, {"y": "118", "x": "34"}, {"y": "114", "x": "37"}, {"y": "111", "x": "39"}, {"y": "108", "x": "42"}, {"y": "108", "x": "42"}, {"y": "104", "x": "45"}, {"y": "101", "x": "48"}, {"y": "97", "x": "51"}, {"y": "94", "x": "54"}, {"y": "91", "x": "57"}, {"y": "87", "x": "60"}, {"y": "84", "x": "63"}, {"y": "80", "x": "66"}, {"y": "77", "x": "69"}, {"y": "74", "x": "72"}, {"y": "70", "x": "75"}, {"y": "67", "x": "77"}, {"y": "63", "x": "80"}, {"y": "60", "x": "83"}, {"y": "60", "x": "83"}, {"y": "60", "x": "83"}, {"y": "57", "x": "87"}, {"y": "53", "x": "90"}, {"y": "49", "x": "93"}, {"y": "46", "x": "96"}, {"y": "42", "x": "100"}, {"y": "39", "x": "103"}, {"y": "35", "x": "106"}, {"y": "31", "x": "110"}, {"y": "28", "x": "113"}, {"y": "28", "x": "113"}, {"y": "28", "x": "113"}, {"y": "24", "x": "116"}, {"y": "20", "x": "120"}, {"y": "16", "x": "124"}, {"y": "12", "x": "128"}, {"y": "8", "x": "131"}, {"y": "8", "x": "131"}], [{"y": "7", "x": "171"}, {"y": "7", "x": "171"}, {"y": "11", "x": "174"}, {"y": "14", "x": "177"}, {"y": "18", "x": "179"}, {"y": "22", "x": "182"}, {"y": "25", "x": "184"}, {"y": "29", "x": "187"}, {"y": "32", "x": "190"}, {"y": "36", "x": "192"}, {"y": "36", "x": "192"}, {"y": "40", "x": "195"}, {"y": "43", "x": "198"}, {"y": "47", "x": "200"}, {"y": "50", "x": "203"}, {"y": "54", "x": "205"}, {"y": "58", "x": "208"}, {"y": "61", "x": "211"}, {"y": "65", "x": "213"}, {"y": "68", "x": "216"}, {"y": "68", "x": "216"}, {"y": "68", "x": "216"}, {"y": "72", "x": "218"}, {"y": "75", "x": "221"}, {"y": "78", "x": "223"}, {"y": "81", "x": "226"}, {"y": "85", "x": "228"}, {"y": "88", "x": "230"}, {"y": "91", "x": "233"}, {"y": "94", "x": "235"}, {"y": "98", "x": "238"}, {"y": "101", "x": "240"}, {"y": "104", "x": "242"}, {"y": "107", "x": "245"}, {"y": "111", "x": "247"}, {"y": "114", "x": "250"}, {"y": "117", "x": "252"}, {"y": "120", "x": "255"}, {"y": "120", "x": "255"}, {"y": "120", "x": "255"}, {"y": "124", "x": "257"}, {"y": "127", "x": "259"}, {"y": "130", "x": "261"}, {"y": "133", "x": "264"}, {"y": "136", "x": "266"}, {"y": "140", "x": "268"}, {"y": "143", "x": "271"}, {"y": "146", "x": "273"}, {"y": "149", "x": "275"}, {"y": "153", "x": "277"}, {"y": "156", "x": "280"}, {"y": "159", "x": "282"}, {"y": "162", "x": "284"}, {"y": "166", "x": "286"}, {"y": "169", "x": "289"}, {"y": "172", "x": "291"}, {"y": "175", "x": "293"}, {"y": "179", "x": "295"}, {"y": "179", "x": "296"}], [{"y": "42", "x": "0"}, {"y": "42", "x": "0"}, {"y": "37", "x": "13"}, {"y": "33", "x": "26"}, {"y": "33", "x": "26"}, {"y": "33", "x": "26"}, {"y": "28", "x": "39"}, {"y": "23", "x": "52"}, {"y": "18", "x": "65"}, {"y": "18", "x": "65"}, {"y": "18", "x": "65"}, {"y": "13", "x": "80"}, {"y": "8", "x": "94"}]]}