{"Lines": [[{"y": "68", "x": "0"}, {"y": "68", "x": "0"}, {"y": "64", "x": "8"}, {"y": "60", "x": "16"}, {"y": "57", "x": "24"}, {"y": "53", "x": "32"}, {"y": "49", "x": "40"}, {"y": "49", "x": "40"}, {"y": "45", "x": "48"}, {"y": "41", "x": "56"}, {"y": "37", "x": "64"}, {"y": "33", "x": "73"}, {"y": "33", "x": "73"}, {"y": "28", "x": "84"}, {"y": "22", "x": "96"}, {"y": "22", "x": "96"}, {"y": "22", "x": "96"}, {"y": "17", "x": "108"}, {"y": "13", "x": "120"}, {"y": "8", "x": "132"}, {"y": "8", "x": "132"}], [{"y": "179", "x": "58"}, {"y": "179", "x": "58"}, {"y": "175", "x": "59"}, {"y": "172", "x": "61"}, {"y": "169", "x": "63"}, {"y": "166", "x": "65"}, {"y": "163", "x": "67"}, {"y": "159", "x": "69"}, {"y": "156", "x": "70"}, {"y": "153", "x": "72"}, {"y": "150", "x": "74"}, {"y": "147", "x": "76"}, {"y": "144", "x": "78"}, {"y": "140", "x": "80"}, {"y": "137", "x": "81"}, {"y": "134", "x": "83"}, {"y": "131", "x": "85"}, {"y": "128", "x": "87"}, {"y": "125", "x": "89"}, {"y": "121", "x": "91"}, {"y": "118", "x": "93"}, {"y": "115", "x": "94"}, {"y": "112", "x": "96"}, {"y": "109", "x": "98"}, {"y": "106", "x": "100"}, {"y": "102", "x": "102"}, {"y": "99", "x": "104"}, {"y": "96", "x": "105"}, {"y": "96", "x": "105"}, {"y": "93", "x": "108"}, {"y": "90", "x": "110"}, {"y": "86", "x": "112"}, {"y": "83", "x": "114"}, {"y": "80", "x": "116"}, {"y": "77", "x": "118"}, {"y": "74", "x": "121"}, {"y": "70", "x": "123"}, {"y": "67", "x": "125"}, {"y": "64", "x": "127"}, {"y": "61", "x": "129"}, {"y": "58", "x": "131"}, {"y": "54", "x": "134"}, {"y": "51", "x": "136"}, {"y": "48", "x": "138"}, {"y": "45", "x": "140"}, {"y": "42", "x": "142"}, {"y": "42", "x": "142"}, {"y": "38", "x": "146"}, {"y": "35", "x": "149"}, {"y": "31", "x": "153"}, {"y": "28", "x": "156"}, {"y": "25", "x": "160"}, {"y": "21", "x": "163"}, {"y": "18", "x": "166"}, {"y": "14", "x": "170"}, {"y": "14", "x": "170"}, {"y": "9", "x": "179"}, {"y": "3", "x": "188"}, {"y": "3", "x": "188"}], [{"y": "12", "x": "231"}, {"y": "12", "x": "231"}, {"y": "12", "x": "231"}, {"y": "16", "x": "231"}, {"y": "20", "x": "232"}, {"y": "24", "x": "232"}, {"y": "28", "x": "233"}, {"y": "28", "x": "233"}, {"y": "7", "x": "233"}, {"y": "31", "x": "234"}, {"y": "1", "x": "235"}, {"y": "1", "x": "235"}, {"y": "35", "x": "236"}, {"y": "38", "x": "238"}, {"y": "42", "x": "239"}, {"y": "45", "x": "241"}, {"y": "49", "x": "242"}, {"y": "52", "x": "244"}, {"y": "56", "x": "246"}, {"y": "59", "x": "247"}, {"y": "59", "x": "247"}, {"y": "63", "x": "250"}, {"y": "66", "x": "252"}, {"y": "70", "x": "255"}, {"y": "73", "x": "257"}, {"y": "77", "x": "259"}, {"y": "80", "x": "262"}, {"y": "84", "x": "264"}, {"y": "87", "x": "266"}, {"y": "91", "x": "269"}, {"y": "94", "x": "271"}, {"y": "97", "x": "273"}, {"y": "101", "x": "276"}, {"y": "101", "x": "276"}, {"y": "104", "x": "278"}, {"y": "108", "x": "281"}, {"y": "111", "x": "283"}, {"y": "114", "x": "286"}, {"y": "118", "x": "288"}, {"y": "121", "x": "291"}, {"y": "124", "x": "293"}, {"y": "128", "x": "296"}, {"y": "131", "x": "298"}, {"y": "134", "x": "301"}, {"y": "138", "x": "303"}, {"y": "141", "x": "306"}, {"y": "144", "x": "308"}, {"y": "148", "x": "311"}, {"y": "151", "x": "313"}, {"y": "154", "x": "316"}, {"y": "158", "x": "319"}]]}