{"Lines": [[{"y": "1", "x": "196"}, {"y": "1", "x": "196"}, {"y": "5", "x": "201"}, {"y": "9", "x": "207"}, {"y": "12", "x": "213"}, {"y": "16", "x": "218"}, {"y": "20", "x": "224"}, {"y": "23", "x": "230"}, {"y": "27", "x": "235"}, {"y": "27", "x": "235"}, {"y": "27", "x": "235"}, {"y": "30", "x": "241"}, {"y": "34", "x": "246"}, {"y": "37", "x": "252"}, {"y": "41", "x": "257"}, {"y": "44", "x": "262"}, {"y": "47", "x": "268"}, {"y": "51", "x": "273"}, {"y": "54", "x": "279"}, {"y": "54", "x": "279"}, {"y": "58", "x": "284"}, {"y": "62", "x": "290"}, {"y": "65", "x": "295"}, {"y": "69", "x": "301"}, {"y": "73", "x": "307"}, {"y": "76", "x": "312"}, {"y": "80", "x": "318"}], [{"y": "79", "x": "0"}, {"y": "79", "x": "0"}, {"y": "75", "x": "6"}, {"y": "71", "x": "12"}, {"y": "67", "x": "19"}, {"y": "63", "x": "25"}, {"y": "59", "x": "31"}, {"y": "55", "x": "37"}, {"y": "55", "x": "37"}, {"y": "55", "x": "37"}, {"y": "52", "x": "43"}, {"y": "48", "x": "48"}, {"y": "45", "x": "54"}, {"y": "41", "x": "59"}, {"y": "38", "x": "65"}, {"y": "34", "x": "70"}, {"y": "31", "x": "76"}, {"y": "31", "x": "76"}, {"y": "31", "x": "76"}, {"y": "27", "x": "81"}, {"y": "24", "x": "87"}, {"y": "21", "x": "93"}, {"y": "17", "x": "98"}, {"y": "14", "x": "104"}, {"y": "10", "x": "109"}, {"y": "7", "x": "115"}, {"y": "4", "x": "121"}, {"y": "0", "x": "126"}, {"y": "0", "x": "126"}]]}