{"Lines": [[{"y": "179", "x": "120"}, {"y": "179", "x": "121"}, {"y": "175", "x": "121"}, {"y": "172", "x": "121"}, {"y": "169", "x": "122"}, {"y": "166", "x": "122"}, {"y": "163", "x": "123"}, {"y": "160", "x": "123"}, {"y": "156", "x": "124"}, {"y": "153", "x": "124"}, {"y": "150", "x": "125"}, {"y": "147", "x": "125"}, {"y": "144", "x": "126"}, {"y": "141", "x": "126"}, {"y": "137", "x": "127"}, {"y": "134", "x": "127"}, {"y": "131", "x": "128"}, {"y": "128", "x": "128"}, {"y": "125", "x": "129"}, {"y": "122", "x": "129"}, {"y": "119", "x": "130"}, {"y": "115", "x": "130"}, {"y": "112", "x": "131"}, {"y": "109", "x": "131"}, {"y": "109", "x": "131"}, {"y": "106", "x": "132"}, {"y": "102", "x": "132"}, {"y": "99", "x": "133"}, {"y": "95", "x": "134"}, {"y": "92", "x": "135"}, {"y": "89", "x": "135"}, {"y": "85", "x": "136"}, {"y": "82", "x": "137"}, {"y": "78", "x": "137"}, {"y": "75", "x": "138"}, {"y": "72", "x": "139"}, {"y": "68", "x": "139"}, {"y": "68", "x": "139"}, {"y": "68", "x": "139"}, {"y": "64", "x": "140"}, {"y": "60", "x": "141"}, {"y": "56", "x": "142"}, {"y": "52", "x": "143"}, {"y": "47", "x": "144"}, {"y": "47", "x": "144"}, {"y": "47", "x": "144"}, {"y": "43", "x": "146"}, {"y": "39", "x": "147"}, {"y": "35", "x": "149"}, {"y": "31", "x": "150"}, {"y": "27", "x": "152"}, {"y": "27", "x": "152"}], [{"y": "81", "x": "0"}, {"y": "81", "x": "0"}, {"y": "77", "x": "7"}, {"y": "73", "x": "13"}, {"y": "69", "x": "19"}, {"y": "65", "x": "26"}, {"y": "65", "x": "26"}, {"y": "65", "x": "26"}, {"y": "61", "x": "32"}, {"y": "57", "x": "38"}, {"y": "54", "x": "45"}, {"y": "50", "x": "51"}, {"y": "46", "x": "57"}, {"y": "46", "x": "57"}, {"y": "42", "x": "65"}, {"y": "37", "x": "73"}, {"y": "32", "x": "82"}, {"y": "32", "x": "82"}, {"y": "27", "x": "92"}, {"y": "22", "x": "103"}, {"y": "22", "x": "103"}], [{"y": "17", "x": "198"}, {"y": "17", "x": "198"}, {"y": "22", "x": "203"}, {"y": "27", "x": "208"}, {"y": "27", "x": "208"}, {"y": "32", "x": "213"}, {"y": "36", "x": "217"}, {"y": "40", "x": "222"}, {"y": "40", "x": "222"}, {"y": "44", "x": "226"}, {"y": "48", "x": "231"}, {"y": "52", "x": "235"}, {"y": "56", "x": "239"}, {"y": "60", "x": "244"}, {"y": "63", "x": "248"}, {"y": "67", "x": "252"}, {"y": "67", "x": "252"}, {"y": "67", "x": "252"}, {"y": "71", "x": "257"}, {"y": "75", "x": "262"}, {"y": "79", "x": "267"}, {"y": "83", "x": "272"}, {"y": "87", "x": "276"}, {"y": "87", "x": "276"}, {"y": "87", "x": "276"}, {"y": "90", "x": "281"}, {"y": "94", "x": "285"}, {"y": "97", "x": "289"}, {"y": "101", "x": "293"}, {"y": "104", "x": "297"}, {"y": "108", "x": "302"}, {"y": "111", "x": "306"}, {"y": "115", "x": "310"}, {"y": "118", "x": "314"}, {"y": "122", "x": "318"}, {"y": "122", "x": "318"}]]}