{"Lines": [[{"y": "100", "x": "0"}, {"y": "100", "x": "0"}, {"y": "97", "x": "4"}, {"y": "94", "x": "8"}, {"y": "90", "x": "12"}, {"y": "87", "x": "16"}, {"y": "84", "x": "21"}, {"y": "81", "x": "25"}, {"y": "77", "x": "29"}, {"y": "74", "x": "33"}, {"y": "71", "x": "37"}, {"y": "67", "x": "42"}, {"y": "64", "x": "46"}, {"y": "61", "x": "50"}, {"y": "58", "x": "54"}, {"y": "54", "x": "58"}, {"y": "51", "x": "62"}, {"y": "48", "x": "67"}, {"y": "44", "x": "71"}, {"y": "41", "x": "75"}, {"y": "41", "x": "75"}, {"y": "41", "x": "75"}, {"y": "38", "x": "79"}, {"y": "35", "x": "84"}, {"y": "31", "x": "88"}, {"y": "28", "x": "92"}, {"y": "25", "x": "96"}, {"y": "21", "x": "101"}, {"y": "18", "x": "105"}, {"y": "15", "x": "109"}, {"y": "11", "x": "113"}, {"y": "8", "x": "118"}, {"y": "5", "x": "122"}], [{"y": "8", "x": "199"}, {"y": "8", "x": "199"}, {"y": "11", "x": "204"}, {"y": "15", "x": "209"}, {"y": "18", "x": "214"}, {"y": "22", "x": "219"}, {"y": "25", "x": "224"}, {"y": "28", "x": "229"}, {"y": "32", "x": "234"}, {"y": "35", "x": "239"}, {"y": "39", "x": "244"}, {"y": "42", "x": "249"}, {"y": "45", "x": "254"}, {"y": "49", "x": "259"}, {"y": "49", "x": "259"}, {"y": "49", "x": "259"}, {"y": "52", "x": "264"}, {"y": "56", "x": "269"}, {"y": "59", "x": "274"}, {"y": "62", "x": "279"}, {"y": "66", "x": "284"}, {"y": "69", "x": "289"}, {"y": "72", "x": "293"}, {"y": "76", "x": "298"}, {"y": "79", "x": "303"}, {"y": "83", "x": "308"}, {"y": "86", "x": "313"}, {"y": "89", "x": "318"}, {"y": "89", "x": "318"}]]}