{"Lines": [[{"y": "176", "x": "172"}, {"y": "176", "x": "172"}, {"y": "173", "x": "173"}, {"y": "170", "x": "174"}, {"y": "167", "x": "175"}, {"y": "164", "x": "176"}, {"y": "160", "x": "177"}, {"y": "157", "x": "178"}, {"y": "154", "x": "179"}, {"y": "151", "x": "180"}, {"y": "148", "x": "181"}, {"y": "145", "x": "182"}, {"y": "142", "x": "183"}, {"y": "139", "x": "184"}, {"y": "136", "x": "185"}, {"y": "132", "x": "186"}, {"y": "129", "x": "188"}, {"y": "126", "x": "189"}, {"y": "123", "x": "190"}, {"y": "120", "x": "191"}, {"y": "117", "x": "192"}, {"y": "114", "x": "193"}, {"y": "111", "x": "194"}, {"y": "108", "x": "195"}, {"y": "104", "x": "196"}, {"y": "101", "x": "197"}, {"y": "98", "x": "198"}, {"y": "95", "x": "199"}, {"y": "92", "x": "200"}, {"y": "89", "x": "201"}, {"y": "89", "x": "201"}, {"y": "89", "x": "201"}, {"y": "86", "x": "203"}, {"y": "82", "x": "205"}, {"y": "79", "x": "207"}, {"y": "76", "x": "209"}, {"y": "73", "x": "211"}, {"y": "70", "x": "213"}, {"y": "67", "x": "214"}, {"y": "63", "x": "216"}, {"y": "60", "x": "218"}, {"y": "57", "x": "220"}, {"y": "54", "x": "222"}, {"y": "51", "x": "224"}, {"y": "47", "x": "226"}, {"y": "44", "x": "227"}, {"y": "41", "x": "229"}, {"y": "38", "x": "231"}, {"y": "35", "x": "233"}, {"y": "35", "x": "233"}, {"y": "31", "x": "236"}, {"y": "28", "x": "240"}, {"y": "24", "x": "243"}, {"y": "21", "x": "247"}, {"y": "17", "x": "250"}, {"y": "14", "x": "253"}, {"y": "10", "x": "257"}, {"y": "7", "x": "260"}, {"y": "3", "x": "263"}, {"y": "0", "x": "267"}, {"y": "0", "x": "267"}], [{"y": "120", "x": "1"}, {"y": "120", "x": "1"}, {"y": "116", "x": "6"}, {"y": "112", "x": "11"}, {"y": "108", "x": "16"}, {"y": "104", "x": "21"}, {"y": "100", "x": "27"}, {"y": "97", "x": "32"}, {"y": "97", "x": "32"}, {"y": "93", "x": "37"}, {"y": "90", "x": "43"}, {"y": "87", "x": "48"}, {"y": "84", "x": "54"}, {"y": "81", "x": "59"}, {"y": "77", "x": "65"}, {"y": "74", "x": "70"}, {"y": "71", "x": "76"}, {"y": "68", "x": "81"}, {"y": "65", "x": "86"}, {"y": "62", "x": "92"}, {"y": "58", "x": "97"}, {"y": "55", "x": "103"}, {"y": "52", "x": "108"}, {"y": "49", "x": "114"}, {"y": "46", "x": "119"}, {"y": "42", "x": "126"}, {"y": "39", "x": "134"}, {"y": "36", "x": "141"}, {"y": "32", "x": "148"}, {"y": "29", "x": "155"}, {"y": "25", "x": "163"}, {"y": "22", "x": "170"}, {"y": "19", "x": "177"}, {"y": "15", "x": "185"}, {"y": "12", "x": "192"}, {"y": "9", "x": "199"}, {"y": "9", "x": "199"}], [{"y": "62", "x": "0"}, {"y": "62", "x": "0"}, {"y": "58", "x": "10"}, {"y": "55", "x": "20"}, {"y": "51", "x": "29"}, {"y": "48", "x": "39"}, {"y": "44", "x": "49"}, {"y": "41", "x": "59"}, {"y": "37", "x": "69"}, {"y": "34", "x": "78"}, {"y": "30", "x": "88"}, {"y": "27", "x": "98"}, {"y": "27", "x": "98"}, {"y": "27", "x": "98"}, {"y": "23", "x": "108"}, {"y": "20", "x": "119"}, {"y": "17", "x": "130"}, {"y": "13", "x": "140"}, {"y": "10", "x": "151"}, {"y": "6", "x": "161"}, {"y": "3", "x": "172"}, {"y": "0", "x": "182"}, {"y": "0", "x": "183"}]]}