{"Lines": [[{"y": "179", "x": "61"}, {"y": "179", "x": "61"}, {"y": "175", "x": "62"}, {"y": "172", "x": "63"}, {"y": "169", "x": "64"}, {"y": "166", "x": "66"}, {"y": "163", "x": "67"}, {"y": "160", "x": "68"}, {"y": "156", "x": "70"}, {"y": "153", "x": "71"}, {"y": "150", "x": "72"}, {"y": "147", "x": "74"}, {"y": "144", "x": "75"}, {"y": "141", "x": "76"}, {"y": "137", "x": "78"}, {"y": "134", "x": "79"}, {"y": "131", "x": "80"}, {"y": "128", "x": "81"}, {"y": "125", "x": "83"}, {"y": "122", "x": "84"}, {"y": "118", "x": "85"}, {"y": "115", "x": "87"}, {"y": "112", "x": "88"}, {"y": "109", "x": "89"}, {"y": "106", "x": "91"}, {"y": "103", "x": "92"}, {"y": "99", "x": "93"}, {"y": "96", "x": "95"}, {"y": "96", "x": "95"}, {"y": "96", "x": "95"}, {"y": "93", "x": "96"}, {"y": "90", "x": "97"}, {"y": "86", "x": "99"}, {"y": "83", "x": "100"}, {"y": "80", "x": "102"}, {"y": "77", "x": "103"}, {"y": "73", "x": "105"}, {"y": "70", "x": "106"}, {"y": "67", "x": "107"}, {"y": "64", "x": "109"}, {"y": "60", "x": "110"}, {"y": "57", "x": "112"}, {"y": "54", "x": "113"}, {"y": "51", "x": "114"}, {"y": "47", "x": "116"}, {"y": "44", "x": "117"}, {"y": "41", "x": "119"}, {"y": "37", "x": "120"}, {"y": "34", "x": "122"}, {"y": "31", "x": "123"}], [{"y": "2", "x": "176"}, {"y": "2", "x": "176"}, {"y": "7", "x": "177"}, {"y": "13", "x": "179"}, {"y": "13", "x": "179"}, {"y": "18", "x": "184"}, {"y": "24", "x": "189"}, {"y": "24", "x": "189"}, {"y": "24", "x": "189"}, {"y": "27", "x": "192"}, {"y": "31", "x": "195"}, {"y": "34", "x": "198"}, {"y": "37", "x": "202"}, {"y": "41", "x": "205"}, {"y": "44", "x": "208"}, {"y": "48", "x": "211"}, {"y": "51", "x": "215"}, {"y": "55", "x": "218"}, {"y": "58", "x": "221"}, {"y": "62", "x": "224"}, {"y": "65", "x": "227"}, {"y": "65", "x": "227"}, {"y": "65", "x": "227"}, {"y": "68", "x": "230"}, {"y": "72", "x": "234"}, {"y": "75", "x": "237"}, {"y": "78", "x": "240"}, {"y": "81", "x": "243"}, {"y": "84", "x": "246"}, {"y": "87", "x": "249"}, {"y": "91", "x": "252"}, {"y": "94", "x": "255"}, {"y": "97", "x": "258"}, {"y": "100", "x": "261"}, {"y": "103", "x": "264"}, {"y": "106", "x": "267"}, {"y": "110", "x": "270"}, {"y": "113", "x": "273"}, {"y": "116", "x": "276"}, {"y": "119", "x": "279"}, {"y": "122", "x": "282"}, {"y": "126", "x": "285"}, {"y": "129", "x": "288"}, {"y": "132", "x": "291"}, {"y": "135", "x": "294"}, {"y": "138", "x": "297"}, {"y": "141", "x": "300"}, {"y": "145", "x": "303"}, {"y": "148", "x": "306"}, {"y": "151", "x": "309"}, {"y": "154", "x": "312"}, {"y": "157", "x": "315"}, {"y": "161", "x": "318"}, {"y": "161", "x": "319"}], [{"y": "58", "x": "1"}, {"y": "58", "x": "1"}, {"y": "54", "x": "8"}, {"y": "50", "x": "14"}, {"y": "47", "x": "21"}, {"y": "43", "x": "28"}, {"y": "39", "x": "34"}, {"y": "36", "x": "41"}, {"y": "32", "x": "47"}, {"y": "28", "x": "54"}, {"y": "28", "x": "54"}, {"y": "28", "x": "54"}, {"y": "25", "x": "62"}, {"y": "21", "x": "69"}, {"y": "18", "x": "77"}, {"y": "14", "x": "85"}, {"y": "10", "x": "92"}, {"y": "7", "x": "100"}, {"y": "3", "x": "108"}, {"y": "0", "x": "116"}, {"y": "0", "x": "116"}]]}