{"Lines": [[{"y": "37", "x": "0"}, {"y": "37", "x": "0"}, {"y": "33", "x": "9"}, {"y": "29", "x": "17"}, {"y": "26", "x": "26"}, {"y": "22", "x": "34"}, {"y": "18", "x": "43"}, {"y": "14", "x": "52"}, {"y": "14", "x": "52"}, {"y": "9", "x": "62"}, {"y": "4", "x": "72"}, {"y": "0", "x": "82"}, {"y": "0", "x": "83"}], [{"y": "143", "x": "0"}, {"y": "143", "x": "0"}, {"y": "140", "x": "2"}, {"y": "136", "x": "5"}, {"y": "133", "x": "8"}, {"y": "130", "x": "10"}, {"y": "127", "x": "13"}, {"y": "124", "x": "16"}, {"y": "121", "x": "18"}, {"y": "117", "x": "21"}, {"y": "114", "x": "24"}, {"y": "111", "x": "26"}, {"y": "108", "x": "29"}, {"y": "105", "x": "32"}, {"y": "102", "x": "34"}, {"y": "99", "x": "37"}, {"y": "95", "x": "40"}, {"y": "92", "x": "42"}, {"y": "89", "x": "45"}, {"y": "86", "x": "48"}, {"y": "83", "x": "50"}, {"y": "80", "x": "53"}, {"y": "76", "x": "56"}, {"y": "73", "x": "58"}, {"y": "70", "x": "61"}, {"y": "67", "x": "64"}, {"y": "64", "x": "66"}, {"y": "61", "x": "69"}, {"y": "58", "x": "72"}, {"y": "54", "x": "74"}, {"y": "51", "x": "77"}, {"y": "48", "x": "80"}, {"y": "48", "x": "80"}, {"y": "48", "x": "80"}, {"y": "45", "x": "82"}, {"y": "41", "x": "85"}, {"y": "38", "x": "87"}, {"y": "34", "x": "90"}, {"y": "31", "x": "92"}, {"y": "27", "x": "95"}, {"y": "24", "x": "97"}, {"y": "21", "x": "100"}, {"y": "17", "x": "102"}, {"y": "14", "x": "105"}, {"y": "10", "x": "108"}, {"y": "7", "x": "110"}, {"y": "4", "x": "113"}, {"y": "0", "x": "115"}, {"y": "0", "x": "115"}], [{"y": "1", "x": "151"}, {"y": "1", "x": "151"}, {"y": "4", "x": "154"}, {"y": "8", "x": "158"}, {"y": "12", "x": "161"}, {"y": "16", "x": "165"}, {"y": "20", "x": "168"}, {"y": "24", "x": "172"}, {"y": "24", "x": "172"}, {"y": "28", "x": "174"}, {"y": "31", "x": "176"}, {"y": "34", "x": "179"}, {"y": "37", "x": "181"}, {"y": "40", "x": "183"}, {"y": "43", "x": "185"}, {"y": "46", "x": "188"}, {"y": "50", "x": "190"}, {"y": "53", "x": "192"}, {"y": "56", "x": "194"}, {"y": "59", "x": "197"}, {"y": "62", "x": "199"}, {"y": "65", "x": "201"}, {"y": "69", "x": "203"}, {"y": "72", "x": "206"}, {"y": "75", "x": "208"}, {"y": "78", "x": "210"}, {"y": "81", "x": "212"}, {"y": "84", "x": "215"}, {"y": "87", "x": "217"}, {"y": "91", "x": "219"}, {"y": "94", "x": "222"}, {"y": "97", "x": "224"}, {"y": "100", "x": "226"}, {"y": "100", "x": "226"}, {"y": "100", "x": "226"}, {"y": "103", "x": "228"}, {"y": "106", "x": "230"}, {"y": "110", "x": "233"}, {"y": "113", "x": "235"}, {"y": "116", "x": "237"}, {"y": "119", "x": "239"}, {"y": "122", "x": "242"}, {"y": "125", "x": "244"}, {"y": "128", "x": "246"}, {"y": "131", "x": "248"}, {"y": "135", "x": "250"}, {"y": "138", "x": "253"}, {"y": "141", "x": "255"}, {"y": "144", "x": "257"}, {"y": "147", "x": "259"}, {"y": "150", "x": "262"}, {"y": "153", "x": "264"}, {"y": "157", "x": "266"}, {"y": "160", "x": "268"}, {"y": "163", "x": "270"}, {"y": "166", "x": "273"}, {"y": "169", "x": "275"}, {"y": "172", "x": "277"}, {"y": "175", "x": "279"}, {"y": "179", "x": "281"}, {"y": "179", "x": "282"}]]}