{"Lines": [[{"y": "38", "x": "0"}, {"y": "38", "x": "4"}, {"y": "38", "x": "12"}, {"y": "37", "x": "17"}, {"y": "37", "x": "21"}, {"y": "37", "x": "27"}, {"y": "37", "x": "31"}, {"y": "37", "x": "38"}, {"y": "37", "x": "44"}, {"y": "38", "x": "51"}, {"y": "37", "x": "60"}, {"y": "37", "x": "68"}, {"y": "37", "x": "72"}, {"y": "36", "x": "76"}, {"y": "35", "x": "83"}, {"y": "32", "x": "88"}, {"y": "32", "x": "88"}, {"y": "27", "x": "94"}, {"y": "27", "x": "94"}, {"y": "27", "x": "94"}, {"y": "19", "x": "104"}, {"y": "19", "x": "104"}, {"y": "19", "x": "104"}, {"y": "15", "x": "109"}, {"y": "12", "x": "113"}, {"y": "8", "x": "118"}, {"y": "4", "x": "123"}, {"y": "0", "x": "128"}], [{"y": "0", "x": "198"}, {"y": "3", "x": "205"}, {"y": "7", "x": "212"}, {"y": "11", "x": "219"}, {"y": "15", "x": "226"}, {"y": "18", "x": "233"}, {"y": "18", "x": "233"}, {"y": "18", "x": "233"}, {"y": "22", "x": "240"}, {"y": "26", "x": "248"}, {"y": "30", "x": "256"}, {"y": "34", "x": "263"}, {"y": "34", "x": "263"}, {"y": "35", "x": "272"}, {"y": "36", "x": "276"}, {"y": "36", "x": "280"}, {"y": "36", "x": "283"}, {"y": "36", "x": "285"}, {"y": "36", "x": "287"}, {"y": "36", "x": "289"}, {"y": "36", "x": "291"}, {"y": "36", "x": "293"}, {"y": "36", "x": "296"}, {"y": "36", "x": "298"}, {"y": "36", "x": "302"}, {"y": "36", "x": "305"}, {"y": "36", "x": "309"}, {"y": "36", "x": "314"}, {"y": "36", "x": "318"}]]}