{"Lines": [[{"y": "55", "x": "0"}, {"y": "55", "x": "0"}, {"y": "51", "x": "7"}, {"y": "48", "x": "15"}, {"y": "44", "x": "22"}, {"y": "40", "x": "29"}, {"y": "37", "x": "37"}, {"y": "33", "x": "44"}, {"y": "33", "x": "44"}, {"y": "29", "x": "51"}, {"y": "25", "x": "58"}, {"y": "21", "x": "66"}, {"y": "16", "x": "73"}, {"y": "16", "x": "73"}], [{"y": "16", "x": "195"}, {"y": "19", "x": "199"}, {"y": "22", "x": "203"}, {"y": "26", "x": "207"}, {"y": "29", "x": "211"}, {"y": "32", "x": "215"}, {"y": "35", "x": "219"}, {"y": "39", "x": "223"}, {"y": "42", "x": "227"}, {"y": "45", "x": "230"}, {"y": "49", "x": "234"}, {"y": "52", "x": "238"}, {"y": "55", "x": "242"}, {"y": "55", "x": "242"}, {"y": "55", "x": "242"}, {"y": "58", "x": "246"}, {"y": "62", "x": "250"}, {"y": "65", "x": "254"}, {"y": "68", "x": "257"}, {"y": "71", "x": "261"}, {"y": "74", "x": "265"}, {"y": "78", "x": "269"}, {"y": "81", "x": "273"}, {"y": "84", "x": "277"}, {"y": "87", "x": "280"}, {"y": "91", "x": "284"}, {"y": "94", "x": "288"}, {"y": "97", "x": "292"}, {"y": "100", "x": "296"}, {"y": "103", "x": "299"}, {"y": "107", "x": "303"}, {"y": "110", "x": "307"}, {"y": "113", "x": "311"}, {"y": "116", "x": "315"}, {"y": "120", "x": "318"}, {"y": "120", "x": "319"}]]}