{"Lines": [[{"y": "55", "x": "0"}, {"y": "55", "x": "0"}, {"y": "52", "x": "7"}, {"y": "48", "x": "15"}, {"y": "44", "x": "22"}, {"y": "41", "x": "30"}, {"y": "37", "x": "38"}, {"y": "33", "x": "45"}, {"y": "30", "x": "53"}, {"y": "26", "x": "60"}, {"y": "26", "x": "60"}, {"y": "26", "x": "60"}, {"y": "21", "x": "67"}, {"y": "16", "x": "74"}, {"y": "0", "x": "79"}, {"y": "0", "x": "80"}, {"y": "12", "x": "80"}, {"y": "6", "x": "85"}], [{"y": "1", "x": "165"}, {"y": "1", "x": "165"}, {"y": "5", "x": "174"}, {"y": "9", "x": "184"}, {"y": "14", "x": "193"}, {"y": "14", "x": "193"}, {"y": "17", "x": "197"}, {"y": "20", "x": "202"}, {"y": "24", "x": "206"}, {"y": "27", "x": "210"}, {"y": "30", "x": "214"}, {"y": "34", "x": "218"}, {"y": "37", "x": "223"}, {"y": "40", "x": "227"}, {"y": "44", "x": "231"}, {"y": "47", "x": "235"}, {"y": "50", "x": "239"}, {"y": "54", "x": "244"}, {"y": "57", "x": "248"}, {"y": "61", "x": "252"}, {"y": "61", "x": "252"}, {"y": "61", "x": "252"}, {"y": "64", "x": "256"}, {"y": "67", "x": "259"}, {"y": "70", "x": "263"}, {"y": "74", "x": "267"}, {"y": "77", "x": "270"}, {"y": "80", "x": "274"}, {"y": "83", "x": "278"}, {"y": "87", "x": "282"}, {"y": "90", "x": "285"}, {"y": "93", "x": "289"}, {"y": "97", "x": "293"}, {"y": "100", "x": "296"}, {"y": "103", "x": "300"}, {"y": "106", "x": "304"}, {"y": "110", "x": "307"}, {"y": "113", "x": "311"}, {"y": "116", "x": "315"}, {"y": "120", "x": "319"}, {"y": "120", "x": "319"}]]}