{"Lines": [[{"y": "177", "x": "9"}, {"y": "177", "x": "9"}, {"y": "173", "x": "11"}, {"y": "170", "x": "14"}, {"y": "167", "x": "16"}, {"y": "164", "x": "18"}, {"y": "161", "x": "20"}, {"y": "158", "x": "23"}, {"y": "155", "x": "25"}, {"y": "152", "x": "27"}, {"y": "149", "x": "29"}, {"y": "145", "x": "32"}, {"y": "142", "x": "34"}, {"y": "139", "x": "36"}, {"y": "136", "x": "38"}, {"y": "133", "x": "41"}, {"y": "130", "x": "43"}, {"y": "127", "x": "45"}, {"y": "124", "x": "47"}, {"y": "120", "x": "49"}, {"y": "117", "x": "52"}, {"y": "114", "x": "54"}, {"y": "111", "x": "56"}, {"y": "108", "x": "58"}, {"y": "105", "x": "61"}, {"y": "102", "x": "63"}, {"y": "99", "x": "65"}, {"y": "95", "x": "67"}, {"y": "95", "x": "67"}, {"y": "92", "x": "70"}, {"y": "89", "x": "72"}, {"y": "85", "x": "75"}, {"y": "82", "x": "77"}, {"y": "78", "x": "79"}, {"y": "75", "x": "82"}, {"y": "71", "x": "84"}, {"y": "68", "x": "87"}, {"y": "65", "x": "89"}, {"y": "61", "x": "91"}, {"y": "58", "x": "94"}, {"y": "54", "x": "96"}, {"y": "54", "x": "96"}, {"y": "51", "x": "98"}, {"y": "47", "x": "101"}, {"y": "44", "x": "103"}, {"y": "40", "x": "106"}, {"y": "37", "x": "108"}, {"y": "34", "x": "111"}, {"y": "30", "x": "113"}, {"y": "27", "x": "116"}, {"y": "23", "x": "118"}, {"y": "20", "x": "121"}, {"y": "20", "x": "121"}, {"y": "15", "x": "122"}, {"y": "11", "x": "124"}, {"y": "6", "x": "126"}, {"y": "6", "x": "126"}], [{"y": "49", "x": "0"}, {"y": "49", "x": "0"}, {"y": "46", "x": "8"}, {"y": "42", "x": "16"}, {"y": "39", "x": "23"}, {"y": "35", "x": "31"}, {"y": "32", "x": "39"}, {"y": "28", "x": "47"}, {"y": "24", "x": "54"}, {"y": "21", "x": "62"}, {"y": "21", "x": "62"}, {"y": "21", "x": "62"}, {"y": "17", "x": "68"}, {"y": "14", "x": "75"}, {"y": "10", "x": "81"}, {"y": "6", "x": "88"}, {"y": "3", "x": "94"}, {"y": "3", "x": "94"}], [{"y": "3", "x": "163"}, {"y": "3", "x": "163"}, {"y": "6", "x": "166"}, {"y": "9", "x": "168"}, {"y": "12", "x": "171"}, {"y": "16", "x": "173"}, {"y": "19", "x": "176"}, {"y": "22", "x": "178"}, {"y": "26", "x": "181"}, {"y": "29", "x": "183"}, {"y": "32", "x": "186"}, {"y": "36", "x": "189"}, {"y": "39", "x": "191"}, {"y": "42", "x": "194"}, {"y": "45", "x": "196"}, {"y": "49", "x": "199"}, {"y": "52", "x": "201"}, {"y": "55", "x": "204"}, {"y": "55", "x": "204"}, {"y": "58", "x": "206"}, {"y": "62", "x": "207"}, {"y": "65", "x": "209"}, {"y": "68", "x": "211"}, {"y": "71", "x": "213"}, {"y": "74", "x": "215"}, {"y": "77", "x": "217"}, {"y": "80", "x": "219"}, {"y": "83", "x": "221"}, {"y": "86", "x": "223"}, {"y": "89", "x": "225"}, {"y": "92", "x": "227"}, {"y": "95", "x": "229"}, {"y": "98", "x": "231"}, {"y": "102", "x": "233"}, {"y": "105", "x": "235"}, {"y": "108", "x": "237"}, {"y": "111", "x": "239"}, {"y": "114", "x": "241"}, {"y": "117", "x": "243"}, {"y": "120", "x": "244"}, {"y": "123", "x": "246"}, {"y": "126", "x": "248"}, {"y": "129", "x": "250"}, {"y": "132", "x": "252"}, {"y": "135", "x": "254"}, {"y": "138", "x": "256"}, {"y": "142", "x": "258"}, {"y": "145", "x": "260"}, {"y": "148", "x": "262"}, {"y": "151", "x": "264"}, {"y": "154", "x": "266"}, {"y": "157", "x": "268"}, {"y": "160", "x": "270"}, {"y": "163", "x": "272"}, {"y": "166", "x": "274"}, {"y": "169", "x": "276"}, {"y": "172", "x": "278"}, {"y": "175", "x": "280"}, {"y": "179", "x": "282"}]]}