{"Lines": [[{"y": "63", "x": "1"}, {"y": "63", "x": "1"}, {"y": "59", "x": "5"}, {"y": "55", "x": "9"}, {"y": "52", "x": "12"}, {"y": "48", "x": "16"}, {"y": "45", "x": "19"}, {"y": "41", "x": "23"}, {"y": "38", "x": "27"}, {"y": "34", "x": "30"}, {"y": "31", "x": "34"}, {"y": "31", "x": "34"}, {"y": "31", "x": "34"}, {"y": "26", "x": "38"}, {"y": "21", "x": "41"}, {"y": "16", "x": "45"}, {"y": "16", "x": "45"}, {"y": "10", "x": "48"}, {"y": "0", "x": "50"}, {"y": "0", "x": "50"}, {"y": "5", "x": "51"}, {"y": "5", "x": "51"}], [{"y": "1", "x": "136"}, {"y": "1", "x": "136"}, {"y": "5", "x": "150"}, {"y": "10", "x": "164"}, {"y": "14", "x": "178"}, {"y": "14", "x": "178"}, {"y": "17", "x": "185"}, {"y": "21", "x": "191"}, {"y": "24", "x": "198"}, {"y": "27", "x": "205"}, {"y": "31", "x": "212"}, {"y": "34", "x": "219"}, {"y": "37", "x": "226"}, {"y": "41", "x": "233"}, {"y": "44", "x": "240"}, {"y": "47", "x": "247"}, {"y": "51", "x": "254"}, {"y": "54", "x": "260"}, {"y": "57", "x": "267"}, {"y": "61", "x": "274"}, {"y": "61", "x": "274"}, {"y": "64", "x": "281"}, {"y": "68", "x": "287"}, {"y": "71", "x": "293"}, {"y": "75", "x": "300"}, {"y": "78", "x": "306"}, {"y": "82", "x": "312"}, {"y": "86", "x": "319"}, {"y": "86", "x": "319"}]]}