{"Lines": [[{"y": "179", "x": "49"}, {"y": "175", "x": "50"}, {"y": "172", "x": "52"}, {"y": "169", "x": "54"}, {"y": "166", "x": "56"}, {"y": "163", "x": "57"}, {"y": "160", "x": "59"}, {"y": "157", "x": "61"}, {"y": "153", "x": "63"}, {"y": "150", "x": "65"}, {"y": "147", "x": "66"}, {"y": "144", "x": "68"}, {"y": "141", "x": "70"}, {"y": "138", "x": "72"}, {"y": "135", "x": "74"}, {"y": "132", "x": "75"}, {"y": "128", "x": "77"}, {"y": "125", "x": "79"}, {"y": "122", "x": "81"}, {"y": "119", "x": "83"}, {"y": "116", "x": "84"}, {"y": "113", "x": "86"}, {"y": "110", "x": "88"}, {"y": "107", "x": "90"}, {"y": "103", "x": "91"}, {"y": "100", "x": "93"}, {"y": "97", "x": "95"}, {"y": "94", "x": "97"}, {"y": "91", "x": "99"}, {"y": "88", "x": "100"}, {"y": "85", "x": "102"}, {"y": "82", "x": "104"}, {"y": "78", "x": "106"}, {"y": "75", "x": "108"}, {"y": "72", "x": "109"}, {"y": "69", "x": "111"}, {"y": "69", "x": "111"}, {"y": "66", "x": "113"}, {"y": "63", "x": "115"}, {"y": "59", "x": "117"}, {"y": "56", "x": "118"}, {"y": "53", "x": "120"}, {"y": "50", "x": "122"}, {"y": "47", "x": "124"}, {"y": "43", "x": "126"}, {"y": "40", "x": "128"}, {"y": "37", "x": "129"}, {"y": "34", "x": "131"}, {"y": "31", "x": "133"}, {"y": "27", "x": "135"}, {"y": "24", "x": "137"}, {"y": "21", "x": "138"}, {"y": "18", "x": "140"}, {"y": "18", "x": "140"}], [{"y": "54", "x": "0"}, {"y": "54", "x": "0"}, {"y": "50", "x": "9"}, {"y": "47", "x": "17"}, {"y": "43", "x": "26"}, {"y": "39", "x": "35"}, {"y": "35", "x": "43"}, {"y": "31", "x": "52"}, {"y": "31", "x": "52"}, {"y": "31", "x": "52"}, {"y": "27", "x": "59"}, {"y": "24", "x": "66"}, {"y": "20", "x": "73"}, {"y": "17", "x": "80"}, {"y": "13", "x": "87"}, {"y": "10", "x": "94"}, {"y": "10", "x": "94"}], [{"y": "12", "x": "201"}, {"y": "16", "x": "204"}, {"y": "19", "x": "207"}, {"y": "22", "x": "210"}, {"y": "25", "x": "213"}, {"y": "29", "x": "216"}, {"y": "32", "x": "219"}, {"y": "35", "x": "223"}, {"y": "38", "x": "226"}, {"y": "42", "x": "229"}, {"y": "45", "x": "232"}, {"y": "48", "x": "235"}, {"y": "51", "x": "238"}, {"y": "55", "x": "241"}, {"y": "58", "x": "244"}, {"y": "61", "x": "247"}, {"y": "64", "x": "250"}, {"y": "68", "x": "253"}, {"y": "71", "x": "256"}, {"y": "74", "x": "259"}, {"y": "77", "x": "262"}, {"y": "81", "x": "265"}, {"y": "84", "x": "268"}, {"y": "84", "x": "268"}, {"y": "84", "x": "268"}, {"y": "87", "x": "271"}, {"y": "90", "x": "274"}, {"y": "93", "x": "277"}, {"y": "97", "x": "281"}, {"y": "100", "x": "284"}, {"y": "103", "x": "287"}, {"y": "106", "x": "290"}, {"y": "110", "x": "293"}, {"y": "113", "x": "296"}, {"y": "116", "x": "300"}, {"y": "119", "x": "303"}, {"y": "123", "x": "306"}, {"y": "126", "x": "309"}, {"y": "129", "x": "312"}, {"y": "132", "x": "315"}, {"y": "136", "x": "319"}]]}