{"Lines": [[{"y": "70", "x": "1"}, {"y": "70", "x": "1"}, {"y": "67", "x": "4"}, {"y": "64", "x": "8"}, {"y": "60", "x": "11"}, {"y": "57", "x": "15"}, {"y": "54", "x": "18"}, {"y": "51", "x": "22"}, {"y": "47", "x": "25"}, {"y": "44", "x": "29"}, {"y": "41", "x": "32"}, {"y": "38", "x": "36"}, {"y": "34", "x": "39"}, {"y": "31", "x": "43"}, {"y": "28", "x": "46"}, {"y": "25", "x": "50"}, {"y": "21", "x": "53"}, {"y": "18", "x": "57"}, {"y": "14", "x": "60"}, {"y": "10", "x": "64"}, {"y": "7", "x": "67"}, {"y": "3", "x": "71"}, {"y": "0", "x": "75"}, {"y": "0", "x": "75"}], [{"y": "6", "x": "111"}, {"y": "6", "x": "111"}, {"y": "9", "x": "112"}, {"y": "12", "x": "113"}, {"y": "15", "x": "114"}, {"y": "19", "x": "116"}, {"y": "22", "x": "117"}, {"y": "25", "x": "118"}, {"y": "28", "x": "119"}, {"y": "31", "x": "121"}, {"y": "35", "x": "122"}, {"y": "38", "x": "123"}, {"y": "41", "x": "124"}, {"y": "44", "x": "126"}, {"y": "47", "x": "127"}, {"y": "51", "x": "128"}, {"y": "54", "x": "130"}, {"y": "57", "x": "131"}, {"y": "60", "x": "132"}, {"y": "63", "x": "133"}, {"y": "67", "x": "135"}, {"y": "70", "x": "136"}, {"y": "73", "x": "137"}, {"y": "76", "x": "138"}, {"y": "79", "x": "140"}, {"y": "79", "x": "140"}, {"y": "83", "x": "141"}, {"y": "86", "x": "142"}, {"y": "89", "x": "143"}, {"y": "92", "x": "145"}, {"y": "95", "x": "146"}, {"y": "98", "x": "147"}, {"y": "101", "x": "148"}, {"y": "104", "x": "150"}, {"y": "107", "x": "151"}, {"y": "110", "x": "152"}, {"y": "114", "x": "153"}, {"y": "117", "x": "155"}, {"y": "120", "x": "156"}, {"y": "123", "x": "157"}, {"y": "126", "x": "158"}, {"y": "129", "x": "160"}, {"y": "132", "x": "161"}, {"y": "135", "x": "162"}, {"y": "138", "x": "163"}, {"y": "141", "x": "165"}, {"y": "144", "x": "166"}, {"y": "148", "x": "167"}, {"y": "151", "x": "168"}, {"y": "154", "x": "170"}, {"y": "157", "x": "171"}, {"y": "160", "x": "172"}, {"y": "163", "x": "173"}, {"y": "166", "x": "175"}, {"y": "169", "x": "176"}, {"y": "172", "x": "177"}, {"y": "175", "x": "178"}, {"y": "179", "x": "180"}], [{"y": "5", "x": "149"}, {"y": "5", "x": "149"}, {"y": "8", "x": "156"}, {"y": "12", "x": "162"}, {"y": "15", "x": "168"}, {"y": "19", "x": "175"}, {"y": "22", "x": "181"}, {"y": "26", "x": "188"}, {"y": "29", "x": "194"}, {"y": "33", "x": "200"}, {"y": "36", "x": "207"}, {"y": "39", "x": "213"}, {"y": "43", "x": "220"}, {"y": "46", "x": "226"}, {"y": "46", "x": "226"}, {"y": "46", "x": "226"}, {"y": "50", "x": "232"}, {"y": "53", "x": "238"}, {"y": "56", "x": "245"}, {"y": "60", "x": "251"}, {"y": "63", "x": "257"}, {"y": "66", "x": "263"}, {"y": "69", "x": "269"}, {"y": "73", "x": "275"}, {"y": "76", "x": "282"}, {"y": "79", "x": "288"}, {"y": "82", "x": "294"}, {"y": "86", "x": "300"}, {"y": "89", "x": "306"}, {"y": "92", "x": "312"}, {"y": "96", "x": "318"}, {"y": "96", "x": "319"}]]}