{"Lines": [[{"y": "87", "x": "0"}, {"y": "87", "x": "0"}, {"y": "83", "x": "6"}, {"y": "79", "x": "12"}, {"y": "74", "x": "18"}, {"y": "74", "x": "18"}, {"y": "74", "x": "18"}, {"y": "71", "x": "24"}, {"y": "67", "x": "30"}, {"y": "64", "x": "37"}, {"y": "60", "x": "43"}, {"y": "57", "x": "49"}, {"y": "53", "x": "55"}, {"y": "49", "x": "61"}, {"y": "46", "x": "67"}, {"y": "42", "x": "73"}, {"y": "42", "x": "73"}, {"y": "42", "x": "73"}, {"y": "38", "x": "83"}, {"y": "34", "x": "92"}, {"y": "30", "x": "101"}, {"y": "26", "x": "111"}, {"y": "22", "x": "120"}, {"y": "22", "x": "120"}, {"y": "18", "x": "131"}, {"y": "14", "x": "141"}, {"y": "10", "x": "151"}, {"y": "6", "x": "162"}, {"y": "6", "x": "162"}], [{"y": "40", "x": "1"}, {"y": "40", "x": "1"}, {"y": "36", "x": "13"}, {"y": "32", "x": "26"}, {"y": "28", "x": "38"}, {"y": "24", "x": "51"}, {"y": "20", "x": "63"}, {"y": "20", "x": "63"}, {"y": "20", "x": "63"}, {"y": "16", "x": "78"}, {"y": "12", "x": "92"}, {"y": "8", "x": "107"}, {"y": "4", "x": "121"}, {"y": "0", "x": "135"}, {"y": "0", "x": "136"}], [{"y": "179", "x": "119"}, {"y": "179", "x": "119"}, {"y": "175", "x": "119"}, {"y": "172", "x": "120"}, {"y": "168", "x": "121"}, {"y": "165", "x": "122"}, {"y": "162", "x": "123"}, {"y": "158", "x": "123"}, {"y": "155", "x": "124"}, {"y": "151", "x": "125"}, {"y": "148", "x": "126"}, {"y": "145", "x": "127"}, {"y": "141", "x": "127"}, {"y": "138", "x": "128"}, {"y": "135", "x": "129"}, {"y": "131", "x": "130"}, {"y": "128", "x": "131"}, {"y": "128", "x": "131"}, {"y": "124", "x": "132"}, {"y": "121", "x": "133"}, {"y": "117", "x": "135"}, {"y": "114", "x": "136"}, {"y": "110", "x": "137"}, {"y": "107", "x": "139"}, {"y": "104", "x": "140"}, {"y": "100", "x": "142"}, {"y": "97", "x": "143"}, {"y": "93", "x": "144"}, {"y": "93", "x": "144"}, {"y": "89", "x": "146"}, {"y": "86", "x": "147"}, {"y": "82", "x": "149"}, {"y": "78", "x": "150"}, {"y": "74", "x": "152"}, {"y": "71", "x": "153"}, {"y": "71", "x": "153"}, {"y": "67", "x": "156"}, {"y": "63", "x": "159"}, {"y": "59", "x": "162"}, {"y": "55", "x": "165"}, {"y": "55", "x": "165"}, {"y": "55", "x": "165"}, {"y": "51", "x": "168"}, {"y": "47", "x": "171"}, {"y": "43", "x": "174"}, {"y": "39", "x": "177"}, {"y": "39", "x": "177"}, {"y": "39", "x": "177"}, {"y": "35", "x": "182"}, {"y": "31", "x": "188"}, {"y": "26", "x": "193"}, {"y": "22", "x": "199"}, {"y": "22", "x": "199"}, {"y": "22", "x": "199"}, {"y": "18", "x": "205"}, {"y": "15", "x": "211"}, {"y": "11", "x": "216"}, {"y": "8", "x": "222"}, {"y": "4", "x": "228"}, {"y": "1", "x": "234"}, {"y": "1", "x": "234"}]]}