{"Lines": [[{"y": "179", "x": "45"}, {"y": "179", "x": "46"}, {"y": "175", "x": "46"}, {"y": "172", "x": "47"}, {"y": "169", "x": "48"}, {"y": "166", "x": "49"}, {"y": "163", "x": "50"}, {"y": "160", "x": "51"}, {"y": "157", "x": "52"}, {"y": "153", "x": "53"}, {"y": "150", "x": "54"}, {"y": "147", "x": "55"}, {"y": "144", "x": "56"}, {"y": "141", "x": "57"}, {"y": "138", "x": "58"}, {"y": "135", "x": "59"}, {"y": "132", "x": "60"}, {"y": "128", "x": "61"}, {"y": "125", "x": "62"}, {"y": "122", "x": "63"}, {"y": "119", "x": "64"}, {"y": "116", "x": "65"}, {"y": "113", "x": "66"}, {"y": "110", "x": "67"}, {"y": "106", "x": "68"}, {"y": "103", "x": "69"}, {"y": "103", "x": "69"}, {"y": "103", "x": "69"}, {"y": "100", "x": "70"}, {"y": "97", "x": "71"}, {"y": "94", "x": "72"}, {"y": "91", "x": "73"}, {"y": "88", "x": "74"}, {"y": "85", "x": "75"}, {"y": "82", "x": "76"}, {"y": "79", "x": "77"}, {"y": "75", "x": "79"}, {"y": "72", "x": "80"}, {"y": "69", "x": "81"}, {"y": "66", "x": "82"}, {"y": "63", "x": "83"}, {"y": "60", "x": "84"}, {"y": "57", "x": "85"}, {"y": "54", "x": "86"}, {"y": "51", "x": "87"}, {"y": "47", "x": "88"}, {"y": "44", "x": "89"}, {"y": "41", "x": "90"}, {"y": "38", "x": "91"}, {"y": "35", "x": "93"}, {"y": "32", "x": "94"}, {"y": "29", "x": "95"}, {"y": "26", "x": "96"}, {"y": "23", "x": "97"}, {"y": "20", "x": "98"}, {"y": "16", "x": "99"}, {"y": "13", "x": "100"}, {"y": "10", "x": "101"}, {"y": "7", "x": "102"}, {"y": "4", "x": "103"}, {"y": "1", "x": "104"}, {"y": "1", "x": "104"}], [{"y": "35", "x": "1"}, {"y": "35", "x": "1"}, {"y": "31", "x": "8"}, {"y": "27", "x": "15"}, {"y": "23", "x": "22"}, {"y": "19", "x": "29"}, {"y": "19", "x": "29"}, {"y": "19", "x": "29"}, {"y": "15", "x": "36"}, {"y": "11", "x": "44"}, {"y": "7", "x": "51"}, {"y": "3", "x": "58"}, {"y": "0", "x": "65"}, {"y": "0", "x": "66"}], [{"y": "0", "x": "141"}, {"y": "0", "x": "141"}, {"y": "3", "x": "145"}, {"y": "7", "x": "150"}, {"y": "10", "x": "154"}, {"y": "14", "x": "158"}, {"y": "17", "x": "163"}, {"y": "20", "x": "167"}, {"y": "24", "x": "172"}, {"y": "27", "x": "176"}, {"y": "31", "x": "180"}, {"y": "34", "x": "185"}, {"y": "37", "x": "189"}, {"y": "41", "x": "194"}, {"y": "41", "x": "194"}, {"y": "44", "x": "197"}, {"y": "47", "x": "201"}, {"y": "50", "x": "205"}, {"y": "53", "x": "209"}, {"y": "56", "x": "213"}, {"y": "59", "x": "217"}, {"y": "62", "x": "221"}, {"y": "66", "x": "225"}, {"y": "69", "x": "229"}, {"y": "72", "x": "233"}, {"y": "75", "x": "237"}, {"y": "78", "x": "240"}, {"y": "81", "x": "244"}, {"y": "84", "x": "248"}, {"y": "87", "x": "252"}, {"y": "90", "x": "256"}, {"y": "94", "x": "260"}, {"y": "97", "x": "264"}, {"y": "100", "x": "268"}, {"y": "103", "x": "272"}, {"y": "106", "x": "276"}, {"y": "109", "x": "279"}, {"y": "112", "x": "283"}, {"y": "115", "x": "287"}, {"y": "118", "x": "291"}, {"y": "121", "x": "295"}, {"y": "125", "x": "299"}, {"y": "128", "x": "303"}, {"y": "131", "x": "307"}, {"y": "134", "x": "311"}, {"y": "137", "x": "315"}, {"y": "140", "x": "318"}]]}