{"Lines": [[{"y": "179", "x": "94"}, {"y": "179", "x": "94"}, {"y": "175", "x": "95"}, {"y": "172", "x": "97"}, {"y": "169", "x": "98"}, {"y": "166", "x": "100"}, {"y": "163", "x": "101"}, {"y": "160", "x": "103"}, {"y": "157", "x": "104"}, {"y": "154", "x": "106"}, {"y": "151", "x": "107"}, {"y": "147", "x": "109"}, {"y": "144", "x": "110"}, {"y": "141", "x": "112"}, {"y": "138", "x": "113"}, {"y": "135", "x": "115"}, {"y": "132", "x": "116"}, {"y": "129", "x": "118"}, {"y": "126", "x": "120"}, {"y": "123", "x": "121"}, {"y": "120", "x": "123"}, {"y": "116", "x": "124"}, {"y": "113", "x": "126"}, {"y": "110", "x": "127"}, {"y": "107", "x": "129"}, {"y": "104", "x": "130"}, {"y": "101", "x": "132"}, {"y": "98", "x": "133"}, {"y": "95", "x": "135"}, {"y": "92", "x": "136"}, {"y": "89", "x": "138"}, {"y": "85", "x": "139"}, {"y": "82", "x": "141"}, {"y": "82", "x": "141"}, {"y": "82", "x": "141"}, {"y": "79", "x": "143"}, {"y": "76", "x": "144"}, {"y": "73", "x": "146"}, {"y": "69", "x": "147"}, {"y": "66", "x": "149"}, {"y": "63", "x": "151"}, {"y": "60", "x": "152"}, {"y": "56", "x": "154"}, {"y": "53", "x": "155"}, {"y": "50", "x": "157"}, {"y": "47", "x": "159"}, {"y": "44", "x": "160"}, {"y": "40", "x": "162"}, {"y": "37", "x": "163"}, {"y": "34", "x": "165"}, {"y": "31", "x": "167"}, {"y": "27", "x": "168"}, {"y": "24", "x": "170"}, {"y": "21", "x": "171"}, {"y": "18", "x": "173"}, {"y": "14", "x": "175"}, {"y": "11", "x": "176"}, {"y": "8", "x": "178"}, {"y": "5", "x": "179"}, {"y": "2", "x": "181"}, {"y": "2", "x": "181"}], [{"y": "10", "x": "224"}, {"y": "10", "x": "224"}, {"y": "14", "x": "226"}, {"y": "17", "x": "229"}, {"y": "20", "x": "232"}, {"y": "24", "x": "235"}, {"y": "27", "x": "238"}, {"y": "30", "x": "241"}, {"y": "33", "x": "244"}, {"y": "37", "x": "247"}, {"y": "40", "x": "250"}, {"y": "43", "x": "252"}, {"y": "47", "x": "255"}, {"y": "50", "x": "258"}, {"y": "53", "x": "261"}, {"y": "57", "x": "264"}, {"y": "60", "x": "267"}, {"y": "63", "x": "270"}, {"y": "67", "x": "273"}, {"y": "67", "x": "273"}, {"y": "67", "x": "273"}, {"y": "70", "x": "275"}, {"y": "73", "x": "278"}, {"y": "76", "x": "281"}, {"y": "80", "x": "284"}, {"y": "83", "x": "287"}, {"y": "86", "x": "290"}, {"y": "89", "x": "293"}, {"y": "93", "x": "296"}, {"y": "96", "x": "298"}, {"y": "99", "x": "301"}, {"y": "102", "x": "304"}, {"y": "106", "x": "307"}, {"y": "109", "x": "310"}, {"y": "112", "x": "313"}, {"y": "115", "x": "316"}, {"y": "119", "x": "318"}, {"y": "119", "x": "319"}], [{"y": "4", "x": "252"}, {"y": "4", "x": "252"}, {"y": "8", "x": "263"}, {"y": "13", "x": "274"}, {"y": "18", "x": "285"}, {"y": "18", "x": "285"}, {"y": "23", "x": "296"}, {"y": "28", "x": "307"}, {"y": "33", "x": "318"}, {"y": "33", "x": "319"}]]}