{"Lines": [[{"y": "119", "x": "1"}, {"y": "119", "x": "1"}, {"y": "115", "x": "5"}, {"y": "112", "x": "8"}, {"y": "109", "x": "12"}, {"y": "105", "x": "16"}, {"y": "102", "x": "20"}, {"y": "99", "x": "23"}, {"y": "95", "x": "27"}, {"y": "92", "x": "31"}, {"y": "89", "x": "34"}, {"y": "85", "x": "38"}, {"y": "82", "x": "42"}, {"y": "82", "x": "42"}, {"y": "82", "x": "42"}, {"y": "31", "x": "45"}, {"y": "78", "x": "46"}, {"y": "74", "x": "50"}, {"y": "31", "x": "51"}, {"y": "31", "x": "54"}, {"y": "70", "x": "55"}, {"y": "54", "x": "58"}, {"y": "54", "x": "58"}, {"y": "66", "x": "59"}, {"y": "31", "x": "59"}, {"y": "62", "x": "63"}, {"y": "62", "x": "63"}, {"y": "32", "x": "64"}, {"y": "48", "x": "65"}, {"y": "32", "x": "68"}, {"y": "43", "x": "72"}, {"y": "43", "x": "72"}, {"y": "34", "x": "74"}, {"y": "39", "x": "76"}, {"y": "39", "x": "76"}, {"y": "36", "x": "77"}, {"y": "36", "x": "77"}], [{"y": "36", "x": "272"}, {"y": "34", "x": "273"}, {"y": "41", "x": "274"}, {"y": "33", "x": "278"}, {"y": "44", "x": "279"}, {"y": "44", "x": "279"}, {"y": "32", "x": "283"}, {"y": "32", "x": "285"}, {"y": "32", "x": "288"}, {"y": "32", "x": "290"}, {"y": "58", "x": "291"}, {"y": "58", "x": "291"}, {"y": "32", "x": "292"}, {"y": "52", "x": "295"}, {"y": "31", "x": "296"}, {"y": "62", "x": "296"}, {"y": "31", "x": "301"}, {"y": "66", "x": "302"}, {"y": "56", "x": "303"}, {"y": "56", "x": "303"}, {"y": "70", "x": "307"}, {"y": "73", "x": "313"}, {"y": "77", "x": "318"}]]}