{"Lines": [[{"y": "48", "x": "0"}, {"y": "48", "x": "0"}, {"y": "45", "x": "7"}, {"y": "41", "x": "13"}, {"y": "38", "x": "19"}, {"y": "34", "x": "26"}, {"y": "31", "x": "32"}, {"y": "28", "x": "39"}, {"y": "24", "x": "45"}, {"y": "21", "x": "52"}, {"y": "18", "x": "58"}, {"y": "14", "x": "64"}, {"y": "14", "x": "64"}, {"y": "14", "x": "64"}, {"y": "9", "x": "75"}, {"y": "4", "x": "85"}, {"y": "0", "x": "95"}, {"y": "0", "x": "96"}], [{"y": "1", "x": "162"}, {"y": "1", "x": "162"}, {"y": "4", "x": "166"}, {"y": "7", "x": "170"}, {"y": "11", "x": "174"}, {"y": "14", "x": "178"}, {"y": "17", "x": "182"}, {"y": "21", "x": "186"}, {"y": "24", "x": "189"}, {"y": "27", "x": "193"}, {"y": "31", "x": "197"}, {"y": "34", "x": "201"}, {"y": "38", "x": "205"}, {"y": "41", "x": "209"}, {"y": "44", "x": "213"}, {"y": "48", "x": "217"}, {"y": "51", "x": "221"}, {"y": "51", "x": "221"}, {"y": "51", "x": "221"}, {"y": "54", "x": "224"}, {"y": "57", "x": "227"}, {"y": "60", "x": "231"}, {"y": "64", "x": "234"}, {"y": "67", "x": "237"}, {"y": "70", "x": "241"}, {"y": "73", "x": "244"}, {"y": "76", "x": "247"}, {"y": "79", "x": "251"}, {"y": "82", "x": "254"}, {"y": "85", "x": "257"}, {"y": "88", "x": "261"}, {"y": "92", "x": "264"}, {"y": "95", "x": "267"}, {"y": "98", "x": "271"}, {"y": "101", "x": "274"}, {"y": "104", "x": "277"}, {"y": "107", "x": "281"}, {"y": "110", "x": "284"}, {"y": "113", "x": "288"}, {"y": "116", "x": "291"}, {"y": "120", "x": "294"}, {"y": "123", "x": "298"}, {"y": "126", "x": "301"}, {"y": "129", "x": "304"}, {"y": "132", "x": "308"}, {"y": "135", "x": "311"}, {"y": "138", "x": "314"}, {"y": "141", "x": "318"}, {"y": "141", "x": "318"}]]}