{"Lines": [[{"y": "50", "x": "1"}, {"y": "50", "x": "1"}, {"y": "47", "x": "9"}, {"y": "43", "x": "17"}, {"y": "40", "x": "24"}, {"y": "36", "x": "32"}, {"y": "33", "x": "40"}, {"y": "29", "x": "48"}, {"y": "25", "x": "56"}, {"y": "22", "x": "64"}, {"y": "18", "x": "71"}, {"y": "15", "x": "79"}, {"y": "15", "x": "79"}, {"y": "15", "x": "79"}, {"y": "11", "x": "88"}, {"y": "7", "x": "96"}, {"y": "3", "x": "105"}, {"y": "0", "x": "113"}, {"y": "0", "x": "114"}], [{"y": "174", "x": "0"}, {"y": "174", "x": "0"}, {"y": "171", "x": "3"}, {"y": "167", "x": "6"}, {"y": "164", "x": "9"}, {"y": "160", "x": "12"}, {"y": "157", "x": "15"}, {"y": "153", "x": "17"}, {"y": "150", "x": "20"}, {"y": "146", "x": "23"}, {"y": "143", "x": "26"}, {"y": "139", "x": "29"}, {"y": "136", "x": "32"}, {"y": "136", "x": "32"}, {"y": "136", "x": "32"}, {"y": "133", "x": "34"}, {"y": "130", "x": "36"}, {"y": "127", "x": "39"}, {"y": "123", "x": "41"}, {"y": "120", "x": "44"}, {"y": "117", "x": "46"}, {"y": "114", "x": "49"}, {"y": "111", "x": "51"}, {"y": "108", "x": "54"}, {"y": "105", "x": "56"}, {"y": "102", "x": "59"}, {"y": "98", "x": "61"}, {"y": "95", "x": "64"}, {"y": "92", "x": "66"}, {"y": "89", "x": "69"}, {"y": "86", "x": "71"}, {"y": "83", "x": "74"}, {"y": "80", "x": "76"}, {"y": "76", "x": "79"}, {"y": "73", "x": "81"}, {"y": "70", "x": "84"}, {"y": "67", "x": "86"}, {"y": "64", "x": "89"}, {"y": "61", "x": "91"}, {"y": "58", "x": "94"}, {"y": "54", "x": "96"}, {"y": "51", "x": "98"}, {"y": "51", "x": "98"}, {"y": "51", "x": "98"}, {"y": "48", "x": "101"}, {"y": "44", "x": "104"}, {"y": "41", "x": "107"}, {"y": "38", "x": "110"}, {"y": "34", "x": "113"}, {"y": "31", "x": "116"}, {"y": "27", "x": "118"}, {"y": "24", "x": "121"}, {"y": "20", "x": "124"}, {"y": "17", "x": "127"}, {"y": "13", "x": "130"}, {"y": "10", "x": "133"}, {"y": "7", "x": "136"}, {"y": "7", "x": "136"}], [{"y": "6", "x": "175"}, {"y": "6", "x": "175"}, {"y": "9", "x": "177"}, {"y": "12", "x": "179"}, {"y": "16", "x": "181"}, {"y": "19", "x": "182"}, {"y": "22", "x": "184"}, {"y": "25", "x": "186"}, {"y": "29", "x": "188"}, {"y": "32", "x": "190"}, {"y": "35", "x": "191"}, {"y": "39", "x": "193"}, {"y": "42", "x": "195"}, {"y": "45", "x": "197"}, {"y": "48", "x": "198"}, {"y": "52", "x": "200"}, {"y": "55", "x": "202"}, {"y": "55", "x": "202"}, {"y": "55", "x": "202"}, {"y": "58", "x": "204"}, {"y": "61", "x": "205"}, {"y": "64", "x": "207"}, {"y": "67", "x": "209"}, {"y": "70", "x": "211"}, {"y": "74", "x": "213"}, {"y": "77", "x": "214"}, {"y": "80", "x": "216"}, {"y": "83", "x": "218"}, {"y": "86", "x": "220"}, {"y": "89", "x": "221"}, {"y": "92", "x": "223"}, {"y": "95", "x": "225"}, {"y": "98", "x": "227"}, {"y": "101", "x": "228"}, {"y": "104", "x": "230"}, {"y": "107", "x": "232"}, {"y": "111", "x": "234"}, {"y": "114", "x": "235"}, {"y": "117", "x": "237"}, {"y": "120", "x": "239"}, {"y": "123", "x": "241"}, {"y": "126", "x": "243"}, {"y": "129", "x": "244"}, {"y": "132", "x": "246"}, {"y": "135", "x": "248"}, {"y": "138", "x": "250"}, {"y": "141", "x": "251"}, {"y": "145", "x": "253"}, {"y": "148", "x": "255"}, {"y": "151", "x": "257"}, {"y": "154", "x": "258"}, {"y": "157", "x": "260"}, {"y": "160", "x": "262"}, {"y": "163", "x": "264"}, {"y": "166", "x": "265"}, {"y": "169", "x": "267"}, {"y": "172", "x": "269"}, {"y": "175", "x": "271"}, {"y": "179", "x": "273"}, {"y": "179", "x": "273"}]]}