{"Lines": [[{"y": "119", "x": "2"}, {"y": "119", "x": "2"}, {"y": "116", "x": "5"}, {"y": "113", "x": "8"}, {"y": "109", "x": "11"}, {"y": "106", "x": "15"}, {"y": "103", "x": "18"}, {"y": "100", "x": "21"}, {"y": "97", "x": "25"}, {"y": "94", "x": "28"}, {"y": "91", "x": "31"}, {"y": "88", "x": "35"}, {"y": "84", "x": "38"}, {"y": "81", "x": "41"}, {"y": "78", "x": "44"}, {"y": "75", "x": "48"}, {"y": "72", "x": "51"}, {"y": "69", "x": "54"}, {"y": "66", "x": "58"}, {"y": "63", "x": "61"}, {"y": "59", "x": "64"}, {"y": "56", "x": "68"}, {"y": "53", "x": "71"}, {"y": "50", "x": "74"}, {"y": "47", "x": "77"}, {"y": "44", "x": "81"}, {"y": "41", "x": "84"}, {"y": "38", "x": "87"}, {"y": "34", "x": "91"}, {"y": "31", "x": "94"}, {"y": "28", "x": "97"}, {"y": "25", "x": "101"}, {"y": "25", "x": "101"}, {"y": "25", "x": "101"}, {"y": "21", "x": "104"}, {"y": "18", "x": "108"}, {"y": "14", "x": "112"}, {"y": "11", "x": "116"}, {"y": "7", "x": "119"}, {"y": "4", "x": "123"}, {"y": "0", "x": "127"}, {"y": "0", "x": "127"}], [{"y": "4", "x": "158"}, {"y": "4", "x": "158"}, {"y": "7", "x": "159"}, {"y": "10", "x": "160"}, {"y": "13", "x": "161"}, {"y": "16", "x": "162"}, {"y": "20", "x": "163"}, {"y": "23", "x": "164"}, {"y": "26", "x": "165"}, {"y": "29", "x": "166"}, {"y": "33", "x": "167"}, {"y": "36", "x": "168"}, {"y": "39", "x": "169"}, {"y": "42", "x": "170"}, {"y": "45", "x": "171"}, {"y": "49", "x": "172"}, {"y": "52", "x": "173"}, {"y": "55", "x": "174"}, {"y": "58", "x": "175"}, {"y": "61", "x": "176"}, {"y": "65", "x": "177"}, {"y": "68", "x": "178"}, {"y": "71", "x": "179"}, {"y": "74", "x": "180"}, {"y": "78", "x": "181"}, {"y": "81", "x": "182"}, {"y": "84", "x": "183"}, {"y": "84", "x": "183"}, {"y": "87", "x": "184"}, {"y": "90", "x": "185"}, {"y": "93", "x": "186"}, {"y": "97", "x": "187"}, {"y": "100", "x": "188"}, {"y": "103", "x": "189"}, {"y": "106", "x": "190"}, {"y": "109", "x": "191"}, {"y": "112", "x": "192"}, {"y": "115", "x": "193"}, {"y": "119", "x": "194"}, {"y": "122", "x": "195"}, {"y": "125", "x": "196"}, {"y": "128", "x": "197"}, {"y": "131", "x": "198"}, {"y": "134", "x": "199"}, {"y": "138", "x": "200"}, {"y": "141", "x": "201"}, {"y": "144", "x": "202"}, {"y": "147", "x": "203"}, {"y": "150", "x": "204"}, {"y": "153", "x": "205"}, {"y": "156", "x": "206"}, {"y": "160", "x": "207"}, {"y": "163", "x": "208"}, {"y": "166", "x": "209"}, {"y": "169", "x": "210"}, {"y": "172", "x": "211"}, {"y": "175", "x": "212"}, {"y": "179", "x": "213"}, {"y": "179", "x": "214"}], [{"y": "5", "x": "194"}, {"y": "8", "x": "200"}, {"y": "11", "x": "205"}, {"y": "15", "x": "211"}, {"y": "18", "x": "217"}, {"y": "21", "x": "222"}, {"y": "24", "x": "228"}, {"y": "28", "x": "233"}, {"y": "31", "x": "239"}, {"y": "34", "x": "244"}, {"y": "38", "x": "250"}, {"y": "41", "x": "256"}, {"y": "44", "x": "261"}, {"y": "47", "x": "267"}, {"y": "51", "x": "272"}, {"y": "54", "x": "278"}, {"y": "57", "x": "284"}, {"y": "61", "x": "289"}, {"y": "61", "x": "289"}, {"y": "65", "x": "296"}, {"y": "69", "x": "304"}, {"y": "73", "x": "311"}, {"y": "78", "x": "319"}, {"y": "78", "x": "319"}]]}