{"Lines": [[{"y": "74", "x": "0"}, {"y": "74", "x": "0"}, {"y": "70", "x": "8"}, {"y": "67", "x": "17"}, {"y": "64", "x": "25"}, {"y": "60", "x": "34"}, {"y": "57", "x": "42"}, {"y": "54", "x": "51"}, {"y": "50", "x": "59"}, {"y": "47", "x": "67"}, {"y": "44", "x": "76"}, {"y": "44", "x": "76"}, {"y": "44", "x": "76"}, {"y": "40", "x": "86"}, {"y": "37", "x": "95"}, {"y": "34", "x": "105"}, {"y": "31", "x": "115"}, {"y": "27", "x": "124"}, {"y": "24", "x": "134"}, {"y": "21", "x": "144"}, {"y": "18", "x": "153"}, {"y": "14", "x": "163"}, {"y": "11", "x": "173"}, {"y": "8", "x": "182"}, {"y": "5", "x": "192"}, {"y": "1", "x": "202"}, {"y": "1", "x": "202"}], [{"y": "179", "x": "24"}, {"y": "179", "x": "25"}, {"y": "175", "x": "29"}, {"y": "172", "x": "33"}, {"y": "168", "x": "37"}, {"y": "165", "x": "41"}, {"y": "161", "x": "45"}, {"y": "158", "x": "49"}, {"y": "154", "x": "53"}, {"y": "151", "x": "58"}, {"y": "147", "x": "62"}, {"y": "144", "x": "66"}, {"y": "144", "x": "66"}, {"y": "144", "x": "66"}, {"y": "141", "x": "70"}, {"y": "138", "x": "73"}, {"y": "134", "x": "77"}, {"y": "131", "x": "81"}, {"y": "128", "x": "84"}, {"y": "125", "x": "88"}, {"y": "122", "x": "92"}, {"y": "119", "x": "95"}, {"y": "115", "x": "99"}, {"y": "112", "x": "103"}, {"y": "109", "x": "106"}, {"y": "106", "x": "110"}, {"y": "103", "x": "114"}, {"y": "99", "x": "117"}, {"y": "96", "x": "121"}, {"y": "93", "x": "125"}, {"y": "90", "x": "129"}, {"y": "87", "x": "132"}, {"y": "84", "x": "136"}, {"y": "80", "x": "140"}, {"y": "77", "x": "143"}, {"y": "74", "x": "147"}, {"y": "71", "x": "151"}, {"y": "68", "x": "154"}, {"y": "64", "x": "158"}, {"y": "61", "x": "162"}, {"y": "61", "x": "162"}, {"y": "58", "x": "166"}, {"y": "55", "x": "170"}, {"y": "51", "x": "174"}, {"y": "48", "x": "178"}, {"y": "45", "x": "182"}, {"y": "42", "x": "186"}, {"y": "38", "x": "190"}, {"y": "35", "x": "195"}, {"y": "32", "x": "199"}, {"y": "28", "x": "203"}, {"y": "25", "x": "207"}, {"y": "22", "x": "211"}, {"y": "19", "x": "215"}, {"y": "15", "x": "219"}, {"y": "12", "x": "223"}, {"y": "9", "x": "227"}, {"y": "9", "x": "227"}], [{"y": "4", "x": "280"}, {"y": "4", "x": "280"}, {"y": "8", "x": "281"}, {"y": "11", "x": "282"}, {"y": "15", "x": "283"}, {"y": "18", "x": "284"}, {"y": "21", "x": "284"}, {"y": "25", "x": "285"}, {"y": "28", "x": "286"}, {"y": "32", "x": "287"}, {"y": "35", "x": "288"}, {"y": "39", "x": "289"}, {"y": "39", "x": "289"}, {"y": "39", "x": "289"}, {"y": "42", "x": "290"}, {"y": "45", "x": "291"}, {"y": "48", "x": "292"}, {"y": "52", "x": "294"}, {"y": "55", "x": "295"}, {"y": "58", "x": "296"}, {"y": "61", "x": "297"}, {"y": "64", "x": "299"}, {"y": "68", "x": "300"}, {"y": "71", "x": "301"}, {"y": "74", "x": "302"}, {"y": "77", "x": "304"}, {"y": "81", "x": "305"}, {"y": "84", "x": "306"}, {"y": "87", "x": "307"}, {"y": "90", "x": "309"}, {"y": "93", "x": "310"}, {"y": "97", "x": "311"}, {"y": "100", "x": "312"}, {"y": "103", "x": "314"}, {"y": "106", "x": "315"}, {"y": "110", "x": "316"}, {"y": "113", "x": "317"}, {"y": "116", "x": "318"}, {"y": "116", "x": "318"}]]}