{"Lines": [[{"y": "51", "x": "0"}, {"y": "51", "x": "0"}, {"y": "48", "x": "7"}, {"y": "44", "x": "15"}, {"y": "41", "x": "22"}, {"y": "37", "x": "30"}, {"y": "34", "x": "37"}, {"y": "30", "x": "45"}, {"y": "27", "x": "52"}, {"y": "23", "x": "60"}, {"y": "20", "x": "67"}, {"y": "16", "x": "75"}, {"y": "16", "x": "75"}, {"y": "16", "x": "75"}, {"y": "12", "x": "84"}, {"y": "8", "x": "92"}, {"y": "4", "x": "101"}, {"y": "0", "x": "109"}, {"y": "0", "x": "110"}], [{"y": "0", "x": "178"}, {"y": "0", "x": "178"}, {"y": "4", "x": "181"}, {"y": "7", "x": "184"}, {"y": "10", "x": "187"}, {"y": "13", "x": "190"}, {"y": "17", "x": "194"}, {"y": "20", "x": "197"}, {"y": "23", "x": "200"}, {"y": "26", "x": "203"}, {"y": "30", "x": "206"}, {"y": "33", "x": "209"}, {"y": "36", "x": "212"}, {"y": "39", "x": "216"}, {"y": "43", "x": "219"}, {"y": "43", "x": "219"}, {"y": "43", "x": "219"}, {"y": "46", "x": "222"}, {"y": "49", "x": "225"}, {"y": "52", "x": "227"}, {"y": "55", "x": "230"}, {"y": "59", "x": "233"}, {"y": "62", "x": "236"}, {"y": "65", "x": "239"}, {"y": "68", "x": "242"}, {"y": "71", "x": "245"}, {"y": "74", "x": "248"}, {"y": "78", "x": "251"}, {"y": "81", "x": "254"}, {"y": "84", "x": "257"}, {"y": "87", "x": "260"}, {"y": "90", "x": "263"}, {"y": "93", "x": "266"}, {"y": "97", "x": "269"}, {"y": "100", "x": "272"}, {"y": "103", "x": "274"}, {"y": "106", "x": "277"}, {"y": "109", "x": "280"}, {"y": "112", "x": "283"}, {"y": "116", "x": "286"}, {"y": "119", "x": "289"}, {"y": "122", "x": "292"}, {"y": "125", "x": "295"}, {"y": "128", "x": "298"}, {"y": "131", "x": "301"}, {"y": "135", "x": "304"}, {"y": "138", "x": "307"}, {"y": "141", "x": "310"}, {"y": "144", "x": "313"}, {"y": "147", "x": "316"}, {"y": "151", "x": "318"}, {"y": "151", "x": "319"}]]}