{"Lines": [[{"y": "77", "x": "1"}, {"y": "77", "x": "1"}, {"y": "74", "x": "5"}, {"y": "71", "x": "10"}, {"y": "67", "x": "14"}, {"y": "64", "x": "18"}, {"y": "60", "x": "22"}, {"y": "57", "x": "26"}, {"y": "54", "x": "30"}, {"y": "50", "x": "35"}, {"y": "47", "x": "39"}, {"y": "44", "x": "43"}, {"y": "40", "x": "47"}, {"y": "37", "x": "51"}, {"y": "34", "x": "56"}, {"y": "30", "x": "60"}, {"y": "27", "x": "64"}, {"y": "27", "x": "64"}, {"y": "27", "x": "64"}, {"y": "23", "x": "68"}, {"y": "19", "x": "72"}, {"y": "16", "x": "75"}, {"y": "12", "x": "79"}, {"y": "8", "x": "83"}, {"y": "4", "x": "87"}, {"y": "1", "x": "91"}, {"y": "1", "x": "91"}], [{"y": "0", "x": "163"}, {"y": "0", "x": "163"}, {"y": "3", "x": "171"}, {"y": "7", "x": "178"}, {"y": "10", "x": "185"}, {"y": "14", "x": "193"}, {"y": "17", "x": "200"}, {"y": "21", "x": "208"}, {"y": "24", "x": "215"}, {"y": "28", "x": "222"}, {"y": "31", "x": "230"}, {"y": "31", "x": "230"}, {"y": "34", "x": "236"}, {"y": "38", "x": "242"}, {"y": "41", "x": "247"}, {"y": "44", "x": "253"}, {"y": "47", "x": "259"}, {"y": "50", "x": "265"}, {"y": "54", "x": "271"}, {"y": "57", "x": "277"}, {"y": "60", "x": "283"}, {"y": "63", "x": "289"}, {"y": "67", "x": "295"}, {"y": "70", "x": "301"}, {"y": "73", "x": "307"}, {"y": "76", "x": "313"}, {"y": "80", "x": "318"}, {"y": "80", "x": "319"}]]}