{"Lines": [[{"y": "74", "x": "1"}, {"y": "73", "x": "6"}, {"y": "73", "x": "10"}, {"y": "72", "x": "15"}, {"y": "71", "x": "18"}, {"y": "70", "x": "23"}, {"y": "68", "x": "28"}, {"y": "67", "x": "35"}, {"y": "63", "x": "43"}, {"y": "63", "x": "43"}, {"y": "59", "x": "50"}, {"y": "59", "x": "50"}, {"y": "54", "x": "58"}, {"y": "50", "x": "65"}, {"y": "50", "x": "65"}, {"y": "50", "x": "65"}, {"y": "46", "x": "70"}, {"y": "43", "x": "74"}, {"y": "40", "x": "78"}, {"y": "36", "x": "82"}, {"y": "33", "x": "86"}, {"y": "30", "x": "90"}, {"y": "26", "x": "94"}, {"y": "23", "x": "99"}, {"y": "20", "x": "103"}, {"y": "16", "x": "107"}, {"y": "13", "x": "111"}, {"y": "10", "x": "115"}, {"y": "6", "x": "119"}, {"y": "3", "x": "123"}, {"y": "0", "x": "128"}], [{"y": "0", "x": "194"}, {"y": "0", "x": "194"}, {"y": "3", "x": "200"}, {"y": "7", "x": "207"}, {"y": "10", "x": "214"}, {"y": "13", "x": "221"}, {"y": "17", "x": "227"}, {"y": "20", "x": "234"}, {"y": "24", "x": "241"}, {"y": "27", "x": "247"}, {"y": "30", "x": "254"}, {"y": "34", "x": "261"}, {"y": "37", "x": "268"}, {"y": "41", "x": "274"}, {"y": "41", "x": "274"}, {"y": "45", "x": "282"}, {"y": "49", "x": "289"}, {"y": "53", "x": "296"}, {"y": "57", "x": "304"}, {"y": "61", "x": "311"}, {"y": "65", "x": "319"}, {"y": "65", "x": "319"}]]}