{"Lines": [[{"y": "55", "x": "1"}, {"y": "55", "x": "1"}, {"y": "51", "x": "10"}, {"y": "48", "x": "18"}, {"y": "44", "x": "27"}, {"y": "40", "x": "36"}, {"y": "37", "x": "45"}, {"y": "33", "x": "53"}, {"y": "30", "x": "62"}, {"y": "26", "x": "71"}, {"y": "23", "x": "79"}, {"y": "19", "x": "88"}, {"y": "16", "x": "97"}, {"y": "16", "x": "97"}, {"y": "16", "x": "97"}, {"y": "12", "x": "110"}, {"y": "8", "x": "123"}, {"y": "4", "x": "136"}, {"y": "0", "x": "148"}, {"y": "0", "x": "149"}], [{"y": "0", "x": "225"}, {"y": "0", "x": "225"}, {"y": "4", "x": "226"}, {"y": "8", "x": "227"}, {"y": "11", "x": "228"}, {"y": "15", "x": "229"}, {"y": "18", "x": "231"}, {"y": "18", "x": "231"}, {"y": "22", "x": "232"}, {"y": "25", "x": "234"}, {"y": "29", "x": "236"}, {"y": "32", "x": "238"}, {"y": "36", "x": "240"}, {"y": "39", "x": "241"}, {"y": "43", "x": "243"}, {"y": "43", "x": "243"}, {"y": "46", "x": "246"}, {"y": "49", "x": "249"}, {"y": "52", "x": "252"}, {"y": "55", "x": "255"}, {"y": "58", "x": "258"}, {"y": "61", "x": "261"}, {"y": "65", "x": "263"}, {"y": "68", "x": "266"}, {"y": "71", "x": "269"}, {"y": "74", "x": "272"}, {"y": "77", "x": "275"}, {"y": "80", "x": "278"}, {"y": "84", "x": "281"}, {"y": "87", "x": "284"}, {"y": "90", "x": "287"}, {"y": "93", "x": "290"}, {"y": "96", "x": "292"}, {"y": "99", "x": "295"}, {"y": "102", "x": "298"}, {"y": "106", "x": "301"}, {"y": "109", "x": "304"}, {"y": "112", "x": "307"}, {"y": "115", "x": "310"}, {"y": "118", "x": "313"}, {"y": "121", "x": "316"}, {"y": "125", "x": "319"}]]}