{"Lines": [[{"y": "17", "x": "72"}, {"y": "12", "x": "88"}, {"y": "12", "x": "88"}, {"y": "12", "x": "88"}, {"y": "5", "x": "100"}, {"y": "5", "x": "100"}, {"y": "0", "x": "108"}], [{"y": "1", "x": "177"}, {"y": "1", "x": "177"}, {"y": "4", "x": "181"}, {"y": "7", "x": "185"}, {"y": "11", "x": "188"}, {"y": "14", "x": "192"}, {"y": "17", "x": "195"}, {"y": "20", "x": "199"}, {"y": "23", "x": "202"}, {"y": "27", "x": "206"}, {"y": "30", "x": "210"}, {"y": "33", "x": "213"}, {"y": "36", "x": "217"}, {"y": "40", "x": "220"}, {"y": "43", "x": "224"}, {"y": "46", "x": "227"}, {"y": "46", "x": "227"}, {"y": "46", "x": "227"}, {"y": "49", "x": "231"}, {"y": "52", "x": "234"}, {"y": "56", "x": "238"}, {"y": "59", "x": "241"}, {"y": "62", "x": "244"}, {"y": "65", "x": "248"}, {"y": "68", "x": "251"}, {"y": "71", "x": "254"}, {"y": "75", "x": "258"}, {"y": "78", "x": "261"}, {"y": "81", "x": "265"}, {"y": "84", "x": "268"}, {"y": "87", "x": "271"}, {"y": "90", "x": "275"}, {"y": "94", "x": "278"}, {"y": "97", "x": "281"}, {"y": "100", "x": "285"}, {"y": "103", "x": "288"}, {"y": "106", "x": "292"}, {"y": "109", "x": "295"}, {"y": "113", "x": "298"}, {"y": "116", "x": "302"}, {"y": "119", "x": "305"}, {"y": "122", "x": "308"}, {"y": "125", "x": "312"}, {"y": "128", "x": "315"}, {"y": "132", "x": "319"}]]}