{"Lines": [[{"y": "67", "x": "8"}, {"y": "67", "x": "8"}, {"y": "64", "x": "10"}, {"y": "60", "x": "13"}, {"y": "56", "x": "15"}, {"y": "53", "x": "17"}, {"y": "49", "x": "19"}, {"y": "46", "x": "22"}, {"y": "42", "x": "24"}, {"y": "39", "x": "26"}, {"y": "39", "x": "26"}, {"y": "39", "x": "26"}, {"y": "34", "x": "29"}, {"y": "30", "x": "33"}, {"y": "26", "x": "36"}, {"y": "26", "x": "36"}, {"y": "21", "x": "39"}, {"y": "16", "x": "43"}, {"y": "16", "x": "43"}, {"y": "11", "x": "46"}, {"y": "6", "x": "49"}, {"y": "2", "x": "52"}], [{"y": "0", "x": "91"}, {"y": "0", "x": "91"}, {"y": "4", "x": "95"}, {"y": "7", "x": "99"}, {"y": "10", "x": "103"}, {"y": "13", "x": "107"}, {"y": "17", "x": "111"}, {"y": "20", "x": "115"}, {"y": "23", "x": "119"}, {"y": "27", "x": "123"}, {"y": "30", "x": "127"}, {"y": "33", "x": "131"}, {"y": "37", "x": "135"}, {"y": "40", "x": "139"}, {"y": "43", "x": "143"}, {"y": "46", "x": "147"}, {"y": "50", "x": "150"}, {"y": "53", "x": "154"}, {"y": "56", "x": "158"}, {"y": "60", "x": "162"}, {"y": "63", "x": "166"}, {"y": "66", "x": "170"}, {"y": "69", "x": "174"}, {"y": "72", "x": "178"}, {"y": "76", "x": "182"}, {"y": "79", "x": "186"}, {"y": "82", "x": "190"}, {"y": "85", "x": "194"}, {"y": "88", "x": "198"}, {"y": "91", "x": "202"}, {"y": "94", "x": "206"}, {"y": "97", "x": "210"}, {"y": "101", "x": "214"}, {"y": "104", "x": "218"}, {"y": "107", "x": "222"}, {"y": "110", "x": "226"}, {"y": "113", "x": "230"}, {"y": "116", "x": "234"}, {"y": "119", "x": "238"}, {"y": "122", "x": "242"}, {"y": "125", "x": "246"}, {"y": "129", "x": "250"}, {"y": "132", "x": "254"}, {"y": "135", "x": "258"}, {"y": "138", "x": "262"}, {"y": "141", "x": "266"}, {"y": "144", "x": "270"}, {"y": "147", "x": "274"}, {"y": "150", "x": "278"}, {"y": "154", "x": "282"}, {"y": "157", "x": "286"}, {"y": "160", "x": "290"}, {"y": "163", "x": "294"}, {"y": "166", "x": "298"}, {"y": "169", "x": "302"}, {"y": "172", "x": "306"}, {"y": "175", "x": "310"}, {"y": "179", "x": "314"}, {"y": "179", "x": "314"}]]}