{"Lines": [[{"y": "61", "x": "1"}, {"y": "61", "x": "1"}, {"y": "57", "x": "8"}, {"y": "54", "x": "15"}, {"y": "50", "x": "22"}, {"y": "47", "x": "28"}, {"y": "44", "x": "35"}, {"y": "40", "x": "42"}, {"y": "37", "x": "49"}, {"y": "33", "x": "56"}, {"y": "30", "x": "63"}, {"y": "27", "x": "70"}, {"y": "23", "x": "77"}, {"y": "23", "x": "77"}, {"y": "23", "x": "77"}, {"y": "20", "x": "85"}, {"y": "16", "x": "93"}, {"y": "12", "x": "101"}, {"y": "8", "x": "109"}, {"y": "4", "x": "117"}, {"y": "1", "x": "125"}, {"y": "1", "x": "125"}], [{"y": "179", "x": "32"}, {"y": "179", "x": "33"}, {"y": "175", "x": "35"}, {"y": "172", "x": "37"}, {"y": "169", "x": "39"}, {"y": "166", "x": "41"}, {"y": "163", "x": "43"}, {"y": "160", "x": "46"}, {"y": "157", "x": "48"}, {"y": "154", "x": "50"}, {"y": "151", "x": "52"}, {"y": "147", "x": "54"}, {"y": "144", "x": "57"}, {"y": "141", "x": "59"}, {"y": "138", "x": "61"}, {"y": "135", "x": "63"}, {"y": "132", "x": "65"}, {"y": "129", "x": "67"}, {"y": "126", "x": "70"}, {"y": "123", "x": "72"}, {"y": "119", "x": "74"}, {"y": "116", "x": "76"}, {"y": "113", "x": "78"}, {"y": "110", "x": "81"}, {"y": "107", "x": "83"}, {"y": "104", "x": "85"}, {"y": "101", "x": "87"}, {"y": "98", "x": "89"}, {"y": "95", "x": "92"}, {"y": "91", "x": "94"}, {"y": "88", "x": "96"}, {"y": "85", "x": "98"}, {"y": "82", "x": "100"}, {"y": "79", "x": "102"}, {"y": "76", "x": "105"}, {"y": "73", "x": "107"}, {"y": "70", "x": "109"}, {"y": "67", "x": "111"}, {"y": "63", "x": "113"}, {"y": "60", "x": "116"}, {"y": "60", "x": "116"}, {"y": "60", "x": "116"}, {"y": "57", "x": "118"}, {"y": "54", "x": "120"}, {"y": "51", "x": "123"}, {"y": "47", "x": "125"}, {"y": "44", "x": "127"}, {"y": "41", "x": "130"}, {"y": "38", "x": "132"}, {"y": "34", "x": "134"}, {"y": "31", "x": "137"}, {"y": "28", "x": "139"}, {"y": "25", "x": "142"}, {"y": "21", "x": "144"}, {"y": "18", "x": "146"}, {"y": "15", "x": "149"}, {"y": "12", "x": "151"}, {"y": "8", "x": "153"}, {"y": "5", "x": "156"}, {"y": "5", "x": "156"}], [{"y": "3", "x": "197"}, {"y": "7", "x": "199"}, {"y": "10", "x": "201"}, {"y": "13", "x": "203"}, {"y": "16", "x": "206"}, {"y": "19", "x": "208"}, {"y": "23", "x": "210"}, {"y": "26", "x": "212"}, {"y": "29", "x": "214"}, {"y": "32", "x": "216"}, {"y": "35", "x": "218"}, {"y": "39", "x": "220"}, {"y": "42", "x": "222"}, {"y": "45", "x": "224"}, {"y": "48", "x": "226"}, {"y": "51", "x": "228"}, {"y": "55", "x": "230"}, {"y": "58", "x": "232"}, {"y": "61", "x": "234"}, {"y": "64", "x": "236"}, {"y": "67", "x": "238"}, {"y": "71", "x": "240"}, {"y": "74", "x": "242"}, {"y": "77", "x": "244"}, {"y": "80", "x": "246"}, {"y": "83", "x": "248"}, {"y": "86", "x": "250"}, {"y": "89", "x": "252"}, {"y": "92", "x": "254"}, {"y": "95", "x": "256"}, {"y": "98", "x": "258"}, {"y": "101", "x": "261"}, {"y": "104", "x": "263"}, {"y": "108", "x": "265"}, {"y": "111", "x": "267"}, {"y": "114", "x": "269"}, {"y": "117", "x": "271"}, {"y": "120", "x": "273"}, {"y": "123", "x": "275"}, {"y": "126", "x": "277"}, {"y": "129", "x": "279"}, {"y": "132", "x": "281"}, {"y": "135", "x": "283"}, {"y": "138", "x": "285"}, {"y": "141", "x": "288"}, {"y": "145", "x": "290"}, {"y": "148", "x": "292"}, {"y": "151", "x": "294"}, {"y": "154", "x": "296"}, {"y": "157", "x": "298"}, {"y": "160", "x": "300"}, {"y": "163", "x": "302"}, {"y": "166", "x": "304"}, {"y": "169", "x": "306"}, {"y": "172", "x": "308"}, {"y": "175", "x": "310"}, {"y": "179", "x": "313"}]]}