{"Lines": [[{"y": "52", "x": "1"}, {"y": "52", "x": "1"}, {"y": "49", "x": "8"}, {"y": "45", "x": "15"}, {"y": "42", "x": "23"}, {"y": "39", "x": "30"}, {"y": "35", "x": "37"}, {"y": "32", "x": "44"}, {"y": "29", "x": "51"}, {"y": "25", "x": "58"}, {"y": "22", "x": "65"}, {"y": "19", "x": "72"}, {"y": "15", "x": "79"}, {"y": "15", "x": "80"}, {"y": "11", "x": "88"}, {"y": "7", "x": "96"}, {"y": "3", "x": "105"}, {"y": "0", "x": "113"}, {"y": "0", "x": "114"}], [{"y": "178", "x": "34"}, {"y": "178", "x": "34"}, {"y": "175", "x": "36"}, {"y": "172", "x": "38"}, {"y": "169", "x": "40"}, {"y": "166", "x": "42"}, {"y": "162", "x": "44"}, {"y": "159", "x": "46"}, {"y": "156", "x": "48"}, {"y": "153", "x": "50"}, {"y": "150", "x": "52"}, {"y": "147", "x": "54"}, {"y": "143", "x": "56"}, {"y": "140", "x": "58"}, {"y": "137", "x": "60"}, {"y": "134", "x": "62"}, {"y": "131", "x": "64"}, {"y": "128", "x": "66"}, {"y": "125", "x": "68"}, {"y": "121", "x": "70"}, {"y": "118", "x": "72"}, {"y": "115", "x": "74"}, {"y": "112", "x": "76"}, {"y": "109", "x": "78"}, {"y": "106", "x": "80"}, {"y": "102", "x": "82"}, {"y": "99", "x": "84"}, {"y": "96", "x": "86"}, {"y": "93", "x": "88"}, {"y": "90", "x": "90"}, {"y": "87", "x": "92"}, {"y": "83", "x": "94"}, {"y": "80", "x": "96"}, {"y": "77", "x": "98"}, {"y": "74", "x": "100"}, {"y": "74", "x": "100"}, {"y": "71", "x": "102"}, {"y": "67", "x": "104"}, {"y": "64", "x": "106"}, {"y": "61", "x": "108"}, {"y": "57", "x": "111"}, {"y": "54", "x": "113"}, {"y": "51", "x": "115"}, {"y": "47", "x": "117"}, {"y": "44", "x": "119"}, {"y": "40", "x": "121"}, {"y": "37", "x": "123"}, {"y": "34", "x": "125"}, {"y": "34", "x": "125"}, {"y": "34", "x": "125"}, {"y": "30", "x": "128"}, {"y": "27", "x": "130"}, {"y": "23", "x": "132"}, {"y": "20", "x": "134"}, {"y": "16", "x": "136"}, {"y": "13", "x": "139"}, {"y": "9", "x": "141"}, {"y": "6", "x": "143"}, {"y": "2", "x": "145"}, {"y": "2", "x": "145"}], [{"y": "1", "x": "181"}, {"y": "1", "x": "181"}, {"y": "4", "x": "184"}, {"y": "7", "x": "187"}, {"y": "11", "x": "191"}, {"y": "14", "x": "194"}, {"y": "17", "x": "197"}, {"y": "21", "x": "200"}, {"y": "24", "x": "203"}, {"y": "28", "x": "206"}, {"y": "31", "x": "209"}, {"y": "34", "x": "212"}, {"y": "38", "x": "215"}, {"y": "41", "x": "219"}, {"y": "44", "x": "222"}, {"y": "44", "x": "222"}, {"y": "48", "x": "225"}, {"y": "51", "x": "228"}, {"y": "54", "x": "231"}, {"y": "57", "x": "233"}, {"y": "60", "x": "236"}, {"y": "63", "x": "239"}, {"y": "66", "x": "242"}, {"y": "69", "x": "245"}, {"y": "73", "x": "248"}, {"y": "76", "x": "251"}, {"y": "79", "x": "254"}, {"y": "82", "x": "257"}, {"y": "85", "x": "260"}, {"y": "88", "x": "263"}, {"y": "91", "x": "266"}, {"y": "94", "x": "269"}, {"y": "98", "x": "272"}, {"y": "101", "x": "275"}, {"y": "104", "x": "277"}, {"y": "107", "x": "280"}, {"y": "110", "x": "283"}, {"y": "113", "x": "286"}, {"y": "116", "x": "289"}, {"y": "119", "x": "292"}, {"y": "123", "x": "295"}, {"y": "126", "x": "298"}, {"y": "129", "x": "301"}, {"y": "132", "x": "304"}, {"y": "135", "x": "307"}, {"y": "138", "x": "310"}, {"y": "141", "x": "313"}, {"y": "144", "x": "316"}, {"y": "148", "x": "318"}, {"y": "148", "x": "319"}]]}