{"Lines": [[{"y": "119", "x": "1"}, {"y": "119", "x": "1"}, {"y": "115", "x": "7"}, {"y": "112", "x": "13"}, {"y": "109", "x": "19"}, {"y": "106", "x": "24"}, {"y": "102", "x": "30"}, {"y": "99", "x": "36"}, {"y": "96", "x": "42"}, {"y": "93", "x": "48"}, {"y": "90", "x": "53"}, {"y": "86", "x": "59"}, {"y": "83", "x": "65"}, {"y": "80", "x": "71"}, {"y": "77", "x": "77"}, {"y": "73", "x": "82"}, {"y": "70", "x": "88"}, {"y": "67", "x": "94"}, {"y": "64", "x": "100"}, {"y": "60", "x": "105"}, {"y": "57", "x": "111"}, {"y": "54", "x": "117"}, {"y": "51", "x": "123"}, {"y": "47", "x": "129"}, {"y": "44", "x": "134"}, {"y": "44", "x": "134"}, {"y": "44", "x": "134"}, {"y": "41", "x": "140"}, {"y": "37", "x": "145"}, {"y": "34", "x": "151"}, {"y": "30", "x": "157"}, {"y": "27", "x": "162"}, {"y": "24", "x": "168"}, {"y": "20", "x": "173"}, {"y": "17", "x": "179"}, {"y": "13", "x": "184"}, {"y": "10", "x": "190"}, {"y": "6", "x": "195"}, {"y": "3", "x": "201"}, {"y": "0", "x": "207"}, {"y": "0", "x": "207"}], [{"y": "70", "x": "243"}, {"y": "70", "x": "243"}, {"y": "70", "x": "243"}, {"y": "67", "x": "243"}, {"y": "64", "x": "243"}, {"y": "60", "x": "243"}, {"y": "57", "x": "243"}, {"y": "54", "x": "243"}, {"y": "51", "x": "243"}, {"y": "48", "x": "243"}, {"y": "45", "x": "243"}, {"y": "42", "x": "243"}, {"y": "73", "x": "243"}, {"y": "38", "x": "243"}, {"y": "35", "x": "243"}, {"y": "32", "x": "243"}, {"y": "29", "x": "243"}, {"y": "26", "x": "243"}, {"y": "23", "x": "243"}, {"y": "20", "x": "243"}, {"y": "16", "x": "243"}, {"y": "13", "x": "243"}, {"y": "10", "x": "243"}, {"y": "76", "x": "243"}, {"y": "7", "x": "243"}, {"y": "4", "x": "243"}, {"y": "4", "x": "243"}, {"y": "79", "x": "243"}, {"y": "82", "x": "244"}, {"y": "85", "x": "244"}, {"y": "89", "x": "244"}, {"y": "92", "x": "244"}, {"y": "95", "x": "244"}, {"y": "98", "x": "244"}, {"y": "101", "x": "244"}, {"y": "104", "x": "244"}, {"y": "107", "x": "244"}, {"y": "110", "x": "244"}, {"y": "113", "x": "245"}, {"y": "116", "x": "245"}, {"y": "120", "x": "245"}, {"y": "123", "x": "245"}, {"y": "126", "x": "245"}, {"y": "129", "x": "245"}, {"y": "132", "x": "245"}, {"y": "135", "x": "245"}, {"y": "138", "x": "245"}, {"y": "141", "x": "245"}, {"y": "144", "x": "245"}, {"y": "147", "x": "246"}, {"y": "151", "x": "246"}, {"y": "154", "x": "246"}, {"y": "157", "x": "246"}, {"y": "160", "x": "246"}, {"y": "163", "x": "246"}, {"y": "166", "x": "246"}, {"y": "169", "x": "246"}, {"y": "172", "x": "246"}, {"y": "175", "x": "246"}, {"y": "179", "x": "247"}]]}