{"Lines": [[{"y": "37", "x": "0"}, {"y": "37", "x": "0"}, {"y": "32", "x": "11"}, {"y": "28", "x": "21"}, {"y": "23", "x": "32"}, {"y": "23", "x": "32"}, {"y": "23", "x": "32"}, {"y": "19", "x": "40"}, {"y": "15", "x": "48"}, {"y": "11", "x": "56"}, {"y": "7", "x": "64"}, {"y": "3", "x": "72"}, {"y": "0", "x": "80"}, {"y": "0", "x": "80"}], [{"y": "69", "x": "72"}, {"y": "69", "x": "72"}, {"y": "65", "x": "74"}, {"y": "62", "x": "76"}, {"y": "58", "x": "79"}, {"y": "55", "x": "81"}, {"y": "51", "x": "83"}, {"y": "48", "x": "85"}, {"y": "44", "x": "88"}, {"y": "41", "x": "90"}, {"y": "37", "x": "92"}, {"y": "34", "x": "94"}, {"y": "30", "x": "97"}, {"y": "30", "x": "97"}, {"y": "30", "x": "97"}, {"y": "27", "x": "99"}, {"y": "23", "x": "101"}, {"y": "20", "x": "103"}, {"y": "16", "x": "106"}, {"y": "13", "x": "108"}, {"y": "9", "x": "110"}, {"y": "6", "x": "112"}, {"y": "2", "x": "115"}, {"y": "2", "x": "115"}], [{"y": "1", "x": "152"}, {"y": "1", "x": "152"}, {"y": "4", "x": "155"}, {"y": "7", "x": "158"}, {"y": "11", "x": "162"}, {"y": "14", "x": "165"}, {"y": "17", "x": "168"}, {"y": "21", "x": "171"}, {"y": "24", "x": "174"}, {"y": "27", "x": "177"}, {"y": "31", "x": "180"}, {"y": "34", "x": "183"}, {"y": "38", "x": "186"}, {"y": "41", "x": "189"}, {"y": "44", "x": "192"}, {"y": "48", "x": "195"}, {"y": "48", "x": "195"}, {"y": "51", "x": "198"}, {"y": "54", "x": "201"}, {"y": "57", "x": "204"}, {"y": "60", "x": "207"}, {"y": "63", "x": "210"}, {"y": "66", "x": "213"}, {"y": "70", "x": "216"}, {"y": "73", "x": "218"}, {"y": "76", "x": "221"}, {"y": "79", "x": "224"}, {"y": "82", "x": "227"}, {"y": "85", "x": "230"}, {"y": "88", "x": "233"}, {"y": "91", "x": "236"}, {"y": "95", "x": "239"}, {"y": "98", "x": "242"}, {"y": "101", "x": "245"}, {"y": "104", "x": "247"}, {"y": "107", "x": "250"}, {"y": "110", "x": "253"}, {"y": "113", "x": "256"}, {"y": "116", "x": "259"}, {"y": "120", "x": "262"}, {"y": "123", "x": "265"}, {"y": "126", "x": "268"}, {"y": "129", "x": "271"}, {"y": "132", "x": "274"}, {"y": "135", "x": "276"}, {"y": "138", "x": "279"}, {"y": "141", "x": "282"}, {"y": "145", "x": "285"}, {"y": "148", "x": "288"}, {"y": "151", "x": "291"}, {"y": "154", "x": "294"}, {"y": "157", "x": "297"}, {"y": "160", "x": "300"}, {"y": "163", "x": "303"}, {"y": "166", "x": "305"}, {"y": "170", "x": "308"}, {"y": "173", "x": "311"}, {"y": "176", "x": "314"}, {"y": "176", "x": "314"}]]}