{"Lines": [[{"y": "132", "x": "0"}, {"y": "132", "x": "0"}, {"y": "129", "x": "5"}, {"y": "126", "x": "9"}, {"y": "123", "x": "13"}, {"y": "119", "x": "17"}, {"y": "116", "x": "22"}, {"y": "113", "x": "26"}, {"y": "110", "x": "30"}, {"y": "107", "x": "34"}, {"y": "104", "x": "39"}, {"y": "101", "x": "43"}, {"y": "98", "x": "47"}, {"y": "95", "x": "51"}, {"y": "92", "x": "56"}, {"y": "88", "x": "60"}, {"y": "85", "x": "64"}, {"y": "82", "x": "69"}, {"y": "79", "x": "73"}, {"y": "76", "x": "77"}, {"y": "73", "x": "81"}, {"y": "70", "x": "86"}, {"y": "67", "x": "90"}, {"y": "64", "x": "94"}, {"y": "60", "x": "98"}, {"y": "57", "x": "103"}, {"y": "54", "x": "107"}, {"y": "51", "x": "111"}, {"y": "48", "x": "115"}, {"y": "45", "x": "120"}, {"y": "42", "x": "124"}, {"y": "39", "x": "128"}, {"y": "36", "x": "132"}, {"y": "32", "x": "137"}, {"y": "29", "x": "141"}, {"y": "26", "x": "145"}, {"y": "26", "x": "145"}, {"y": "26", "x": "145"}, {"y": "22", "x": "151"}, {"y": "18", "x": "158"}, {"y": "14", "x": "164"}, {"y": "10", "x": "170"}, {"y": "6", "x": "176"}, {"y": "6", "x": "176"}], [{"y": "13", "x": "215"}, {"y": "13", "x": "215"}, {"y": "17", "x": "215"}, {"y": "20", "x": "215"}, {"y": "24", "x": "215"}, {"y": "27", "x": "215"}, {"y": "31", "x": "215"}, {"y": "34", "x": "216"}, {"y": "38", "x": "216"}, {"y": "41", "x": "216"}, {"y": "44", "x": "216"}, {"y": "48", "x": "216"}, {"y": "51", "x": "216"}, {"y": "55", "x": "216"}, {"y": "55", "x": "216"}, {"y": "55", "x": "216"}, {"y": "58", "x": "216"}, {"y": "61", "x": "216"}, {"y": "64", "x": "216"}, {"y": "67", "x": "217"}, {"y": "70", "x": "217"}, {"y": "73", "x": "217"}, {"y": "76", "x": "217"}, {"y": "80", "x": "217"}, {"y": "83", "x": "218"}, {"y": "86", "x": "218"}, {"y": "89", "x": "218"}, {"y": "92", "x": "218"}, {"y": "95", "x": "218"}, {"y": "98", "x": "219"}, {"y": "101", "x": "219"}, {"y": "104", "x": "219"}, {"y": "107", "x": "219"}, {"y": "110", "x": "219"}, {"y": "114", "x": "219"}, {"y": "117", "x": "220"}, {"y": "120", "x": "220"}, {"y": "123", "x": "220"}, {"y": "126", "x": "220"}, {"y": "129", "x": "220"}, {"y": "132", "x": "221"}, {"y": "135", "x": "221"}, {"y": "138", "x": "221"}, {"y": "141", "x": "221"}, {"y": "144", "x": "221"}, {"y": "148", "x": "222"}, {"y": "151", "x": "222"}, {"y": "154", "x": "222"}, {"y": "157", "x": "222"}, {"y": "160", "x": "222"}, {"y": "163", "x": "223"}, {"y": "166", "x": "223"}, {"y": "169", "x": "223"}, {"y": "172", "x": "223"}, {"y": "175", "x": "223"}, {"y": "179", "x": "223"}, {"y": "179", "x": "224"}]]}