{"Lines": [[{"y": "123", "x": "2"}, {"y": "123", "x": "2"}, {"y": "120", "x": "4"}, {"y": "117", "x": "7"}, {"y": "114", "x": "9"}, {"y": "110", "x": "12"}, {"y": "107", "x": "14"}, {"y": "104", "x": "17"}, {"y": "101", "x": "19"}, {"y": "98", "x": "22"}, {"y": "95", "x": "24"}, {"y": "92", "x": "27"}, {"y": "89", "x": "29"}, {"y": "86", "x": "32"}, {"y": "82", "x": "34"}, {"y": "79", "x": "37"}, {"y": "76", "x": "40"}, {"y": "73", "x": "42"}, {"y": "70", "x": "45"}, {"y": "67", "x": "47"}, {"y": "64", "x": "50"}, {"y": "61", "x": "52"}, {"y": "58", "x": "55"}, {"y": "54", "x": "57"}, {"y": "51", "x": "60"}, {"y": "48", "x": "62"}, {"y": "45", "x": "65"}, {"y": "42", "x": "67"}, {"y": "39", "x": "70"}, {"y": "36", "x": "72"}, {"y": "33", "x": "75"}, {"y": "29", "x": "77"}, {"y": "29", "x": "77"}, {"y": "29", "x": "77"}, {"y": "26", "x": "80"}, {"y": "22", "x": "83"}, {"y": "18", "x": "86"}, {"y": "15", "x": "89"}, {"y": "11", "x": "92"}, {"y": "7", "x": "94"}, {"y": "4", "x": "97"}], [{"y": "11", "x": "139"}, {"y": "11", "x": "139"}, {"y": "14", "x": "141"}, {"y": "17", "x": "143"}, {"y": "20", "x": "145"}, {"y": "24", "x": "147"}, {"y": "27", "x": "148"}, {"y": "30", "x": "150"}, {"y": "33", "x": "152"}, {"y": "36", "x": "154"}, {"y": "40", "x": "156"}, {"y": "43", "x": "158"}, {"y": "46", "x": "160"}, {"y": "49", "x": "162"}, {"y": "52", "x": "164"}, {"y": "56", "x": "165"}, {"y": "59", "x": "167"}, {"y": "62", "x": "169"}, {"y": "65", "x": "171"}, {"y": "69", "x": "173"}, {"y": "72", "x": "175"}, {"y": "75", "x": "177"}, {"y": "78", "x": "179"}, {"y": "81", "x": "180"}, {"y": "85", "x": "182"}, {"y": "85", "x": "182"}, {"y": "85", "x": "182"}, {"y": "88", "x": "184"}, {"y": "91", "x": "186"}, {"y": "94", "x": "188"}, {"y": "97", "x": "190"}, {"y": "101", "x": "192"}, {"y": "104", "x": "194"}, {"y": "107", "x": "196"}, {"y": "110", "x": "198"}, {"y": "113", "x": "200"}, {"y": "117", "x": "201"}, {"y": "120", "x": "203"}, {"y": "123", "x": "205"}, {"y": "126", "x": "207"}, {"y": "129", "x": "209"}, {"y": "133", "x": "211"}, {"y": "136", "x": "213"}, {"y": "139", "x": "215"}, {"y": "142", "x": "217"}, {"y": "145", "x": "219"}, {"y": "149", "x": "221"}, {"y": "152", "x": "223"}, {"y": "155", "x": "224"}, {"y": "158", "x": "226"}, {"y": "161", "x": "228"}, {"y": "165", "x": "230"}, {"y": "168", "x": "232"}, {"y": "171", "x": "234"}, {"y": "174", "x": "236"}, {"y": "177", "x": "238"}, {"y": "177", "x": "238"}], [{"y": "4", "x": "175"}, {"y": "4", "x": "175"}, {"y": "8", "x": "182"}, {"y": "12", "x": "189"}, {"y": "16", "x": "196"}, {"y": "19", "x": "203"}, {"y": "23", "x": "210"}, {"y": "27", "x": "217"}, {"y": "30", "x": "224"}, {"y": "34", "x": "231"}, {"y": "34", "x": "231"}, {"y": "34", "x": "231"}, {"y": "38", "x": "238"}, {"y": "41", "x": "245"}, {"y": "44", "x": "251"}, {"y": "47", "x": "258"}, {"y": "51", "x": "265"}, {"y": "54", "x": "271"}, {"y": "57", "x": "278"}, {"y": "61", "x": "285"}, {"y": "64", "x": "292"}, {"y": "67", "x": "298"}, {"y": "71", "x": "305"}, {"y": "74", "x": "312"}, {"y": "77", "x": "318"}, {"y": "77", "x": "318"}]]}