{"Lines": [[{"y": "52", "x": "0"}, {"y": "52", "x": "0"}, {"y": "49", "x": "7"}, {"y": "45", "x": "15"}, {"y": "42", "x": "22"}, {"y": "38", "x": "30"}, {"y": "35", "x": "37"}, {"y": "31", "x": "45"}, {"y": "28", "x": "52"}, {"y": "24", "x": "60"}, {"y": "21", "x": "67"}, {"y": "21", "x": "67"}, {"y": "21", "x": "67"}, {"y": "17", "x": "75"}, {"y": "14", "x": "82"}, {"y": "10", "x": "89"}, {"y": "7", "x": "97"}, {"y": "3", "x": "104"}, {"y": "0", "x": "112"}], [{"y": "0", "x": "180"}, {"y": "0", "x": "180"}, {"y": "3", "x": "183"}, {"y": "6", "x": "186"}, {"y": "10", "x": "189"}, {"y": "13", "x": "192"}, {"y": "16", "x": "195"}, {"y": "19", "x": "198"}, {"y": "22", "x": "201"}, {"y": "26", "x": "204"}, {"y": "29", "x": "207"}, {"y": "32", "x": "210"}, {"y": "35", "x": "213"}, {"y": "38", "x": "216"}, {"y": "41", "x": "219"}, {"y": "45", "x": "222"}, {"y": "48", "x": "225"}, {"y": "51", "x": "228"}, {"y": "54", "x": "231"}, {"y": "57", "x": "234"}, {"y": "61", "x": "237"}, {"y": "61", "x": "237"}, {"y": "64", "x": "240"}, {"y": "67", "x": "243"}, {"y": "70", "x": "246"}, {"y": "73", "x": "249"}, {"y": "76", "x": "252"}, {"y": "80", "x": "255"}, {"y": "83", "x": "258"}, {"y": "86", "x": "260"}, {"y": "89", "x": "263"}, {"y": "92", "x": "266"}, {"y": "96", "x": "269"}, {"y": "99", "x": "272"}, {"y": "102", "x": "275"}, {"y": "105", "x": "278"}, {"y": "108", "x": "281"}, {"y": "112", "x": "284"}, {"y": "115", "x": "287"}, {"y": "118", "x": "289"}, {"y": "121", "x": "292"}, {"y": "124", "x": "295"}, {"y": "128", "x": "298"}, {"y": "131", "x": "301"}, {"y": "134", "x": "304"}, {"y": "137", "x": "307"}, {"y": "140", "x": "310"}, {"y": "144", "x": "313"}, {"y": "147", "x": "316"}, {"y": "150", "x": "318"}, {"y": "150", "x": "318"}]]}