{"Lines": [[{"y": "54", "x": "0"}, {"y": "54", "x": "0"}, {"y": "50", "x": "9"}, {"y": "46", "x": "19"}, {"y": "43", "x": "28"}, {"y": "39", "x": "37"}, {"y": "36", "x": "47"}, {"y": "32", "x": "56"}, {"y": "28", "x": "65"}, {"y": "25", "x": "75"}, {"y": "21", "x": "84"}, {"y": "21", "x": "84"}, {"y": "21", "x": "84"}, {"y": "17", "x": "94"}, {"y": "14", "x": "105"}, {"y": "10", "x": "115"}, {"y": "7", "x": "126"}, {"y": "3", "x": "136"}, {"y": "0", "x": "147"}], [{"y": "179", "x": "8"}, {"y": "179", "x": "8"}, {"y": "175", "x": "10"}, {"y": "172", "x": "13"}, {"y": "168", "x": "16"}, {"y": "165", "x": "19"}, {"y": "161", "x": "21"}, {"y": "158", "x": "24"}, {"y": "154", "x": "27"}, {"y": "151", "x": "30"}, {"y": "147", "x": "33"}, {"y": "147", "x": "33"}, {"y": "147", "x": "33"}, {"y": "144", "x": "35"}, {"y": "141", "x": "38"}, {"y": "138", "x": "41"}, {"y": "135", "x": "43"}, {"y": "131", "x": "46"}, {"y": "128", "x": "49"}, {"y": "125", "x": "51"}, {"y": "122", "x": "54"}, {"y": "119", "x": "57"}, {"y": "116", "x": "59"}, {"y": "113", "x": "62"}, {"y": "109", "x": "65"}, {"y": "106", "x": "67"}, {"y": "103", "x": "70"}, {"y": "100", "x": "73"}, {"y": "97", "x": "76"}, {"y": "94", "x": "78"}, {"y": "91", "x": "81"}, {"y": "87", "x": "84"}, {"y": "84", "x": "86"}, {"y": "81", "x": "89"}, {"y": "78", "x": "92"}, {"y": "75", "x": "94"}, {"y": "72", "x": "97"}, {"y": "69", "x": "100"}, {"y": "65", "x": "102"}, {"y": "65", "x": "102"}, {"y": "65", "x": "102"}, {"y": "62", "x": "106"}, {"y": "58", "x": "110"}, {"y": "55", "x": "113"}, {"y": "51", "x": "117"}, {"y": "48", "x": "121"}, {"y": "44", "x": "124"}, {"y": "41", "x": "128"}, {"y": "37", "x": "132"}, {"y": "33", "x": "135"}, {"y": "30", "x": "139"}, {"y": "30", "x": "139"}, {"y": "26", "x": "144"}, {"y": "22", "x": "148"}, {"y": "19", "x": "153"}, {"y": "15", "x": "158"}, {"y": "11", "x": "163"}, {"y": "7", "x": "167"}, {"y": "4", "x": "172"}], [{"y": "0", "x": "213"}, {"y": "0", "x": "213"}, {"y": "5", "x": "214"}, {"y": "9", "x": "214"}, {"y": "14", "x": "215"}, {"y": "14", "x": "215"}, {"y": "14", "x": "215"}, {"y": "18", "x": "216"}, {"y": "22", "x": "217"}, {"y": "26", "x": "218"}, {"y": "30", "x": "219"}, {"y": "34", "x": "220"}, {"y": "34", "x": "220"}, {"y": "37", "x": "222"}, {"y": "40", "x": "224"}, {"y": "43", "x": "226"}, {"y": "47", "x": "228"}, {"y": "50", "x": "230"}, {"y": "53", "x": "231"}, {"y": "57", "x": "233"}, {"y": "60", "x": "235"}, {"y": "63", "x": "237"}, {"y": "66", "x": "239"}, {"y": "70", "x": "241"}, {"y": "73", "x": "243"}, {"y": "73", "x": "243"}, {"y": "73", "x": "243"}, {"y": "76", "x": "245"}, {"y": "79", "x": "247"}, {"y": "82", "x": "250"}, {"y": "86", "x": "252"}, {"y": "89", "x": "254"}, {"y": "92", "x": "257"}, {"y": "95", "x": "259"}, {"y": "98", "x": "261"}, {"y": "101", "x": "263"}, {"y": "105", "x": "266"}, {"y": "108", "x": "268"}, {"y": "111", "x": "270"}, {"y": "114", "x": "273"}, {"y": "117", "x": "275"}, {"y": "120", "x": "277"}, {"y": "124", "x": "279"}, {"y": "127", "x": "282"}, {"y": "130", "x": "284"}, {"y": "133", "x": "286"}, {"y": "136", "x": "289"}, {"y": "139", "x": "291"}, {"y": "143", "x": "293"}, {"y": "146", "x": "296"}, {"y": "149", "x": "298"}, {"y": "152", "x": "300"}, {"y": "155", "x": "302"}, {"y": "158", "x": "305"}, {"y": "162", "x": "307"}, {"y": "165", "x": "309"}, {"y": "168", "x": "312"}, {"y": "171", "x": "314"}, {"y": "174", "x": "316"}, {"y": "178", "x": "318"}, {"y": "178", "x": "319"}]]}