{"Lines": [[{"y": "37", "x": "1"}, {"y": "37", "x": "1"}, {"y": "34", "x": "11"}, {"y": "30", "x": "21"}, {"y": "26", "x": "30"}, {"y": "22", "x": "40"}, {"y": "18", "x": "50"}, {"y": "18", "x": "50"}, {"y": "18", "x": "50"}, {"y": "15", "x": "59"}, {"y": "11", "x": "69"}, {"y": "7", "x": "78"}, {"y": "4", "x": "87"}, {"y": "0", "x": "97"}, {"y": "0", "x": "97"}], [{"y": "134", "x": "0"}, {"y": "134", "x": "0"}, {"y": "131", "x": "3"}, {"y": "128", "x": "6"}, {"y": "125", "x": "9"}, {"y": "122", "x": "12"}, {"y": "118", "x": "16"}, {"y": "115", "x": "19"}, {"y": "112", "x": "22"}, {"y": "109", "x": "25"}, {"y": "106", "x": "28"}, {"y": "102", "x": "32"}, {"y": "99", "x": "35"}, {"y": "96", "x": "38"}, {"y": "93", "x": "41"}, {"y": "89", "x": "44"}, {"y": "86", "x": "48"}, {"y": "83", "x": "51"}, {"y": "80", "x": "54"}, {"y": "77", "x": "57"}, {"y": "73", "x": "60"}, {"y": "70", "x": "64"}, {"y": "67", "x": "67"}, {"y": "64", "x": "70"}, {"y": "61", "x": "73"}, {"y": "57", "x": "76"}, {"y": "54", "x": "79"}, {"y": "51", "x": "82"}, {"y": "48", "x": "85"}, {"y": "45", "x": "88"}, {"y": "41", "x": "91"}, {"y": "38", "x": "94"}, {"y": "35", "x": "97"}, {"y": "32", "x": "100"}, {"y": "29", "x": "103"}, {"y": "26", "x": "106"}, {"y": "22", "x": "109"}, {"y": "19", "x": "112"}, {"y": "16", "x": "115"}, {"y": "13", "x": "117"}, {"y": "10", "x": "120"}, {"y": "6", "x": "123"}, {"y": "3", "x": "126"}], [{"y": "1", "x": "164"}, {"y": "1", "x": "164"}, {"y": "4", "x": "166"}, {"y": "7", "x": "168"}, {"y": "10", "x": "170"}, {"y": "14", "x": "172"}, {"y": "17", "x": "174"}, {"y": "20", "x": "176"}, {"y": "24", "x": "178"}, {"y": "27", "x": "180"}, {"y": "30", "x": "182"}, {"y": "34", "x": "184"}, {"y": "37", "x": "187"}, {"y": "40", "x": "189"}, {"y": "44", "x": "191"}, {"y": "47", "x": "193"}, {"y": "50", "x": "195"}, {"y": "54", "x": "197"}, {"y": "57", "x": "199"}, {"y": "60", "x": "201"}, {"y": "60", "x": "201"}, {"y": "60", "x": "201"}, {"y": "63", "x": "203"}, {"y": "67", "x": "205"}, {"y": "70", "x": "207"}, {"y": "73", "x": "209"}, {"y": "76", "x": "211"}, {"y": "79", "x": "213"}, {"y": "82", "x": "215"}, {"y": "85", "x": "217"}, {"y": "88", "x": "219"}, {"y": "91", "x": "221"}, {"y": "95", "x": "223"}, {"y": "98", "x": "225"}, {"y": "101", "x": "227"}, {"y": "104", "x": "229"}, {"y": "107", "x": "231"}, {"y": "110", "x": "233"}, {"y": "113", "x": "235"}, {"y": "116", "x": "237"}, {"y": "119", "x": "239"}, {"y": "123", "x": "241"}, {"y": "126", "x": "243"}, {"y": "129", "x": "245"}, {"y": "132", "x": "247"}, {"y": "135", "x": "249"}, {"y": "138", "x": "251"}, {"y": "141", "x": "253"}, {"y": "144", "x": "255"}, {"y": "147", "x": "257"}, {"y": "151", "x": "259"}, {"y": "154", "x": "261"}, {"y": "157", "x": "263"}, {"y": "160", "x": "265"}, {"y": "163", "x": "267"}, {"y": "166", "x": "269"}, {"y": "169", "x": "271"}, {"y": "172", "x": "273"}, {"y": "175", "x": "275"}, {"y": "179", "x": "277"}, {"y": "179", "x": "277"}]]}