{"Lines": [[{"y": "47", "x": "0"}, {"y": "47", "x": "0"}, {"y": "43", "x": "8"}, {"y": "40", "x": "17"}, {"y": "36", "x": "25"}, {"y": "33", "x": "34"}, {"y": "29", "x": "42"}, {"y": "26", "x": "51"}, {"y": "22", "x": "60"}, {"y": "19", "x": "68"}, {"y": "19", "x": "68"}, {"y": "19", "x": "68"}, {"y": "15", "x": "78"}, {"y": "11", "x": "87"}, {"y": "7", "x": "96"}, {"y": "3", "x": "105"}, {"y": "0", "x": "115"}, {"y": "0", "x": "115"}], [{"y": "163", "x": "0"}, {"y": "163", "x": "0"}, {"y": "160", "x": "3"}, {"y": "157", "x": "6"}, {"y": "153", "x": "9"}, {"y": "150", "x": "12"}, {"y": "147", "x": "15"}, {"y": "144", "x": "18"}, {"y": "141", "x": "21"}, {"y": "138", "x": "23"}, {"y": "135", "x": "26"}, {"y": "131", "x": "29"}, {"y": "128", "x": "32"}, {"y": "125", "x": "35"}, {"y": "122", "x": "38"}, {"y": "119", "x": "41"}, {"y": "116", "x": "44"}, {"y": "112", "x": "47"}, {"y": "109", "x": "50"}, {"y": "106", "x": "52"}, {"y": "103", "x": "55"}, {"y": "100", "x": "58"}, {"y": "97", "x": "61"}, {"y": "94", "x": "64"}, {"y": "90", "x": "67"}, {"y": "87", "x": "70"}, {"y": "84", "x": "73"}, {"y": "81", "x": "76"}, {"y": "78", "x": "79"}, {"y": "75", "x": "81"}, {"y": "72", "x": "84"}, {"y": "68", "x": "87"}, {"y": "65", "x": "90"}, {"y": "65", "x": "90"}, {"y": "65", "x": "90"}, {"y": "62", "x": "93"}, {"y": "59", "x": "96"}, {"y": "55", "x": "99"}, {"y": "52", "x": "102"}, {"y": "49", "x": "104"}, {"y": "45", "x": "107"}, {"y": "42", "x": "110"}, {"y": "39", "x": "113"}, {"y": "36", "x": "116"}, {"y": "32", "x": "119"}, {"y": "29", "x": "122"}, {"y": "26", "x": "125"}, {"y": "22", "x": "127"}, {"y": "19", "x": "130"}, {"y": "16", "x": "133"}, {"y": "12", "x": "136"}, {"y": "9", "x": "139"}, {"y": "6", "x": "142"}, {"y": "3", "x": "145"}, {"y": "3", "x": "145"}], [{"y": "4", "x": "184"}, {"y": "4", "x": "184"}, {"y": "7", "x": "186"}, {"y": "10", "x": "188"}, {"y": "13", "x": "190"}, {"y": "16", "x": "192"}, {"y": "20", "x": "195"}, {"y": "23", "x": "197"}, {"y": "26", "x": "199"}, {"y": "29", "x": "201"}, {"y": "32", "x": "203"}, {"y": "35", "x": "205"}, {"y": "38", "x": "207"}, {"y": "41", "x": "209"}, {"y": "44", "x": "211"}, {"y": "48", "x": "213"}, {"y": "51", "x": "215"}, {"y": "54", "x": "217"}, {"y": "57", "x": "219"}, {"y": "60", "x": "221"}, {"y": "63", "x": "224"}, {"y": "66", "x": "226"}, {"y": "69", "x": "228"}, {"y": "73", "x": "230"}, {"y": "76", "x": "232"}, {"y": "79", "x": "234"}, {"y": "82", "x": "236"}, {"y": "85", "x": "238"}, {"y": "85", "x": "238"}, {"y": "88", "x": "240"}, {"y": "91", "x": "242"}, {"y": "94", "x": "244"}, {"y": "97", "x": "246"}, {"y": "101", "x": "248"}, {"y": "104", "x": "250"}, {"y": "107", "x": "252"}, {"y": "110", "x": "254"}, {"y": "113", "x": "257"}, {"y": "116", "x": "259"}, {"y": "119", "x": "261"}, {"y": "122", "x": "263"}, {"y": "126", "x": "265"}, {"y": "129", "x": "267"}, {"y": "132", "x": "269"}, {"y": "135", "x": "271"}, {"y": "138", "x": "273"}, {"y": "141", "x": "275"}, {"y": "144", "x": "277"}, {"y": "147", "x": "279"}, {"y": "150", "x": "281"}, {"y": "154", "x": "283"}, {"y": "157", "x": "285"}, {"y": "160", "x": "287"}, {"y": "163", "x": "289"}, {"y": "166", "x": "291"}, {"y": "169", "x": "293"}, {"y": "172", "x": "295"}, {"y": "175", "x": "297"}, {"y": "179", "x": "300"}]]}