{"Lines": [[{"y": "48", "x": "0"}, {"y": "48", "x": "0"}, {"y": "44", "x": "8"}, {"y": "41", "x": "17"}, {"y": "37", "x": "25"}, {"y": "34", "x": "34"}, {"y": "31", "x": "42"}, {"y": "27", "x": "50"}, {"y": "24", "x": "59"}, {"y": "20", "x": "67"}, {"y": "17", "x": "76"}, {"y": "14", "x": "84"}, {"y": "14", "x": "84"}, {"y": "14", "x": "84"}, {"y": "9", "x": "100"}, {"y": "4", "x": "115"}, {"y": "0", "x": "131"}, {"y": "0", "x": "131"}], [{"y": "179", "x": "27"}, {"y": "179", "x": "27"}, {"y": "175", "x": "28"}, {"y": "172", "x": "30"}, {"y": "169", "x": "32"}, {"y": "166", "x": "34"}, {"y": "163", "x": "36"}, {"y": "160", "x": "38"}, {"y": "157", "x": "40"}, {"y": "153", "x": "42"}, {"y": "150", "x": "44"}, {"y": "147", "x": "46"}, {"y": "144", "x": "48"}, {"y": "141", "x": "50"}, {"y": "138", "x": "52"}, {"y": "135", "x": "54"}, {"y": "132", "x": "56"}, {"y": "128", "x": "58"}, {"y": "125", "x": "60"}, {"y": "122", "x": "62"}, {"y": "119", "x": "64"}, {"y": "116", "x": "66"}, {"y": "113", "x": "68"}, {"y": "110", "x": "70"}, {"y": "106", "x": "72"}, {"y": "103", "x": "74"}, {"y": "100", "x": "76"}, {"y": "97", "x": "78"}, {"y": "94", "x": "80"}, {"y": "91", "x": "82"}, {"y": "88", "x": "84"}, {"y": "85", "x": "86"}, {"y": "85", "x": "86"}, {"y": "81", "x": "88"}, {"y": "78", "x": "90"}, {"y": "75", "x": "93"}, {"y": "71", "x": "95"}, {"y": "68", "x": "97"}, {"y": "65", "x": "100"}, {"y": "61", "x": "102"}, {"y": "58", "x": "105"}, {"y": "55", "x": "107"}, {"y": "52", "x": "109"}, {"y": "48", "x": "112"}, {"y": "45", "x": "114"}, {"y": "42", "x": "116"}, {"y": "38", "x": "119"}, {"y": "35", "x": "121"}, {"y": "32", "x": "123"}, {"y": "28", "x": "126"}, {"y": "28", "x": "126"}, {"y": "28", "x": "126"}, {"y": "25", "x": "130"}, {"y": "21", "x": "134"}, {"y": "17", "x": "138"}, {"y": "13", "x": "142"}, {"y": "10", "x": "146"}, {"y": "6", "x": "150"}, {"y": "2", "x": "154"}, {"y": "2", "x": "154"}], [{"y": "6", "x": "198"}, {"y": "6", "x": "198"}, {"y": "14", "x": "198"}, {"y": "14", "x": "198"}, {"y": "0", "x": "199"}, {"y": "0", "x": "200"}, {"y": "19", "x": "201"}, {"y": "24", "x": "203"}, {"y": "29", "x": "205"}, {"y": "29", "x": "205"}, {"y": "32", "x": "208"}, {"y": "35", "x": "211"}, {"y": "38", "x": "213"}, {"y": "41", "x": "216"}, {"y": "44", "x": "219"}, {"y": "47", "x": "222"}, {"y": "50", "x": "224"}, {"y": "54", "x": "227"}, {"y": "57", "x": "230"}, {"y": "60", "x": "232"}, {"y": "63", "x": "235"}, {"y": "66", "x": "238"}, {"y": "69", "x": "240"}, {"y": "72", "x": "243"}, {"y": "75", "x": "246"}, {"y": "79", "x": "248"}, {"y": "82", "x": "251"}, {"y": "85", "x": "254"}, {"y": "88", "x": "257"}, {"y": "91", "x": "259"}, {"y": "94", "x": "262"}, {"y": "97", "x": "265"}, {"y": "100", "x": "267"}, {"y": "103", "x": "270"}, {"y": "107", "x": "273"}, {"y": "110", "x": "275"}, {"y": "113", "x": "278"}, {"y": "116", "x": "281"}, {"y": "119", "x": "283"}, {"y": "122", "x": "286"}, {"y": "125", "x": "289"}, {"y": "128", "x": "292"}, {"y": "131", "x": "294"}, {"y": "135", "x": "297"}, {"y": "138", "x": "300"}, {"y": "141", "x": "302"}, {"y": "144", "x": "305"}, {"y": "147", "x": "308"}, {"y": "150", "x": "310"}, {"y": "153", "x": "313"}, {"y": "156", "x": "316"}, {"y": "160", "x": "319"}]]}