{"Lines": [[{"y": "73", "x": "0"}, {"y": "73", "x": "0"}, {"y": "70", "x": "6"}, {"y": "66", "x": "12"}, {"y": "63", "x": "18"}, {"y": "60", "x": "24"}, {"y": "56", "x": "30"}, {"y": "53", "x": "36"}, {"y": "50", "x": "41"}, {"y": "46", "x": "47"}, {"y": "43", "x": "53"}, {"y": "40", "x": "59"}, {"y": "36", "x": "65"}, {"y": "33", "x": "71"}, {"y": "30", "x": "77"}, {"y": "26", "x": "83"}, {"y": "23", "x": "89"}, {"y": "23", "x": "89"}, {"y": "19", "x": "95"}, {"y": "15", "x": "101"}, {"y": "11", "x": "107"}, {"y": "7", "x": "113"}, {"y": "3", "x": "119"}, {"y": "0", "x": "126"}, {"y": "0", "x": "126"}], [{"y": "1", "x": "193"}, {"y": "1", "x": "193"}, {"y": "4", "x": "199"}, {"y": "8", "x": "204"}, {"y": "11", "x": "210"}, {"y": "15", "x": "215"}, {"y": "19", "x": "221"}, {"y": "22", "x": "226"}, {"y": "26", "x": "231"}, {"y": "29", "x": "237"}, {"y": "29", "x": "237"}, {"y": "29", "x": "237"}, {"y": "33", "x": "241"}, {"y": "36", "x": "246"}, {"y": "39", "x": "250"}, {"y": "42", "x": "255"}, {"y": "45", "x": "260"}, {"y": "49", "x": "264"}, {"y": "52", "x": "269"}, {"y": "55", "x": "273"}, {"y": "58", "x": "278"}, {"y": "62", "x": "282"}, {"y": "65", "x": "287"}, {"y": "68", "x": "291"}, {"y": "71", "x": "296"}, {"y": "75", "x": "300"}, {"y": "78", "x": "305"}, {"y": "81", "x": "309"}, {"y": "84", "x": "314"}, {"y": "88", "x": "319"}, {"y": "88", "x": "319"}]]}