{"Lines": [[{"y": "88", "x": "2"}, {"y": "88", "x": "2"}, {"y": "84", "x": "6"}, {"y": "81", "x": "9"}, {"y": "77", "x": "13"}, {"y": "74", "x": "17"}, {"y": "70", "x": "21"}, {"y": "67", "x": "25"}, {"y": "63", "x": "28"}, {"y": "60", "x": "32"}, {"y": "56", "x": "36"}, {"y": "53", "x": "40"}, {"y": "53", "x": "40"}, {"y": "53", "x": "40"}, {"y": "49", "x": "44"}, {"y": "46", "x": "48"}, {"y": "42", "x": "52"}, {"y": "38", "x": "56"}, {"y": "35", "x": "60"}, {"y": "31", "x": "63"}, {"y": "27", "x": "67"}, {"y": "24", "x": "71"}, {"y": "24", "x": "71"}, {"y": "24", "x": "71"}, {"y": "19", "x": "77"}, {"y": "14", "x": "83"}, {"y": "14", "x": "83"}, {"y": "9", "x": "88"}, {"y": "4", "x": "92"}], [{"y": "20", "x": "2"}, {"y": "20", "x": "2"}, {"y": "13", "x": "26"}, {"y": "13", "x": "26"}, {"y": "13", "x": "26"}, {"y": "8", "x": "38"}, {"y": "4", "x": "49"}, {"y": "0", "x": "61"}, {"y": "0", "x": "61"}], [{"y": "1", "x": "131"}, {"y": "1", "x": "131"}, {"y": "5", "x": "134"}, {"y": "10", "x": "138"}, {"y": "14", "x": "141"}, {"y": "14", "x": "141"}, {"y": "18", "x": "142"}, {"y": "21", "x": "144"}, {"y": "24", "x": "145"}, {"y": "27", "x": "147"}, {"y": "30", "x": "148"}, {"y": "34", "x": "149"}, {"y": "37", "x": "151"}, {"y": "40", "x": "152"}, {"y": "43", "x": "154"}, {"y": "47", "x": "155"}, {"y": "50", "x": "157"}, {"y": "53", "x": "158"}, {"y": "56", "x": "160"}, {"y": "60", "x": "161"}, {"y": "63", "x": "162"}, {"y": "66", "x": "164"}, {"y": "69", "x": "165"}, {"y": "72", "x": "167"}, {"y": "76", "x": "168"}, {"y": "79", "x": "170"}, {"y": "79", "x": "170"}, {"y": "79", "x": "170"}, {"y": "82", "x": "171"}, {"y": "85", "x": "173"}, {"y": "88", "x": "174"}, {"y": "91", "x": "176"}, {"y": "94", "x": "178"}, {"y": "98", "x": "179"}, {"y": "101", "x": "181"}, {"y": "104", "x": "182"}, {"y": "107", "x": "184"}, {"y": "110", "x": "186"}, {"y": "113", "x": "187"}, {"y": "116", "x": "189"}, {"y": "119", "x": "190"}, {"y": "122", "x": "192"}, {"y": "126", "x": "194"}, {"y": "129", "x": "195"}, {"y": "132", "x": "197"}, {"y": "135", "x": "198"}, {"y": "138", "x": "200"}, {"y": "141", "x": "201"}, {"y": "144", "x": "203"}, {"y": "147", "x": "205"}, {"y": "150", "x": "206"}, {"y": "154", "x": "208"}, {"y": "157", "x": "209"}, {"y": "160", "x": "211"}, {"y": "163", "x": "213"}, {"y": "166", "x": "214"}, {"y": "169", "x": "216"}, {"y": "172", "x": "217"}, {"y": "175", "x": "219"}, {"y": "179", "x": "220"}, {"y": "179", "x": "221"}]]}