{"Lines": [[{"y": "179", "x": "32"}, {"y": "179", "x": "33"}, {"y": "175", "x": "34"}, {"y": "172", "x": "36"}, {"y": "169", "x": "38"}, {"y": "166", "x": "40"}, {"y": "163", "x": "42"}, {"y": "160", "x": "44"}, {"y": "157", "x": "45"}, {"y": "153", "x": "47"}, {"y": "150", "x": "49"}, {"y": "147", "x": "51"}, {"y": "144", "x": "53"}, {"y": "141", "x": "55"}, {"y": "138", "x": "57"}, {"y": "135", "x": "58"}, {"y": "132", "x": "60"}, {"y": "128", "x": "62"}, {"y": "125", "x": "64"}, {"y": "122", "x": "66"}, {"y": "119", "x": "68"}, {"y": "116", "x": "69"}, {"y": "113", "x": "71"}, {"y": "110", "x": "73"}, {"y": "106", "x": "75"}, {"y": "103", "x": "77"}, {"y": "103", "x": "77"}, {"y": "100", "x": "79"}, {"y": "97", "x": "80"}, {"y": "94", "x": "82"}, {"y": "90", "x": "84"}, {"y": "87", "x": "85"}, {"y": "84", "x": "87"}, {"y": "81", "x": "89"}, {"y": "77", "x": "91"}, {"y": "74", "x": "92"}, {"y": "71", "x": "94"}, {"y": "68", "x": "96"}, {"y": "64", "x": "98"}, {"y": "61", "x": "99"}, {"y": "58", "x": "101"}, {"y": "55", "x": "103"}, {"y": "52", "x": "104"}, {"y": "52", "x": "104"}, {"y": "48", "x": "107"}, {"y": "45", "x": "109"}, {"y": "41", "x": "111"}, {"y": "38", "x": "114"}, {"y": "35", "x": "116"}, {"y": "31", "x": "118"}, {"y": "28", "x": "121"}, {"y": "25", "x": "123"}, {"y": "21", "x": "125"}, {"y": "18", "x": "127"}, {"y": "15", "x": "130"}, {"y": "15", "x": "130"}], [{"y": "10", "x": "180"}, {"y": "10", "x": "180"}, {"y": "14", "x": "181"}, {"y": "19", "x": "183"}, {"y": "23", "x": "185"}, {"y": "23", "x": "185"}, {"y": "23", "x": "185"}, {"y": "26", "x": "187"}, {"y": "30", "x": "190"}, {"y": "33", "x": "192"}, {"y": "37", "x": "195"}, {"y": "40", "x": "197"}, {"y": "44", "x": "200"}, {"y": "47", "x": "203"}, {"y": "47", "x": "203"}, {"y": "47", "x": "203"}, {"y": "50", "x": "205"}, {"y": "53", "x": "208"}, {"y": "56", "x": "210"}, {"y": "60", "x": "213"}, {"y": "63", "x": "215"}, {"y": "66", "x": "218"}, {"y": "69", "x": "221"}, {"y": "72", "x": "223"}, {"y": "75", "x": "226"}, {"y": "78", "x": "228"}, {"y": "81", "x": "231"}, {"y": "85", "x": "233"}, {"y": "88", "x": "236"}, {"y": "91", "x": "239"}, {"y": "94", "x": "241"}, {"y": "97", "x": "244"}, {"y": "100", "x": "246"}, {"y": "103", "x": "249"}, {"y": "107", "x": "251"}, {"y": "110", "x": "254"}, {"y": "113", "x": "257"}, {"y": "116", "x": "259"}, {"y": "119", "x": "262"}, {"y": "122", "x": "264"}, {"y": "125", "x": "267"}, {"y": "128", "x": "269"}, {"y": "132", "x": "272"}, {"y": "135", "x": "275"}, {"y": "138", "x": "277"}, {"y": "141", "x": "280"}, {"y": "144", "x": "282"}, {"y": "147", "x": "285"}, {"y": "150", "x": "287"}, {"y": "153", "x": "290"}, {"y": "157", "x": "293"}, {"y": "160", "x": "295"}, {"y": "163", "x": "298"}, {"y": "166", "x": "300"}, {"y": "169", "x": "303"}, {"y": "172", "x": "305"}, {"y": "175", "x": "308"}, {"y": "179", "x": "310"}, {"y": "179", "x": "311"}], [{"y": "53", "x": "1"}, {"y": "53", "x": "1"}, {"y": "50", "x": "8"}, {"y": "46", "x": "15"}, {"y": "43", "x": "22"}, {"y": "39", "x": "29"}, {"y": "36", "x": "36"}, {"y": "32", "x": "43"}, {"y": "29", "x": "50"}, {"y": "29", "x": "50"}, {"y": "29", "x": "50"}, {"y": "25", "x": "58"}, {"y": "21", "x": "66"}, {"y": "17", "x": "74"}, {"y": "13", "x": "82"}, {"y": "9", "x": "90"}, {"y": "5", "x": "98"}]]}