{"Lines": [[{"y": "168", "x": "4"}, {"y": "168", "x": "4"}, {"y": "165", "x": "7"}, {"y": "162", "x": "10"}, {"y": "159", "x": "12"}, {"y": "155", "x": "15"}, {"y": "152", "x": "18"}, {"y": "149", "x": "20"}, {"y": "146", "x": "23"}, {"y": "142", "x": "26"}, {"y": "139", "x": "28"}, {"y": "136", "x": "31"}, {"y": "133", "x": "34"}, {"y": "130", "x": "36"}, {"y": "126", "x": "39"}, {"y": "123", "x": "42"}, {"y": "123", "x": "42"}, {"y": "123", "x": "42"}, {"y": "120", "x": "44"}, {"y": "116", "x": "47"}, {"y": "113", "x": "50"}, {"y": "110", "x": "53"}, {"y": "106", "x": "55"}, {"y": "103", "x": "58"}, {"y": "100", "x": "61"}, {"y": "96", "x": "63"}, {"y": "93", "x": "66"}, {"y": "90", "x": "69"}, {"y": "86", "x": "72"}, {"y": "83", "x": "74"}, {"y": "80", "x": "77"}, {"y": "76", "x": "80"}, {"y": "76", "x": "80"}, {"y": "73", "x": "83"}, {"y": "69", "x": "86"}, {"y": "66", "x": "89"}, {"y": "62", "x": "92"}, {"y": "58", "x": "95"}, {"y": "55", "x": "98"}, {"y": "51", "x": "101"}, {"y": "51", "x": "101"}, {"y": "51", "x": "101"}, {"y": "47", "x": "105"}, {"y": "44", "x": "108"}, {"y": "40", "x": "111"}, {"y": "36", "x": "115"}, {"y": "33", "x": "118"}, {"y": "29", "x": "121"}, {"y": "25", "x": "124"}], [{"y": "51", "x": "1"}, {"y": "51", "x": "1"}, {"y": "48", "x": "9"}, {"y": "44", "x": "17"}, {"y": "41", "x": "25"}, {"y": "38", "x": "33"}, {"y": "34", "x": "41"}, {"y": "31", "x": "49"}, {"y": "27", "x": "58"}, {"y": "24", "x": "66"}, {"y": "24", "x": "66"}, {"y": "24", "x": "66"}, {"y": "20", "x": "77"}, {"y": "16", "x": "89"}, {"y": "12", "x": "100"}, {"y": "8", "x": "112"}, {"y": "8", "x": "112"}], [{"y": "28", "x": "194"}, {"y": "28", "x": "194"}, {"y": "28", "x": "194"}, {"y": "23", "x": "194"}, {"y": "33", "x": "194"}, {"y": "18", "x": "195"}, {"y": "18", "x": "195"}, {"y": "37", "x": "195"}, {"y": "42", "x": "196"}, {"y": "42", "x": "196"}, {"y": "42", "x": "196"}, {"y": "45", "x": "198"}, {"y": "48", "x": "200"}, {"y": "52", "x": "202"}, {"y": "55", "x": "203"}, {"y": "58", "x": "205"}, {"y": "61", "x": "207"}, {"y": "65", "x": "209"}, {"y": "68", "x": "210"}, {"y": "71", "x": "212"}, {"y": "74", "x": "214"}, {"y": "78", "x": "216"}, {"y": "81", "x": "218"}, {"y": "84", "x": "219"}, {"y": "87", "x": "221"}, {"y": "91", "x": "223"}, {"y": "94", "x": "225"}, {"y": "97", "x": "226"}, {"y": "100", "x": "228"}, {"y": "104", "x": "230"}, {"y": "104", "x": "230"}, {"y": "107", "x": "232"}, {"y": "110", "x": "234"}, {"y": "113", "x": "236"}, {"y": "117", "x": "238"}, {"y": "120", "x": "240"}, {"y": "123", "x": "243"}, {"y": "126", "x": "245"}, {"y": "130", "x": "247"}, {"y": "133", "x": "249"}, {"y": "136", "x": "251"}, {"y": "139", "x": "253"}, {"y": "143", "x": "255"}, {"y": "146", "x": "257"}, {"y": "149", "x": "259"}, {"y": "152", "x": "262"}, {"y": "156", "x": "264"}, {"y": "159", "x": "266"}, {"y": "162", "x": "268"}, {"y": "165", "x": "270"}, {"y": "169", "x": "272"}, {"y": "172", "x": "274"}, {"y": "175", "x": "276"}, {"y": "179", "x": "279"}]]}