{"Lines": [[{"y": "179", "x": "70"}, {"y": "179", "x": "70"}, {"y": "175", "x": "71"}, {"y": "172", "x": "72"}, {"y": "169", "x": "73"}, {"y": "165", "x": "74"}, {"y": "162", "x": "75"}, {"y": "159", "x": "77"}, {"y": "155", "x": "78"}, {"y": "152", "x": "79"}, {"y": "149", "x": "80"}, {"y": "145", "x": "81"}, {"y": "142", "x": "82"}, {"y": "139", "x": "84"}, {"y": "135", "x": "85"}, {"y": "132", "x": "86"}, {"y": "129", "x": "87"}, {"y": "129", "x": "87"}, {"y": "126", "x": "88"}, {"y": "122", "x": "90"}, {"y": "119", "x": "91"}, {"y": "116", "x": "92"}, {"y": "112", "x": "93"}, {"y": "109", "x": "94"}, {"y": "105", "x": "96"}, {"y": "102", "x": "97"}, {"y": "99", "x": "98"}, {"y": "95", "x": "99"}, {"y": "92", "x": "101"}, {"y": "89", "x": "102"}, {"y": "85", "x": "103"}, {"y": "82", "x": "104"}, {"y": "79", "x": "106"}, {"y": "75", "x": "107"}, {"y": "75", "x": "107"}, {"y": "71", "x": "108"}, {"y": "67", "x": "110"}, {"y": "63", "x": "112"}, {"y": "58", "x": "113"}, {"y": "58", "x": "113"}, {"y": "55", "x": "115"}, {"y": "51", "x": "116"}, {"y": "48", "x": "117"}, {"y": "44", "x": "119"}, {"y": "41", "x": "120"}, {"y": "37", "x": "122"}, {"y": "34", "x": "123"}, {"y": "34", "x": "123"}, {"y": "34", "x": "123"}, {"y": "30", "x": "125"}, {"y": "26", "x": "127"}, {"y": "22", "x": "129"}, {"y": "19", "x": "132"}, {"y": "15", "x": "134"}, {"y": "11", "x": "136"}, {"y": "7", "x": "138"}, {"y": "7", "x": "138"}], [{"y": "60", "x": "0"}, {"y": "60", "x": "0"}, {"y": "56", "x": "6"}, {"y": "53", "x": "13"}, {"y": "49", "x": "19"}, {"y": "46", "x": "26"}, {"y": "42", "x": "32"}, {"y": "39", "x": "38"}, {"y": "35", "x": "45"}, {"y": "32", "x": "51"}, {"y": "32", "x": "51"}, {"y": "32", "x": "51"}, {"y": "28", "x": "58"}, {"y": "25", "x": "65"}, {"y": "21", "x": "71"}, {"y": "18", "x": "78"}, {"y": "14", "x": "85"}, {"y": "10", "x": "92"}, {"y": "7", "x": "99"}, {"y": "3", "x": "106"}, {"y": "0", "x": "113"}, {"y": "0", "x": "113"}], [{"y": "4", "x": "173"}, {"y": "8", "x": "176"}, {"y": "11", "x": "179"}, {"y": "15", "x": "183"}, {"y": "18", "x": "186"}, {"y": "21", "x": "189"}, {"y": "25", "x": "192"}, {"y": "28", "x": "195"}, {"y": "32", "x": "199"}, {"y": "35", "x": "202"}, {"y": "38", "x": "205"}, {"y": "42", "x": "208"}, {"y": "45", "x": "212"}, {"y": "49", "x": "215"}, {"y": "49", "x": "215"}, {"y": "49", "x": "215"}, {"y": "52", "x": "218"}, {"y": "55", "x": "221"}, {"y": "58", "x": "224"}, {"y": "61", "x": "227"}, {"y": "64", "x": "230"}, {"y": "67", "x": "233"}, {"y": "70", "x": "236"}, {"y": "74", "x": "239"}, {"y": "77", "x": "242"}, {"y": "80", "x": "245"}, {"y": "83", "x": "248"}, {"y": "86", "x": "251"}, {"y": "89", "x": "254"}, {"y": "92", "x": "258"}, {"y": "95", "x": "261"}, {"y": "98", "x": "264"}, {"y": "102", "x": "267"}, {"y": "105", "x": "270"}, {"y": "108", "x": "273"}, {"y": "111", "x": "276"}, {"y": "114", "x": "279"}, {"y": "117", "x": "282"}, {"y": "120", "x": "285"}, {"y": "123", "x": "288"}, {"y": "126", "x": "291"}, {"y": "130", "x": "294"}, {"y": "133", "x": "297"}, {"y": "136", "x": "300"}, {"y": "139", "x": "303"}, {"y": "142", "x": "306"}, {"y": "145", "x": "309"}, {"y": "148", "x": "312"}, {"y": "151", "x": "315"}, {"y": "155", "x": "318"}, {"y": "155", "x": "319"}]]}