{"Lines": [[{"y": "53", "x": "2"}, {"y": "53", "x": "2"}, {"y": "50", "x": "8"}, {"y": "47", "x": "13"}, {"y": "43", "x": "19"}, {"y": "40", "x": "25"}, {"y": "37", "x": "31"}, {"y": "33", "x": "37"}, {"y": "30", "x": "43"}, {"y": "2", "x": "45"}, {"y": "27", "x": "48"}, {"y": "2", "x": "50"}, {"y": "23", "x": "54"}, {"y": "23", "x": "54"}, {"y": "23", "x": "54"}, {"y": "4", "x": "55"}, {"y": "5", "x": "57"}, {"y": "18", "x": "60"}, {"y": "18", "x": "60"}, {"y": "8", "x": "60"}, {"y": "15", "x": "61"}, {"y": "11", "x": "61"}, {"y": "11", "x": "61"}], [{"y": "0", "x": "140"}, {"y": "3", "x": "156"}, {"y": "3", "x": "156"}, {"y": "10", "x": "174"}, {"y": "10", "x": "174"}, {"y": "10", "x": "174"}, {"y": "14", "x": "182"}, {"y": "18", "x": "189"}, {"y": "23", "x": "197"}, {"y": "23", "x": "197"}, {"y": "23", "x": "197"}, {"y": "26", "x": "201"}, {"y": "30", "x": "206"}, {"y": "33", "x": "210"}, {"y": "36", "x": "215"}, {"y": "40", "x": "219"}, {"y": "43", "x": "224"}, {"y": "47", "x": "228"}, {"y": "50", "x": "233"}, {"y": "53", "x": "237"}, {"y": "57", "x": "242"}, {"y": "60", "x": "246"}, {"y": "64", "x": "251"}, {"y": "64", "x": "251"}, {"y": "67", "x": "255"}, {"y": "70", "x": "259"}, {"y": "74", "x": "263"}, {"y": "77", "x": "267"}, {"y": "80", "x": "271"}, {"y": "84", "x": "275"}, {"y": "87", "x": "279"}, {"y": "90", "x": "283"}, {"y": "94", "x": "287"}, {"y": "97", "x": "291"}, {"y": "100", "x": "295"}, {"y": "104", "x": "299"}, {"y": "107", "x": "303"}, {"y": "110", "x": "307"}, {"y": "114", "x": "311"}, {"y": "117", "x": "315"}, {"y": "121", "x": "319"}, {"y": "121", "x": "319"}]]}