{"Lines": [[{"y": "125", "x": "1"}, {"y": "125", "x": "1"}, {"y": "122", "x": "5"}, {"y": "119", "x": "8"}, {"y": "115", "x": "12"}, {"y": "112", "x": "15"}, {"y": "109", "x": "18"}, {"y": "105", "x": "22"}, {"y": "102", "x": "25"}, {"y": "98", "x": "29"}, {"y": "95", "x": "32"}, {"y": "95", "x": "32"}, {"y": "92", "x": "36"}, {"y": "88", "x": "40"}, {"y": "85", "x": "44"}, {"y": "82", "x": "48"}, {"y": "78", "x": "53"}, {"y": "75", "x": "57"}, {"y": "72", "x": "61"}, {"y": "68", "x": "65"}, {"y": "65", "x": "69"}, {"y": "62", "x": "73"}, {"y": "62", "x": "73"}, {"y": "62", "x": "73"}, {"y": "58", "x": "79"}, {"y": "54", "x": "84"}, {"y": "50", "x": "90"}, {"y": "46", "x": "96"}, {"y": "42", "x": "102"}, {"y": "42", "x": "102"}, {"y": "42", "x": "102"}, {"y": "38", "x": "109"}, {"y": "34", "x": "116"}, {"y": "30", "x": "124"}, {"y": "30", "x": "124"}, {"y": "30", "x": "124"}, {"y": "25", "x": "135"}, {"y": "21", "x": "146"}, {"y": "16", "x": "157"}, {"y": "16", "x": "157"}], [{"y": "67", "x": "188"}, {"y": "67", "x": "188"}, {"y": "67", "x": "188"}, {"y": "70", "x": "189"}, {"y": "73", "x": "189"}, {"y": "63", "x": "189"}, {"y": "77", "x": "190"}, {"y": "80", "x": "190"}, {"y": "60", "x": "190"}, {"y": "83", "x": "191"}, {"y": "87", "x": "191"}, {"y": "56", "x": "191"}, {"y": "90", "x": "192"}, {"y": "93", "x": "192"}, {"y": "52", "x": "192"}, {"y": "96", "x": "193"}, {"y": "100", "x": "193"}, {"y": "49", "x": "193"}, {"y": "103", "x": "194"}, {"y": "106", "x": "194"}, {"y": "106", "x": "194"}, {"y": "45", "x": "194"}, {"y": "110", "x": "195"}, {"y": "42", "x": "195"}, {"y": "42", "x": "195"}, {"y": "42", "x": "195"}, {"y": "113", "x": "196"}, {"y": "116", "x": "197"}, {"y": "119", "x": "198"}, {"y": "122", "x": "199"}, {"y": "125", "x": "199"}, {"y": "36", "x": "200"}, {"y": "128", "x": "200"}, {"y": "131", "x": "201"}, {"y": "135", "x": "202"}, {"y": "138", "x": "203"}, {"y": "141", "x": "204"}, {"y": "31", "x": "204"}, {"y": "31", "x": "204"}, {"y": "144", "x": "205"}, {"y": "147", "x": "206"}, {"y": "150", "x": "207"}, {"y": "153", "x": "207"}, {"y": "157", "x": "208"}, {"y": "160", "x": "209"}, {"y": "163", "x": "210"}, {"y": "166", "x": "211"}, {"y": "169", "x": "212"}, {"y": "172", "x": "213"}, {"y": "175", "x": "214"}, {"y": "22", "x": "214"}, {"y": "22", "x": "214"}, {"y": "179", "x": "215"}, {"y": "179", "x": "215"}], [{"y": "47", "x": "0"}, {"y": "47", "x": "0"}, {"y": "43", "x": "13"}, {"y": "39", "x": "26"}, {"y": "35", "x": "39"}, {"y": "31", "x": "52"}, {"y": "31", "x": "52"}, {"y": "31", "x": "52"}, {"y": "27", "x": "64"}, {"y": "23", "x": "76"}, {"y": "19", "x": "89"}, {"y": "15", "x": "101"}, {"y": "15", "x": "101"}, {"y": "15", "x": "101"}, {"y": "10", "x": "126"}, {"y": "4", "x": "150"}, {"y": "4", "x": "150"}]]}