{"Lines": [[{"y": "168", "x": "4"}, {"y": "168", "x": "4"}, {"y": "164", "x": "7"}, {"y": "161", "x": "10"}, {"y": "158", "x": "13"}, {"y": "154", "x": "15"}, {"y": "151", "x": "18"}, {"y": "148", "x": "21"}, {"y": "144", "x": "24"}, {"y": "141", "x": "26"}, {"y": "138", "x": "29"}, {"y": "134", "x": "32"}, {"y": "131", "x": "35"}, {"y": "128", "x": "38"}, {"y": "124", "x": "40"}, {"y": "124", "x": "40"}, {"y": "121", "x": "43"}, {"y": "118", "x": "46"}, {"y": "114", "x": "49"}, {"y": "111", "x": "52"}, {"y": "107", "x": "54"}, {"y": "104", "x": "57"}, {"y": "101", "x": "60"}, {"y": "97", "x": "63"}, {"y": "94", "x": "66"}, {"y": "90", "x": "68"}, {"y": "87", "x": "71"}, {"y": "84", "x": "74"}, {"y": "84", "x": "74"}, {"y": "84", "x": "74"}, {"y": "79", "x": "77"}, {"y": "75", "x": "81"}, {"y": "70", "x": "84"}, {"y": "70", "x": "84"}, {"y": "70", "x": "84"}, {"y": "66", "x": "88"}, {"y": "62", "x": "93"}, {"y": "57", "x": "97"}, {"y": "53", "x": "101"}, {"y": "53", "x": "101"}, {"y": "53", "x": "101"}, {"y": "48", "x": "106"}, {"y": "44", "x": "112"}, {"y": "39", "x": "117"}, {"y": "39", "x": "117"}, {"y": "34", "x": "123"}, {"y": "29", "x": "130"}, {"y": "29", "x": "130"}, {"y": "29", "x": "130"}, {"y": "24", "x": "137"}, {"y": "19", "x": "144"}, {"y": "19", "x": "144"}, {"y": "19", "x": "144"}, {"y": "15", "x": "157"}, {"y": "10", "x": "169"}], [{"y": "38", "x": "200"}, {"y": "38", "x": "200"}, {"y": "38", "x": "200"}, {"y": "33", "x": "201"}, {"y": "28", "x": "202"}, {"y": "28", "x": "202"}, {"y": "43", "x": "202"}, {"y": "47", "x": "203"}, {"y": "52", "x": "204"}, {"y": "52", "x": "204"}, {"y": "52", "x": "204"}, {"y": "55", "x": "206"}, {"y": "59", "x": "207"}, {"y": "20", "x": "208"}, {"y": "62", "x": "209"}, {"y": "65", "x": "210"}, {"y": "69", "x": "212"}, {"y": "72", "x": "213"}, {"y": "75", "x": "215"}, {"y": "15", "x": "216"}, {"y": "78", "x": "217"}, {"y": "82", "x": "218"}, {"y": "85", "x": "220"}, {"y": "88", "x": "221"}, {"y": "91", "x": "223"}, {"y": "95", "x": "225"}, {"y": "98", "x": "226"}, {"y": "101", "x": "228"}, {"y": "105", "x": "229"}, {"y": "108", "x": "231"}, {"y": "111", "x": "233"}, {"y": "114", "x": "235"}, {"y": "117", "x": "236"}, {"y": "121", "x": "238"}, {"y": "124", "x": "240"}, {"y": "127", "x": "242"}, {"y": "130", "x": "244"}, {"y": "134", "x": "245"}, {"y": "137", "x": "247"}, {"y": "140", "x": "249"}, {"y": "143", "x": "251"}, {"y": "146", "x": "253"}, {"y": "150", "x": "254"}, {"y": "153", "x": "256"}, {"y": "156", "x": "258"}, {"y": "159", "x": "260"}, {"y": "162", "x": "262"}, {"y": "166", "x": "263"}, {"y": "169", "x": "265"}, {"y": "172", "x": "267"}, {"y": "175", "x": "269"}, {"y": "179", "x": "271"}], [{"y": "52", "x": "4"}, {"y": "52", "x": "4"}, {"y": "48", "x": "12"}, {"y": "44", "x": "21"}, {"y": "40", "x": "29"}, {"y": "36", "x": "38"}, {"y": "32", "x": "46"}, {"y": "32", "x": "46"}, {"y": "28", "x": "57"}, {"y": "24", "x": "68"}, {"y": "20", "x": "79"}, {"y": "16", "x": "90"}, {"y": "16", "x": "90"}, {"y": "16", "x": "90"}, {"y": "11", "x": "109"}, {"y": "6", "x": "129"}, {"y": "2", "x": "149"}, {"y": "2", "x": "149"}]]}