{"Lines": [[{"y": "179", "x": "85"}, {"y": "179", "x": "86"}, {"y": "175", "x": "87"}, {"y": "172", "x": "88"}, {"y": "169", "x": "89"}, {"y": "166", "x": "90"}, {"y": "163", "x": "91"}, {"y": "160", "x": "92"}, {"y": "157", "x": "93"}, {"y": "154", "x": "94"}, {"y": "151", "x": "95"}, {"y": "147", "x": "96"}, {"y": "144", "x": "97"}, {"y": "141", "x": "98"}, {"y": "138", "x": "99"}, {"y": "135", "x": "100"}, {"y": "132", "x": "101"}, {"y": "129", "x": "102"}, {"y": "126", "x": "103"}, {"y": "123", "x": "104"}, {"y": "119", "x": "105"}, {"y": "116", "x": "106"}, {"y": "113", "x": "107"}, {"y": "110", "x": "108"}, {"y": "107", "x": "109"}, {"y": "104", "x": "110"}, {"y": "101", "x": "111"}, {"y": "98", "x": "112"}, {"y": "95", "x": "113"}, {"y": "91", "x": "114"}, {"y": "88", "x": "115"}, {"y": "85", "x": "116"}, {"y": "82", "x": "117"}, {"y": "79", "x": "118"}, {"y": "76", "x": "119"}, {"y": "73", "x": "120"}, {"y": "73", "x": "120"}, {"y": "73", "x": "120"}, {"y": "69", "x": "121"}, {"y": "66", "x": "122"}, {"y": "62", "x": "123"}, {"y": "58", "x": "125"}, {"y": "55", "x": "126"}, {"y": "51", "x": "127"}, {"y": "48", "x": "128"}, {"y": "44", "x": "129"}, {"y": "44", "x": "129"}, {"y": "41", "x": "130"}, {"y": "37", "x": "131"}, {"y": "33", "x": "132"}, {"y": "30", "x": "133"}, {"y": "26", "x": "134"}, {"y": "22", "x": "136"}, {"y": "19", "x": "137"}, {"y": "15", "x": "138"}, {"y": "12", "x": "139"}, {"y": "12", "x": "139"}], [{"y": "5", "x": "176"}, {"y": "5", "x": "176"}, {"y": "8", "x": "180"}, {"y": "11", "x": "183"}, {"y": "15", "x": "187"}, {"y": "18", "x": "191"}, {"y": "21", "x": "194"}, {"y": "24", "x": "198"}, {"y": "28", "x": "202"}, {"y": "31", "x": "205"}, {"y": "34", "x": "209"}, {"y": "37", "x": "213"}, {"y": "41", "x": "216"}, {"y": "44", "x": "220"}, {"y": "47", "x": "224"}, {"y": "50", "x": "227"}, {"y": "50", "x": "227"}, {"y": "50", "x": "227"}, {"y": "54", "x": "230"}, {"y": "57", "x": "234"}, {"y": "60", "x": "237"}, {"y": "63", "x": "240"}, {"y": "66", "x": "243"}, {"y": "69", "x": "247"}, {"y": "73", "x": "250"}, {"y": "76", "x": "253"}, {"y": "79", "x": "256"}, {"y": "82", "x": "260"}, {"y": "85", "x": "263"}, {"y": "88", "x": "266"}, {"y": "91", "x": "269"}, {"y": "95", "x": "273"}, {"y": "98", "x": "276"}, {"y": "101", "x": "279"}, {"y": "104", "x": "282"}, {"y": "107", "x": "286"}, {"y": "110", "x": "289"}, {"y": "113", "x": "292"}, {"y": "117", "x": "295"}, {"y": "120", "x": "299"}, {"y": "123", "x": "302"}, {"y": "126", "x": "305"}, {"y": "129", "x": "308"}, {"y": "132", "x": "312"}, {"y": "136", "x": "315"}, {"y": "139", "x": "318"}, {"y": "139", "x": "318"}], [{"y": "66", "x": "1"}, {"y": "66", "x": "1"}, {"y": "63", "x": "7"}, {"y": "59", "x": "13"}, {"y": "55", "x": "19"}, {"y": "52", "x": "24"}, {"y": "48", "x": "30"}, {"y": "45", "x": "36"}, {"y": "41", "x": "42"}, {"y": "38", "x": "48"}, {"y": "38", "x": "48"}, {"y": "34", "x": "54"}, {"y": "30", "x": "60"}, {"y": "27", "x": "66"}, {"y": "23", "x": "72"}, {"y": "20", "x": "77"}, {"y": "16", "x": "83"}, {"y": "13", "x": "89"}, {"y": "9", "x": "95"}, {"y": "5", "x": "100"}, {"y": "2", "x": "106"}]]}