{"Lines": [[{"y": "1", "x": "122"}, {"y": "1", "x": "122"}, {"y": "10", "x": "143"}, {"y": "10", "x": "143"}, {"y": "10", "x": "143"}, {"y": "15", "x": "151"}, {"y": "20", "x": "159"}, {"y": "25", "x": "167"}, {"y": "25", "x": "167"}, {"y": "25", "x": "167"}, {"y": "28", "x": "171"}, {"y": "32", "x": "175"}, {"y": "35", "x": "179"}, {"y": "39", "x": "183"}, {"y": "42", "x": "187"}, {"y": "46", "x": "191"}, {"y": "50", "x": "195"}, {"y": "53", "x": "199"}, {"y": "57", "x": "204"}, {"y": "57", "x": "204"}, {"y": "57", "x": "204"}, {"y": "60", "x": "207"}, {"y": "63", "x": "210"}, {"y": "66", "x": "213"}, {"y": "70", "x": "216"}, {"y": "73", "x": "219"}, {"y": "76", "x": "222"}, {"y": "79", "x": "225"}, {"y": "83", "x": "228"}, {"y": "86", "x": "231"}, {"y": "89", "x": "234"}, {"y": "92", "x": "237"}, {"y": "96", "x": "240"}, {"y": "99", "x": "243"}, {"y": "102", "x": "246"}, {"y": "105", "x": "249"}, {"y": "109", "x": "252"}, {"y": "112", "x": "255"}, {"y": "115", "x": "258"}, {"y": "115", "x": "258"}, {"y": "118", "x": "261"}, {"y": "121", "x": "263"}, {"y": "125", "x": "266"}, {"y": "128", "x": "268"}, {"y": "131", "x": "271"}, {"y": "134", "x": "273"}, {"y": "137", "x": "276"}, {"y": "140", "x": "278"}, {"y": "144", "x": "281"}, {"y": "147", "x": "283"}, {"y": "150", "x": "286"}, {"y": "153", "x": "288"}, {"y": "156", "x": "291"}, {"y": "159", "x": "293"}, {"y": "163", "x": "296"}, {"y": "166", "x": "298"}, {"y": "169", "x": "301"}, {"y": "172", "x": "303"}, {"y": "175", "x": "306"}, {"y": "179", "x": "309"}], [{"y": "179", "x": "2"}, {"y": "179", "x": "2"}, {"y": "175", "x": "4"}, {"y": "172", "x": "6"}, {"y": "169", "x": "8"}, {"y": "166", "x": "10"}, {"y": "163", "x": "12"}, {"y": "160", "x": "14"}, {"y": "12", "x": "15"}, {"y": "157", "x": "16"}, {"y": "153", "x": "18"}, {"y": "150", "x": "20"}, {"y": "147", "x": "22"}, {"y": "144", "x": "24"}, {"y": "141", "x": "26"}, {"y": "138", "x": "28"}, {"y": "135", "x": "30"}, {"y": "131", "x": "32"}, {"y": "128", "x": "34"}, {"y": "125", "x": "36"}, {"y": "122", "x": "38"}, {"y": "119", "x": "40"}, {"y": "116", "x": "42"}, {"y": "113", "x": "44"}, {"y": "16", "x": "44"}, {"y": "109", "x": "46"}, {"y": "106", "x": "48"}, {"y": "103", "x": "50"}, {"y": "100", "x": "52"}, {"y": "97", "x": "54"}, {"y": "94", "x": "56"}, {"y": "91", "x": "58"}, {"y": "87", "x": "60"}, {"y": "84", "x": "62"}, {"y": "81", "x": "64"}, {"y": "78", "x": "66"}, {"y": "75", "x": "68"}, {"y": "72", "x": "70"}, {"y": "69", "x": "72"}, {"y": "20", "x": "74"}, {"y": "65", "x": "74"}, {"y": "65", "x": "74"}, {"y": "65", "x": "74"}, {"y": "62", "x": "75"}, {"y": "58", "x": "77"}, {"y": "55", "x": "78"}, {"y": "51", "x": "80"}, {"y": "48", "x": "81"}, {"y": "44", "x": "82"}, {"y": "41", "x": "84"}, {"y": "37", "x": "85"}, {"y": "34", "x": "87"}, {"y": "3", "x": "87"}, {"y": "8", "x": "88"}, {"y": "31", "x": "88"}, {"y": "12", "x": "88"}, {"y": "23", "x": "103"}, {"y": "27", "x": "132"}, {"y": "31", "x": "162"}], [{"y": "32", "x": "0"}, {"y": "32", "x": "0"}, {"y": "29", "x": "6"}, {"y": "25", "x": "12"}, {"y": "21", "x": "18"}, {"y": "18", "x": "24"}, {"y": "14", "x": "30"}, {"y": "14", "x": "30"}, {"y": "14", "x": "30"}, {"y": "9", "x": "36"}, {"y": "5", "x": "42"}, {"y": "0", "x": "48"}, {"y": "0", "x": "48"}]]}