{"Lines": [[{"y": "157", "x": "1"}, {"y": "157", "x": "1"}, {"y": "154", "x": "4"}, {"y": "151", "x": "7"}, {"y": "147", "x": "10"}, {"y": "144", "x": "13"}, {"y": "140", "x": "16"}, {"y": "137", "x": "19"}, {"y": "134", "x": "21"}, {"y": "130", "x": "24"}, {"y": "127", "x": "27"}, {"y": "124", "x": "30"}, {"y": "120", "x": "33"}, {"y": "117", "x": "36"}, {"y": "114", "x": "39"}, {"y": "110", "x": "42"}, {"y": "107", "x": "45"}, {"y": "104", "x": "48"}, {"y": "100", "x": "51"}, {"y": "100", "x": "51"}, {"y": "100", "x": "51"}, {"y": "97", "x": "54"}, {"y": "94", "x": "58"}, {"y": "90", "x": "61"}, {"y": "87", "x": "65"}, {"y": "84", "x": "68"}, {"y": "80", "x": "72"}, {"y": "77", "x": "75"}, {"y": "74", "x": "79"}, {"y": "70", "x": "82"}, {"y": "67", "x": "86"}, {"y": "64", "x": "89"}, {"y": "64", "x": "90"}, {"y": "64", "x": "90"}, {"y": "59", "x": "94"}, {"y": "55", "x": "99"}, {"y": "51", "x": "103"}, {"y": "47", "x": "108"}, {"y": "43", "x": "112"}, {"y": "43", "x": "112"}, {"y": "39", "x": "117"}, {"y": "36", "x": "122"}, {"y": "32", "x": "127"}, {"y": "29", "x": "131"}, {"y": "25", "x": "136"}, {"y": "22", "x": "141"}, {"y": "22", "x": "141"}], [{"y": "52", "x": "0"}, {"y": "52", "x": "0"}, {"y": "48", "x": "11"}, {"y": "44", "x": "22"}, {"y": "40", "x": "32"}, {"y": "36", "x": "43"}, {"y": "32", "x": "54"}, {"y": "32", "x": "54"}, {"y": "32", "x": "54"}, {"y": "28", "x": "66"}, {"y": "24", "x": "79"}, {"y": "20", "x": "91"}, {"y": "16", "x": "103"}, {"y": "16", "x": "103"}, {"y": "16", "x": "103"}, {"y": "10", "x": "134"}, {"y": "10", "x": "134"}], [{"y": "51", "x": "204"}, {"y": "51", "x": "204"}, {"y": "47", "x": "204"}, {"y": "42", "x": "204"}, {"y": "37", "x": "204"}, {"y": "37", "x": "204"}, {"y": "37", "x": "204"}, {"y": "55", "x": "205"}, {"y": "59", "x": "206"}, {"y": "63", "x": "207"}, {"y": "33", "x": "207"}, {"y": "67", "x": "207"}, {"y": "71", "x": "208"}, {"y": "71", "x": "208"}, {"y": "71", "x": "208"}, {"y": "29", "x": "210"}, {"y": "74", "x": "210"}, {"y": "77", "x": "211"}, {"y": "25", "x": "212"}, {"y": "25", "x": "212"}, {"y": "81", "x": "212"}, {"y": "84", "x": "214"}, {"y": "87", "x": "215"}, {"y": "91", "x": "216"}, {"y": "94", "x": "218"}, {"y": "97", "x": "219"}, {"y": "101", "x": "221"}, {"y": "104", "x": "222"}, {"y": "104", "x": "222"}, {"y": "107", "x": "223"}, {"y": "111", "x": "225"}, {"y": "114", "x": "226"}, {"y": "117", "x": "228"}, {"y": "120", "x": "229"}, {"y": "124", "x": "231"}, {"y": "127", "x": "232"}, {"y": "130", "x": "234"}, {"y": "133", "x": "235"}, {"y": "136", "x": "237"}, {"y": "140", "x": "238"}, {"y": "143", "x": "240"}, {"y": "146", "x": "241"}, {"y": "149", "x": "243"}, {"y": "153", "x": "244"}, {"y": "156", "x": "246"}, {"y": "159", "x": "247"}, {"y": "162", "x": "249"}, {"y": "166", "x": "250"}, {"y": "169", "x": "252"}, {"y": "172", "x": "253"}, {"y": "175", "x": "255"}, {"y": "179", "x": "256"}, {"y": "179", "x": "257"}]]}