{"Lines": [[{"y": "179", "x": "48"}, {"y": "175", "x": "49"}, {"y": "172", "x": "51"}, {"y": "169", "x": "52"}, {"y": "165", "x": "54"}, {"y": "162", "x": "56"}, {"y": "159", "x": "57"}, {"y": "155", "x": "59"}, {"y": "152", "x": "60"}, {"y": "149", "x": "62"}, {"y": "145", "x": "64"}, {"y": "142", "x": "65"}, {"y": "139", "x": "67"}, {"y": "135", "x": "69"}, {"y": "132", "x": "70"}, {"y": "129", "x": "72"}, {"y": "126", "x": "73"}, {"y": "122", "x": "75"}, {"y": "119", "x": "77"}, {"y": "116", "x": "78"}, {"y": "116", "x": "78"}, {"y": "112", "x": "80"}, {"y": "109", "x": "81"}, {"y": "106", "x": "83"}, {"y": "102", "x": "85"}, {"y": "99", "x": "86"}, {"y": "96", "x": "88"}, {"y": "92", "x": "89"}, {"y": "89", "x": "91"}, {"y": "86", "x": "93"}, {"y": "82", "x": "94"}, {"y": "79", "x": "96"}, {"y": "76", "x": "97"}, {"y": "72", "x": "99"}, {"y": "72", "x": "99"}, {"y": "69", "x": "101"}, {"y": "65", "x": "104"}, {"y": "62", "x": "106"}, {"y": "58", "x": "108"}, {"y": "55", "x": "110"}, {"y": "51", "x": "113"}, {"y": "48", "x": "115"}, {"y": "48", "x": "115"}, {"y": "48", "x": "115"}, {"y": "44", "x": "117"}, {"y": "41", "x": "119"}, {"y": "38", "x": "120"}, {"y": "35", "x": "122"}, {"y": "31", "x": "124"}, {"y": "28", "x": "126"}, {"y": "25", "x": "127"}, {"y": "22", "x": "129"}, {"y": "18", "x": "131"}, {"y": "15", "x": "133"}, {"y": "12", "x": "134"}, {"y": "8", "x": "136"}, {"y": "8", "x": "136"}], [{"y": "56", "x": "0"}, {"y": "56", "x": "0"}, {"y": "52", "x": "7"}, {"y": "49", "x": "14"}, {"y": "45", "x": "20"}, {"y": "41", "x": "27"}, {"y": "38", "x": "34"}, {"y": "34", "x": "41"}, {"y": "30", "x": "48"}, {"y": "27", "x": "55"}, {"y": "27", "x": "55"}, {"y": "27", "x": "55"}, {"y": "23", "x": "62"}, {"y": "20", "x": "69"}, {"y": "17", "x": "77"}, {"y": "13", "x": "84"}, {"y": "10", "x": "91"}, {"y": "6", "x": "98"}, {"y": "3", "x": "105"}, {"y": "0", "x": "112"}, {"y": "0", "x": "113"}], [{"y": "4", "x": "176"}, {"y": "4", "x": "176"}, {"y": "13", "x": "180"}, {"y": "13", "x": "180"}, {"y": "13", "x": "180"}, {"y": "18", "x": "182"}, {"y": "23", "x": "185"}, {"y": "23", "x": "185"}, {"y": "26", "x": "188"}, {"y": "30", "x": "191"}, {"y": "33", "x": "194"}, {"y": "37", "x": "197"}, {"y": "40", "x": "201"}, {"y": "44", "x": "204"}, {"y": "47", "x": "207"}, {"y": "47", "x": "207"}, {"y": "47", "x": "207"}, {"y": "50", "x": "210"}, {"y": "53", "x": "212"}, {"y": "57", "x": "215"}, {"y": "60", "x": "218"}, {"y": "63", "x": "221"}, {"y": "66", "x": "224"}, {"y": "69", "x": "226"}, {"y": "72", "x": "229"}, {"y": "75", "x": "232"}, {"y": "79", "x": "235"}, {"y": "82", "x": "238"}, {"y": "85", "x": "240"}, {"y": "88", "x": "243"}, {"y": "91", "x": "246"}, {"y": "94", "x": "249"}, {"y": "97", "x": "252"}, {"y": "100", "x": "254"}, {"y": "104", "x": "257"}, {"y": "107", "x": "260"}, {"y": "110", "x": "263"}, {"y": "113", "x": "265"}, {"y": "116", "x": "268"}, {"y": "119", "x": "271"}, {"y": "122", "x": "274"}, {"y": "126", "x": "277"}, {"y": "129", "x": "279"}, {"y": "132", "x": "282"}, {"y": "135", "x": "285"}, {"y": "138", "x": "288"}, {"y": "141", "x": "291"}, {"y": "144", "x": "293"}, {"y": "147", "x": "296"}, {"y": "151", "x": "299"}, {"y": "154", "x": "302"}, {"y": "157", "x": "305"}, {"y": "160", "x": "307"}, {"y": "163", "x": "310"}, {"y": "166", "x": "313"}, {"y": "169", "x": "316"}, {"y": "173", "x": "319"}, {"y": "173", "x": "319"}]]}