{"Lines": [[{"y": "179", "x": "50"}, {"y": "179", "x": "50"}, {"y": "175", "x": "51"}, {"y": "172", "x": "53"}, {"y": "169", "x": "54"}, {"y": "166", "x": "56"}, {"y": "162", "x": "57"}, {"y": "159", "x": "59"}, {"y": "156", "x": "60"}, {"y": "153", "x": "62"}, {"y": "150", "x": "63"}, {"y": "146", "x": "65"}, {"y": "143", "x": "66"}, {"y": "140", "x": "68"}, {"y": "137", "x": "69"}, {"y": "134", "x": "71"}, {"y": "130", "x": "73"}, {"y": "127", "x": "74"}, {"y": "124", "x": "76"}, {"y": "121", "x": "77"}, {"y": "118", "x": "79"}, {"y": "114", "x": "80"}, {"y": "111", "x": "82"}, {"y": "108", "x": "83"}, {"y": "105", "x": "85"}, {"y": "102", "x": "86"}, {"y": "98", "x": "88"}, {"y": "98", "x": "88"}, {"y": "98", "x": "88"}, {"y": "95", "x": "89"}, {"y": "92", "x": "91"}, {"y": "88", "x": "93"}, {"y": "85", "x": "94"}, {"y": "81", "x": "96"}, {"y": "78", "x": "97"}, {"y": "74", "x": "99"}, {"y": "71", "x": "100"}, {"y": "67", "x": "102"}, {"y": "64", "x": "104"}, {"y": "64", "x": "104"}, {"y": "64", "x": "104"}, {"y": "60", "x": "106"}, {"y": "57", "x": "108"}, {"y": "53", "x": "110"}, {"y": "50", "x": "112"}, {"y": "46", "x": "114"}, {"y": "43", "x": "116"}, {"y": "39", "x": "118"}, {"y": "36", "x": "120"}, {"y": "32", "x": "123"}, {"y": "32", "x": "123"}, {"y": "29", "x": "125"}, {"y": "25", "x": "128"}, {"y": "22", "x": "130"}, {"y": "18", "x": "133"}, {"y": "15", "x": "135"}, {"y": "11", "x": "138"}, {"y": "11", "x": "138"}], [{"y": "55", "x": "1"}, {"y": "55", "x": "1"}, {"y": "52", "x": "7"}, {"y": "49", "x": "13"}, {"y": "45", "x": "20"}, {"y": "42", "x": "26"}, {"y": "39", "x": "32"}, {"y": "36", "x": "39"}, {"y": "32", "x": "45"}, {"y": "29", "x": "51"}, {"y": "26", "x": "58"}, {"y": "22", "x": "64"}, {"y": "22", "x": "64"}, {"y": "22", "x": "64"}, {"y": "19", "x": "73"}, {"y": "15", "x": "82"}, {"y": "11", "x": "91"}, {"y": "7", "x": "100"}, {"y": "3", "x": "109"}, {"y": "0", "x": "118"}, {"y": "0", "x": "119"}], [{"y": "6", "x": "176"}, {"y": "6", "x": "176"}, {"y": "10", "x": "178"}, {"y": "15", "x": "181"}, {"y": "19", "x": "183"}, {"y": "19", "x": "183"}, {"y": "19", "x": "183"}, {"y": "23", "x": "186"}, {"y": "27", "x": "189"}, {"y": "31", "x": "192"}, {"y": "35", "x": "196"}, {"y": "38", "x": "199"}, {"y": "42", "x": "202"}, {"y": "42", "x": "202"}, {"y": "42", "x": "202"}, {"y": "45", "x": "205"}, {"y": "49", "x": "208"}, {"y": "52", "x": "210"}, {"y": "55", "x": "213"}, {"y": "58", "x": "216"}, {"y": "61", "x": "219"}, {"y": "64", "x": "222"}, {"y": "67", "x": "225"}, {"y": "70", "x": "228"}, {"y": "74", "x": "230"}, {"y": "77", "x": "233"}, {"y": "80", "x": "236"}, {"y": "83", "x": "239"}, {"y": "86", "x": "242"}, {"y": "89", "x": "245"}, {"y": "92", "x": "247"}, {"y": "95", "x": "250"}, {"y": "99", "x": "253"}, {"y": "102", "x": "256"}, {"y": "105", "x": "259"}, {"y": "108", "x": "262"}, {"y": "111", "x": "264"}, {"y": "114", "x": "267"}, {"y": "117", "x": "270"}, {"y": "120", "x": "273"}, {"y": "123", "x": "276"}, {"y": "127", "x": "279"}, {"y": "130", "x": "282"}, {"y": "133", "x": "284"}, {"y": "136", "x": "287"}, {"y": "139", "x": "290"}, {"y": "142", "x": "293"}, {"y": "145", "x": "296"}, {"y": "148", "x": "299"}, {"y": "152", "x": "301"}, {"y": "155", "x": "304"}, {"y": "158", "x": "307"}, {"y": "161", "x": "310"}, {"y": "164", "x": "313"}, {"y": "167", "x": "316"}, {"y": "170", "x": "318"}, {"y": "170", "x": "318"}]]}