{"Lines": [[{"y": "1", "x": "196"}, {"y": "1", "x": "196"}, {"y": "4", "x": "198"}, {"y": "7", "x": "201"}, {"y": "11", "x": "204"}, {"y": "14", "x": "206"}, {"y": "17", "x": "209"}, {"y": "21", "x": "212"}, {"y": "24", "x": "214"}, {"y": "28", "x": "217"}, {"y": "31", "x": "220"}, {"y": "34", "x": "222"}, {"y": "38", "x": "225"}, {"y": "41", "x": "228"}, {"y": "41", "x": "228"}, {"y": "41", "x": "228"}, {"y": "44", "x": "230"}, {"y": "47", "x": "233"}, {"y": "51", "x": "236"}, {"y": "54", "x": "239"}, {"y": "57", "x": "241"}, {"y": "60", "x": "244"}, {"y": "63", "x": "247"}, {"y": "66", "x": "250"}, {"y": "69", "x": "252"}, {"y": "72", "x": "255"}, {"y": "76", "x": "258"}, {"y": "79", "x": "261"}, {"y": "82", "x": "263"}, {"y": "85", "x": "266"}, {"y": "88", "x": "269"}, {"y": "91", "x": "272"}, {"y": "94", "x": "274"}, {"y": "98", "x": "277"}, {"y": "101", "x": "280"}, {"y": "104", "x": "283"}, {"y": "107", "x": "285"}, {"y": "110", "x": "288"}, {"y": "113", "x": "291"}, {"y": "116", "x": "294"}, {"y": "119", "x": "296"}, {"y": "123", "x": "299"}, {"y": "126", "x": "302"}, {"y": "129", "x": "305"}, {"y": "132", "x": "307"}, {"y": "135", "x": "310"}, {"y": "138", "x": "313"}, {"y": "141", "x": "316"}, {"y": "145", "x": "319"}, {"y": "145", "x": "319"}], [{"y": "179", "x": "42"}, {"y": "175", "x": "44"}, {"y": "172", "x": "46"}, {"y": "169", "x": "48"}, {"y": "166", "x": "50"}, {"y": "162", "x": "52"}, {"y": "159", "x": "54"}, {"y": "156", "x": "56"}, {"y": "153", "x": "58"}, {"y": "149", "x": "60"}, {"y": "146", "x": "62"}, {"y": "143", "x": "64"}, {"y": "140", "x": "66"}, {"y": "137", "x": "68"}, {"y": "133", "x": "70"}, {"y": "130", "x": "72"}, {"y": "127", "x": "74"}, {"y": "124", "x": "76"}, {"y": "120", "x": "78"}, {"y": "117", "x": "80"}, {"y": "114", "x": "82"}, {"y": "111", "x": "84"}, {"y": "108", "x": "86"}, {"y": "104", "x": "88"}, {"y": "101", "x": "90"}, {"y": "101", "x": "90"}, {"y": "98", "x": "92"}, {"y": "95", "x": "95"}, {"y": "91", "x": "97"}, {"y": "88", "x": "99"}, {"y": "85", "x": "101"}, {"y": "82", "x": "103"}, {"y": "78", "x": "105"}, {"y": "75", "x": "108"}, {"y": "72", "x": "110"}, {"y": "69", "x": "112"}, {"y": "66", "x": "114"}, {"y": "62", "x": "116"}, {"y": "59", "x": "118"}, {"y": "56", "x": "121"}, {"y": "53", "x": "123"}, {"y": "49", "x": "125"}, {"y": "46", "x": "127"}, {"y": "43", "x": "129"}, {"y": "40", "x": "131"}, {"y": "36", "x": "133"}, {"y": "33", "x": "136"}, {"y": "33", "x": "136"}, {"y": "30", "x": "138"}, {"y": "26", "x": "141"}, {"y": "23", "x": "144"}, {"y": "19", "x": "146"}, {"y": "16", "x": "149"}, {"y": "12", "x": "152"}, {"y": "9", "x": "154"}, {"y": "5", "x": "157"}, {"y": "2", "x": "160"}, {"y": "2", "x": "160"}], [{"y": "53", "x": "0"}, {"y": "53", "x": "0"}, {"y": "50", "x": "8"}, {"y": "46", "x": "16"}, {"y": "43", "x": "24"}, {"y": "39", "x": "32"}, {"y": "36", "x": "40"}, {"y": "32", "x": "48"}, {"y": "29", "x": "56"}, {"y": "25", "x": "64"}, {"y": "25", "x": "64"}, {"y": "25", "x": "64"}, {"y": "21", "x": "73"}, {"y": "18", "x": "82"}, {"y": "14", "x": "91"}, {"y": "11", "x": "100"}, {"y": "7", "x": "109"}, {"y": "3", "x": "117"}, {"y": "0", "x": "126"}, {"y": "0", "x": "126"}]]}