{"Lines": [[{"y": "49", "x": "1"}, {"y": "49", "x": "1"}, {"y": "45", "x": "8"}, {"y": "42", "x": "15"}, {"y": "38", "x": "23"}, {"y": "35", "x": "30"}, {"y": "31", "x": "38"}, {"y": "28", "x": "45"}, {"y": "25", "x": "52"}, {"y": "21", "x": "60"}, {"y": "21", "x": "60"}, {"y": "21", "x": "60"}, {"y": "16", "x": "68"}, {"y": "12", "x": "76"}, {"y": "7", "x": "83"}, {"y": "7", "x": "83"}], [{"y": "179", "x": "47"}, {"y": "179", "x": "47"}, {"y": "175", "x": "48"}, {"y": "172", "x": "50"}, {"y": "169", "x": "51"}, {"y": "165", "x": "53"}, {"y": "162", "x": "55"}, {"y": "159", "x": "56"}, {"y": "155", "x": "58"}, {"y": "152", "x": "60"}, {"y": "149", "x": "61"}, {"y": "146", "x": "63"}, {"y": "142", "x": "65"}, {"y": "139", "x": "66"}, {"y": "136", "x": "68"}, {"y": "132", "x": "70"}, {"y": "129", "x": "71"}, {"y": "126", "x": "73"}, {"y": "123", "x": "75"}, {"y": "119", "x": "76"}, {"y": "116", "x": "78"}, {"y": "116", "x": "78"}, {"y": "113", "x": "80"}, {"y": "110", "x": "81"}, {"y": "107", "x": "83"}, {"y": "103", "x": "85"}, {"y": "100", "x": "86"}, {"y": "97", "x": "88"}, {"y": "94", "x": "90"}, {"y": "91", "x": "91"}, {"y": "88", "x": "93"}, {"y": "85", "x": "95"}, {"y": "82", "x": "96"}, {"y": "78", "x": "98"}, {"y": "75", "x": "100"}, {"y": "72", "x": "101"}, {"y": "69", "x": "103"}, {"y": "66", "x": "105"}, {"y": "63", "x": "106"}, {"y": "60", "x": "108"}, {"y": "56", "x": "110"}, {"y": "53", "x": "111"}, {"y": "50", "x": "113"}, {"y": "47", "x": "115"}, {"y": "44", "x": "116"}, {"y": "41", "x": "118"}, {"y": "38", "x": "120"}, {"y": "38", "x": "120"}, {"y": "34", "x": "121"}, {"y": "30", "x": "122"}, {"y": "26", "x": "124"}, {"y": "23", "x": "125"}, {"y": "19", "x": "127"}, {"y": "15", "x": "128"}, {"y": "11", "x": "129"}, {"y": "11", "x": "129"}], [{"y": "5", "x": "177"}, {"y": "5", "x": "177"}, {"y": "9", "x": "181"}, {"y": "12", "x": "184"}, {"y": "15", "x": "188"}, {"y": "19", "x": "192"}, {"y": "22", "x": "195"}, {"y": "25", "x": "199"}, {"y": "29", "x": "203"}, {"y": "32", "x": "206"}, {"y": "35", "x": "210"}, {"y": "39", "x": "214"}, {"y": "42", "x": "217"}, {"y": "46", "x": "221"}, {"y": "49", "x": "225"}, {"y": "49", "x": "225"}, {"y": "52", "x": "228"}, {"y": "55", "x": "231"}, {"y": "58", "x": "234"}, {"y": "61", "x": "237"}, {"y": "65", "x": "240"}, {"y": "68", "x": "243"}, {"y": "71", "x": "247"}, {"y": "74", "x": "250"}, {"y": "77", "x": "253"}, {"y": "80", "x": "256"}, {"y": "83", "x": "259"}, {"y": "86", "x": "262"}, {"y": "90", "x": "265"}, {"y": "93", "x": "268"}, {"y": "96", "x": "271"}, {"y": "99", "x": "274"}, {"y": "102", "x": "278"}, {"y": "105", "x": "281"}, {"y": "108", "x": "284"}, {"y": "111", "x": "287"}, {"y": "115", "x": "290"}, {"y": "118", "x": "293"}, {"y": "121", "x": "296"}, {"y": "124", "x": "299"}, {"y": "127", "x": "302"}, {"y": "130", "x": "305"}, {"y": "133", "x": "309"}, {"y": "136", "x": "312"}, {"y": "140", "x": "315"}, {"y": "143", "x": "318"}]]}