{"Lines": [[{"y": "179", "x": "20"}, {"y": "179", "x": "21"}, {"y": "175", "x": "22"}, {"y": "172", "x": "24"}, {"y": "169", "x": "26"}, {"y": "166", "x": "28"}, {"y": "163", "x": "30"}, {"y": "160", "x": "32"}, {"y": "156", "x": "34"}, {"y": "153", "x": "36"}, {"y": "150", "x": "38"}, {"y": "147", "x": "40"}, {"y": "144", "x": "42"}, {"y": "141", "x": "44"}, {"y": "138", "x": "46"}, {"y": "134", "x": "48"}, {"y": "131", "x": "50"}, {"y": "128", "x": "52"}, {"y": "125", "x": "54"}, {"y": "122", "x": "56"}, {"y": "119", "x": "58"}, {"y": "115", "x": "60"}, {"y": "112", "x": "62"}, {"y": "109", "x": "64"}, {"y": "106", "x": "66"}, {"y": "103", "x": "68"}, {"y": "100", "x": "70"}, {"y": "97", "x": "72"}, {"y": "93", "x": "74"}, {"y": "93", "x": "74"}, {"y": "93", "x": "74"}, {"y": "90", "x": "76"}, {"y": "87", "x": "78"}, {"y": "83", "x": "80"}, {"y": "80", "x": "83"}, {"y": "77", "x": "85"}, {"y": "73", "x": "87"}, {"y": "70", "x": "89"}, {"y": "67", "x": "91"}, {"y": "63", "x": "93"}, {"y": "60", "x": "96"}, {"y": "57", "x": "98"}, {"y": "53", "x": "100"}, {"y": "50", "x": "102"}, {"y": "46", "x": "104"}, {"y": "43", "x": "107"}, {"y": "43", "x": "107"}, {"y": "43", "x": "107"}, {"y": "40", "x": "109"}, {"y": "36", "x": "112"}, {"y": "33", "x": "115"}, {"y": "30", "x": "118"}, {"y": "26", "x": "120"}, {"y": "23", "x": "123"}, {"y": "20", "x": "126"}, {"y": "16", "x": "129"}, {"y": "13", "x": "132"}, {"y": "13", "x": "132"}], [{"y": "15", "x": "184"}, {"y": "15", "x": "184"}, {"y": "19", "x": "185"}, {"y": "23", "x": "186"}, {"y": "27", "x": "187"}, {"y": "27", "x": "187"}, {"y": "31", "x": "190"}, {"y": "35", "x": "192"}, {"y": "39", "x": "194"}, {"y": "43", "x": "197"}, {"y": "43", "x": "197"}, {"y": "43", "x": "197"}, {"y": "46", "x": "199"}, {"y": "49", "x": "201"}, {"y": "52", "x": "204"}, {"y": "55", "x": "206"}, {"y": "59", "x": "208"}, {"y": "62", "x": "211"}, {"y": "65", "x": "213"}, {"y": "68", "x": "215"}, {"y": "71", "x": "217"}, {"y": "74", "x": "220"}, {"y": "77", "x": "222"}, {"y": "80", "x": "224"}, {"y": "84", "x": "227"}, {"y": "87", "x": "229"}, {"y": "90", "x": "231"}, {"y": "93", "x": "234"}, {"y": "96", "x": "236"}, {"y": "99", "x": "238"}, {"y": "102", "x": "240"}, {"y": "106", "x": "243"}, {"y": "109", "x": "245"}, {"y": "112", "x": "247"}, {"y": "115", "x": "250"}, {"y": "118", "x": "252"}, {"y": "121", "x": "254"}, {"y": "124", "x": "256"}, {"y": "127", "x": "259"}, {"y": "131", "x": "261"}, {"y": "134", "x": "263"}, {"y": "137", "x": "266"}, {"y": "140", "x": "268"}, {"y": "143", "x": "270"}, {"y": "146", "x": "273"}, {"y": "149", "x": "275"}, {"y": "152", "x": "277"}, {"y": "156", "x": "279"}, {"y": "159", "x": "282"}, {"y": "162", "x": "284"}, {"y": "165", "x": "286"}, {"y": "168", "x": "289"}, {"y": "171", "x": "291"}, {"y": "174", "x": "293"}, {"y": "178", "x": "296"}], [{"y": "51", "x": "1"}, {"y": "51", "x": "1"}, {"y": "47", "x": "10"}, {"y": "43", "x": "19"}, {"y": "39", "x": "28"}, {"y": "35", "x": "37"}, {"y": "31", "x": "46"}, {"y": "27", "x": "55"}, {"y": "27", "x": "55"}, {"y": "27", "x": "55"}, {"y": "23", "x": "64"}, {"y": "19", "x": "74"}, {"y": "16", "x": "83"}, {"y": "12", "x": "92"}, {"y": "8", "x": "102"}, {"y": "4", "x": "111"}, {"y": "1", "x": "121"}, {"y": "1", "x": "121"}]]}