{"Lines": [[{"y": "166", "x": "5"}, {"y": "166", "x": "5"}, {"y": "163", "x": "8"}, {"y": "160", "x": "10"}, {"y": "157", "x": "13"}, {"y": "153", "x": "15"}, {"y": "150", "x": "18"}, {"y": "147", "x": "20"}, {"y": "144", "x": "23"}, {"y": "141", "x": "25"}, {"y": "138", "x": "28"}, {"y": "134", "x": "31"}, {"y": "131", "x": "33"}, {"y": "128", "x": "36"}, {"y": "125", "x": "38"}, {"y": "122", "x": "41"}, {"y": "119", "x": "43"}, {"y": "116", "x": "46"}, {"y": "112", "x": "48"}, {"y": "109", "x": "51"}, {"y": "106", "x": "53"}, {"y": "103", "x": "56"}, {"y": "103", "x": "56"}, {"y": "103", "x": "56"}, {"y": "99", "x": "59"}, {"y": "96", "x": "62"}, {"y": "93", "x": "65"}, {"y": "89", "x": "68"}, {"y": "86", "x": "71"}, {"y": "82", "x": "74"}, {"y": "79", "x": "78"}, {"y": "75", "x": "81"}, {"y": "72", "x": "84"}, {"y": "72", "x": "84"}, {"y": "68", "x": "88"}, {"y": "64", "x": "92"}, {"y": "60", "x": "96"}, {"y": "56", "x": "100"}, {"y": "52", "x": "104"}, {"y": "52", "x": "104"}, {"y": "52", "x": "104"}, {"y": "48", "x": "108"}, {"y": "44", "x": "112"}, {"y": "40", "x": "116"}, {"y": "36", "x": "121"}, {"y": "36", "x": "121"}, {"y": "36", "x": "121"}, {"y": "32", "x": "127"}, {"y": "28", "x": "133"}, {"y": "24", "x": "139"}, {"y": "20", "x": "145"}, {"y": "20", "x": "145"}], [{"y": "52", "x": "1"}, {"y": "52", "x": "1"}, {"y": "48", "x": "12"}, {"y": "43", "x": "23"}, {"y": "39", "x": "34"}, {"y": "34", "x": "46"}, {"y": "34", "x": "46"}, {"y": "34", "x": "46"}, {"y": "30", "x": "58"}, {"y": "26", "x": "70"}, {"y": "23", "x": "82"}, {"y": "19", "x": "94"}, {"y": "19", "x": "94"}, {"y": "13", "x": "117"}, {"y": "7", "x": "141"}], [{"y": "37", "x": "204"}, {"y": "37", "x": "204"}, {"y": "42", "x": "204"}, {"y": "47", "x": "204"}, {"y": "32", "x": "205"}, {"y": "52", "x": "206"}, {"y": "28", "x": "207"}, {"y": "28", "x": "207"}, {"y": "28", "x": "207"}, {"y": "57", "x": "207"}, {"y": "57", "x": "207"}, {"y": "57", "x": "207"}, {"y": "61", "x": "209"}, {"y": "65", "x": "210"}, {"y": "22", "x": "211"}, {"y": "69", "x": "212"}, {"y": "73", "x": "214"}, {"y": "17", "x": "215"}, {"y": "17", "x": "215"}, {"y": "77", "x": "215"}, {"y": "80", "x": "217"}, {"y": "83", "x": "218"}, {"y": "87", "x": "220"}, {"y": "90", "x": "222"}, {"y": "93", "x": "223"}, {"y": "96", "x": "225"}, {"y": "99", "x": "226"}, {"y": "102", "x": "228"}, {"y": "106", "x": "230"}, {"y": "109", "x": "231"}, {"y": "112", "x": "233"}, {"y": "115", "x": "234"}, {"y": "118", "x": "236"}, {"y": "121", "x": "238"}, {"y": "125", "x": "239"}, {"y": "128", "x": "241"}, {"y": "131", "x": "242"}, {"y": "134", "x": "244"}, {"y": "137", "x": "246"}, {"y": "140", "x": "247"}, {"y": "144", "x": "249"}, {"y": "147", "x": "250"}, {"y": "150", "x": "252"}, {"y": "153", "x": "254"}, {"y": "156", "x": "255"}, {"y": "159", "x": "257"}, {"y": "163", "x": "258"}, {"y": "166", "x": "260"}, {"y": "169", "x": "262"}, {"y": "172", "x": "263"}, {"y": "175", "x": "265"}, {"y": "179", "x": "267"}, {"y": "179", "x": "267"}]]}