{"Lines": [[{"y": "52", "x": "2"}, {"y": "52", "x": "2"}, {"y": "48", "x": "10"}, {"y": "45", "x": "19"}, {"y": "41", "x": "27"}, {"y": "38", "x": "36"}, {"y": "34", "x": "45"}, {"y": "30", "x": "53"}, {"y": "27", "x": "62"}, {"y": "27", "x": "62"}, {"y": "27", "x": "62"}, {"y": "23", "x": "70"}, {"y": "20", "x": "78"}, {"y": "17", "x": "86"}, {"y": "13", "x": "94"}, {"y": "10", "x": "102"}, {"y": "6", "x": "110"}, {"y": "3", "x": "118"}, {"y": "0", "x": "125"}, {"y": "0", "x": "126"}], [{"y": "1", "x": "196"}, {"y": "1", "x": "196"}, {"y": "4", "x": "199"}, {"y": "7", "x": "202"}, {"y": "11", "x": "204"}, {"y": "14", "x": "207"}, {"y": "17", "x": "209"}, {"y": "21", "x": "212"}, {"y": "24", "x": "215"}, {"y": "27", "x": "217"}, {"y": "30", "x": "220"}, {"y": "34", "x": "223"}, {"y": "37", "x": "225"}, {"y": "40", "x": "228"}, {"y": "44", "x": "231"}, {"y": "47", "x": "233"}, {"y": "50", "x": "236"}, {"y": "54", "x": "239"}, {"y": "57", "x": "241"}, {"y": "60", "x": "244"}, {"y": "60", "x": "244"}, {"y": "63", "x": "247"}, {"y": "67", "x": "250"}, {"y": "70", "x": "252"}, {"y": "73", "x": "255"}, {"y": "76", "x": "258"}, {"y": "79", "x": "261"}, {"y": "83", "x": "264"}, {"y": "86", "x": "267"}, {"y": "89", "x": "270"}, {"y": "92", "x": "273"}, {"y": "95", "x": "275"}, {"y": "99", "x": "278"}, {"y": "102", "x": "281"}, {"y": "105", "x": "284"}, {"y": "108", "x": "287"}, {"y": "111", "x": "290"}, {"y": "115", "x": "293"}, {"y": "118", "x": "296"}, {"y": "121", "x": "298"}, {"y": "124", "x": "301"}, {"y": "127", "x": "304"}, {"y": "131", "x": "307"}, {"y": "134", "x": "310"}, {"y": "137", "x": "313"}, {"y": "140", "x": "316"}, {"y": "144", "x": "318"}, {"y": "144", "x": "319"}]]}