{"Lines": [[{"y": "92", "x": "0"}, {"y": "92", "x": "0"}, {"y": "88", "x": "6"}, {"y": "85", "x": "12"}, {"y": "81", "x": "18"}, {"y": "77", "x": "25"}, {"y": "73", "x": "31"}, {"y": "69", "x": "37"}, {"y": "65", "x": "43"}, {"y": "65", "x": "43"}, {"y": "65", "x": "43"}, {"y": "61", "x": "49"}, {"y": "57", "x": "56"}, {"y": "53", "x": "62"}, {"y": "49", "x": "69"}, {"y": "45", "x": "75"}, {"y": "45", "x": "75"}, {"y": "45", "x": "75"}, {"y": "41", "x": "85"}, {"y": "36", "x": "94"}, {"y": "36", "x": "94"}, {"y": "36", "x": "94"}, {"y": "27", "x": "116"}, {"y": "27", "x": "116"}, {"y": "23", "x": "129"}, {"y": "19", "x": "141"}, {"y": "15", "x": "154"}, {"y": "15", "x": "154"}], [{"y": "178", "x": "147"}, {"y": "175", "x": "148"}, {"y": "172", "x": "148"}, {"y": "169", "x": "148"}, {"y": "165", "x": "148"}, {"y": "162", "x": "148"}, {"y": "159", "x": "148"}, {"y": "156", "x": "149"}, {"y": "152", "x": "149"}, {"y": "149", "x": "149"}, {"y": "146", "x": "149"}, {"y": "143", "x": "149"}, {"y": "139", "x": "149"}, {"y": "136", "x": "150"}, {"y": "133", "x": "150"}, {"y": "133", "x": "150"}, {"y": "130", "x": "150"}, {"y": "126", "x": "151"}, {"y": "123", "x": "151"}, {"y": "119", "x": "152"}, {"y": "116", "x": "153"}, {"y": "113", "x": "153"}, {"y": "109", "x": "154"}, {"y": "106", "x": "154"}, {"y": "102", "x": "155"}, {"y": "99", "x": "155"}, {"y": "96", "x": "156"}, {"y": "92", "x": "157"}, {"y": "89", "x": "157"}, {"y": "86", "x": "158"}, {"y": "82", "x": "158"}, {"y": "82", "x": "158"}, {"y": "82", "x": "158"}, {"y": "78", "x": "160"}, {"y": "75", "x": "161"}, {"y": "71", "x": "162"}, {"y": "67", "x": "164"}, {"y": "63", "x": "165"}, {"y": "63", "x": "165"}, {"y": "59", "x": "167"}, {"y": "56", "x": "169"}, {"y": "52", "x": "171"}, {"y": "48", "x": "173"}, {"y": "48", "x": "173"}, {"y": "48", "x": "173"}, {"y": "40", "x": "180"}, {"y": "40", "x": "180"}, {"y": "32", "x": "191"}, {"y": "32", "x": "191"}, {"y": "32", "x": "191"}, {"y": "23", "x": "208"}, {"y": "18", "x": "221"}, {"y": "13", "x": "233"}, {"y": "13", "x": "233"}], [{"y": "39", "x": "1"}, {"y": "39", "x": "1"}, {"y": "35", "x": "16"}, {"y": "30", "x": "30"}, {"y": "26", "x": "45"}, {"y": "26", "x": "45"}, {"y": "21", "x": "61"}, {"y": "17", "x": "77"}, {"y": "13", "x": "93"}, {"y": "13", "x": "93"}, {"y": "13", "x": "93"}, {"y": "8", "x": "124"}, {"y": "3", "x": "155"}, {"y": "3", "x": "155"}]]}