{"Lines": [[{"y": "47", "x": "1"}, {"y": "47", "x": "1"}, {"y": "44", "x": "7"}, {"y": "40", "x": "13"}, {"y": "36", "x": "20"}, {"y": "33", "x": "26"}, {"y": "29", "x": "33"}, {"y": "26", "x": "39"}, {"y": "22", "x": "46"}, {"y": "18", "x": "52"}, {"y": "18", "x": "52"}, {"y": "18", "x": "52"}, {"y": "15", "x": "59"}, {"y": "11", "x": "67"}, {"y": "7", "x": "74"}, {"y": "3", "x": "81"}, {"y": "0", "x": "89"}, {"y": "0", "x": "89"}], [{"y": "1", "x": "153"}, {"y": "1", "x": "153"}, {"y": "4", "x": "157"}, {"y": "7", "x": "161"}, {"y": "11", "x": "165"}, {"y": "14", "x": "170"}, {"y": "17", "x": "174"}, {"y": "20", "x": "178"}, {"y": "24", "x": "182"}, {"y": "27", "x": "187"}, {"y": "30", "x": "191"}, {"y": "33", "x": "195"}, {"y": "37", "x": "199"}, {"y": "40", "x": "203"}, {"y": "43", "x": "208"}, {"y": "46", "x": "212"}, {"y": "49", "x": "216"}, {"y": "49", "x": "216"}, {"y": "49", "x": "216"}, {"y": "53", "x": "220"}, {"y": "56", "x": "223"}, {"y": "59", "x": "227"}, {"y": "62", "x": "230"}, {"y": "65", "x": "234"}, {"y": "68", "x": "237"}, {"y": "71", "x": "241"}, {"y": "74", "x": "244"}, {"y": "77", "x": "248"}, {"y": "81", "x": "251"}, {"y": "84", "x": "255"}, {"y": "87", "x": "259"}, {"y": "90", "x": "262"}, {"y": "93", "x": "266"}, {"y": "96", "x": "269"}, {"y": "99", "x": "273"}, {"y": "102", "x": "276"}, {"y": "105", "x": "280"}, {"y": "108", "x": "283"}, {"y": "112", "x": "287"}, {"y": "115", "x": "290"}, {"y": "118", "x": "294"}, {"y": "121", "x": "297"}, {"y": "124", "x": "301"}, {"y": "127", "x": "304"}, {"y": "130", "x": "308"}, {"y": "133", "x": "311"}, {"y": "136", "x": "315"}, {"y": "140", "x": "318"}, {"y": "140", "x": "319"}]]}