{"Lines": [[{"y": "150", "x": "0"}, {"y": "150", "x": "0"}, {"y": "147", "x": "3"}, {"y": "144", "x": "7"}, {"y": "141", "x": "10"}, {"y": "137", "x": "13"}, {"y": "134", "x": "16"}, {"y": "131", "x": "19"}, {"y": "127", "x": "22"}, {"y": "124", "x": "25"}, {"y": "121", "x": "29"}, {"y": "118", "x": "32"}, {"y": "114", "x": "35"}, {"y": "111", "x": "38"}, {"y": "108", "x": "41"}, {"y": "105", "x": "44"}, {"y": "101", "x": "47"}, {"y": "98", "x": "50"}, {"y": "95", "x": "54"}, {"y": "92", "x": "57"}, {"y": "88", "x": "60"}, {"y": "85", "x": "63"}, {"y": "82", "x": "66"}, {"y": "78", "x": "69"}, {"y": "78", "x": "69"}, {"y": "78", "x": "69"}, {"y": "75", "x": "73"}, {"y": "72", "x": "77"}, {"y": "68", "x": "81"}, {"y": "65", "x": "85"}, {"y": "61", "x": "89"}, {"y": "58", "x": "93"}, {"y": "55", "x": "97"}, {"y": "51", "x": "101"}, {"y": "51", "x": "101"}, {"y": "47", "x": "107"}, {"y": "43", "x": "113"}, {"y": "39", "x": "119"}, {"y": "35", "x": "124"}, {"y": "31", "x": "130"}, {"y": "31", "x": "130"}, {"y": "26", "x": "141"}, {"y": "22", "x": "153"}, {"y": "17", "x": "164"}, {"y": "13", "x": "175"}, {"y": "13", "x": "175"}], [{"y": "50", "x": "0"}, {"y": "50", "x": "0"}, {"y": "46", "x": "10"}, {"y": "42", "x": "21"}, {"y": "38", "x": "32"}, {"y": "34", "x": "43"}, {"y": "30", "x": "54"}, {"y": "30", "x": "54"}, {"y": "30", "x": "54"}, {"y": "26", "x": "69"}, {"y": "22", "x": "84"}, {"y": "17", "x": "99"}, {"y": "17", "x": "99"}, {"y": "11", "x": "126"}, {"y": "6", "x": "152"}], [{"y": "58", "x": "202"}, {"y": "58", "x": "202"}, {"y": "54", "x": "203"}, {"y": "50", "x": "203"}, {"y": "46", "x": "203"}, {"y": "42", "x": "203"}, {"y": "42", "x": "203"}, {"y": "63", "x": "203"}, {"y": "67", "x": "204"}, {"y": "37", "x": "205"}, {"y": "72", "x": "205"}, {"y": "76", "x": "206"}, {"y": "76", "x": "206"}, {"y": "76", "x": "206"}, {"y": "32", "x": "207"}, {"y": "32", "x": "207"}, {"y": "80", "x": "207"}, {"y": "83", "x": "209"}, {"y": "86", "x": "210"}, {"y": "89", "x": "211"}, {"y": "93", "x": "212"}, {"y": "28", "x": "213"}, {"y": "96", "x": "214"}, {"y": "99", "x": "215"}, {"y": "102", "x": "216"}, {"y": "106", "x": "217"}, {"y": "23", "x": "218"}, {"y": "23", "x": "218"}, {"y": "109", "x": "219"}, {"y": "112", "x": "220"}, {"y": "115", "x": "221"}, {"y": "118", "x": "222"}, {"y": "118", "x": "222"}, {"y": "118", "x": "222"}, {"y": "122", "x": "224"}, {"y": "125", "x": "225"}, {"y": "128", "x": "227"}, {"y": "131", "x": "228"}, {"y": "134", "x": "230"}, {"y": "137", "x": "231"}, {"y": "141", "x": "232"}, {"y": "144", "x": "234"}, {"y": "147", "x": "235"}, {"y": "150", "x": "237"}, {"y": "153", "x": "238"}, {"y": "156", "x": "240"}, {"y": "160", "x": "241"}, {"y": "163", "x": "242"}, {"y": "166", "x": "244"}, {"y": "169", "x": "245"}, {"y": "172", "x": "247"}, {"y": "175", "x": "248"}, {"y": "179", "x": "250"}, {"y": "179", "x": "250"}]]}