{"Lines": [[{"y": "179", "x": "86"}, {"y": "179", "x": "87"}, {"y": "175", "x": "88"}, {"y": "172", "x": "89"}, {"y": "169", "x": "90"}, {"y": "166", "x": "91"}, {"y": "163", "x": "92"}, {"y": "160", "x": "93"}, {"y": "157", "x": "94"}, {"y": "153", "x": "95"}, {"y": "150", "x": "96"}, {"y": "147", "x": "97"}, {"y": "144", "x": "98"}, {"y": "141", "x": "99"}, {"y": "138", "x": "100"}, {"y": "135", "x": "101"}, {"y": "131", "x": "102"}, {"y": "128", "x": "103"}, {"y": "125", "x": "104"}, {"y": "122", "x": "105"}, {"y": "119", "x": "106"}, {"y": "116", "x": "107"}, {"y": "113", "x": "108"}, {"y": "109", "x": "109"}, {"y": "106", "x": "110"}, {"y": "103", "x": "111"}, {"y": "100", "x": "112"}, {"y": "97", "x": "113"}, {"y": "94", "x": "114"}, {"y": "91", "x": "115"}, {"y": "87", "x": "116"}, {"y": "84", "x": "117"}, {"y": "81", "x": "118"}, {"y": "78", "x": "119"}, {"y": "75", "x": "120"}, {"y": "72", "x": "121"}, {"y": "69", "x": "122"}, {"y": "69", "x": "122"}, {"y": "69", "x": "122"}, {"y": "65", "x": "123"}, {"y": "62", "x": "124"}, {"y": "59", "x": "125"}, {"y": "56", "x": "126"}, {"y": "53", "x": "126"}, {"y": "49", "x": "127"}, {"y": "46", "x": "128"}, {"y": "43", "x": "129"}, {"y": "40", "x": "130"}, {"y": "37", "x": "131"}, {"y": "33", "x": "132"}, {"y": "30", "x": "133"}, {"y": "27", "x": "134"}, {"y": "24", "x": "135"}, {"y": "21", "x": "136"}, {"y": "17", "x": "137"}, {"y": "14", "x": "138"}, {"y": "14", "x": "138"}], [{"y": "7", "x": "178"}, {"y": "7", "x": "178"}, {"y": "10", "x": "181"}, {"y": "14", "x": "185"}, {"y": "17", "x": "189"}, {"y": "20", "x": "193"}, {"y": "23", "x": "196"}, {"y": "27", "x": "200"}, {"y": "30", "x": "204"}, {"y": "33", "x": "208"}, {"y": "36", "x": "211"}, {"y": "40", "x": "215"}, {"y": "43", "x": "219"}, {"y": "46", "x": "222"}, {"y": "49", "x": "226"}, {"y": "49", "x": "226"}, {"y": "49", "x": "226"}, {"y": "52", "x": "230"}, {"y": "56", "x": "233"}, {"y": "59", "x": "236"}, {"y": "62", "x": "239"}, {"y": "65", "x": "243"}, {"y": "68", "x": "246"}, {"y": "72", "x": "249"}, {"y": "75", "x": "253"}, {"y": "78", "x": "256"}, {"y": "81", "x": "259"}, {"y": "84", "x": "262"}, {"y": "88", "x": "266"}, {"y": "91", "x": "269"}, {"y": "94", "x": "272"}, {"y": "97", "x": "276"}, {"y": "100", "x": "279"}, {"y": "103", "x": "282"}, {"y": "107", "x": "286"}, {"y": "110", "x": "289"}, {"y": "113", "x": "292"}, {"y": "116", "x": "295"}, {"y": "119", "x": "299"}, {"y": "123", "x": "302"}, {"y": "126", "x": "305"}, {"y": "129", "x": "309"}, {"y": "132", "x": "312"}, {"y": "135", "x": "315"}, {"y": "139", "x": "319"}], [{"y": "67", "x": "0"}, {"y": "67", "x": "0"}, {"y": "63", "x": "6"}, {"y": "60", "x": "12"}, {"y": "56", "x": "18"}, {"y": "53", "x": "23"}, {"y": "49", "x": "29"}, {"y": "46", "x": "35"}, {"y": "42", "x": "40"}, {"y": "39", "x": "46"}, {"y": "35", "x": "52"}, {"y": "32", "x": "58"}, {"y": "32", "x": "58"}, {"y": "32", "x": "58"}, {"y": "28", "x": "63"}, {"y": "25", "x": "68"}, {"y": "22", "x": "74"}, {"y": "18", "x": "79"}, {"y": "15", "x": "84"}, {"y": "11", "x": "90"}, {"y": "8", "x": "95"}, {"y": "5", "x": "100"}, {"y": "5", "x": "100"}]]}