{"Lines": [[{"y": "318", "x": "0"}, {"y": "318", "x": "0"}, {"y": "315", "x": "2"}, {"y": "311", "x": "4"}, {"y": "308", "x": "6"}, {"y": "305", "x": "8"}, {"y": "302", "x": "11"}, {"y": "299", "x": "13"}, {"y": "296", "x": "15"}, {"y": "293", "x": "17"}, {"y": "290", "x": "20"}, {"y": "287", "x": "22"}, {"y": "284", "x": "24"}, {"y": "280", "x": "26"}, {"y": "277", "x": "29"}, {"y": "274", "x": "31"}, {"y": "271", "x": "33"}, {"y": "268", "x": "35"}, {"y": "265", "x": "38"}, {"y": "262", "x": "40"}, {"y": "259", "x": "42"}, {"y": "256", "x": "44"}, {"y": "252", "x": "47"}, {"y": "249", "x": "49"}, {"y": "246", "x": "51"}, {"y": "243", "x": "53"}, {"y": "240", "x": "56"}, {"y": "237", "x": "58"}, {"y": "234", "x": "60"}, {"y": "231", "x": "62"}, {"y": "228", "x": "65"}, {"y": "225", "x": "67"}, {"y": "221", "x": "69"}, {"y": "218", "x": "71"}, {"y": "215", "x": "74"}, {"y": "212", "x": "76"}, {"y": "209", "x": "78"}, {"y": "206", "x": "80"}, {"y": "203", "x": "83"}, {"y": "200", "x": "85"}, {"y": "197", "x": "87"}, {"y": "194", "x": "89"}, {"y": "190", "x": "92"}, {"y": "187", "x": "94"}, {"y": "184", "x": "96"}, {"y": "181", "x": "98"}, {"y": "178", "x": "101"}, {"y": "175", "x": "103"}, {"y": "172", "x": "105"}, {"y": "169", "x": "107"}, {"y": "166", "x": "109"}, {"y": "162", "x": "112"}, {"y": "159", "x": "114"}, {"y": "156", "x": "116"}, {"y": "153", "x": "118"}, {"y": "150", "x": "121"}, {"y": "147", "x": "123"}, {"y": "144", "x": "125"}, {"y": "141", "x": "127"}, {"y": "138", "x": "130"}, {"y": "138", "x": "130"}, {"y": "138", "x": "130"}, {"y": "135", "x": "133"}, {"y": "131", "x": "136"}, {"y": "128", "x": "139"}, {"y": "125", "x": "142"}, {"y": "122", "x": "145"}, {"y": "119", "x": "149"}, {"y": "116", "x": "152"}, {"y": "113", "x": "155"}, {"y": "109", "x": "158"}, {"y": "106", "x": "161"}, {"y": "103", "x": "164"}, {"y": "100", "x": "167"}, {"y": "97", "x": "171"}, {"y": "94", "x": "174"}, {"y": "91", "x": "177"}, {"y": "87", "x": "180"}, {"y": "84", "x": "183"}, {"y": "81", "x": "186"}, {"y": "78", "x": "189"}, {"y": "75", "x": "192"}, {"y": "72", "x": "196"}, {"y": "69", "x": "199"}, {"y": "65", "x": "202"}, {"y": "62", "x": "205"}, {"y": "59", "x": "208"}, {"y": "56", "x": "211"}, {"y": "56", "x": "211"}, {"y": "56", "x": "211"}, {"y": "53", "x": "215"}, {"y": "49", "x": "218"}, {"y": "46", "x": "222"}, {"y": "43", "x": "225"}, {"y": "39", "x": "228"}, {"y": "36", "x": "232"}, {"y": "33", "x": "235"}, {"y": "29", "x": "239"}, {"y": "26", "x": "242"}, {"y": "23", "x": "246"}, {"y": "19", "x": "249"}, {"y": "16", "x": "252"}, {"y": "13", "x": "256"}, {"y": "9", "x": "259"}, {"y": "6", "x": "263"}, {"y": "3", "x": "266"}, {"y": "0", "x": "270"}, {"y": "0", "x": "270"}], [{"y": "95", "x": "537"}, {"y": "95", "x": "537"}, {"y": "95", "x": "537"}, {"y": "98", "x": "538"}, {"y": "101", "x": "538"}, {"y": "104", "x": "538"}, {"y": "108", "x": "538"}, {"y": "111", "x": "538"}, {"y": "91", "x": "538"}, {"y": "114", "x": "538"}, {"y": "117", "x": "538"}, {"y": "120", "x": "538"}, {"y": "123", "x": "538"}, {"y": "127", "x": "538"}, {"y": "130", "x": "538"}, {"y": "88", "x": "538"}, {"y": "133", "x": "538"}, {"y": "136", "x": "538"}, {"y": "139", "x": "538"}, {"y": "142", "x": "538"}, {"y": "146", "x": "539"}, {"y": "85", "x": "539"}, {"y": "149", "x": "539"}, {"y": "152", "x": "539"}, {"y": "155", "x": "539"}, {"y": "158", "x": "539"}, {"y": "162", "x": "539"}, {"y": "165", "x": "539"}, {"y": "82", "x": "539"}, {"y": "168", "x": "539"}, {"y": "171", "x": "539"}, {"y": "171", "x": "539"}, {"y": "78", "x": "539"}, {"y": "75", "x": "540"}, {"y": "174", "x": "540"}, {"y": "72", "x": "540"}, {"y": "177", "x": "540"}, {"y": "68", "x": "541"}, {"y": "65", "x": "541"}, {"y": "180", "x": "541"}, {"y": "62", "x": "541"}, {"y": "59", "x": "542"}, {"y": "183", "x": "542"}, {"y": "55", "x": "542"}, {"y": "52", "x": "542"}, {"y": "186", "x": "542"}, {"y": "49", "x": "543"}, {"y": "190", "x": "543"}, {"y": "45", "x": "543"}, {"y": "42", "x": "544"}, {"y": "42", "x": "544"}, {"y": "42", "x": "544"}, {"y": "193", "x": "544"}, {"y": "196", "x": "545"}, {"y": "39", "x": "545"}, {"y": "199", "x": "545"}, {"y": "202", "x": "546"}, {"y": "36", "x": "546"}, {"y": "205", "x": "547"}, {"y": "208", "x": "547"}, {"y": "32", "x": "547"}, {"y": "211", "x": "548"}, {"y": "214", "x": "549"}, {"y": "29", "x": "549"}, {"y": "217", "x": "549"}, {"y": "220", "x": "550"}, {"y": "26", "x": "550"}, {"y": "223", "x": "551"}, {"y": "23", "x": "551"}, {"y": "226", "x": "551"}, {"y": "229", "x": "552"}, {"y": "19", "x": "553"}, {"y": "233", "x": "553"}, {"y": "236", "x": "553"}, {"y": "16", "x": "554"}, {"y": "239", "x": "554"}, {"y": "242", "x": "555"}, {"y": "13", "x": "555"}, {"y": "245", "x": "555"}, {"y": "248", "x": "556"}, {"y": "10", "x": "556"}, {"y": "251", "x": "557"}, {"y": "254", "x": "557"}, {"y": "7", "x": "558"}, {"y": "257", "x": "558"}, {"y": "260", "x": "559"}, {"y": "3", "x": "559"}, {"y": "263", "x": "559"}, {"y": "266", "x": "560"}, {"y": "0", "x": "560"}, {"y": "0", "x": "560"}, {"y": "269", "x": "561"}, {"y": "272", "x": "561"}, {"y": "276", "x": "562"}, {"y": "279", "x": "563"}, {"y": "282", "x": "564"}, {"y": "285", "x": "564"}, {"y": "288", "x": "565"}, {"y": "291", "x": "566"}, {"y": "294", "x": "566"}, {"y": "297", "x": "567"}, {"y": "300", "x": "568"}, {"y": "303", "x": "568"}, {"y": "306", "x": "569"}, {"y": "309", "x": "570"}, {"y": "312", "x": "570"}, {"y": "315", "x": "571"}, {"y": "319", "x": "572"}, {"y": "322", "x": "572"}, {"y": "325", "x": "573"}, {"y": "328", "x": "574"}, {"y": "331", "x": "574"}, {"y": "334", "x": "575"}, {"y": "337", "x": "576"}, {"y": "340", "x": "576"}, {"y": "343", "x": "577"}, {"y": "346", "x": "578"}, {"y": "349", "x": "578"}, {"y": "352", "x": "579"}, {"y": "355", "x": "580"}, {"y": "359", "x": "581"}]]}