{"Lines": [[{"y": "335", "x": "0"}, {"y": "335", "x": "0"}, {"y": "332", "x": "3"}, {"y": "329", "x": "6"}, {"y": "325", "x": "8"}, {"y": "322", "x": "11"}, {"y": "319", "x": "14"}, {"y": "316", "x": "16"}, {"y": "313", "x": "19"}, {"y": "310", "x": "22"}, {"y": "307", "x": "24"}, {"y": "304", "x": "27"}, {"y": "301", "x": "30"}, {"y": "298", "x": "32"}, {"y": "295", "x": "35"}, {"y": "291", "x": "38"}, {"y": "288", "x": "40"}, {"y": "285", "x": "43"}, {"y": "282", "x": "46"}, {"y": "279", "x": "48"}, {"y": "276", "x": "51"}, {"y": "273", "x": "54"}, {"y": "270", "x": "56"}, {"y": "267", "x": "59"}, {"y": "264", "x": "62"}, {"y": "260", "x": "64"}, {"y": "257", "x": "67"}, {"y": "254", "x": "70"}, {"y": "251", "x": "72"}, {"y": "248", "x": "75"}, {"y": "245", "x": "78"}, {"y": "242", "x": "80"}, {"y": "239", "x": "83"}, {"y": "236", "x": "86"}, {"y": "233", "x": "88"}, {"y": "229", "x": "91"}, {"y": "226", "x": "94"}, {"y": "223", "x": "96"}, {"y": "220", "x": "99"}, {"y": "217", "x": "102"}, {"y": "214", "x": "105"}, {"y": "211", "x": "107"}, {"y": "208", "x": "110"}, {"y": "205", "x": "113"}, {"y": "202", "x": "115"}, {"y": "198", "x": "118"}, {"y": "198", "x": "118"}, {"y": "198", "x": "118"}, {"y": "195", "x": "121"}, {"y": "192", "x": "124"}, {"y": "189", "x": "127"}, {"y": "186", "x": "130"}, {"y": "183", "x": "133"}, {"y": "180", "x": "136"}, {"y": "177", "x": "139"}, {"y": "174", "x": "142"}, {"y": "171", "x": "145"}, {"y": "167", "x": "149"}, {"y": "164", "x": "152"}, {"y": "161", "x": "155"}, {"y": "158", "x": "158"}, {"y": "155", "x": "161"}, {"y": "152", "x": "164"}, {"y": "149", "x": "167"}, {"y": "146", "x": "170"}, {"y": "143", "x": "173"}, {"y": "139", "x": "176"}, {"y": "136", "x": "179"}, {"y": "133", "x": "182"}, {"y": "130", "x": "185"}, {"y": "127", "x": "188"}, {"y": "124", "x": "191"}, {"y": "121", "x": "195"}, {"y": "118", "x": "198"}, {"y": "115", "x": "201"}, {"y": "111", "x": "204"}, {"y": "108", "x": "207"}, {"y": "105", "x": "210"}, {"y": "102", "x": "213"}, {"y": "99", "x": "216"}, {"y": "96", "x": "219"}, {"y": "93", "x": "222"}, {"y": "90", "x": "225"}, {"y": "87", "x": "228"}, {"y": "84", "x": "231"}, {"y": "80", "x": "234"}, {"y": "77", "x": "237"}, {"y": "74", "x": "241"}, {"y": "71", "x": "244"}, {"y": "71", "x": "244"}, {"y": "71", "x": "244"}, {"y": "68", "x": "247"}, {"y": "65", "x": "251"}, {"y": "61", "x": "254"}, {"y": "58", "x": "258"}, {"y": "55", "x": "262"}, {"y": "52", "x": "265"}, {"y": "48", "x": "269"}, {"y": "45", "x": "272"}, {"y": "42", "x": "276"}, {"y": "39", "x": "279"}, {"y": "35", "x": "283"}, {"y": "32", "x": "287"}, {"y": "29", "x": "290"}, {"y": "26", "x": "294"}, {"y": "22", "x": "297"}, {"y": "19", "x": "301"}, {"y": "16", "x": "305"}, {"y": "13", "x": "308"}, {"y": "9", "x": "312"}, {"y": "6", "x": "315"}, {"y": "3", "x": "319"}, {"y": "0", "x": "323"}], [{"y": "0", "x": "567"}, {"y": "3", "x": "567"}, {"y": "6", "x": "567"}, {"y": "9", "x": "568"}, {"y": "12", "x": "568"}, {"y": "15", "x": "568"}, {"y": "19", "x": "568"}, {"y": "22", "x": "568"}, {"y": "25", "x": "569"}, {"y": "28", "x": "569"}, {"y": "31", "x": "569"}, {"y": "34", "x": "569"}, {"y": "37", "x": "570"}, {"y": "41", "x": "570"}, {"y": "44", "x": "570"}, {"y": "47", "x": "570"}, {"y": "50", "x": "571"}, {"y": "53", "x": "571"}, {"y": "56", "x": "571"}, {"y": "60", "x": "571"}, {"y": "63", "x": "572"}, {"y": "66", "x": "572"}, {"y": "66", "x": "572"}, {"y": "66", "x": "572"}, {"y": "69", "x": "572"}, {"y": "72", "x": "572"}, {"y": "75", "x": "573"}, {"y": "78", "x": "573"}, {"y": "82", "x": "573"}, {"y": "85", "x": "573"}, {"y": "88", "x": "574"}, {"y": "91", "x": "574"}, {"y": "94", "x": "574"}, {"y": "97", "x": "575"}, {"y": "100", "x": "575"}, {"y": "104", "x": "575"}, {"y": "107", "x": "576"}, {"y": "110", "x": "576"}, {"y": "113", "x": "576"}, {"y": "116", "x": "576"}, {"y": "119", "x": "577"}, {"y": "122", "x": "577"}, {"y": "126", "x": "577"}, {"y": "129", "x": "578"}, {"y": "132", "x": "578"}, {"y": "135", "x": "578"}, {"y": "138", "x": "578"}, {"y": "141", "x": "579"}, {"y": "144", "x": "579"}, {"y": "148", "x": "579"}, {"y": "151", "x": "580"}, {"y": "154", "x": "580"}, {"y": "157", "x": "580"}, {"y": "160", "x": "580"}, {"y": "163", "x": "581"}, {"y": "163", "x": "581"}, {"y": "163", "x": "581"}, {"y": "166", "x": "581"}, {"y": "170", "x": "581"}, {"y": "173", "x": "582"}, {"y": "176", "x": "582"}, {"y": "179", "x": "582"}, {"y": "182", "x": "583"}, {"y": "185", "x": "583"}, {"y": "188", "x": "583"}, {"y": "191", "x": "583"}, {"y": "194", "x": "584"}, {"y": "197", "x": "584"}, {"y": "200", "x": "584"}, {"y": "203", "x": "585"}, {"y": "206", "x": "585"}, {"y": "210", "x": "585"}, {"y": "213", "x": "586"}, {"y": "216", "x": "586"}, {"y": "219", "x": "586"}, {"y": "222", "x": "587"}, {"y": "225", "x": "587"}, {"y": "228", "x": "587"}, {"y": "231", "x": "587"}, {"y": "234", "x": "588"}, {"y": "237", "x": "588"}, {"y": "240", "x": "588"}, {"y": "243", "x": "589"}, {"y": "247", "x": "589"}, {"y": "250", "x": "589"}, {"y": "253", "x": "590"}, {"y": "256", "x": "590"}, {"y": "259", "x": "590"}, {"y": "262", "x": "591"}, {"y": "265", "x": "591"}, {"y": "268", "x": "591"}, {"y": "271", "x": "591"}, {"y": "274", "x": "592"}, {"y": "277", "x": "592"}, {"y": "280", "x": "592"}, {"y": "284", "x": "593"}, {"y": "287", "x": "593"}, {"y": "287", "x": "593"}, {"y": "290", "x": "594"}, {"y": "293", "x": "594"}, {"y": "296", "x": "595"}, {"y": "300", "x": "596"}, {"y": "303", "x": "596"}, {"y": "306", "x": "597"}, {"y": "309", "x": "598"}, {"y": "313", "x": "599"}, {"y": "316", "x": "599"}, {"y": "319", "x": "600"}, {"y": "323", "x": "601"}, {"y": "326", "x": "601"}, {"y": "329", "x": "602"}, {"y": "332", "x": "603"}, {"y": "336", "x": "604"}, {"y": "339", "x": "604"}, {"y": "342", "x": "605"}, {"y": "345", "x": "606"}, {"y": "349", "x": "606"}, {"y": "352", "x": "607"}, {"y": "355", "x": "608"}, {"y": "359", "x": "608"}, {"y": "359", "x": "609"}]]}