{"Lines": [[{"y": "309", "x": "1"}, {"y": "309", "x": "1"}, {"y": "306", "x": "2"}, {"y": "303", "x": "4"}, {"y": "299", "x": "6"}, {"y": "296", "x": "7"}, {"y": "293", "x": "9"}, {"y": "290", "x": "11"}, {"y": "287", "x": "12"}, {"y": "284", "x": "14"}, {"y": "281", "x": "16"}, {"y": "278", "x": "17"}, {"y": "275", "x": "19"}, {"y": "272", "x": "21"}, {"y": "269", "x": "22"}, {"y": "266", "x": "24"}, {"y": "263", "x": "26"}, {"y": "260", "x": "27"}, {"y": "256", "x": "29"}, {"y": "253", "x": "31"}, {"y": "250", "x": "32"}, {"y": "247", "x": "34"}, {"y": "244", "x": "36"}, {"y": "241", "x": "37"}, {"y": "238", "x": "39"}, {"y": "235", "x": "41"}, {"y": "232", "x": "42"}, {"y": "229", "x": "44"}, {"y": "226", "x": "46"}, {"y": "223", "x": "47"}, {"y": "220", "x": "49"}, {"y": "217", "x": "51"}, {"y": "214", "x": "52"}, {"y": "210", "x": "54"}, {"y": "207", "x": "55"}, {"y": "204", "x": "57"}, {"y": "201", "x": "59"}, {"y": "198", "x": "60"}, {"y": "195", "x": "62"}, {"y": "192", "x": "64"}, {"y": "189", "x": "65"}, {"y": "186", "x": "67"}, {"y": "183", "x": "69"}, {"y": "180", "x": "70"}, {"y": "177", "x": "72"}, {"y": "174", "x": "74"}, {"y": "171", "x": "75"}, {"y": "167", "x": "77"}, {"y": "164", "x": "79"}, {"y": "161", "x": "80"}, {"y": "158", "x": "82"}, {"y": "155", "x": "84"}, {"y": "152", "x": "85"}, {"y": "149", "x": "87"}, {"y": "146", "x": "89"}, {"y": "143", "x": "90"}, {"y": "140", "x": "92"}, {"y": "137", "x": "94"}, {"y": "134", "x": "95"}, {"y": "131", "x": "97"}, {"y": "128", "x": "99"}, {"y": "124", "x": "100"}, {"y": "121", "x": "102"}, {"y": "118", "x": "104"}, {"y": "115", "x": "105"}, {"y": "112", "x": "107"}, {"y": "109", "x": "109"}, {"y": "106", "x": "110"}, {"y": "103", "x": "112"}, {"y": "100", "x": "114"}, {"y": "97", "x": "115"}, {"y": "94", "x": "117"}, {"y": "91", "x": "119"}, {"y": "88", "x": "120"}, {"y": "85", "x": "122"}, {"y": "82", "x": "124"}, {"y": "78", "x": "125"}, {"y": "78", "x": "125"}, {"y": "75", "x": "128"}, {"y": "72", "x": "130"}, {"y": "69", "x": "133"}, {"y": "66", "x": "135"}, {"y": "63", "x": "137"}, {"y": "60", "x": "140"}, {"y": "56", "x": "142"}, {"y": "53", "x": "145"}, {"y": "50", "x": "147"}, {"y": "47", "x": "150"}, {"y": "44", "x": "152"}, {"y": "41", "x": "155"}, {"y": "37", "x": "157"}, {"y": "34", "x": "160"}, {"y": "31", "x": "162"}, {"y": "28", "x": "164"}, {"y": "25", "x": "167"}, {"y": "22", "x": "169"}, {"y": "18", "x": "172"}, {"y": "15", "x": "174"}, {"y": "12", "x": "177"}, {"y": "9", "x": "179"}, {"y": "6", "x": "182"}, {"y": "3", "x": "184"}, {"y": "0", "x": "186"}, {"y": "0", "x": "187"}], [{"y": "1", "x": "437"}, {"y": "1", "x": "437"}, {"y": "5", "x": "438"}, {"y": "8", "x": "438"}, {"y": "11", "x": "438"}, {"y": "14", "x": "438"}, {"y": "17", "x": "439"}, {"y": "20", "x": "439"}, {"y": "24", "x": "439"}, {"y": "27", "x": "439"}, {"y": "30", "x": "439"}, {"y": "33", "x": "440"}, {"y": "36", "x": "440"}, {"y": "40", "x": "440"}, {"y": "43", "x": "440"}, {"y": "46", "x": "440"}, {"y": "49", "x": "441"}, {"y": "52", "x": "441"}, {"y": "55", "x": "441"}, {"y": "59", "x": "441"}, {"y": "62", "x": "441"}, {"y": "65", "x": "442"}, {"y": "68", "x": "442"}, {"y": "71", "x": "442"}, {"y": "75", "x": "442"}, {"y": "78", "x": "443"}, {"y": "81", "x": "443"}, {"y": "81", "x": "443"}, {"y": "84", "x": "444"}, {"y": "87", "x": "445"}, {"y": "90", "x": "447"}, {"y": "93", "x": "448"}, {"y": "96", "x": "450"}, {"y": "100", "x": "451"}, {"y": "103", "x": "452"}, {"y": "106", "x": "454"}, {"y": "109", "x": "455"}, {"y": "112", "x": "456"}, {"y": "115", "x": "458"}, {"y": "118", "x": "459"}, {"y": "121", "x": "460"}, {"y": "124", "x": "462"}, {"y": "127", "x": "463"}, {"y": "131", "x": "465"}, {"y": "134", "x": "466"}, {"y": "137", "x": "467"}, {"y": "140", "x": "469"}, {"y": "143", "x": "470"}, {"y": "146", "x": "471"}, {"y": "149", "x": "473"}, {"y": "152", "x": "474"}, {"y": "155", "x": "475"}, {"y": "159", "x": "477"}, {"y": "162", "x": "478"}, {"y": "165", "x": "480"}, {"y": "168", "x": "481"}, {"y": "171", "x": "482"}, {"y": "174", "x": "484"}, {"y": "177", "x": "485"}, {"y": "180", "x": "486"}, {"y": "183", "x": "488"}, {"y": "183", "x": "488"}, {"y": "186", "x": "489"}, {"y": "190", "x": "491"}, {"y": "193", "x": "492"}, {"y": "196", "x": "493"}, {"y": "199", "x": "495"}, {"y": "202", "x": "496"}, {"y": "205", "x": "498"}, {"y": "208", "x": "499"}, {"y": "211", "x": "501"}, {"y": "214", "x": "502"}, {"y": "217", "x": "503"}, {"y": "220", "x": "505"}, {"y": "223", "x": "506"}, {"y": "226", "x": "508"}, {"y": "229", "x": "509"}, {"y": "233", "x": "511"}, {"y": "236", "x": "512"}, {"y": "239", "x": "514"}, {"y": "242", "x": "515"}, {"y": "245", "x": "516"}, {"y": "248", "x": "518"}, {"y": "251", "x": "519"}, {"y": "254", "x": "521"}, {"y": "257", "x": "522"}, {"y": "260", "x": "524"}, {"y": "263", "x": "525"}, {"y": "266", "x": "526"}, {"y": "269", "x": "528"}, {"y": "272", "x": "529"}, {"y": "276", "x": "531"}, {"y": "279", "x": "532"}, {"y": "282", "x": "534"}, {"y": "285", "x": "535"}, {"y": "288", "x": "536"}, {"y": "291", "x": "538"}, {"y": "294", "x": "539"}, {"y": "297", "x": "541"}, {"y": "300", "x": "542"}, {"y": "303", "x": "544"}, {"y": "306", "x": "545"}, {"y": "309", "x": "547"}, {"y": "312", "x": "548"}, {"y": "315", "x": "549"}, {"y": "319", "x": "551"}, {"y": "322", "x": "552"}, {"y": "325", "x": "554"}, {"y": "328", "x": "555"}, {"y": "331", "x": "557"}, {"y": "334", "x": "558"}, {"y": "337", "x": "559"}, {"y": "340", "x": "561"}, {"y": "343", "x": "562"}, {"y": "346", "x": "564"}, {"y": "349", "x": "565"}, {"y": "352", "x": "567"}, {"y": "355", "x": "568"}, {"y": "359", "x": "570"}, {"y": "359", "x": "570"}]]}