{"Lines": [[{"y": "0", "x": "435"}, {"y": "0", "x": "435"}, {"y": "3", "x": "437"}, {"y": "6", "x": "439"}, {"y": "10", "x": "441"}, {"y": "13", "x": "442"}, {"y": "16", "x": "444"}, {"y": "19", "x": "446"}, {"y": "22", "x": "448"}, {"y": "25", "x": "449"}, {"y": "28", "x": "451"}, {"y": "31", "x": "453"}, {"y": "35", "x": "455"}, {"y": "38", "x": "456"}, {"y": "41", "x": "458"}, {"y": "44", "x": "460"}, {"y": "47", "x": "462"}, {"y": "50", "x": "463"}, {"y": "53", "x": "465"}, {"y": "57", "x": "467"}, {"y": "60", "x": "468"}, {"y": "63", "x": "470"}, {"y": "66", "x": "472"}, {"y": "69", "x": "474"}, {"y": "72", "x": "475"}, {"y": "75", "x": "477"}, {"y": "79", "x": "479"}, {"y": "82", "x": "481"}, {"y": "85", "x": "482"}, {"y": "88", "x": "484"}, {"y": "91", "x": "486"}, {"y": "94", "x": "488"}, {"y": "97", "x": "489"}, {"y": "101", "x": "491"}, {"y": "104", "x": "493"}, {"y": "107", "x": "495"}, {"y": "110", "x": "496"}, {"y": "113", "x": "498"}, {"y": "116", "x": "500"}, {"y": "119", "x": "502"}, {"y": "123", "x": "503"}, {"y": "126", "x": "505"}, {"y": "129", "x": "507"}, {"y": "132", "x": "508"}, {"y": "132", "x": "508"}, {"y": "132", "x": "508"}, {"y": "135", "x": "510"}, {"y": "138", "x": "512"}, {"y": "141", "x": "513"}, {"y": "144", "x": "515"}, {"y": "147", "x": "517"}, {"y": "150", "x": "518"}, {"y": "153", "x": "520"}, {"y": "156", "x": "522"}, {"y": "159", "x": "523"}, {"y": "163", "x": "525"}, {"y": "166", "x": "527"}, {"y": "169", "x": "528"}, {"y": "172", "x": "530"}, {"y": "175", "x": "532"}, {"y": "178", "x": "533"}, {"y": "181", "x": "535"}, {"y": "184", "x": "537"}, {"y": "187", "x": "538"}, {"y": "190", "x": "540"}, {"y": "193", "x": "542"}, {"y": "196", "x": "543"}, {"y": "199", "x": "545"}, {"y": "202", "x": "547"}, {"y": "205", "x": "548"}, {"y": "208", "x": "550"}, {"y": "212", "x": "552"}, {"y": "215", "x": "553"}, {"y": "218", "x": "555"}, {"y": "221", "x": "557"}, {"y": "224", "x": "558"}, {"y": "227", "x": "560"}, {"y": "230", "x": "562"}, {"y": "233", "x": "563"}, {"y": "236", "x": "565"}, {"y": "239", "x": "567"}, {"y": "242", "x": "568"}, {"y": "245", "x": "570"}, {"y": "248", "x": "572"}, {"y": "251", "x": "573"}, {"y": "254", "x": "575"}, {"y": "257", "x": "577"}, {"y": "261", "x": "578"}, {"y": "264", "x": "580"}, {"y": "267", "x": "582"}, {"y": "270", "x": "583"}, {"y": "273", "x": "585"}, {"y": "276", "x": "587"}, {"y": "279", "x": "588"}, {"y": "282", "x": "590"}, {"y": "285", "x": "592"}, {"y": "288", "x": "593"}, {"y": "291", "x": "595"}, {"y": "294", "x": "597"}, {"y": "297", "x": "598"}, {"y": "300", "x": "600"}, {"y": "303", "x": "602"}, {"y": "306", "x": "603"}, {"y": "310", "x": "605"}, {"y": "313", "x": "607"}, {"y": "316", "x": "608"}, {"y": "319", "x": "610"}, {"y": "322", "x": "612"}, {"y": "325", "x": "613"}, {"y": "328", "x": "615"}, {"y": "331", "x": "617"}, {"y": "334", "x": "618"}, {"y": "337", "x": "620"}, {"y": "340", "x": "622"}, {"y": "343", "x": "623"}, {"y": "346", "x": "625"}, {"y": "349", "x": "627"}, {"y": "352", "x": "628"}, {"y": "355", "x": "630"}, {"y": "359", "x": "632"}, {"y": "359", "x": "632"}], [{"y": "358", "x": "26"}, {"y": "358", "x": "26"}, {"y": "355", "x": "28"}, {"y": "352", "x": "29"}, {"y": "349", "x": "31"}, {"y": "346", "x": "32"}, {"y": "343", "x": "33"}, {"y": "340", "x": "35"}, {"y": "337", "x": "36"}, {"y": "334", "x": "38"}, {"y": "330", "x": "39"}, {"y": "327", "x": "40"}, {"y": "324", "x": "42"}, {"y": "321", "x": "43"}, {"y": "318", "x": "44"}, {"y": "315", "x": "46"}, {"y": "312", "x": "47"}, {"y": "309", "x": "49"}, {"y": "306", "x": "50"}, {"y": "303", "x": "51"}, {"y": "300", "x": "53"}, {"y": "297", "x": "54"}, {"y": "294", "x": "56"}, {"y": "291", "x": "57"}, {"y": "288", "x": "58"}, {"y": "285", "x": "60"}, {"y": "281", "x": "61"}, {"y": "278", "x": "63"}, {"y": "275", "x": "64"}, {"y": "272", "x": "65"}, {"y": "269", "x": "67"}, {"y": "266", "x": "68"}, {"y": "263", "x": "69"}, {"y": "260", "x": "71"}, {"y": "257", "x": "72"}, {"y": "254", "x": "74"}, {"y": "251", "x": "75"}, {"y": "248", "x": "76"}, {"y": "245", "x": "78"}, {"y": "242", "x": "79"}, {"y": "239", "x": "81"}, {"y": "235", "x": "82"}, {"y": "232", "x": "83"}, {"y": "229", "x": "85"}, {"y": "226", "x": "86"}, {"y": "223", "x": "88"}, {"y": "220", "x": "89"}, {"y": "217", "x": "90"}, {"y": "214", "x": "92"}, {"y": "211", "x": "93"}, {"y": "208", "x": "94"}, {"y": "205", "x": "96"}, {"y": "202", "x": "97"}, {"y": "199", "x": "99"}, {"y": "196", "x": "100"}, {"y": "193", "x": "101"}, {"y": "190", "x": "103"}, {"y": "186", "x": "104"}, {"y": "183", "x": "106"}, {"y": "180", "x": "107"}, {"y": "177", "x": "108"}, {"y": "174", "x": "110"}, {"y": "171", "x": "111"}, {"y": "168", "x": "113"}, {"y": "165", "x": "114"}, {"y": "162", "x": "115"}, {"y": "159", "x": "117"}, {"y": "156", "x": "118"}, {"y": "153", "x": "119"}, {"y": "153", "x": "119"}, {"y": "153", "x": "120"}, {"y": "150", "x": "121"}, {"y": "147", "x": "122"}, {"y": "144", "x": "124"}, {"y": "140", "x": "125"}, {"y": "137", "x": "126"}, {"y": "134", "x": "128"}, {"y": "131", "x": "129"}, {"y": "128", "x": "131"}, {"y": "125", "x": "132"}, {"y": "122", "x": "133"}, {"y": "119", "x": "135"}, {"y": "116", "x": "136"}, {"y": "113", "x": "137"}, {"y": "110", "x": "139"}, {"y": "107", "x": "140"}, {"y": "104", "x": "142"}, {"y": "101", "x": "143"}, {"y": "98", "x": "144"}, {"y": "95", "x": "146"}, {"y": "91", "x": "147"}, {"y": "88", "x": "148"}, {"y": "85", "x": "150"}, {"y": "82", "x": "151"}, {"y": "79", "x": "153"}, {"y": "76", "x": "154"}, {"y": "73", "x": "155"}, {"y": "70", "x": "157"}, {"y": "67", "x": "158"}, {"y": "64", "x": "160"}, {"y": "61", "x": "161"}, {"y": "58", "x": "162"}, {"y": "55", "x": "164"}, {"y": "52", "x": "165"}, {"y": "49", "x": "166"}, {"y": "45", "x": "168"}, {"y": "42", "x": "169"}, {"y": "39", "x": "171"}, {"y": "36", "x": "172"}, {"y": "33", "x": "173"}, {"y": "30", "x": "175"}, {"y": "27", "x": "176"}, {"y": "24", "x": "177"}, {"y": "21", "x": "179"}, {"y": "18", "x": "180"}, {"y": "15", "x": "182"}, {"y": "12", "x": "183"}, {"y": "9", "x": "184"}, {"y": "6", "x": "186"}, {"y": "3", "x": "187"}, {"y": "0", "x": "189"}, {"y": "0", "x": "189"}]]}