{"Lines": [[{"y": "357", "x": "0"}, {"y": "357", "x": "0"}, {"y": "354", "x": "2"}, {"y": "351", "x": "5"}, {"y": "348", "x": "8"}, {"y": "344", "x": "10"}, {"y": "341", "x": "13"}, {"y": "338", "x": "16"}, {"y": "335", "x": "18"}, {"y": "332", "x": "21"}, {"y": "329", "x": "24"}, {"y": "326", "x": "27"}, {"y": "323", "x": "29"}, {"y": "320", "x": "32"}, {"y": "317", "x": "35"}, {"y": "313", "x": "37"}, {"y": "310", "x": "40"}, {"y": "307", "x": "43"}, {"y": "304", "x": "45"}, {"y": "301", "x": "48"}, {"y": "298", "x": "51"}, {"y": "295", "x": "54"}, {"y": "292", "x": "56"}, {"y": "289", "x": "59"}, {"y": "286", "x": "62"}, {"y": "283", "x": "64"}, {"y": "279", "x": "67"}, {"y": "276", "x": "70"}, {"y": "273", "x": "72"}, {"y": "270", "x": "75"}, {"y": "267", "x": "78"}, {"y": "264", "x": "81"}, {"y": "261", "x": "83"}, {"y": "258", "x": "86"}, {"y": "255", "x": "89"}, {"y": "252", "x": "91"}, {"y": "248", "x": "94"}, {"y": "245", "x": "97"}, {"y": "242", "x": "99"}, {"y": "239", "x": "102"}, {"y": "236", "x": "105"}, {"y": "233", "x": "108"}, {"y": "230", "x": "110"}, {"y": "227", "x": "113"}, {"y": "224", "x": "116"}, {"y": "221", "x": "118"}, {"y": "218", "x": "121"}, {"y": "214", "x": "124"}, {"y": "211", "x": "126"}, {"y": "208", "x": "129"}, {"y": "205", "x": "132"}, {"y": "202", "x": "135"}, {"y": "199", "x": "137"}, {"y": "196", "x": "140"}, {"y": "193", "x": "143"}, {"y": "190", "x": "145"}, {"y": "187", "x": "148"}, {"y": "183", "x": "151"}, {"y": "180", "x": "153"}, {"y": "177", "x": "156"}, {"y": "174", "x": "159"}, {"y": "171", "x": "162"}, {"y": "171", "x": "162"}, {"y": "171", "x": "162"}, {"y": "168", "x": "165"}, {"y": "165", "x": "168"}, {"y": "162", "x": "171"}, {"y": "158", "x": "175"}, {"y": "155", "x": "178"}, {"y": "152", "x": "181"}, {"y": "149", "x": "185"}, {"y": "146", "x": "188"}, {"y": "142", "x": "191"}, {"y": "139", "x": "195"}, {"y": "136", "x": "198"}, {"y": "133", "x": "201"}, {"y": "130", "x": "204"}, {"y": "127", "x": "208"}, {"y": "123", "x": "211"}, {"y": "120", "x": "214"}, {"y": "117", "x": "218"}, {"y": "114", "x": "221"}, {"y": "111", "x": "224"}, {"y": "107", "x": "227"}, {"y": "104", "x": "231"}, {"y": "101", "x": "234"}, {"y": "98", "x": "237"}, {"y": "95", "x": "241"}, {"y": "92", "x": "244"}, {"y": "92", "x": "244"}, {"y": "92", "x": "244"}, {"y": "88", "x": "248"}, {"y": "85", "x": "251"}, {"y": "82", "x": "255"}, {"y": "79", "x": "259"}, {"y": "76", "x": "263"}, {"y": "72", "x": "266"}, {"y": "69", "x": "270"}, {"y": "66", "x": "274"}, {"y": "63", "x": "278"}, {"y": "60", "x": "281"}, {"y": "57", "x": "285"}, {"y": "53", "x": "289"}, {"y": "50", "x": "293"}, {"y": "47", "x": "296"}, {"y": "44", "x": "300"}, {"y": "41", "x": "304"}, {"y": "38", "x": "308"}, {"y": "34", "x": "311"}, {"y": "31", "x": "315"}, {"y": "28", "x": "319"}, {"y": "25", "x": "323"}, {"y": "22", "x": "326"}, {"y": "19", "x": "330"}, {"y": "15", "x": "334"}, {"y": "12", "x": "338"}, {"y": "9", "x": "341"}, {"y": "6", "x": "345"}, {"y": "3", "x": "349"}, {"y": "0", "x": "353"}, {"y": "0", "x": "353"}], [{"y": "146", "x": "594"}, {"y": "146", "x": "594"}, {"y": "143", "x": "594"}, {"y": "149", "x": "594"}, {"y": "140", "x": "594"}, {"y": "153", "x": "594"}, {"y": "137", "x": "594"}, {"y": "156", "x": "594"}, {"y": "133", "x": "595"}, {"y": "159", "x": "595"}, {"y": "130", "x": "595"}, {"y": "162", "x": "595"}, {"y": "127", "x": "595"}, {"y": "166", "x": "595"}, {"y": "124", "x": "595"}, {"y": "169", "x": "595"}, {"y": "120", "x": "595"}, {"y": "172", "x": "595"}, {"y": "117", "x": "595"}, {"y": "175", "x": "595"}, {"y": "114", "x": "595"}, {"y": "178", "x": "595"}, {"y": "111", "x": "595"}, {"y": "182", "x": "595"}, {"y": "107", "x": "595"}, {"y": "185", "x": "595"}, {"y": "104", "x": "595"}, {"y": "188", "x": "595"}, {"y": "101", "x": "595"}, {"y": "191", "x": "596"}, {"y": "98", "x": "596"}, {"y": "194", "x": "596"}, {"y": "95", "x": "596"}, {"y": "198", "x": "596"}, {"y": "91", "x": "596"}, {"y": "88", "x": "596"}, {"y": "201", "x": "596"}, {"y": "85", "x": "596"}, {"y": "204", "x": "596"}, {"y": "82", "x": "596"}, {"y": "207", "x": "596"}, {"y": "78", "x": "596"}, {"y": "211", "x": "596"}, {"y": "75", "x": "596"}, {"y": "214", "x": "596"}, {"y": "72", "x": "596"}, {"y": "217", "x": "596"}, {"y": "220", "x": "596"}, {"y": "223", "x": "596"}, {"y": "227", "x": "597"}, {"y": "230", "x": "597"}, {"y": "230", "x": "597"}, {"y": "230", "x": "597"}, {"y": "69", "x": "597"}, {"y": "233", "x": "597"}, {"y": "65", "x": "597"}, {"y": "236", "x": "598"}, {"y": "62", "x": "598"}, {"y": "239", "x": "598"}, {"y": "242", "x": "598"}, {"y": "59", "x": "598"}, {"y": "246", "x": "599"}, {"y": "56", "x": "599"}, {"y": "249", "x": "599"}, {"y": "53", "x": "599"}, {"y": "252", "x": "600"}, {"y": "49", "x": "600"}, {"y": "255", "x": "600"}, {"y": "46", "x": "601"}, {"y": "258", "x": "601"}, {"y": "261", "x": "601"}, {"y": "43", "x": "601"}, {"y": "264", "x": "601"}, {"y": "40", "x": "602"}, {"y": "268", "x": "602"}, {"y": "36", "x": "602"}, {"y": "271", "x": "602"}, {"y": "33", "x": "603"}, {"y": "274", "x": "603"}, {"y": "277", "x": "603"}, {"y": "30", "x": "603"}, {"y": "280", "x": "604"}, {"y": "27", "x": "604"}, {"y": "283", "x": "604"}, {"y": "24", "x": "604"}, {"y": "286", "x": "604"}, {"y": "20", "x": "605"}, {"y": "289", "x": "605"}, {"y": "293", "x": "605"}, {"y": "17", "x": "605"}, {"y": "296", "x": "606"}, {"y": "14", "x": "606"}, {"y": "299", "x": "606"}, {"y": "11", "x": "606"}, {"y": "302", "x": "607"}, {"y": "7", "x": "607"}, {"y": "305", "x": "607"}, {"y": "308", "x": "608"}, {"y": "4", "x": "608"}, {"y": "311", "x": "608"}, {"y": "1", "x": "608"}, {"y": "1", "x": "608"}, {"y": "315", "x": "608"}, {"y": "318", "x": "609"}, {"y": "321", "x": "609"}, {"y": "324", "x": "610"}, {"y": "327", "x": "610"}, {"y": "330", "x": "611"}, {"y": "333", "x": "611"}, {"y": "337", "x": "611"}, {"y": "340", "x": "612"}, {"y": "343", "x": "612"}, {"y": "346", "x": "613"}, {"y": "349", "x": "613"}, {"y": "352", "x": "614"}, {"y": "355", "x": "614"}, {"y": "359", "x": "614"}, {"y": "359", "x": "615"}]]}