{"Lines": [[{"y": "7", "x": "545"}, {"y": "10", "x": "546"}, {"y": "13", "x": "547"}, {"y": "16", "x": "548"}, {"y": "19", "x": "549"}, {"y": "23", "x": "550"}, {"y": "26", "x": "551"}, {"y": "29", "x": "552"}, {"y": "32", "x": "553"}, {"y": "36", "x": "555"}, {"y": "39", "x": "556"}, {"y": "42", "x": "557"}, {"y": "45", "x": "558"}, {"y": "48", "x": "559"}, {"y": "52", "x": "560"}, {"y": "55", "x": "561"}, {"y": "58", "x": "562"}, {"y": "61", "x": "563"}, {"y": "65", "x": "564"}, {"y": "68", "x": "565"}, {"y": "71", "x": "566"}, {"y": "74", "x": "567"}, {"y": "77", "x": "569"}, {"y": "81", "x": "570"}, {"y": "84", "x": "571"}, {"y": "87", "x": "572"}, {"y": "87", "x": "572"}, {"y": "87", "x": "572"}, {"y": "90", "x": "573"}, {"y": "93", "x": "574"}, {"y": "96", "x": "574"}, {"y": "99", "x": "575"}, {"y": "102", "x": "576"}, {"y": "105", "x": "577"}, {"y": "108", "x": "578"}, {"y": "111", "x": "579"}, {"y": "115", "x": "580"}, {"y": "118", "x": "581"}, {"y": "121", "x": "582"}, {"y": "124", "x": "582"}, {"y": "127", "x": "583"}, {"y": "130", "x": "584"}, {"y": "133", "x": "585"}, {"y": "136", "x": "586"}, {"y": "139", "x": "587"}, {"y": "142", "x": "588"}, {"y": "145", "x": "589"}, {"y": "148", "x": "590"}, {"y": "151", "x": "591"}, {"y": "154", "x": "591"}, {"y": "157", "x": "592"}, {"y": "160", "x": "593"}, {"y": "163", "x": "594"}, {"y": "166", "x": "595"}, {"y": "170", "x": "596"}, {"y": "173", "x": "597"}, {"y": "176", "x": "598"}, {"y": "179", "x": "599"}, {"y": "182", "x": "599"}, {"y": "185", "x": "600"}, {"y": "188", "x": "601"}, {"y": "191", "x": "602"}, {"y": "194", "x": "603"}, {"y": "197", "x": "604"}, {"y": "200", "x": "605"}, {"y": "203", "x": "606"}, {"y": "206", "x": "607"}, {"y": "209", "x": "607"}, {"y": "212", "x": "608"}, {"y": "215", "x": "609"}, {"y": "218", "x": "610"}, {"y": "221", "x": "611"}, {"y": "225", "x": "612"}, {"y": "228", "x": "613"}, {"y": "231", "x": "614"}, {"y": "234", "x": "615"}, {"y": "237", "x": "616"}, {"y": "240", "x": "616"}, {"y": "243", "x": "617"}, {"y": "246", "x": "618"}, {"y": "249", "x": "619"}, {"y": "252", "x": "620"}, {"y": "255", "x": "621"}, {"y": "258", "x": "622"}, {"y": "261", "x": "623"}, {"y": "264", "x": "624"}, {"y": "267", "x": "624"}, {"y": "270", "x": "625"}, {"y": "273", "x": "626"}, {"y": "276", "x": "627"}, {"y": "280", "x": "628"}, {"y": "283", "x": "629"}, {"y": "286", "x": "630"}, {"y": "289", "x": "631"}, {"y": "292", "x": "632"}, {"y": "295", "x": "633"}, {"y": "298", "x": "633"}, {"y": "301", "x": "634"}, {"y": "304", "x": "635"}, {"y": "307", "x": "636"}, {"y": "310", "x": "637"}, {"y": "313", "x": "638"}, {"y": "313", "x": "638"}]]}