{"Lines": [[{"y": "359", "x": "6"}, {"y": "359", "x": "7"}, {"y": "355", "x": "8"}, {"y": "352", "x": "9"}, {"y": "349", "x": "10"}, {"y": "346", "x": "12"}, {"y": "343", "x": "13"}, {"y": "340", "x": "14"}, {"y": "337", "x": "15"}, {"y": "334", "x": "17"}, {"y": "331", "x": "18"}, {"y": "327", "x": "19"}, {"y": "324", "x": "20"}, {"y": "321", "x": "22"}, {"y": "318", "x": "23"}, {"y": "315", "x": "24"}, {"y": "312", "x": "26"}, {"y": "309", "x": "27"}, {"y": "306", "x": "28"}, {"y": "303", "x": "29"}, {"y": "299", "x": "31"}, {"y": "296", "x": "32"}, {"y": "293", "x": "33"}, {"y": "290", "x": "34"}, {"y": "287", "x": "36"}, {"y": "284", "x": "37"}, {"y": "281", "x": "38"}, {"y": "278", "x": "40"}, {"y": "275", "x": "41"}, {"y": "271", "x": "42"}, {"y": "268", "x": "43"}, {"y": "265", "x": "45"}, {"y": "262", "x": "46"}, {"y": "259", "x": "47"}, {"y": "256", "x": "48"}, {"y": "253", "x": "50"}, {"y": "250", "x": "51"}, {"y": "247", "x": "52"}, {"y": "243", "x": "54"}, {"y": "240", "x": "55"}, {"y": "237", "x": "56"}, {"y": "234", "x": "57"}, {"y": "231", "x": "59"}, {"y": "228", "x": "60"}, {"y": "225", "x": "61"}, {"y": "222", "x": "62"}, {"y": "219", "x": "64"}, {"y": "215", "x": "65"}, {"y": "212", "x": "66"}, {"y": "209", "x": "67"}, {"y": "206", "x": "69"}, {"y": "203", "x": "70"}, {"y": "200", "x": "71"}, {"y": "197", "x": "73"}, {"y": "197", "x": "73"}, {"y": "197", "x": "73"}, {"y": "194", "x": "74"}, {"y": "191", "x": "75"}, {"y": "188", "x": "77"}, {"y": "185", "x": "78"}, {"y": "181", "x": "79"}, {"y": "178", "x": "81"}, {"y": "175", "x": "82"}, {"y": "172", "x": "84"}, {"y": "169", "x": "85"}, {"y": "166", "x": "86"}, {"y": "163", "x": "88"}, {"y": "160", "x": "89"}, {"y": "157", "x": "90"}, {"y": "154", "x": "92"}, {"y": "151", "x": "93"}, {"y": "148", "x": "95"}, {"y": "145", "x": "96"}, {"y": "141", "x": "97"}, {"y": "138", "x": "99"}, {"y": "135", "x": "100"}, {"y": "132", "x": "101"}, {"y": "129", "x": "103"}, {"y": "126", "x": "104"}, {"y": "123", "x": "106"}, {"y": "120", "x": "107"}, {"y": "117", "x": "108"}, {"y": "114", "x": "110"}, {"y": "111", "x": "111"}, {"y": "108", "x": "113"}, {"y": "105", "x": "114"}, {"y": "102", "x": "115"}, {"y": "98", "x": "117"}, {"y": "95", "x": "118"}, {"y": "92", "x": "119"}, {"y": "89", "x": "121"}, {"y": "86", "x": "122"}, {"y": "83", "x": "124"}, {"y": "80", "x": "125"}, {"y": "77", "x": "126"}, {"y": "74", "x": "128"}, {"y": "71", "x": "129"}, {"y": "68", "x": "130"}, {"y": "65", "x": "132"}, {"y": "62", "x": "133"}, {"y": "58", "x": "135"}, {"y": "55", "x": "136"}, {"y": "52", "x": "137"}, {"y": "49", "x": "139"}, {"y": "46", "x": "140"}, {"y": "43", "x": "141"}, {"y": "40", "x": "143"}, {"y": "37", "x": "144"}, {"y": "34", "x": "146"}, {"y": "31", "x": "147"}, {"y": "28", "x": "148"}, {"y": "25", "x": "150"}, {"y": "22", "x": "151"}, {"y": "19", "x": "152"}, {"y": "15", "x": "154"}, {"y": "12", "x": "155"}, {"y": "9", "x": "157"}, {"y": "6", "x": "158"}, {"y": "3", "x": "159"}, {"y": "0", "x": "161"}, {"y": "0", "x": "161"}], [{"y": "1", "x": "405"}, {"y": "4", "x": "407"}, {"y": "7", "x": "409"}, {"y": "10", "x": "410"}, {"y": "13", "x": "412"}, {"y": "16", "x": "414"}, {"y": "19", "x": "416"}, {"y": "22", "x": "417"}, {"y": "25", "x": "419"}, {"y": "28", "x": "421"}, {"y": "31", "x": "423"}, {"y": "34", "x": "424"}, {"y": "37", "x": "426"}, {"y": "40", "x": "428"}, {"y": "43", "x": "430"}, {"y": "46", "x": "431"}, {"y": "49", "x": "433"}, {"y": "53", "x": "435"}, {"y": "56", "x": "436"}, {"y": "59", "x": "438"}, {"y": "62", "x": "440"}, {"y": "65", "x": "442"}, {"y": "68", "x": "443"}, {"y": "71", "x": "445"}, {"y": "74", "x": "447"}, {"y": "77", "x": "449"}, {"y": "80", "x": "450"}, {"y": "83", "x": "452"}, {"y": "86", "x": "454"}, {"y": "89", "x": "456"}, {"y": "92", "x": "457"}, {"y": "95", "x": "459"}, {"y": "98", "x": "461"}, {"y": "102", "x": "463"}, {"y": "105", "x": "464"}, {"y": "108", "x": "466"}, {"y": "111", "x": "468"}, {"y": "114", "x": "470"}, {"y": "117", "x": "471"}, {"y": "120", "x": "473"}, {"y": "123", "x": "475"}, {"y": "126", "x": "476"}, {"y": "129", "x": "478"}, {"y": "132", "x": "480"}, {"y": "135", "x": "482"}, {"y": "138", "x": "483"}, {"y": "141", "x": "485"}, {"y": "144", "x": "487"}, {"y": "147", "x": "489"}, {"y": "151", "x": "490"}, {"y": "154", "x": "492"}, {"y": "157", "x": "494"}, {"y": "160", "x": "496"}, {"y": "163", "x": "497"}, {"y": "166", "x": "499"}, {"y": "169", "x": "501"}, {"y": "172", "x": "503"}, {"y": "175", "x": "504"}, {"y": "178", "x": "506"}, {"y": "181", "x": "508"}, {"y": "184", "x": "509"}, {"y": "187", "x": "511"}, {"y": "190", "x": "513"}, {"y": "190", "x": "513"}, {"y": "193", "x": "515"}, {"y": "196", "x": "517"}, {"y": "199", "x": "518"}, {"y": "203", "x": "520"}, {"y": "206", "x": "522"}, {"y": "209", "x": "524"}, {"y": "212", "x": "526"}, {"y": "215", "x": "527"}, {"y": "218", "x": "529"}, {"y": "221", "x": "531"}, {"y": "224", "x": "533"}, {"y": "227", "x": "534"}, {"y": "230", "x": "536"}, {"y": "233", "x": "538"}, {"y": "236", "x": "540"}, {"y": "239", "x": "542"}, {"y": "242", "x": "543"}, {"y": "245", "x": "545"}, {"y": "248", "x": "547"}, {"y": "251", "x": "549"}, {"y": "255", "x": "551"}, {"y": "258", "x": "552"}, {"y": "261", "x": "554"}, {"y": "264", "x": "556"}, {"y": "267", "x": "558"}, {"y": "270", "x": "560"}, {"y": "273", "x": "561"}, {"y": "276", "x": "563"}, {"y": "279", "x": "565"}, {"y": "282", "x": "567"}, {"y": "285", "x": "569"}, {"y": "288", "x": "570"}, {"y": "291", "x": "572"}, {"y": "294", "x": "574"}, {"y": "297", "x": "576"}, {"y": "300", "x": "577"}, {"y": "303", "x": "579"}, {"y": "307", "x": "581"}, {"y": "310", "x": "583"}, {"y": "313", "x": "585"}, {"y": "316", "x": "586"}, {"y": "319", "x": "588"}, {"y": "322", "x": "590"}, {"y": "325", "x": "592"}, {"y": "328", "x": "594"}, {"y": "331", "x": "595"}, {"y": "334", "x": "597"}, {"y": "337", "x": "599"}, {"y": "340", "x": "601"}, {"y": "343", "x": "603"}, {"y": "346", "x": "604"}, {"y": "349", "x": "606"}, {"y": "352", "x": "608"}, {"y": "355", "x": "610"}, {"y": "359", "x": "612"}, {"y": "359", "x": "612"}]]}