{"Lines": [[{"y": "1", "x": "433"}, {"y": "1", "x": "433"}, {"y": "5", "x": "434"}, {"y": "8", "x": "436"}, {"y": "11", "x": "437"}, {"y": "15", "x": "439"}, {"y": "18", "x": "440"}, {"y": "21", "x": "442"}, {"y": "24", "x": "444"}, {"y": "28", "x": "445"}, {"y": "31", "x": "447"}, {"y": "34", "x": "448"}, {"y": "38", "x": "450"}, {"y": "41", "x": "451"}, {"y": "44", "x": "453"}, {"y": "48", "x": "454"}, {"y": "51", "x": "456"}, {"y": "54", "x": "458"}, {"y": "58", "x": "459"}, {"y": "61", "x": "461"}, {"y": "61", "x": "461"}, {"y": "64", "x": "462"}, {"y": "67", "x": "464"}, {"y": "71", "x": "465"}, {"y": "74", "x": "467"}, {"y": "77", "x": "468"}, {"y": "80", "x": "470"}, {"y": "84", "x": "472"}, {"y": "87", "x": "473"}, {"y": "90", "x": "475"}, {"y": "94", "x": "476"}, {"y": "97", "x": "478"}, {"y": "100", "x": "479"}, {"y": "103", "x": "481"}, {"y": "107", "x": "482"}, {"y": "110", "x": "484"}, {"y": "113", "x": "486"}, {"y": "116", "x": "487"}, {"y": "120", "x": "489"}, {"y": "123", "x": "490"}, {"y": "126", "x": "492"}, {"y": "129", "x": "493"}, {"y": "129", "x": "493"}, {"y": "133", "x": "495"}, {"y": "136", "x": "496"}, {"y": "139", "x": "498"}, {"y": "142", "x": "499"}, {"y": "145", "x": "501"}, {"y": "149", "x": "502"}, {"y": "152", "x": "504"}, {"y": "155", "x": "505"}, {"y": "158", "x": "507"}, {"y": "161", "x": "508"}, {"y": "164", "x": "510"}, {"y": "168", "x": "511"}, {"y": "171", "x": "513"}, {"y": "174", "x": "514"}, {"y": "177", "x": "516"}, {"y": "180", "x": "517"}, {"y": "183", "x": "519"}, {"y": "187", "x": "520"}, {"y": "190", "x": "522"}, {"y": "193", "x": "523"}, {"y": "196", "x": "525"}, {"y": "199", "x": "526"}, {"y": "202", "x": "528"}, {"y": "206", "x": "529"}, {"y": "209", "x": "531"}, {"y": "212", "x": "532"}, {"y": "215", "x": "534"}, {"y": "218", "x": "535"}, {"y": "222", "x": "537"}, {"y": "225", "x": "538"}, {"y": "228", "x": "539"}, {"y": "228", "x": "540"}, {"y": "228", "x": "540"}, {"y": "231", "x": "541"}, {"y": "234", "x": "542"}, {"y": "237", "x": "544"}, {"y": "240", "x": "545"}, {"y": "243", "x": "547"}, {"y": "246", "x": "548"}, {"y": "250", "x": "549"}, {"y": "253", "x": "551"}, {"y": "256", "x": "552"}, {"y": "259", "x": "554"}, {"y": "262", "x": "555"}, {"y": "265", "x": "556"}, {"y": "268", "x": "558"}, {"y": "271", "x": "559"}, {"y": "274", "x": "561"}, {"y": "277", "x": "562"}, {"y": "281", "x": "563"}, {"y": "284", "x": "565"}, {"y": "287", "x": "566"}, {"y": "290", "x": "568"}, {"y": "293", "x": "569"}, {"y": "296", "x": "571"}, {"y": "299", "x": "572"}, {"y": "302", "x": "573"}, {"y": "305", "x": "575"}, {"y": "308", "x": "576"}, {"y": "312", "x": "578"}, {"y": "315", "x": "579"}, {"y": "318", "x": "580"}, {"y": "321", "x": "582"}, {"y": "324", "x": "583"}, {"y": "327", "x": "585"}, {"y": "330", "x": "586"}, {"y": "333", "x": "587"}, {"y": "336", "x": "589"}, {"y": "339", "x": "590"}, {"y": "343", "x": "592"}, {"y": "346", "x": "593"}, {"y": "349", "x": "594"}, {"y": "352", "x": "596"}, {"y": "355", "x": "597"}, {"y": "358", "x": "599"}, {"y": "358", "x": "599"}], [{"y": "353", "x": "0"}, {"y": "353", "x": "0"}, {"y": "350", "x": "1"}, {"y": "347", "x": "2"}, {"y": "344", "x": "3"}, {"y": "340", "x": "4"}, {"y": "337", "x": "6"}, {"y": "334", "x": "7"}, {"y": "331", "x": "8"}, {"y": "328", "x": "9"}, {"y": "325", "x": "11"}, {"y": "321", "x": "12"}, {"y": "318", "x": "13"}, {"y": "315", "x": "14"}, {"y": "312", "x": "16"}, {"y": "309", "x": "17"}, {"y": "305", "x": "18"}, {"y": "302", "x": "19"}, {"y": "299", "x": "21"}, {"y": "296", "x": "22"}, {"y": "293", "x": "23"}, {"y": "293", "x": "23"}, {"y": "293", "x": "23"}, {"y": "290", "x": "24"}, {"y": "287", "x": "24"}, {"y": "283", "x": "24"}, {"y": "280", "x": "25"}, {"y": "277", "x": "25"}, {"y": "274", "x": "26"}, {"y": "271", "x": "26"}, {"y": "268", "x": "26"}, {"y": "265", "x": "27"}, {"y": "262", "x": "27"}, {"y": "259", "x": "28"}, {"y": "256", "x": "28"}, {"y": "253", "x": "28"}, {"y": "249", "x": "29"}, {"y": "246", "x": "29"}, {"y": "8", "x": "29"}, {"y": "243", "x": "30"}, {"y": "240", "x": "30"}, {"y": "12", "x": "30"}, {"y": "237", "x": "30"}, {"y": "234", "x": "31"}, {"y": "231", "x": "31"}, {"y": "15", "x": "31"}, {"y": "228", "x": "32"}, {"y": "225", "x": "32"}, {"y": "18", "x": "32"}, {"y": "222", "x": "32"}, {"y": "219", "x": "33"}, {"y": "215", "x": "33"}, {"y": "21", "x": "33"}, {"y": "212", "x": "34"}, {"y": "209", "x": "34"}, {"y": "25", "x": "34"}, {"y": "206", "x": "34"}, {"y": "203", "x": "35"}, {"y": "28", "x": "35"}, {"y": "200", "x": "35"}, {"y": "197", "x": "35"}, {"y": "194", "x": "36"}, {"y": "31", "x": "36"}, {"y": "191", "x": "36"}, {"y": "188", "x": "37"}, {"y": "35", "x": "37"}, {"y": "184", "x": "37"}, {"y": "181", "x": "37"}, {"y": "178", "x": "38"}, {"y": "38", "x": "38"}, {"y": "175", "x": "38"}, {"y": "175", "x": "38"}, {"y": "175", "x": "38"}, {"y": "172", "x": "39"}, {"y": "169", "x": "39"}, {"y": "41", "x": "39"}, {"y": "165", "x": "39"}, {"y": "162", "x": "39"}, {"y": "159", "x": "40"}, {"y": "44", "x": "40"}, {"y": "155", "x": "40"}, {"y": "152", "x": "40"}, {"y": "149", "x": "40"}, {"y": "146", "x": "41"}, {"y": "48", "x": "41"}, {"y": "142", "x": "41"}, {"y": "139", "x": "41"}, {"y": "136", "x": "42"}, {"y": "51", "x": "42"}, {"y": "132", "x": "42"}, {"y": "129", "x": "42"}, {"y": "126", "x": "42"}, {"y": "123", "x": "43"}, {"y": "54", "x": "43"}, {"y": "119", "x": "43"}, {"y": "116", "x": "43"}, {"y": "116", "x": "43"}, {"y": "116", "x": "43"}, {"y": "113", "x": "43"}, {"y": "110", "x": "43"}, {"y": "106", "x": "44"}, {"y": "58", "x": "44"}, {"y": "103", "x": "44"}, {"y": "100", "x": "44"}, {"y": "97", "x": "44"}, {"y": "93", "x": "44"}, {"y": "90", "x": "44"}, {"y": "87", "x": "45"}, {"y": "61", "x": "45"}, {"y": "84", "x": "45"}, {"y": "80", "x": "45"}, {"y": "77", "x": "45"}, {"y": "74", "x": "45"}, {"y": "71", "x": "45"}, {"y": "67", "x": "45"}, {"y": "64", "x": "46"}, {"y": "64", "x": "46"}]]}