{"Lines": [[{"y": "359", "x": "25"}, {"y": "359", "x": "25"}, {"y": "355", "x": "26"}, {"y": "352", "x": "28"}, {"y": "349", "x": "29"}, {"y": "346", "x": "31"}, {"y": "343", "x": "32"}, {"y": "340", "x": "34"}, {"y": "337", "x": "35"}, {"y": "334", "x": "37"}, {"y": "331", "x": "38"}, {"y": "328", "x": "40"}, {"y": "325", "x": "41"}, {"y": "322", "x": "43"}, {"y": "318", "x": "44"}, {"y": "315", "x": "46"}, {"y": "312", "x": "47"}, {"y": "309", "x": "49"}, {"y": "306", "x": "50"}, {"y": "303", "x": "52"}, {"y": "300", "x": "53"}, {"y": "297", "x": "55"}, {"y": "294", "x": "56"}, {"y": "291", "x": "58"}, {"y": "288", "x": "59"}, {"y": "285", "x": "61"}, {"y": "282", "x": "62"}, {"y": "278", "x": "64"}, {"y": "275", "x": "65"}, {"y": "272", "x": "67"}, {"y": "269", "x": "68"}, {"y": "266", "x": "70"}, {"y": "263", "x": "71"}, {"y": "260", "x": "73"}, {"y": "257", "x": "74"}, {"y": "254", "x": "76"}, {"y": "251", "x": "77"}, {"y": "248", "x": "79"}, {"y": "245", "x": "80"}, {"y": "241", "x": "82"}, {"y": "238", "x": "83"}, {"y": "235", "x": "85"}, {"y": "232", "x": "86"}, {"y": "229", "x": "88"}, {"y": "226", "x": "89"}, {"y": "223", "x": "91"}, {"y": "220", "x": "92"}, {"y": "217", "x": "94"}, {"y": "214", "x": "95"}, {"y": "211", "x": "97"}, {"y": "208", "x": "98"}, {"y": "205", "x": "100"}, {"y": "201", "x": "101"}, {"y": "198", "x": "103"}, {"y": "195", "x": "104"}, {"y": "192", "x": "106"}, {"y": "189", "x": "108"}, {"y": "186", "x": "109"}, {"y": "183", "x": "111"}, {"y": "183", "x": "111"}, {"y": "183", "x": "111"}, {"y": "180", "x": "112"}, {"y": "177", "x": "114"}, {"y": "173", "x": "116"}, {"y": "170", "x": "118"}, {"y": "167", "x": "120"}, {"y": "164", "x": "122"}, {"y": "161", "x": "124"}, {"y": "158", "x": "126"}, {"y": "154", "x": "128"}, {"y": "151", "x": "130"}, {"y": "148", "x": "132"}, {"y": "145", "x": "134"}, {"y": "142", "x": "136"}, {"y": "139", "x": "138"}, {"y": "135", "x": "140"}, {"y": "132", "x": "142"}, {"y": "129", "x": "144"}, {"y": "126", "x": "146"}, {"y": "123", "x": "148"}, {"y": "120", "x": "149"}, {"y": "116", "x": "151"}, {"y": "113", "x": "153"}, {"y": "110", "x": "155"}, {"y": "107", "x": "157"}, {"y": "104", "x": "159"}, {"y": "100", "x": "161"}, {"y": "100", "x": "161"}, {"y": "100", "x": "161"}, {"y": "97", "x": "163"}, {"y": "94", "x": "164"}, {"y": "91", "x": "166"}, {"y": "88", "x": "167"}, {"y": "84", "x": "169"}, {"y": "81", "x": "170"}, {"y": "78", "x": "172"}, {"y": "75", "x": "173"}, {"y": "71", "x": "175"}, {"y": "68", "x": "176"}, {"y": "65", "x": "178"}, {"y": "62", "x": "179"}, {"y": "58", "x": "181"}, {"y": "55", "x": "182"}, {"y": "52", "x": "184"}, {"y": "49", "x": "185"}, {"y": "45", "x": "187"}, {"y": "42", "x": "188"}, {"y": "39", "x": "190"}, {"y": "39", "x": "190"}, {"y": "39", "x": "190"}, {"y": "35", "x": "190"}, {"y": "32", "x": "190"}, {"y": "29", "x": "191"}, {"y": "25", "x": "191"}, {"y": "22", "x": "191"}, {"y": "18", "x": "192"}, {"y": "15", "x": "192"}, {"y": "11", "x": "192"}, {"y": "8", "x": "193"}, {"y": "4", "x": "193"}, {"y": "1", "x": "193"}, {"y": "1", "x": "193"}], [{"y": "1", "x": "439"}, {"y": "4", "x": "441"}, {"y": "8", "x": "443"}, {"y": "11", "x": "445"}, {"y": "14", "x": "447"}, {"y": "17", "x": "450"}, {"y": "20", "x": "452"}, {"y": "23", "x": "454"}, {"y": "27", "x": "456"}, {"y": "30", "x": "458"}, {"y": "33", "x": "460"}, {"y": "36", "x": "462"}, {"y": "39", "x": "464"}, {"y": "42", "x": "466"}, {"y": "45", "x": "468"}, {"y": "49", "x": "470"}, {"y": "52", "x": "472"}, {"y": "55", "x": "475"}, {"y": "58", "x": "477"}, {"y": "61", "x": "479"}, {"y": "64", "x": "481"}, {"y": "67", "x": "483"}, {"y": "71", "x": "485"}, {"y": "74", "x": "487"}, {"y": "77", "x": "489"}, {"y": "80", "x": "491"}, {"y": "83", "x": "493"}, {"y": "86", "x": "495"}, {"y": "89", "x": "497"}, {"y": "89", "x": "497"}, {"y": "93", "x": "499"}, {"y": "96", "x": "500"}, {"y": "99", "x": "501"}, {"y": "102", "x": "502"}, {"y": "106", "x": "503"}, {"y": "109", "x": "505"}, {"y": "112", "x": "506"}, {"y": "115", "x": "507"}, {"y": "118", "x": "508"}, {"y": "122", "x": "509"}, {"y": "125", "x": "510"}, {"y": "128", "x": "512"}, {"y": "131", "x": "513"}, {"y": "135", "x": "514"}, {"y": "138", "x": "515"}, {"y": "141", "x": "516"}, {"y": "144", "x": "518"}, {"y": "147", "x": "519"}, {"y": "151", "x": "520"}, {"y": "151", "x": "520"}, {"y": "154", "x": "521"}, {"y": "157", "x": "522"}, {"y": "160", "x": "524"}, {"y": "163", "x": "525"}, {"y": "166", "x": "526"}, {"y": "170", "x": "528"}, {"y": "173", "x": "529"}, {"y": "176", "x": "530"}, {"y": "179", "x": "531"}, {"y": "182", "x": "533"}, {"y": "185", "x": "534"}, {"y": "189", "x": "535"}, {"y": "192", "x": "536"}, {"y": "195", "x": "538"}, {"y": "198", "x": "539"}, {"y": "201", "x": "540"}, {"y": "204", "x": "542"}, {"y": "208", "x": "543"}, {"y": "211", "x": "544"}, {"y": "214", "x": "545"}, {"y": "217", "x": "547"}, {"y": "220", "x": "548"}, {"y": "223", "x": "549"}, {"y": "226", "x": "550"}, {"y": "230", "x": "552"}, {"y": "233", "x": "553"}, {"y": "233", "x": "553"}, {"y": "236", "x": "555"}, {"y": "239", "x": "557"}, {"y": "242", "x": "559"}, {"y": "245", "x": "561"}, {"y": "249", "x": "563"}, {"y": "252", "x": "565"}, {"y": "255", "x": "567"}, {"y": "258", "x": "569"}, {"y": "261", "x": "571"}, {"y": "264", "x": "573"}, {"y": "267", "x": "575"}, {"y": "271", "x": "577"}, {"y": "274", "x": "579"}, {"y": "277", "x": "581"}, {"y": "280", "x": "583"}, {"y": "283", "x": "585"}, {"y": "286", "x": "587"}, {"y": "290", "x": "589"}, {"y": "293", "x": "591"}, {"y": "296", "x": "593"}, {"y": "299", "x": "595"}, {"y": "302", "x": "597"}, {"y": "305", "x": "599"}, {"y": "305", "x": "599"}, {"y": "309", "x": "602"}, {"y": "312", "x": "604"}, {"y": "315", "x": "607"}, {"y": "318", "x": "609"}, {"y": "322", "x": "612"}, {"y": "325", "x": "614"}, {"y": "328", "x": "617"}, {"y": "332", "x": "619"}, {"y": "335", "x": "622"}, {"y": "338", "x": "624"}, {"y": "341", "x": "627"}, {"y": "345", "x": "629"}, {"y": "348", "x": "632"}, {"y": "351", "x": "635"}, {"y": "354", "x": "637"}, {"y": "354", "x": "637"}]]}