{"Lines": [[{"y": "307", "x": "0"}, {"y": "307", "x": "0"}, {"y": "304", "x": "3"}, {"y": "300", "x": "6"}, {"y": "297", "x": "9"}, {"y": "294", "x": "11"}, {"y": "291", "x": "14"}, {"y": "288", "x": "17"}, {"y": "285", "x": "20"}, {"y": "282", "x": "22"}, {"y": "279", "x": "25"}, {"y": "276", "x": "28"}, {"y": "272", "x": "31"}, {"y": "269", "x": "34"}, {"y": "266", "x": "36"}, {"y": "263", "x": "39"}, {"y": "260", "x": "42"}, {"y": "257", "x": "45"}, {"y": "254", "x": "47"}, {"y": "251", "x": "50"}, {"y": "248", "x": "53"}, {"y": "244", "x": "56"}, {"y": "241", "x": "58"}, {"y": "238", "x": "61"}, {"y": "235", "x": "64"}, {"y": "232", "x": "67"}, {"y": "229", "x": "70"}, {"y": "226", "x": "72"}, {"y": "223", "x": "75"}, {"y": "220", "x": "78"}, {"y": "216", "x": "81"}, {"y": "213", "x": "83"}, {"y": "210", "x": "86"}, {"y": "207", "x": "89"}, {"y": "204", "x": "92"}, {"y": "201", "x": "95"}, {"y": "198", "x": "97"}, {"y": "195", "x": "100"}, {"y": "192", "x": "103"}, {"y": "188", "x": "106"}, {"y": "185", "x": "108"}, {"y": "182", "x": "111"}, {"y": "179", "x": "114"}, {"y": "176", "x": "117"}, {"y": "173", "x": "119"}, {"y": "170", "x": "122"}, {"y": "167", "x": "125"}, {"y": "164", "x": "128"}, {"y": "161", "x": "131"}, {"y": "161", "x": "131"}, {"y": "161", "x": "131"}, {"y": "157", "x": "134"}, {"y": "154", "x": "137"}, {"y": "151", "x": "141"}, {"y": "148", "x": "144"}, {"y": "144", "x": "148"}, {"y": "141", "x": "151"}, {"y": "138", "x": "155"}, {"y": "135", "x": "158"}, {"y": "132", "x": "162"}, {"y": "128", "x": "165"}, {"y": "125", "x": "168"}, {"y": "122", "x": "172"}, {"y": "119", "x": "175"}, {"y": "115", "x": "179"}, {"y": "112", "x": "182"}, {"y": "109", "x": "186"}, {"y": "106", "x": "189"}, {"y": "103", "x": "193"}, {"y": "99", "x": "196"}, {"y": "96", "x": "199"}, {"y": "93", "x": "203"}, {"y": "90", "x": "206"}, {"y": "86", "x": "210"}, {"y": "83", "x": "213"}, {"y": "80", "x": "217"}, {"y": "77", "x": "220"}, {"y": "74", "x": "224"}, {"y": "74", "x": "224"}, {"y": "74", "x": "224"}, {"y": "70", "x": "228"}, {"y": "67", "x": "232"}, {"y": "64", "x": "236"}, {"y": "61", "x": "240"}, {"y": "57", "x": "244"}, {"y": "54", "x": "248"}, {"y": "51", "x": "252"}, {"y": "48", "x": "256"}, {"y": "45", "x": "260"}, {"y": "41", "x": "264"}, {"y": "38", "x": "268"}, {"y": "35", "x": "272"}, {"y": "32", "x": "276"}, {"y": "28", "x": "280"}, {"y": "25", "x": "284"}, {"y": "22", "x": "288"}, {"y": "19", "x": "292"}, {"y": "16", "x": "296"}, {"y": "12", "x": "300"}, {"y": "9", "x": "304"}, {"y": "6", "x": "308"}, {"y": "3", "x": "312"}, {"y": "0", "x": "317"}], [{"y": "123", "x": "566"}, {"y": "123", "x": "566"}, {"y": "127", "x": "566"}, {"y": "130", "x": "566"}, {"y": "133", "x": "567"}, {"y": "120", "x": "567"}, {"y": "136", "x": "567"}, {"y": "139", "x": "567"}, {"y": "142", "x": "567"}, {"y": "117", "x": "567"}, {"y": "146", "x": "567"}, {"y": "149", "x": "567"}, {"y": "152", "x": "568"}, {"y": "114", "x": "568"}, {"y": "155", "x": "568"}, {"y": "158", "x": "568"}, {"y": "162", "x": "568"}, {"y": "110", "x": "568"}, {"y": "165", "x": "568"}, {"y": "168", "x": "568"}, {"y": "171", "x": "569"}, {"y": "107", "x": "569"}, {"y": "174", "x": "569"}, {"y": "178", "x": "569"}, {"y": "181", "x": "569"}, {"y": "104", "x": "569"}, {"y": "184", "x": "569"}, {"y": "187", "x": "569"}, {"y": "190", "x": "570"}, {"y": "100", "x": "570"}, {"y": "193", "x": "570"}, {"y": "197", "x": "570"}, {"y": "200", "x": "570"}, {"y": "97", "x": "570"}, {"y": "203", "x": "570"}, {"y": "206", "x": "570"}, {"y": "209", "x": "571"}, {"y": "94", "x": "571"}, {"y": "213", "x": "571"}, {"y": "216", "x": "571"}, {"y": "219", "x": "571"}, {"y": "222", "x": "571"}, {"y": "91", "x": "571"}, {"y": "225", "x": "572"}, {"y": "87", "x": "572"}, {"y": "228", "x": "572"}, {"y": "84", "x": "572"}, {"y": "231", "x": "573"}, {"y": "81", "x": "573"}, {"y": "235", "x": "573"}, {"y": "78", "x": "573"}, {"y": "238", "x": "574"}, {"y": "74", "x": "574"}, {"y": "241", "x": "574"}, {"y": "71", "x": "575"}, {"y": "244", "x": "575"}, {"y": "247", "x": "575"}, {"y": "68", "x": "575"}, {"y": "250", "x": "575"}, {"y": "65", "x": "576"}, {"y": "253", "x": "576"}, {"y": "61", "x": "576"}, {"y": "256", "x": "576"}, {"y": "58", "x": "577"}, {"y": "58", "x": "577"}, {"y": "259", "x": "577"}, {"y": "262", "x": "577"}, {"y": "266", "x": "578"}, {"y": "55", "x": "578"}, {"y": "269", "x": "578"}, {"y": "272", "x": "579"}, {"y": "275", "x": "579"}, {"y": "52", "x": "579"}, {"y": "278", "x": "580"}, {"y": "281", "x": "580"}, {"y": "284", "x": "581"}, {"y": "48", "x": "581"}, {"y": "287", "x": "581"}, {"y": "290", "x": "581"}, {"y": "45", "x": "582"}, {"y": "293", "x": "582"}, {"y": "297", "x": "582"}, {"y": "300", "x": "583"}, {"y": "42", "x": "583"}, {"y": "303", "x": "583"}, {"y": "306", "x": "584"}, {"y": "309", "x": "584"}, {"y": "39", "x": "584"}, {"y": "312", "x": "585"}, {"y": "315", "x": "585"}, {"y": "318", "x": "586"}, {"y": "35", "x": "586"}, {"y": "321", "x": "586"}, {"y": "324", "x": "586"}, {"y": "328", "x": "587"}, {"y": "32", "x": "587"}, {"y": "331", "x": "587"}, {"y": "334", "x": "588"}, {"y": "337", "x": "588"}, {"y": "29", "x": "588"}, {"y": "340", "x": "589"}, {"y": "343", "x": "589"}, {"y": "26", "x": "590"}, {"y": "346", "x": "590"}, {"y": "349", "x": "590"}, {"y": "352", "x": "591"}, {"y": "22", "x": "591"}, {"y": "355", "x": "591"}, {"y": "359", "x": "592"}, {"y": "359", "x": "592"}, {"y": "19", "x": "592"}, {"y": "16", "x": "593"}, {"y": "13", "x": "595"}, {"y": "9", "x": "596"}, {"y": "6", "x": "597"}, {"y": "3", "x": "599"}, {"y": "3", "x": "599"}]]}