{"Lines": [[{"y": "328", "x": "1"}, {"y": "328", "x": "1"}, {"y": "325", "x": "3"}, {"y": "322", "x": "6"}, {"y": "319", "x": "9"}, {"y": "316", "x": "12"}, {"y": "313", "x": "14"}, {"y": "310", "x": "17"}, {"y": "307", "x": "20"}, {"y": "304", "x": "22"}, {"y": "301", "x": "25"}, {"y": "297", "x": "28"}, {"y": "294", "x": "30"}, {"y": "291", "x": "33"}, {"y": "288", "x": "36"}, {"y": "285", "x": "39"}, {"y": "282", "x": "41"}, {"y": "279", "x": "44"}, {"y": "276", "x": "47"}, {"y": "273", "x": "49"}, {"y": "270", "x": "52"}, {"y": "267", "x": "55"}, {"y": "264", "x": "57"}, {"y": "260", "x": "60"}, {"y": "257", "x": "63"}, {"y": "254", "x": "65"}, {"y": "251", "x": "68"}, {"y": "248", "x": "71"}, {"y": "245", "x": "74"}, {"y": "242", "x": "76"}, {"y": "239", "x": "79"}, {"y": "236", "x": "82"}, {"y": "233", "x": "84"}, {"y": "230", "x": "87"}, {"y": "227", "x": "90"}, {"y": "223", "x": "92"}, {"y": "220", "x": "95"}, {"y": "217", "x": "98"}, {"y": "214", "x": "101"}, {"y": "211", "x": "103"}, {"y": "208", "x": "106"}, {"y": "205", "x": "109"}, {"y": "202", "x": "111"}, {"y": "199", "x": "114"}, {"y": "196", "x": "117"}, {"y": "193", "x": "119"}, {"y": "190", "x": "122"}, {"y": "186", "x": "125"}, {"y": "183", "x": "128"}, {"y": "180", "x": "130"}, {"y": "177", "x": "133"}, {"y": "177", "x": "133"}, {"y": "177", "x": "133"}, {"y": "174", "x": "136"}, {"y": "171", "x": "139"}, {"y": "168", "x": "142"}, {"y": "164", "x": "145"}, {"y": "161", "x": "148"}, {"y": "158", "x": "151"}, {"y": "155", "x": "154"}, {"y": "152", "x": "157"}, {"y": "149", "x": "160"}, {"y": "145", "x": "163"}, {"y": "142", "x": "166"}, {"y": "139", "x": "169"}, {"y": "136", "x": "172"}, {"y": "133", "x": "175"}, {"y": "129", "x": "178"}, {"y": "126", "x": "181"}, {"y": "123", "x": "184"}, {"y": "120", "x": "187"}, {"y": "117", "x": "190"}, {"y": "113", "x": "193"}, {"y": "110", "x": "196"}, {"y": "107", "x": "199"}, {"y": "104", "x": "202"}, {"y": "101", "x": "205"}, {"y": "98", "x": "208"}, {"y": "94", "x": "211"}, {"y": "94", "x": "211"}, {"y": "91", "x": "215"}, {"y": "88", "x": "218"}, {"y": "85", "x": "222"}, {"y": "81", "x": "226"}, {"y": "78", "x": "229"}, {"y": "75", "x": "233"}, {"y": "72", "x": "237"}, {"y": "69", "x": "240"}, {"y": "65", "x": "244"}, {"y": "62", "x": "248"}, {"y": "59", "x": "252"}, {"y": "56", "x": "255"}, {"y": "52", "x": "259"}, {"y": "49", "x": "263"}, {"y": "46", "x": "266"}, {"y": "43", "x": "270"}, {"y": "40", "x": "274"}, {"y": "36", "x": "277"}, {"y": "33", "x": "281"}, {"y": "30", "x": "285"}, {"y": "27", "x": "288"}, {"y": "27", "x": "288"}, {"y": "23", "x": "293"}, {"y": "20", "x": "297"}, {"y": "16", "x": "302"}, {"y": "13", "x": "306"}, {"y": "10", "x": "310"}, {"y": "6", "x": "315"}, {"y": "3", "x": "319"}, {"y": "0", "x": "324"}, {"y": "0", "x": "324"}], [{"y": "132", "x": "572"}, {"y": "132", "x": "572"}, {"y": "136", "x": "572"}, {"y": "139", "x": "572"}, {"y": "142", "x": "572"}, {"y": "129", "x": "572"}, {"y": "146", "x": "572"}, {"y": "149", "x": "572"}, {"y": "152", "x": "572"}, {"y": "156", "x": "573"}, {"y": "126", "x": "573"}, {"y": "159", "x": "573"}, {"y": "162", "x": "573"}, {"y": "166", "x": "573"}, {"y": "169", "x": "573"}, {"y": "122", "x": "573"}, {"y": "172", "x": "573"}, {"y": "175", "x": "573"}, {"y": "179", "x": "573"}, {"y": "119", "x": "573"}, {"y": "182", "x": "573"}, {"y": "182", "x": "573"}, {"y": "182", "x": "573"}, {"y": "115", "x": "573"}, {"y": "112", "x": "573"}, {"y": "185", "x": "574"}, {"y": "109", "x": "574"}, {"y": "105", "x": "574"}, {"y": "102", "x": "574"}, {"y": "189", "x": "574"}, {"y": "98", "x": "574"}, {"y": "95", "x": "574"}, {"y": "92", "x": "575"}, {"y": "92", "x": "575"}, {"y": "92", "x": "575"}, {"y": "192", "x": "575"}, {"y": "88", "x": "575"}, {"y": "195", "x": "575"}, {"y": "85", "x": "575"}, {"y": "198", "x": "576"}, {"y": "81", "x": "576"}, {"y": "78", "x": "576"}, {"y": "202", "x": "576"}, {"y": "74", "x": "577"}, {"y": "205", "x": "577"}, {"y": "71", "x": "577"}, {"y": "208", "x": "577"}, {"y": "68", "x": "577"}, {"y": "64", "x": "578"}, {"y": "212", "x": "578"}, {"y": "61", "x": "578"}, {"y": "215", "x": "578"}, {"y": "57", "x": "579"}, {"y": "218", "x": "579"}, {"y": "54", "x": "579"}, {"y": "50", "x": "579"}, {"y": "221", "x": "580"}, {"y": "47", "x": "580"}, {"y": "47", "x": "580"}, {"y": "47", "x": "580"}, {"y": "225", "x": "580"}, {"y": "44", "x": "581"}, {"y": "228", "x": "581"}, {"y": "40", "x": "581"}, {"y": "231", "x": "581"}, {"y": "234", "x": "582"}, {"y": "37", "x": "582"}, {"y": "238", "x": "582"}, {"y": "33", "x": "582"}, {"y": "241", "x": "583"}, {"y": "30", "x": "583"}, {"y": "244", "x": "583"}, {"y": "26", "x": "584"}, {"y": "247", "x": "584"}, {"y": "247", "x": "584"}, {"y": "247", "x": "584"}, {"y": "23", "x": "584"}, {"y": "251", "x": "585"}, {"y": "19", "x": "585"}, {"y": "254", "x": "585"}, {"y": "16", "x": "586"}, {"y": "257", "x": "586"}, {"y": "260", "x": "586"}, {"y": "12", "x": "586"}, {"y": "263", "x": "587"}, {"y": "9", "x": "587"}, {"y": "266", "x": "587"}, {"y": "6", "x": "587"}, {"y": "269", "x": "588"}, {"y": "2", "x": "588"}, {"y": "2", "x": "588"}, {"y": "272", "x": "588"}, {"y": "275", "x": "589"}, {"y": "278", "x": "589"}, {"y": "281", "x": "590"}, {"y": "284", "x": "590"}, {"y": "288", "x": "591"}, {"y": "291", "x": "592"}, {"y": "294", "x": "592"}, {"y": "297", "x": "593"}, {"y": "300", "x": "593"}, {"y": "303", "x": "594"}, {"y": "306", "x": "594"}, {"y": "309", "x": "595"}, {"y": "312", "x": "595"}, {"y": "315", "x": "596"}, {"y": "318", "x": "596"}, {"y": "321", "x": "597"}, {"y": "325", "x": "598"}, {"y": "328", "x": "598"}, {"y": "331", "x": "599"}, {"y": "334", "x": "599"}, {"y": "337", "x": "600"}, {"y": "340", "x": "600"}, {"y": "343", "x": "601"}, {"y": "346", "x": "601"}, {"y": "349", "x": "602"}, {"y": "352", "x": "602"}, {"y": "355", "x": "603"}, {"y": "359", "x": "604"}]]}