{"Lines": [[{"y": "257", "x": "0"}, {"y": "257", "x": "0"}, {"y": "254", "x": "2"}, {"y": "251", "x": "3"}, {"y": "248", "x": "5"}, {"y": "245", "x": "6"}, {"y": "242", "x": "7"}, {"y": "239", "x": "9"}, {"y": "236", "x": "10"}, {"y": "232", "x": "12"}, {"y": "229", "x": "13"}, {"y": "226", "x": "14"}, {"y": "223", "x": "16"}, {"y": "220", "x": "17"}, {"y": "217", "x": "19"}, {"y": "214", "x": "20"}, {"y": "211", "x": "22"}, {"y": "208", "x": "23"}, {"y": "205", "x": "24"}, {"y": "201", "x": "26"}, {"y": "198", "x": "27"}, {"y": "195", "x": "29"}, {"y": "192", "x": "30"}, {"y": "189", "x": "32"}, {"y": "186", "x": "33"}, {"y": "183", "x": "34"}, {"y": "180", "x": "36"}, {"y": "177", "x": "37"}, {"y": "174", "x": "39"}, {"y": "170", "x": "40"}, {"y": "167", "x": "41"}, {"y": "164", "x": "43"}, {"y": "161", "x": "44"}, {"y": "158", "x": "46"}, {"y": "155", "x": "47"}, {"y": "152", "x": "49"}, {"y": "149", "x": "50"}, {"y": "146", "x": "51"}, {"y": "143", "x": "53"}, {"y": "139", "x": "54"}, {"y": "136", "x": "56"}, {"y": "133", "x": "57"}, {"y": "130", "x": "58"}, {"y": "127", "x": "60"}, {"y": "124", "x": "61"}, {"y": "121", "x": "63"}, {"y": "118", "x": "64"}, {"y": "115", "x": "66"}, {"y": "112", "x": "67"}, {"y": "108", "x": "68"}, {"y": "105", "x": "70"}, {"y": "102", "x": "71"}, {"y": "99", "x": "73"}, {"y": "96", "x": "74"}, {"y": "93", "x": "75"}, {"y": "90", "x": "77"}, {"y": "87", "x": "78"}, {"y": "84", "x": "80"}, {"y": "80", "x": "81"}, {"y": "80", "x": "81"}, {"y": "80", "x": "81"}, {"y": "77", "x": "83"}, {"y": "74", "x": "84"}, {"y": "71", "x": "86"}, {"y": "68", "x": "87"}, {"y": "64", "x": "89"}, {"y": "61", "x": "91"}, {"y": "58", "x": "92"}, {"y": "55", "x": "94"}, {"y": "51", "x": "95"}, {"y": "48", "x": "97"}, {"y": "45", "x": "98"}, {"y": "42", "x": "100"}, {"y": "38", "x": "102"}, {"y": "35", "x": "103"}, {"y": "32", "x": "105"}, {"y": "29", "x": "106"}, {"y": "25", "x": "108"}, {"y": "22", "x": "109"}, {"y": "19", "x": "111"}, {"y": "16", "x": "113"}, {"y": "12", "x": "114"}, {"y": "9", "x": "116"}, {"y": "6", "x": "117"}, {"y": "3", "x": "119"}, {"y": "0", "x": "121"}], [{"y": "1", "x": "362"}, {"y": "4", "x": "363"}, {"y": "7", "x": "365"}, {"y": "11", "x": "366"}, {"y": "14", "x": "368"}, {"y": "17", "x": "370"}, {"y": "20", "x": "371"}, {"y": "23", "x": "373"}, {"y": "26", "x": "374"}, {"y": "29", "x": "376"}, {"y": "32", "x": "378"}, {"y": "35", "x": "379"}, {"y": "38", "x": "381"}, {"y": "41", "x": "382"}, {"y": "44", "x": "384"}, {"y": "48", "x": "386"}, {"y": "51", "x": "387"}, {"y": "54", "x": "389"}, {"y": "57", "x": "390"}, {"y": "60", "x": "392"}, {"y": "63", "x": "394"}, {"y": "66", "x": "395"}, {"y": "69", "x": "397"}, {"y": "72", "x": "398"}, {"y": "75", "x": "400"}, {"y": "78", "x": "402"}, {"y": "81", "x": "403"}, {"y": "84", "x": "405"}, {"y": "88", "x": "406"}, {"y": "91", "x": "408"}, {"y": "94", "x": "410"}, {"y": "97", "x": "411"}, {"y": "100", "x": "413"}, {"y": "103", "x": "414"}, {"y": "106", "x": "416"}, {"y": "109", "x": "418"}, {"y": "112", "x": "419"}, {"y": "115", "x": "421"}, {"y": "118", "x": "422"}, {"y": "121", "x": "424"}, {"y": "125", "x": "426"}, {"y": "128", "x": "427"}, {"y": "131", "x": "429"}, {"y": "134", "x": "430"}, {"y": "137", "x": "432"}, {"y": "140", "x": "434"}, {"y": "143", "x": "435"}, {"y": "146", "x": "437"}, {"y": "149", "x": "438"}, {"y": "152", "x": "440"}, {"y": "155", "x": "442"}, {"y": "158", "x": "443"}, {"y": "161", "x": "445"}, {"y": "165", "x": "446"}, {"y": "168", "x": "448"}, {"y": "171", "x": "450"}, {"y": "171", "x": "450"}, {"y": "171", "x": "450"}, {"y": "174", "x": "452"}, {"y": "177", "x": "453"}, {"y": "180", "x": "455"}, {"y": "183", "x": "457"}, {"y": "186", "x": "459"}, {"y": "189", "x": "461"}, {"y": "192", "x": "462"}, {"y": "195", "x": "464"}, {"y": "198", "x": "466"}, {"y": "201", "x": "468"}, {"y": "205", "x": "470"}, {"y": "208", "x": "472"}, {"y": "211", "x": "473"}, {"y": "214", "x": "475"}, {"y": "217", "x": "477"}, {"y": "220", "x": "479"}, {"y": "223", "x": "481"}, {"y": "226", "x": "482"}, {"y": "229", "x": "484"}, {"y": "232", "x": "486"}, {"y": "235", "x": "488"}, {"y": "238", "x": "490"}, {"y": "242", "x": "491"}, {"y": "245", "x": "493"}, {"y": "248", "x": "495"}, {"y": "251", "x": "497"}, {"y": "254", "x": "499"}, {"y": "257", "x": "501"}, {"y": "260", "x": "502"}, {"y": "263", "x": "504"}, {"y": "266", "x": "506"}, {"y": "269", "x": "508"}, {"y": "272", "x": "510"}, {"y": "275", "x": "511"}, {"y": "278", "x": "513"}, {"y": "282", "x": "515"}, {"y": "285", "x": "517"}, {"y": "288", "x": "519"}, {"y": "291", "x": "521"}, {"y": "294", "x": "522"}, {"y": "297", "x": "524"}, {"y": "300", "x": "526"}, {"y": "303", "x": "528"}, {"y": "306", "x": "530"}, {"y": "309", "x": "531"}, {"y": "312", "x": "533"}, {"y": "315", "x": "535"}, {"y": "318", "x": "537"}, {"y": "322", "x": "539"}, {"y": "325", "x": "541"}, {"y": "328", "x": "542"}, {"y": "331", "x": "544"}, {"y": "334", "x": "546"}, {"y": "337", "x": "548"}, {"y": "340", "x": "550"}, {"y": "343", "x": "551"}, {"y": "346", "x": "553"}, {"y": "349", "x": "555"}, {"y": "352", "x": "557"}, {"y": "355", "x": "559"}, {"y": "359", "x": "561"}]]}