{"Lines": [[{"y": "1", "x": "453"}, {"y": "1", "x": "453"}, {"y": "4", "x": "454"}, {"y": "7", "x": "455"}, {"y": "10", "x": "457"}, {"y": "13", "x": "458"}, {"y": "16", "x": "460"}, {"y": "19", "x": "461"}, {"y": "22", "x": "463"}, {"y": "25", "x": "464"}, {"y": "28", "x": "466"}, {"y": "31", "x": "467"}, {"y": "34", "x": "469"}, {"y": "37", "x": "470"}, {"y": "40", "x": "471"}, {"y": "43", "x": "473"}, {"y": "46", "x": "474"}, {"y": "49", "x": "476"}, {"y": "52", "x": "477"}, {"y": "56", "x": "479"}, {"y": "59", "x": "480"}, {"y": "62", "x": "482"}, {"y": "65", "x": "483"}, {"y": "68", "x": "485"}, {"y": "71", "x": "486"}, {"y": "74", "x": "487"}, {"y": "77", "x": "489"}, {"y": "80", "x": "490"}, {"y": "83", "x": "492"}, {"y": "86", "x": "493"}, {"y": "89", "x": "495"}, {"y": "92", "x": "496"}, {"y": "95", "x": "498"}, {"y": "98", "x": "499"}, {"y": "101", "x": "501"}, {"y": "104", "x": "502"}, {"y": "108", "x": "503"}, {"y": "111", "x": "505"}, {"y": "114", "x": "506"}, {"y": "117", "x": "508"}, {"y": "120", "x": "509"}, {"y": "123", "x": "511"}, {"y": "126", "x": "512"}, {"y": "129", "x": "514"}, {"y": "132", "x": "515"}, {"y": "135", "x": "516"}, {"y": "138", "x": "518"}, {"y": "141", "x": "519"}, {"y": "144", "x": "521"}, {"y": "147", "x": "522"}, {"y": "150", "x": "524"}, {"y": "153", "x": "525"}, {"y": "156", "x": "527"}, {"y": "160", "x": "528"}, {"y": "163", "x": "530"}, {"y": "166", "x": "531"}, {"y": "169", "x": "532"}, {"y": "172", "x": "534"}, {"y": "175", "x": "535"}, {"y": "178", "x": "537"}, {"y": "181", "x": "538"}, {"y": "181", "x": "538"}, {"y": "181", "x": "538"}, {"y": "184", "x": "540"}, {"y": "187", "x": "541"}, {"y": "190", "x": "543"}, {"y": "193", "x": "544"}, {"y": "196", "x": "545"}, {"y": "199", "x": "547"}, {"y": "202", "x": "548"}, {"y": "205", "x": "550"}, {"y": "208", "x": "551"}, {"y": "212", "x": "553"}, {"y": "215", "x": "554"}, {"y": "218", "x": "555"}, {"y": "221", "x": "557"}, {"y": "224", "x": "558"}, {"y": "227", "x": "560"}, {"y": "230", "x": "561"}, {"y": "233", "x": "563"}, {"y": "236", "x": "564"}, {"y": "239", "x": "566"}, {"y": "242", "x": "567"}, {"y": "245", "x": "568"}, {"y": "248", "x": "570"}, {"y": "251", "x": "571"}, {"y": "254", "x": "573"}, {"y": "257", "x": "574"}, {"y": "261", "x": "576"}, {"y": "264", "x": "577"}, {"y": "267", "x": "578"}, {"y": "270", "x": "580"}, {"y": "273", "x": "581"}, {"y": "276", "x": "583"}, {"y": "279", "x": "584"}, {"y": "282", "x": "586"}, {"y": "285", "x": "587"}, {"y": "288", "x": "588"}, {"y": "291", "x": "590"}, {"y": "294", "x": "591"}, {"y": "297", "x": "593"}, {"y": "300", "x": "594"}, {"y": "303", "x": "596"}, {"y": "306", "x": "597"}, {"y": "310", "x": "599"}, {"y": "313", "x": "600"}, {"y": "316", "x": "601"}, {"y": "319", "x": "603"}, {"y": "322", "x": "604"}, {"y": "325", "x": "606"}, {"y": "328", "x": "607"}, {"y": "331", "x": "609"}, {"y": "334", "x": "610"}, {"y": "337", "x": "611"}, {"y": "340", "x": "613"}, {"y": "343", "x": "614"}, {"y": "346", "x": "616"}, {"y": "349", "x": "617"}, {"y": "352", "x": "619"}, {"y": "355", "x": "620"}, {"y": "359", "x": "622"}, {"y": "359", "x": "622"}], [{"y": "358", "x": "14"}, {"y": "358", "x": "14"}, {"y": "355", "x": "16"}, {"y": "351", "x": "17"}, {"y": "348", "x": "19"}, {"y": "345", "x": "21"}, {"y": "342", "x": "23"}, {"y": "339", "x": "24"}, {"y": "336", "x": "26"}, {"y": "333", "x": "28"}, {"y": "330", "x": "30"}, {"y": "327", "x": "31"}, {"y": "324", "x": "33"}, {"y": "321", "x": "35"}, {"y": "318", "x": "36"}, {"y": "315", "x": "38"}, {"y": "312", "x": "40"}, {"y": "308", "x": "42"}, {"y": "305", "x": "43"}, {"y": "302", "x": "45"}, {"y": "299", "x": "47"}, {"y": "296", "x": "49"}, {"y": "293", "x": "50"}, {"y": "290", "x": "52"}, {"y": "287", "x": "54"}, {"y": "284", "x": "56"}, {"y": "281", "x": "57"}, {"y": "278", "x": "59"}, {"y": "275", "x": "61"}, {"y": "272", "x": "63"}, {"y": "269", "x": "64"}, {"y": "265", "x": "66"}, {"y": "262", "x": "68"}, {"y": "259", "x": "70"}, {"y": "256", "x": "71"}, {"y": "253", "x": "73"}, {"y": "250", "x": "75"}, {"y": "247", "x": "77"}, {"y": "244", "x": "78"}, {"y": "241", "x": "80"}, {"y": "238", "x": "82"}, {"y": "235", "x": "84"}, {"y": "232", "x": "85"}, {"y": "229", "x": "87"}, {"y": "225", "x": "89"}, {"y": "222", "x": "91"}, {"y": "219", "x": "92"}, {"y": "216", "x": "94"}, {"y": "213", "x": "96"}, {"y": "210", "x": "98"}, {"y": "207", "x": "99"}, {"y": "204", "x": "101"}, {"y": "201", "x": "103"}, {"y": "198", "x": "105"}, {"y": "195", "x": "106"}, {"y": "192", "x": "108"}, {"y": "189", "x": "110"}, {"y": "186", "x": "112"}, {"y": "182", "x": "113"}, {"y": "179", "x": "115"}, {"y": "176", "x": "117"}, {"y": "173", "x": "119"}, {"y": "170", "x": "120"}, {"y": "167", "x": "122"}, {"y": "164", "x": "124"}, {"y": "161", "x": "126"}, {"y": "158", "x": "127"}, {"y": "155", "x": "129"}, {"y": "152", "x": "131"}, {"y": "149", "x": "133"}, {"y": "149", "x": "133"}, {"y": "149", "x": "133"}, {"y": "146", "x": "134"}, {"y": "142", "x": "136"}, {"y": "139", "x": "138"}, {"y": "136", "x": "140"}, {"y": "133", "x": "141"}, {"y": "130", "x": "143"}, {"y": "127", "x": "145"}, {"y": "124", "x": "147"}, {"y": "121", "x": "148"}, {"y": "118", "x": "150"}, {"y": "114", "x": "152"}, {"y": "111", "x": "154"}, {"y": "108", "x": "155"}, {"y": "105", "x": "157"}, {"y": "102", "x": "159"}, {"y": "99", "x": "161"}, {"y": "96", "x": "162"}, {"y": "93", "x": "164"}, {"y": "90", "x": "166"}, {"y": "87", "x": "168"}, {"y": "83", "x": "169"}, {"y": "80", "x": "171"}, {"y": "77", "x": "173"}, {"y": "74", "x": "175"}, {"y": "71", "x": "176"}, {"y": "68", "x": "178"}, {"y": "65", "x": "180"}, {"y": "62", "x": "182"}, {"y": "59", "x": "183"}, {"y": "55", "x": "185"}, {"y": "52", "x": "187"}, {"y": "49", "x": "189"}, {"y": "46", "x": "190"}, {"y": "43", "x": "192"}, {"y": "40", "x": "194"}, {"y": "37", "x": "196"}, {"y": "34", "x": "197"}, {"y": "31", "x": "199"}, {"y": "27", "x": "201"}, {"y": "24", "x": "203"}, {"y": "21", "x": "204"}, {"y": "18", "x": "206"}, {"y": "15", "x": "208"}, {"y": "12", "x": "210"}, {"y": "9", "x": "211"}, {"y": "6", "x": "213"}, {"y": "3", "x": "215"}, {"y": "0", "x": "217"}]]}