{"Lines": [[{"y": "358", "x": "20"}, {"y": "358", "x": "20"}, {"y": "355", "x": "22"}, {"y": "352", "x": "23"}, {"y": "349", "x": "25"}, {"y": "346", "x": "27"}, {"y": "343", "x": "29"}, {"y": "340", "x": "31"}, {"y": "337", "x": "32"}, {"y": "334", "x": "34"}, {"y": "331", "x": "36"}, {"y": "328", "x": "38"}, {"y": "325", "x": "39"}, {"y": "322", "x": "41"}, {"y": "319", "x": "43"}, {"y": "315", "x": "45"}, {"y": "312", "x": "47"}, {"y": "309", "x": "48"}, {"y": "306", "x": "50"}, {"y": "303", "x": "52"}, {"y": "300", "x": "54"}, {"y": "297", "x": "56"}, {"y": "294", "x": "57"}, {"y": "291", "x": "59"}, {"y": "288", "x": "61"}, {"y": "285", "x": "63"}, {"y": "282", "x": "64"}, {"y": "279", "x": "66"}, {"y": "276", "x": "68"}, {"y": "273", "x": "70"}, {"y": "269", "x": "72"}, {"y": "266", "x": "73"}, {"y": "263", "x": "75"}, {"y": "260", "x": "77"}, {"y": "257", "x": "79"}, {"y": "254", "x": "80"}, {"y": "251", "x": "82"}, {"y": "248", "x": "84"}, {"y": "245", "x": "86"}, {"y": "242", "x": "88"}, {"y": "239", "x": "89"}, {"y": "236", "x": "91"}, {"y": "233", "x": "93"}, {"y": "230", "x": "95"}, {"y": "226", "x": "96"}, {"y": "223", "x": "98"}, {"y": "220", "x": "100"}, {"y": "217", "x": "102"}, {"y": "214", "x": "104"}, {"y": "211", "x": "105"}, {"y": "208", "x": "107"}, {"y": "205", "x": "109"}, {"y": "202", "x": "111"}, {"y": "199", "x": "112"}, {"y": "196", "x": "114"}, {"y": "193", "x": "116"}, {"y": "190", "x": "118"}, {"y": "187", "x": "120"}, {"y": "184", "x": "121"}, {"y": "180", "x": "123"}, {"y": "177", "x": "125"}, {"y": "174", "x": "127"}, {"y": "171", "x": "128"}, {"y": "168", "x": "130"}, {"y": "165", "x": "132"}, {"y": "162", "x": "134"}, {"y": "159", "x": "136"}, {"y": "156", "x": "137"}, {"y": "153", "x": "139"}, {"y": "150", "x": "141"}, {"y": "147", "x": "143"}, {"y": "144", "x": "144"}, {"y": "141", "x": "146"}, {"y": "137", "x": "148"}, {"y": "134", "x": "150"}, {"y": "131", "x": "152"}, {"y": "128", "x": "153"}, {"y": "128", "x": "153"}, {"y": "125", "x": "155"}, {"y": "122", "x": "157"}, {"y": "119", "x": "158"}, {"y": "116", "x": "160"}, {"y": "113", "x": "162"}, {"y": "109", "x": "163"}, {"y": "106", "x": "165"}, {"y": "103", "x": "167"}, {"y": "100", "x": "169"}, {"y": "97", "x": "170"}, {"y": "94", "x": "172"}, {"y": "91", "x": "174"}, {"y": "87", "x": "175"}, {"y": "84", "x": "177"}, {"y": "81", "x": "179"}, {"y": "78", "x": "180"}, {"y": "75", "x": "182"}, {"y": "72", "x": "184"}, {"y": "69", "x": "185"}, {"y": "65", "x": "187"}, {"y": "62", "x": "189"}, {"y": "59", "x": "190"}, {"y": "56", "x": "192"}, {"y": "53", "x": "194"}, {"y": "50", "x": "196"}, {"y": "47", "x": "197"}, {"y": "43", "x": "199"}, {"y": "40", "x": "201"}, {"y": "37", "x": "202"}, {"y": "34", "x": "204"}, {"y": "31", "x": "206"}, {"y": "28", "x": "207"}, {"y": "25", "x": "209"}, {"y": "21", "x": "211"}, {"y": "18", "x": "212"}, {"y": "15", "x": "214"}, {"y": "12", "x": "216"}, {"y": "9", "x": "217"}, {"y": "6", "x": "219"}, {"y": "3", "x": "221"}, {"y": "0", "x": "223"}, {"y": "0", "x": "223"}], [{"y": "1", "x": "461"}, {"y": "1", "x": "461"}, {"y": "4", "x": "463"}, {"y": "7", "x": "464"}, {"y": "10", "x": "465"}, {"y": "13", "x": "467"}, {"y": "16", "x": "468"}, {"y": "19", "x": "469"}, {"y": "22", "x": "471"}, {"y": "25", "x": "472"}, {"y": "28", "x": "474"}, {"y": "31", "x": "475"}, {"y": "34", "x": "476"}, {"y": "37", "x": "478"}, {"y": "40", "x": "479"}, {"y": "43", "x": "481"}, {"y": "47", "x": "482"}, {"y": "50", "x": "483"}, {"y": "53", "x": "485"}, {"y": "56", "x": "486"}, {"y": "59", "x": "488"}, {"y": "62", "x": "489"}, {"y": "65", "x": "490"}, {"y": "68", "x": "492"}, {"y": "71", "x": "493"}, {"y": "74", "x": "495"}, {"y": "77", "x": "496"}, {"y": "80", "x": "497"}, {"y": "83", "x": "499"}, {"y": "86", "x": "500"}, {"y": "90", "x": "502"}, {"y": "93", "x": "503"}, {"y": "96", "x": "504"}, {"y": "99", "x": "506"}, {"y": "102", "x": "507"}, {"y": "105", "x": "508"}, {"y": "108", "x": "510"}, {"y": "111", "x": "511"}, {"y": "114", "x": "513"}, {"y": "117", "x": "514"}, {"y": "120", "x": "515"}, {"y": "123", "x": "517"}, {"y": "126", "x": "518"}, {"y": "129", "x": "520"}, {"y": "133", "x": "521"}, {"y": "136", "x": "522"}, {"y": "139", "x": "524"}, {"y": "142", "x": "525"}, {"y": "142", "x": "525"}, {"y": "142", "x": "525"}, {"y": "145", "x": "527"}, {"y": "148", "x": "528"}, {"y": "151", "x": "529"}, {"y": "154", "x": "531"}, {"y": "157", "x": "532"}, {"y": "160", "x": "533"}, {"y": "163", "x": "535"}, {"y": "166", "x": "536"}, {"y": "169", "x": "538"}, {"y": "172", "x": "539"}, {"y": "175", "x": "540"}, {"y": "178", "x": "542"}, {"y": "181", "x": "543"}, {"y": "184", "x": "544"}, {"y": "188", "x": "546"}, {"y": "191", "x": "547"}, {"y": "194", "x": "549"}, {"y": "197", "x": "550"}, {"y": "200", "x": "551"}, {"y": "203", "x": "553"}, {"y": "206", "x": "554"}, {"y": "209", "x": "555"}, {"y": "212", "x": "557"}, {"y": "215", "x": "558"}, {"y": "218", "x": "559"}, {"y": "221", "x": "561"}, {"y": "224", "x": "562"}, {"y": "227", "x": "564"}, {"y": "230", "x": "565"}, {"y": "233", "x": "566"}, {"y": "236", "x": "568"}, {"y": "239", "x": "569"}, {"y": "242", "x": "570"}, {"y": "246", "x": "572"}, {"y": "249", "x": "573"}, {"y": "252", "x": "575"}, {"y": "255", "x": "576"}, {"y": "258", "x": "577"}, {"y": "261", "x": "579"}, {"y": "264", "x": "580"}, {"y": "267", "x": "581"}, {"y": "270", "x": "583"}, {"y": "273", "x": "584"}, {"y": "276", "x": "586"}, {"y": "279", "x": "587"}, {"y": "282", "x": "588"}, {"y": "285", "x": "590"}, {"y": "288", "x": "591"}, {"y": "291", "x": "592"}, {"y": "294", "x": "594"}, {"y": "297", "x": "595"}, {"y": "300", "x": "596"}, {"y": "304", "x": "598"}, {"y": "307", "x": "599"}, {"y": "310", "x": "601"}, {"y": "313", "x": "602"}, {"y": "316", "x": "603"}, {"y": "319", "x": "605"}, {"y": "322", "x": "606"}, {"y": "325", "x": "607"}, {"y": "328", "x": "609"}, {"y": "331", "x": "610"}, {"y": "334", "x": "612"}, {"y": "337", "x": "613"}, {"y": "340", "x": "614"}, {"y": "343", "x": "616"}, {"y": "346", "x": "617"}, {"y": "349", "x": "618"}, {"y": "352", "x": "620"}, {"y": "355", "x": "621"}, {"y": "359", "x": "622"}, {"y": "359", "x": "623"}]]}