{"Lines": [[{"y": "35", "x": "465"}, {"y": "35", "x": "465"}, {"y": "31", "x": "465"}, {"y": "28", "x": "466"}, {"y": "25", "x": "466"}, {"y": "21", "x": "466"}, {"y": "18", "x": "466"}, {"y": "38", "x": "466"}, {"y": "15", "x": "466"}, {"y": "11", "x": "466"}, {"y": "8", "x": "467"}, {"y": "5", "x": "467"}, {"y": "1", "x": "467"}, {"y": "41", "x": "467"}, {"y": "44", "x": "468"}, {"y": "48", "x": "469"}, {"y": "51", "x": "469"}, {"y": "54", "x": "470"}, {"y": "57", "x": "471"}, {"y": "60", "x": "472"}, {"y": "63", "x": "473"}, {"y": "67", "x": "474"}, {"y": "70", "x": "474"}, {"y": "73", "x": "475"}, {"y": "76", "x": "476"}, {"y": "79", "x": "477"}, {"y": "83", "x": "478"}, {"y": "86", "x": "479"}, {"y": "86", "x": "479"}, {"y": "86", "x": "479"}, {"y": "89", "x": "480"}, {"y": "92", "x": "482"}, {"y": "96", "x": "483"}, {"y": "99", "x": "485"}, {"y": "102", "x": "487"}, {"y": "106", "x": "488"}, {"y": "109", "x": "490"}, {"y": "112", "x": "491"}, {"y": "115", "x": "493"}, {"y": "119", "x": "494"}, {"y": "122", "x": "496"}, {"y": "125", "x": "497"}, {"y": "129", "x": "499"}, {"y": "132", "x": "501"}, {"y": "135", "x": "502"}, {"y": "138", "x": "504"}, {"y": "142", "x": "505"}, {"y": "145", "x": "507"}, {"y": "145", "x": "507"}, {"y": "145", "x": "507"}, {"y": "148", "x": "509"}, {"y": "151", "x": "510"}, {"y": "155", "x": "512"}, {"y": "158", "x": "514"}, {"y": "161", "x": "515"}, {"y": "164", "x": "517"}, {"y": "167", "x": "518"}, {"y": "170", "x": "520"}, {"y": "174", "x": "522"}, {"y": "177", "x": "523"}, {"y": "180", "x": "525"}, {"y": "183", "x": "527"}, {"y": "186", "x": "528"}, {"y": "190", "x": "530"}, {"y": "193", "x": "532"}, {"y": "196", "x": "533"}, {"y": "199", "x": "535"}, {"y": "202", "x": "537"}, {"y": "206", "x": "538"}, {"y": "209", "x": "540"}, {"y": "212", "x": "542"}, {"y": "215", "x": "543"}, {"y": "218", "x": "545"}, {"y": "221", "x": "547"}, {"y": "225", "x": "548"}, {"y": "228", "x": "550"}, {"y": "228", "x": "550"}, {"y": "231", "x": "552"}, {"y": "234", "x": "554"}, {"y": "237", "x": "556"}, {"y": "240", "x": "558"}, {"y": "243", "x": "560"}, {"y": "247", "x": "562"}, {"y": "250", "x": "564"}, {"y": "253", "x": "566"}, {"y": "256", "x": "568"}, {"y": "259", "x": "570"}, {"y": "262", "x": "572"}, {"y": "265", "x": "574"}, {"y": "268", "x": "576"}, {"y": "271", "x": "578"}, {"y": "275", "x": "580"}, {"y": "278", "x": "582"}, {"y": "281", "x": "584"}, {"y": "284", "x": "586"}, {"y": "287", "x": "588"}, {"y": "290", "x": "590"}, {"y": "293", "x": "592"}, {"y": "296", "x": "594"}, {"y": "299", "x": "596"}, {"y": "303", "x": "598"}, {"y": "306", "x": "600"}, {"y": "309", "x": "602"}, {"y": "312", "x": "604"}, {"y": "315", "x": "606"}, {"y": "318", "x": "608"}, {"y": "321", "x": "610"}, {"y": "324", "x": "612"}, {"y": "327", "x": "614"}, {"y": "331", "x": "616"}, {"y": "334", "x": "618"}, {"y": "337", "x": "620"}, {"y": "340", "x": "622"}, {"y": "343", "x": "624"}, {"y": "346", "x": "626"}, {"y": "349", "x": "628"}, {"y": "352", "x": "630"}, {"y": "355", "x": "632"}, {"y": "359", "x": "634"}, {"y": "359", "x": "634"}], [{"y": "359", "x": "29"}, {"y": "359", "x": "30"}, {"y": "355", "x": "31"}, {"y": "352", "x": "32"}, {"y": "349", "x": "34"}, {"y": "346", "x": "35"}, {"y": "343", "x": "36"}, {"y": "340", "x": "38"}, {"y": "337", "x": "39"}, {"y": "334", "x": "41"}, {"y": "331", "x": "42"}, {"y": "328", "x": "43"}, {"y": "325", "x": "45"}, {"y": "322", "x": "46"}, {"y": "319", "x": "47"}, {"y": "316", "x": "49"}, {"y": "312", "x": "50"}, {"y": "309", "x": "52"}, {"y": "306", "x": "53"}, {"y": "303", "x": "54"}, {"y": "300", "x": "56"}, {"y": "297", "x": "57"}, {"y": "294", "x": "58"}, {"y": "291", "x": "60"}, {"y": "288", "x": "61"}, {"y": "285", "x": "63"}, {"y": "282", "x": "64"}, {"y": "279", "x": "65"}, {"y": "276", "x": "67"}, {"y": "273", "x": "68"}, {"y": "269", "x": "70"}, {"y": "266", "x": "71"}, {"y": "263", "x": "72"}, {"y": "260", "x": "74"}, {"y": "257", "x": "75"}, {"y": "254", "x": "76"}, {"y": "251", "x": "78"}, {"y": "248", "x": "79"}, {"y": "245", "x": "81"}, {"y": "242", "x": "82"}, {"y": "239", "x": "83"}, {"y": "236", "x": "85"}, {"y": "233", "x": "86"}, {"y": "230", "x": "87"}, {"y": "226", "x": "89"}, {"y": "223", "x": "90"}, {"y": "220", "x": "92"}, {"y": "217", "x": "93"}, {"y": "214", "x": "94"}, {"y": "211", "x": "96"}, {"y": "208", "x": "97"}, {"y": "205", "x": "98"}, {"y": "202", "x": "100"}, {"y": "199", "x": "101"}, {"y": "196", "x": "103"}, {"y": "193", "x": "104"}, {"y": "190", "x": "105"}, {"y": "187", "x": "107"}, {"y": "183", "x": "108"}, {"y": "180", "x": "110"}, {"y": "177", "x": "111"}, {"y": "174", "x": "112"}, {"y": "171", "x": "114"}, {"y": "168", "x": "115"}, {"y": "165", "x": "116"}, {"y": "162", "x": "118"}, {"y": "159", "x": "119"}, {"y": "156", "x": "121"}, {"y": "153", "x": "122"}, {"y": "153", "x": "122"}, {"y": "150", "x": "123"}, {"y": "146", "x": "124"}, {"y": "143", "x": "125"}, {"y": "140", "x": "126"}, {"y": "137", "x": "127"}, {"y": "134", "x": "128"}, {"y": "131", "x": "129"}, {"y": "127", "x": "129"}, {"y": "124", "x": "130"}, {"y": "121", "x": "131"}, {"y": "118", "x": "132"}, {"y": "115", "x": "133"}, {"y": "112", "x": "134"}, {"y": "109", "x": "135"}, {"y": "105", "x": "136"}, {"y": "102", "x": "137"}, {"y": "99", "x": "138"}, {"y": "96", "x": "139"}, {"y": "93", "x": "140"}, {"y": "90", "x": "141"}, {"y": "86", "x": "142"}, {"y": "83", "x": "143"}, {"y": "80", "x": "144"}, {"y": "80", "x": "144"}, {"y": "80", "x": "144"}, {"y": "77", "x": "144"}, {"y": "73", "x": "144"}, {"y": "2", "x": "144"}, {"y": "70", "x": "145"}, {"y": "5", "x": "145"}, {"y": "66", "x": "145"}, {"y": "63", "x": "145"}, {"y": "9", "x": "145"}, {"y": "60", "x": "146"}, {"y": "12", "x": "146"}, {"y": "56", "x": "146"}, {"y": "16", "x": "146"}, {"y": "53", "x": "146"}, {"y": "19", "x": "146"}, {"y": "49", "x": "146"}, {"y": "46", "x": "147"}, {"y": "22", "x": "147"}, {"y": "43", "x": "147"}, {"y": "26", "x": "147"}, {"y": "39", "x": "147"}, {"y": "29", "x": "148"}, {"y": "36", "x": "148"}, {"y": "32", "x": "148"}, {"y": "32", "x": "148"}, {"y": "32", "x": "148"}]]}