{"Lines": [[{"y": "341", "x": "0"}, {"y": "341", "x": "0"}, {"y": "337", "x": "1"}, {"y": "334", "x": "3"}, {"y": "331", "x": "4"}, {"y": "328", "x": "6"}, {"y": "325", "x": "8"}, {"y": "322", "x": "9"}, {"y": "319", "x": "11"}, {"y": "316", "x": "12"}, {"y": "313", "x": "14"}, {"y": "310", "x": "15"}, {"y": "307", "x": "17"}, {"y": "304", "x": "18"}, {"y": "301", "x": "20"}, {"y": "298", "x": "21"}, {"y": "295", "x": "23"}, {"y": "292", "x": "24"}, {"y": "288", "x": "26"}, {"y": "285", "x": "27"}, {"y": "282", "x": "29"}, {"y": "279", "x": "30"}, {"y": "276", "x": "32"}, {"y": "273", "x": "34"}, {"y": "270", "x": "35"}, {"y": "267", "x": "37"}, {"y": "264", "x": "38"}, {"y": "261", "x": "40"}, {"y": "258", "x": "41"}, {"y": "255", "x": "43"}, {"y": "252", "x": "44"}, {"y": "249", "x": "46"}, {"y": "246", "x": "47"}, {"y": "243", "x": "49"}, {"y": "239", "x": "50"}, {"y": "236", "x": "52"}, {"y": "233", "x": "53"}, {"y": "230", "x": "55"}, {"y": "227", "x": "56"}, {"y": "224", "x": "58"}, {"y": "221", "x": "59"}, {"y": "218", "x": "61"}, {"y": "215", "x": "63"}, {"y": "212", "x": "64"}, {"y": "209", "x": "66"}, {"y": "206", "x": "67"}, {"y": "203", "x": "69"}, {"y": "200", "x": "70"}, {"y": "197", "x": "72"}, {"y": "194", "x": "73"}, {"y": "191", "x": "75"}, {"y": "187", "x": "76"}, {"y": "184", "x": "78"}, {"y": "181", "x": "79"}, {"y": "178", "x": "81"}, {"y": "175", "x": "82"}, {"y": "172", "x": "84"}, {"y": "169", "x": "85"}, {"y": "166", "x": "87"}, {"y": "163", "x": "88"}, {"y": "160", "x": "90"}, {"y": "157", "x": "92"}, {"y": "154", "x": "93"}, {"y": "151", "x": "95"}, {"y": "151", "x": "95"}, {"y": "151", "x": "95"}, {"y": "148", "x": "96"}, {"y": "144", "x": "98"}, {"y": "141", "x": "99"}, {"y": "138", "x": "101"}, {"y": "135", "x": "103"}, {"y": "132", "x": "104"}, {"y": "129", "x": "106"}, {"y": "126", "x": "108"}, {"y": "123", "x": "109"}, {"y": "120", "x": "111"}, {"y": "117", "x": "112"}, {"y": "113", "x": "114"}, {"y": "110", "x": "116"}, {"y": "107", "x": "117"}, {"y": "104", "x": "119"}, {"y": "101", "x": "120"}, {"y": "98", "x": "122"}, {"y": "95", "x": "124"}, {"y": "92", "x": "125"}, {"y": "89", "x": "127"}, {"y": "86", "x": "129"}, {"y": "82", "x": "130"}, {"y": "79", "x": "132"}, {"y": "76", "x": "133"}, {"y": "73", "x": "135"}, {"y": "70", "x": "137"}, {"y": "67", "x": "138"}, {"y": "64", "x": "140"}, {"y": "61", "x": "141"}, {"y": "58", "x": "143"}, {"y": "54", "x": "145"}, {"y": "51", "x": "146"}, {"y": "48", "x": "148"}, {"y": "45", "x": "150"}, {"y": "42", "x": "151"}, {"y": "39", "x": "153"}, {"y": "36", "x": "154"}, {"y": "33", "x": "156"}, {"y": "30", "x": "158"}, {"y": "27", "x": "159"}, {"y": "23", "x": "161"}, {"y": "20", "x": "162"}, {"y": "17", "x": "164"}, {"y": "14", "x": "166"}, {"y": "11", "x": "167"}, {"y": "8", "x": "169"}, {"y": "5", "x": "171"}, {"y": "2", "x": "172"}, {"y": "2", "x": "172"}], [{"y": "121", "x": "540"}, {"y": "121", "x": "540"}, {"y": "121", "x": "540"}, {"y": "117", "x": "540"}, {"y": "114", "x": "541"}, {"y": "124", "x": "541"}, {"y": "110", "x": "541"}, {"y": "107", "x": "541"}, {"y": "128", "x": "541"}, {"y": "103", "x": "541"}, {"y": "100", "x": "541"}, {"y": "96", "x": "541"}, {"y": "131", "x": "541"}, {"y": "93", "x": "542"}, {"y": "89", "x": "542"}, {"y": "135", "x": "542"}, {"y": "86", "x": "542"}, {"y": "82", "x": "542"}, {"y": "82", "x": "542"}, {"y": "138", "x": "542"}, {"y": "141", "x": "543"}, {"y": "79", "x": "543"}, {"y": "145", "x": "543"}, {"y": "148", "x": "543"}, {"y": "152", "x": "544"}, {"y": "76", "x": "544"}, {"y": "155", "x": "544"}, {"y": "155", "x": "544"}, {"y": "155", "x": "544"}, {"y": "72", "x": "544"}, {"y": "158", "x": "545"}, {"y": "162", "x": "545"}, {"y": "69", "x": "545"}, {"y": "165", "x": "546"}, {"y": "66", "x": "546"}, {"y": "168", "x": "546"}, {"y": "62", "x": "547"}, {"y": "171", "x": "547"}, {"y": "175", "x": "548"}, {"y": "59", "x": "548"}, {"y": "178", "x": "548"}, {"y": "56", "x": "549"}, {"y": "181", "x": "549"}, {"y": "52", "x": "550"}, {"y": "184", "x": "550"}, {"y": "188", "x": "550"}, {"y": "49", "x": "550"}, {"y": "191", "x": "551"}, {"y": "46", "x": "551"}, {"y": "194", "x": "551"}, {"y": "197", "x": "552"}, {"y": "43", "x": "552"}, {"y": "201", "x": "553"}, {"y": "39", "x": "553"}, {"y": "204", "x": "553"}, {"y": "36", "x": "554"}, {"y": "36", "x": "554"}, {"y": "207", "x": "554"}, {"y": "210", "x": "555"}, {"y": "214", "x": "555"}, {"y": "33", "x": "556"}, {"y": "217", "x": "556"}, {"y": "220", "x": "556"}, {"y": "223", "x": "557"}, {"y": "227", "x": "558"}, {"y": "29", "x": "558"}, {"y": "230", "x": "558"}, {"y": "230", "x": "558"}, {"y": "233", "x": "559"}, {"y": "25", "x": "560"}, {"y": "236", "x": "560"}, {"y": "239", "x": "561"}, {"y": "22", "x": "562"}, {"y": "242", "x": "562"}, {"y": "245", "x": "564"}, {"y": "18", "x": "564"}, {"y": "249", "x": "565"}, {"y": "15", "x": "566"}, {"y": "252", "x": "566"}, {"y": "255", "x": "567"}, {"y": "11", "x": "567"}, {"y": "258", "x": "568"}, {"y": "261", "x": "569"}, {"y": "8", "x": "569"}, {"y": "264", "x": "570"}, {"y": "267", "x": "571"}, {"y": "4", "x": "571"}, {"y": "270", "x": "572"}, {"y": "273", "x": "573"}, {"y": "1", "x": "573"}, {"y": "1", "x": "573"}, {"y": "276", "x": "574"}, {"y": "280", "x": "575"}, {"y": "283", "x": "576"}, {"y": "286", "x": "577"}, {"y": "289", "x": "578"}, {"y": "292", "x": "579"}, {"y": "295", "x": "580"}, {"y": "298", "x": "581"}, {"y": "301", "x": "582"}, {"y": "304", "x": "583"}, {"y": "308", "x": "584"}, {"y": "311", "x": "585"}, {"y": "314", "x": "586"}, {"y": "317", "x": "588"}, {"y": "320", "x": "589"}, {"y": "323", "x": "590"}, {"y": "326", "x": "591"}, {"y": "329", "x": "592"}, {"y": "332", "x": "593"}, {"y": "335", "x": "594"}, {"y": "339", "x": "595"}, {"y": "342", "x": "596"}, {"y": "345", "x": "597"}, {"y": "348", "x": "598"}, {"y": "351", "x": "599"}, {"y": "354", "x": "600"}, {"y": "357", "x": "601"}, {"y": "357", "x": "601"}]]}