{"Lines": [[{"y": "1", "x": "412"}, {"y": "1", "x": "412"}, {"y": "5", "x": "415"}, {"y": "9", "x": "417"}, {"y": "13", "x": "420"}, {"y": "16", "x": "423"}, {"y": "16", "x": "423"}, {"y": "16", "x": "423"}, {"y": "25", "x": "430"}, {"y": "25", "x": "430"}, {"y": "30", "x": "434"}, {"y": "36", "x": "438"}, {"y": "36", "x": "438"}, {"y": "36", "x": "438"}, {"y": "40", "x": "443"}, {"y": "45", "x": "447"}, {"y": "45", "x": "447"}, {"y": "45", "x": "447"}, {"y": "52", "x": "455"}, {"y": "52", "x": "455"}, {"y": "52", "x": "455"}, {"y": "59", "x": "465"}, {"y": "59", "x": "465"}, {"y": "59", "x": "465"}, {"y": "68", "x": "476"}, {"y": "68", "x": "476"}, {"y": "68", "x": "476"}, {"y": "74", "x": "488"}, {"y": "74", "x": "488"}, {"y": "74", "x": "488"}, {"y": "80", "x": "500"}, {"y": "80", "x": "500"}, {"y": "84", "x": "510"}, {"y": "84", "x": "510"}, {"y": "87", "x": "524"}, {"y": "87", "x": "524"}, {"y": "93", "x": "543"}, {"y": "93", "x": "543"}, {"y": "96", "x": "560"}, {"y": "96", "x": "572"}, {"y": "95", "x": "581"}, {"y": "92", "x": "595"}, {"y": "90", "x": "604"}, {"y": "85", "x": "617"}, {"y": "79", "x": "630"}, {"y": "79", "x": "630"}, {"y": "72", "x": "638"}, {"y": "72", "x": "639"}], [{"y": "32", "x": "0"}, {"y": "32", "x": "0"}, {"y": "38", "x": "6"}, {"y": "38", "x": "6"}, {"y": "41", "x": "13"}, {"y": "45", "x": "20"}, {"y": "45", "x": "20"}, {"y": "47", "x": "28"}, {"y": "48", "x": "33"}, {"y": "49", "x": "43"}, {"y": "49", "x": "56"}, {"y": "49", "x": "64"}, {"y": "47", "x": "77"}, {"y": "45", "x": "93"}, {"y": "39", "x": "115"}, {"y": "39", "x": "115"}, {"y": "33", "x": "128"}, {"y": "33", "x": "128"}, {"y": "28", "x": "142"}, {"y": "28", "x": "142"}, {"y": "23", "x": "152"}, {"y": "23", "x": "152"}, {"y": "23", "x": "152"}, {"y": "16", "x": "162"}, {"y": "16", "x": "162"}, {"y": "9", "x": "170"}, {"y": "9", "x": "170"}, {"y": "0", "x": "180"}, {"y": "0", "x": "180"}]]}