{"Lines": [[{"y": "359", "x": "306"}, {"y": "359", "x": "307"}, {"y": "355", "x": "307"}, {"y": "352", "x": "307"}, {"y": "349", "x": "307"}, {"y": "346", "x": "307"}, {"y": "343", "x": "308"}, {"y": "340", "x": "308"}, {"y": "337", "x": "308"}, {"y": "334", "x": "308"}, {"y": "331", "x": "308"}, {"y": "328", "x": "309"}, {"y": "325", "x": "309"}, {"y": "322", "x": "309"}, {"y": "319", "x": "309"}, {"y": "316", "x": "309"}, {"y": "312", "x": "310"}, {"y": "309", "x": "310"}, {"y": "306", "x": "310"}, {"y": "303", "x": "310"}, {"y": "300", "x": "310"}, {"y": "297", "x": "311"}, {"y": "294", "x": "311"}, {"y": "291", "x": "311"}, {"y": "288", "x": "311"}, {"y": "285", "x": "312"}, {"y": "282", "x": "312"}, {"y": "279", "x": "312"}, {"y": "276", "x": "312"}, {"y": "273", "x": "312"}, {"y": "270", "x": "313"}, {"y": "266", "x": "313"}, {"y": "263", "x": "313"}, {"y": "260", "x": "313"}, {"y": "257", "x": "313"}, {"y": "254", "x": "314"}, {"y": "251", "x": "314"}, {"y": "248", "x": "314"}, {"y": "245", "x": "314"}, {"y": "242", "x": "314"}, {"y": "239", "x": "315"}, {"y": "236", "x": "315"}, {"y": "233", "x": "315"}, {"y": "230", "x": "315"}, {"y": "227", "x": "316"}, {"y": "223", "x": "316"}, {"y": "220", "x": "316"}, {"y": "217", "x": "316"}, {"y": "214", "x": "316"}, {"y": "211", "x": "317"}, {"y": "208", "x": "317"}, {"y": "205", "x": "317"}, {"y": "202", "x": "317"}, {"y": "199", "x": "317"}, {"y": "196", "x": "318"}, {"y": "193", "x": "318"}, {"y": "190", "x": "318"}, {"y": "187", "x": "318"}, {"y": "184", "x": "318"}, {"y": "181", "x": "319"}, {"y": "177", "x": "319"}, {"y": "174", "x": "319"}, {"y": "174", "x": "319"}, {"y": "174", "x": "319"}, {"y": "171", "x": "319"}, {"y": "168", "x": "320"}, {"y": "165", "x": "320"}, {"y": "162", "x": "320"}, {"y": "159", "x": "320"}, {"y": "155", "x": "321"}, {"y": "152", "x": "321"}, {"y": "149", "x": "321"}, {"y": "146", "x": "322"}, {"y": "143", "x": "322"}, {"y": "140", "x": "322"}, {"y": "136", "x": "322"}, {"y": "133", "x": "323"}, {"y": "130", "x": "323"}, {"y": "127", "x": "323"}, {"y": "124", "x": "323"}, {"y": "121", "x": "324"}, {"y": "117", "x": "324"}, {"y": "114", "x": "324"}, {"y": "111", "x": "325"}, {"y": "108", "x": "325"}, {"y": "108", "x": "325"}, {"y": "105", "x": "325"}, {"y": "102", "x": "325"}, {"y": "98", "x": "326"}, {"y": "95", "x": "326"}, {"y": "92", "x": "326"}, {"y": "89", "x": "326"}, {"y": "86", "x": "326"}, {"y": "83", "x": "327"}, {"y": "80", "x": "327"}, {"y": "76", "x": "327"}, {"y": "73", "x": "327"}, {"y": "70", "x": "328"}, {"y": "67", "x": "328"}, {"y": "64", "x": "328"}, {"y": "61", "x": "328"}, {"y": "57", "x": "329"}, {"y": "54", "x": "329"}, {"y": "51", "x": "329"}, {"y": "48", "x": "329"}, {"y": "45", "x": "329"}, {"y": "42", "x": "330"}, {"y": "42", "x": "330"}], [{"y": "134", "x": "4"}, {"y": "134", "x": "4"}, {"y": "131", "x": "6"}, {"y": "127", "x": "9"}, {"y": "124", "x": "12"}, {"y": "121", "x": "14"}, {"y": "117", "x": "17"}, {"y": "114", "x": "20"}, {"y": "111", "x": "22"}, {"y": "107", "x": "25"}, {"y": "104", "x": "28"}, {"y": "101", "x": "31"}, {"y": "97", "x": "33"}, {"y": "94", "x": "36"}, {"y": "91", "x": "39"}, {"y": "87", "x": "41"}, {"y": "84", "x": "44"}, {"y": "81", "x": "47"}, {"y": "77", "x": "49"}, {"y": "74", "x": "52"}, {"y": "74", "x": "52"}, {"y": "74", "x": "52"}, {"y": "71", "x": "57"}, {"y": "67", "x": "62"}, {"y": "64", "x": "67"}, {"y": "61", "x": "71"}, {"y": "57", "x": "76"}, {"y": "54", "x": "81"}, {"y": "51", "x": "86"}, {"y": "47", "x": "91"}, {"y": "44", "x": "96"}, {"y": "41", "x": "100"}, {"y": "37", "x": "105"}, {"y": "37", "x": "105"}, {"y": "37", "x": "105"}, {"y": "33", "x": "120"}, {"y": "28", "x": "134"}, {"y": "24", "x": "148"}, {"y": "24", "x": "148"}, {"y": "23", "x": "178"}], [{"y": "14", "x": "523"}, {"y": "14", "x": "523"}, {"y": "18", "x": "525"}, {"y": "21", "x": "527"}, {"y": "24", "x": "529"}, {"y": "28", "x": "531"}, {"y": "31", "x": "533"}, {"y": "34", "x": "535"}, {"y": "37", "x": "537"}, {"y": "41", "x": "539"}, {"y": "44", "x": "541"}, {"y": "47", "x": "543"}, {"y": "51", "x": "546"}, {"y": "54", "x": "548"}, {"y": "57", "x": "550"}, {"y": "60", "x": "552"}, {"y": "64", "x": "554"}, {"y": "64", "x": "554"}, {"y": "67", "x": "556"}, {"y": "70", "x": "558"}, {"y": "73", "x": "560"}, {"y": "77", "x": "562"}, {"y": "80", "x": "564"}, {"y": "83", "x": "566"}, {"y": "86", "x": "568"}, {"y": "90", "x": "571"}, {"y": "93", "x": "573"}, {"y": "96", "x": "575"}, {"y": "99", "x": "577"}, {"y": "103", "x": "579"}, {"y": "106", "x": "581"}, {"y": "109", "x": "583"}, {"y": "109", "x": "583"}, {"y": "112", "x": "585"}, {"y": "116", "x": "587"}, {"y": "119", "x": "590"}, {"y": "122", "x": "592"}, {"y": "126", "x": "594"}, {"y": "129", "x": "596"}, {"y": "132", "x": "598"}, {"y": "135", "x": "600"}, {"y": "139", "x": "603"}, {"y": "142", "x": "605"}, {"y": "145", "x": "607"}, {"y": "145", "x": "607"}, {"y": "149", "x": "609"}, {"y": "152", "x": "611"}, {"y": "155", "x": "613"}, {"y": "159", "x": "615"}, {"y": "162", "x": "617"}, {"y": "165", "x": "619"}, {"y": "169", "x": "621"}, {"y": "172", "x": "623"}, {"y": "175", "x": "625"}, {"y": "179", "x": "626"}, {"y": "182", "x": "628"}, {"y": "185", "x": "630"}, {"y": "189", "x": "632"}, {"y": "192", "x": "634"}, {"y": "196", "x": "636"}, {"y": "199", "x": "638"}, {"y": "199", "x": "638"}]]}