{"Lines": [[{"y": "314", "x": "2"}, {"y": "314", "x": "2"}, {"y": "311", "x": "4"}, {"y": "307", "x": "6"}, {"y": "304", "x": "7"}, {"y": "301", "x": "9"}, {"y": "298", "x": "10"}, {"y": "295", "x": "12"}, {"y": "292", "x": "14"}, {"y": "289", "x": "15"}, {"y": "286", "x": "17"}, {"y": "283", "x": "19"}, {"y": "280", "x": "20"}, {"y": "277", "x": "22"}, {"y": "274", "x": "23"}, {"y": "271", "x": "25"}, {"y": "268", "x": "27"}, {"y": "265", "x": "28"}, {"y": "262", "x": "30"}, {"y": "259", "x": "32"}, {"y": "256", "x": "33"}, {"y": "252", "x": "35"}, {"y": "249", "x": "36"}, {"y": "246", "x": "38"}, {"y": "243", "x": "40"}, {"y": "240", "x": "41"}, {"y": "237", "x": "43"}, {"y": "234", "x": "44"}, {"y": "231", "x": "46"}, {"y": "228", "x": "48"}, {"y": "225", "x": "49"}, {"y": "222", "x": "51"}, {"y": "219", "x": "53"}, {"y": "216", "x": "54"}, {"y": "213", "x": "56"}, {"y": "210", "x": "57"}, {"y": "207", "x": "59"}, {"y": "204", "x": "61"}, {"y": "201", "x": "62"}, {"y": "197", "x": "64"}, {"y": "194", "x": "66"}, {"y": "191", "x": "67"}, {"y": "188", "x": "69"}, {"y": "185", "x": "70"}, {"y": "182", "x": "72"}, {"y": "179", "x": "74"}, {"y": "176", "x": "75"}, {"y": "173", "x": "77"}, {"y": "170", "x": "78"}, {"y": "167", "x": "80"}, {"y": "164", "x": "82"}, {"y": "161", "x": "83"}, {"y": "158", "x": "85"}, {"y": "155", "x": "87"}, {"y": "152", "x": "88"}, {"y": "149", "x": "90"}, {"y": "146", "x": "91"}, {"y": "142", "x": "93"}, {"y": "139", "x": "95"}, {"y": "136", "x": "96"}, {"y": "133", "x": "98"}, {"y": "130", "x": "100"}, {"y": "127", "x": "101"}, {"y": "124", "x": "103"}, {"y": "121", "x": "104"}, {"y": "118", "x": "106"}, {"y": "118", "x": "106"}, {"y": "118", "x": "106"}, {"y": "115", "x": "108"}, {"y": "112", "x": "110"}, {"y": "109", "x": "112"}, {"y": "106", "x": "114"}, {"y": "102", "x": "116"}, {"y": "99", "x": "117"}, {"y": "96", "x": "119"}, {"y": "93", "x": "121"}, {"y": "90", "x": "123"}, {"y": "87", "x": "125"}, {"y": "84", "x": "127"}, {"y": "81", "x": "129"}, {"y": "77", "x": "131"}, {"y": "74", "x": "133"}, {"y": "71", "x": "135"}, {"y": "68", "x": "137"}, {"y": "65", "x": "138"}, {"y": "62", "x": "140"}, {"y": "59", "x": "142"}, {"y": "56", "x": "144"}, {"y": "53", "x": "146"}, {"y": "49", "x": "148"}, {"y": "46", "x": "150"}, {"y": "43", "x": "152"}, {"y": "40", "x": "154"}, {"y": "37", "x": "156"}, {"y": "34", "x": "158"}, {"y": "31", "x": "159"}, {"y": "28", "x": "161"}, {"y": "24", "x": "163"}, {"y": "21", "x": "165"}, {"y": "18", "x": "167"}, {"y": "15", "x": "169"}, {"y": "12", "x": "171"}, {"y": "9", "x": "173"}, {"y": "6", "x": "175"}, {"y": "3", "x": "177"}, {"y": "0", "x": "179"}], [{"y": "3", "x": "416"}, {"y": "3", "x": "416"}, {"y": "6", "x": "417"}, {"y": "10", "x": "419"}, {"y": "13", "x": "420"}, {"y": "16", "x": "421"}, {"y": "19", "x": "422"}, {"y": "22", "x": "423"}, {"y": "25", "x": "424"}, {"y": "28", "x": "426"}, {"y": "31", "x": "427"}, {"y": "34", "x": "428"}, {"y": "37", "x": "429"}, {"y": "40", "x": "430"}, {"y": "43", "x": "432"}, {"y": "46", "x": "433"}, {"y": "49", "x": "434"}, {"y": "53", "x": "435"}, {"y": "56", "x": "436"}, {"y": "59", "x": "437"}, {"y": "62", "x": "439"}, {"y": "65", "x": "440"}, {"y": "68", "x": "441"}, {"y": "71", "x": "442"}, {"y": "74", "x": "443"}, {"y": "77", "x": "444"}, {"y": "80", "x": "446"}, {"y": "83", "x": "447"}, {"y": "86", "x": "448"}, {"y": "89", "x": "449"}, {"y": "93", "x": "450"}, {"y": "96", "x": "451"}, {"y": "99", "x": "453"}, {"y": "102", "x": "454"}, {"y": "105", "x": "455"}, {"y": "108", "x": "456"}, {"y": "111", "x": "457"}, {"y": "114", "x": "459"}, {"y": "117", "x": "460"}, {"y": "120", "x": "461"}, {"y": "123", "x": "462"}, {"y": "126", "x": "463"}, {"y": "129", "x": "464"}, {"y": "129", "x": "464"}, {"y": "129", "x": "464"}, {"y": "133", "x": "466"}, {"y": "136", "x": "467"}, {"y": "139", "x": "469"}, {"y": "142", "x": "470"}, {"y": "145", "x": "472"}, {"y": "148", "x": "473"}, {"y": "151", "x": "475"}, {"y": "154", "x": "476"}, {"y": "157", "x": "478"}, {"y": "160", "x": "479"}, {"y": "163", "x": "481"}, {"y": "166", "x": "482"}, {"y": "169", "x": "483"}, {"y": "172", "x": "485"}, {"y": "175", "x": "486"}, {"y": "178", "x": "488"}, {"y": "181", "x": "489"}, {"y": "184", "x": "491"}, {"y": "187", "x": "492"}, {"y": "191", "x": "494"}, {"y": "194", "x": "495"}, {"y": "197", "x": "497"}, {"y": "200", "x": "498"}, {"y": "203", "x": "500"}, {"y": "206", "x": "501"}, {"y": "209", "x": "503"}, {"y": "212", "x": "504"}, {"y": "215", "x": "506"}, {"y": "218", "x": "507"}, {"y": "221", "x": "508"}, {"y": "224", "x": "510"}, {"y": "227", "x": "511"}, {"y": "230", "x": "513"}, {"y": "233", "x": "514"}, {"y": "236", "x": "516"}, {"y": "239", "x": "517"}, {"y": "242", "x": "519"}, {"y": "246", "x": "520"}, {"y": "249", "x": "522"}, {"y": "252", "x": "523"}, {"y": "255", "x": "525"}, {"y": "258", "x": "526"}, {"y": "261", "x": "528"}, {"y": "264", "x": "529"}, {"y": "267", "x": "530"}, {"y": "270", "x": "532"}, {"y": "273", "x": "533"}, {"y": "276", "x": "535"}, {"y": "279", "x": "536"}, {"y": "282", "x": "538"}, {"y": "285", "x": "539"}, {"y": "288", "x": "541"}, {"y": "291", "x": "542"}, {"y": "294", "x": "544"}, {"y": "297", "x": "545"}, {"y": "300", "x": "547"}, {"y": "304", "x": "548"}, {"y": "307", "x": "550"}, {"y": "310", "x": "551"}, {"y": "313", "x": "552"}, {"y": "316", "x": "554"}, {"y": "319", "x": "555"}, {"y": "322", "x": "557"}, {"y": "325", "x": "558"}, {"y": "328", "x": "560"}, {"y": "331", "x": "561"}, {"y": "334", "x": "563"}, {"y": "337", "x": "564"}, {"y": "340", "x": "566"}, {"y": "343", "x": "567"}, {"y": "346", "x": "569"}, {"y": "349", "x": "570"}, {"y": "352", "x": "572"}, {"y": "355", "x": "573"}, {"y": "359", "x": "574"}, {"y": "359", "x": "575"}]]}