{"Lines": [[{"y": "144", "x": "0"}, {"y": "144", "x": "0"}, {"y": "141", "x": "1"}, {"y": "138", "x": "2"}, {"y": "134", "x": "3"}, {"y": "131", "x": "4"}, {"y": "128", "x": "5"}, {"y": "125", "x": "6"}, {"y": "121", "x": "7"}, {"y": "118", "x": "8"}, {"y": "115", "x": "9"}, {"y": "112", "x": "10"}, {"y": "108", "x": "11"}, {"y": "105", "x": "12"}, {"y": "102", "x": "13"}, {"y": "98", "x": "14"}, {"y": "95", "x": "15"}, {"y": "92", "x": "16"}, {"y": "89", "x": "17"}, {"y": "85", "x": "18"}, {"y": "82", "x": "19"}, {"y": "79", "x": "20"}, {"y": "76", "x": "21"}, {"y": "76", "x": "21"}, {"y": "76", "x": "21"}, {"y": "72", "x": "23"}, {"y": "69", "x": "24"}, {"y": "66", "x": "26"}, {"y": "63", "x": "28"}, {"y": "60", "x": "29"}, {"y": "56", "x": "31"}, {"y": "53", "x": "32"}, {"y": "50", "x": "34"}, {"y": "47", "x": "36"}, {"y": "44", "x": "37"}, {"y": "40", "x": "39"}, {"y": "37", "x": "41"}, {"y": "34", "x": "42"}, {"y": "31", "x": "44"}, {"y": "27", "x": "45"}, {"y": "24", "x": "47"}, {"y": "21", "x": "49"}, {"y": "18", "x": "50"}, {"y": "15", "x": "52"}, {"y": "11", "x": "53"}, {"y": "8", "x": "55"}, {"y": "5", "x": "57"}], [{"y": "1", "x": "291"}, {"y": "1", "x": "291"}, {"y": "5", "x": "292"}, {"y": "8", "x": "293"}, {"y": "11", "x": "293"}, {"y": "15", "x": "294"}, {"y": "18", "x": "295"}, {"y": "21", "x": "296"}, {"y": "25", "x": "296"}, {"y": "28", "x": "297"}, {"y": "31", "x": "298"}, {"y": "35", "x": "298"}, {"y": "38", "x": "299"}, {"y": "41", "x": "300"}, {"y": "44", "x": "301"}, {"y": "48", "x": "301"}, {"y": "51", "x": "302"}, {"y": "51", "x": "302"}, {"y": "54", "x": "304"}, {"y": "58", "x": "306"}, {"y": "61", "x": "309"}, {"y": "64", "x": "311"}, {"y": "67", "x": "313"}, {"y": "70", "x": "316"}, {"y": "74", "x": "318"}, {"y": "77", "x": "320"}, {"y": "80", "x": "322"}, {"y": "83", "x": "325"}, {"y": "87", "x": "327"}, {"y": "90", "x": "329"}, {"y": "93", "x": "331"}, {"y": "96", "x": "334"}, {"y": "99", "x": "336"}, {"y": "103", "x": "338"}, {"y": "106", "x": "340"}, {"y": "109", "x": "343"}, {"y": "112", "x": "345"}, {"y": "116", "x": "347"}, {"y": "116", "x": "347"}, {"y": "116", "x": "347"}, {"y": "119", "x": "350"}, {"y": "122", "x": "353"}, {"y": "125", "x": "356"}, {"y": "128", "x": "358"}, {"y": "131", "x": "361"}, {"y": "134", "x": "364"}, {"y": "137", "x": "367"}, {"y": "140", "x": "369"}, {"y": "143", "x": "372"}, {"y": "146", "x": "375"}, {"y": "150", "x": "378"}, {"y": "153", "x": "381"}, {"y": "156", "x": "383"}, {"y": "159", "x": "386"}, {"y": "162", "x": "389"}, {"y": "165", "x": "392"}, {"y": "168", "x": "394"}, {"y": "171", "x": "397"}, {"y": "174", "x": "400"}, {"y": "177", "x": "403"}, {"y": "180", "x": "405"}, {"y": "183", "x": "408"}, {"y": "187", "x": "411"}, {"y": "190", "x": "414"}, {"y": "193", "x": "417"}, {"y": "196", "x": "419"}, {"y": "199", "x": "422"}, {"y": "202", "x": "425"}, {"y": "205", "x": "428"}, {"y": "208", "x": "430"}, {"y": "211", "x": "433"}, {"y": "214", "x": "436"}, {"y": "217", "x": "439"}, {"y": "220", "x": "441"}, {"y": "223", "x": "444"}, {"y": "227", "x": "447"}, {"y": "230", "x": "450"}, {"y": "233", "x": "453"}, {"y": "233", "x": "453"}, {"y": "233", "x": "453"}, {"y": "236", "x": "456"}, {"y": "239", "x": "459"}, {"y": "242", "x": "461"}, {"y": "245", "x": "464"}, {"y": "248", "x": "467"}, {"y": "252", "x": "470"}, {"y": "255", "x": "473"}, {"y": "258", "x": "476"}, {"y": "261", "x": "479"}, {"y": "264", "x": "482"}, {"y": "267", "x": "485"}, {"y": "270", "x": "488"}, {"y": "274", "x": "491"}, {"y": "277", "x": "494"}, {"y": "280", "x": "497"}, {"y": "283", "x": "500"}, {"y": "286", "x": "503"}, {"y": "289", "x": "506"}, {"y": "292", "x": "509"}, {"y": "296", "x": "512"}, {"y": "299", "x": "515"}, {"y": "302", "x": "518"}, {"y": "305", "x": "521"}, {"y": "308", "x": "524"}, {"y": "311", "x": "527"}, {"y": "314", "x": "530"}, {"y": "318", "x": "533"}, {"y": "321", "x": "536"}, {"y": "324", "x": "539"}, {"y": "327", "x": "542"}, {"y": "330", "x": "545"}, {"y": "333", "x": "548"}, {"y": "336", "x": "551"}, {"y": "340", "x": "554"}, {"y": "343", "x": "557"}, {"y": "346", "x": "560"}, {"y": "349", "x": "563"}, {"y": "352", "x": "566"}, {"y": "355", "x": "569"}, {"y": "359", "x": "572"}]]}