{"Lines": [[{"y": "1", "x": "371"}, {"y": "1", "x": "371"}, {"y": "4", "x": "373"}, {"y": "7", "x": "375"}, {"y": "10", "x": "378"}, {"y": "13", "x": "380"}, {"y": "16", "x": "382"}, {"y": "20", "x": "384"}, {"y": "23", "x": "386"}, {"y": "26", "x": "388"}, {"y": "29", "x": "390"}, {"y": "32", "x": "392"}, {"y": "35", "x": "394"}, {"y": "38", "x": "396"}, {"y": "41", "x": "398"}, {"y": "44", "x": "400"}, {"y": "47", "x": "402"}, {"y": "51", "x": "404"}, {"y": "54", "x": "407"}, {"y": "57", "x": "409"}, {"y": "60", "x": "411"}, {"y": "63", "x": "413"}, {"y": "66", "x": "415"}, {"y": "69", "x": "417"}, {"y": "72", "x": "419"}, {"y": "75", "x": "421"}, {"y": "79", "x": "423"}, {"y": "82", "x": "425"}, {"y": "85", "x": "427"}, {"y": "88", "x": "429"}, {"y": "91", "x": "431"}, {"y": "94", "x": "433"}, {"y": "97", "x": "435"}, {"y": "100", "x": "438"}, {"y": "103", "x": "440"}, {"y": "106", "x": "442"}, {"y": "110", "x": "444"}, {"y": "113", "x": "446"}, {"y": "116", "x": "448"}, {"y": "119", "x": "450"}, {"y": "122", "x": "452"}, {"y": "125", "x": "454"}, {"y": "128", "x": "456"}, {"y": "131", "x": "458"}, {"y": "134", "x": "460"}, {"y": "134", "x": "460"}, {"y": "134", "x": "460"}, {"y": "137", "x": "462"}, {"y": "141", "x": "463"}, {"y": "144", "x": "464"}, {"y": "147", "x": "465"}, {"y": "150", "x": "466"}, {"y": "153", "x": "468"}, {"y": "156", "x": "469"}, {"y": "159", "x": "470"}, {"y": "162", "x": "471"}, {"y": "165", "x": "473"}, {"y": "168", "x": "474"}, {"y": "171", "x": "475"}, {"y": "174", "x": "476"}, {"y": "177", "x": "478"}, {"y": "180", "x": "479"}, {"y": "184", "x": "480"}, {"y": "187", "x": "481"}, {"y": "190", "x": "483"}, {"y": "193", "x": "484"}, {"y": "196", "x": "485"}, {"y": "199", "x": "486"}, {"y": "202", "x": "487"}, {"y": "205", "x": "489"}, {"y": "208", "x": "490"}, {"y": "211", "x": "491"}, {"y": "214", "x": "492"}, {"y": "217", "x": "494"}, {"y": "220", "x": "495"}, {"y": "223", "x": "496"}, {"y": "226", "x": "497"}, {"y": "230", "x": "499"}, {"y": "233", "x": "500"}, {"y": "236", "x": "501"}, {"y": "239", "x": "502"}, {"y": "242", "x": "504"}, {"y": "245", "x": "505"}, {"y": "248", "x": "506"}, {"y": "251", "x": "507"}, {"y": "254", "x": "508"}, {"y": "257", "x": "510"}, {"y": "260", "x": "511"}, {"y": "263", "x": "512"}, {"y": "266", "x": "513"}, {"y": "269", "x": "515"}, {"y": "273", "x": "516"}, {"y": "276", "x": "517"}, {"y": "279", "x": "518"}, {"y": "282", "x": "520"}, {"y": "285", "x": "521"}, {"y": "288", "x": "522"}, {"y": "291", "x": "523"}, {"y": "294", "x": "525"}, {"y": "297", "x": "526"}, {"y": "300", "x": "527"}, {"y": "303", "x": "528"}, {"y": "306", "x": "529"}, {"y": "309", "x": "531"}, {"y": "312", "x": "532"}, {"y": "316", "x": "533"}, {"y": "319", "x": "534"}, {"y": "322", "x": "536"}, {"y": "325", "x": "537"}, {"y": "328", "x": "538"}, {"y": "331", "x": "539"}, {"y": "334", "x": "541"}, {"y": "337", "x": "542"}, {"y": "340", "x": "543"}, {"y": "343", "x": "544"}, {"y": "346", "x": "546"}, {"y": "349", "x": "547"}, {"y": "352", "x": "548"}, {"y": "355", "x": "549"}, {"y": "359", "x": "551"}], [{"y": "261", "x": "1"}, {"y": "261", "x": "1"}, {"y": "258", "x": "3"}, {"y": "255", "x": "5"}, {"y": "252", "x": "7"}, {"y": "249", "x": "10"}, {"y": "246", "x": "12"}, {"y": "243", "x": "14"}, {"y": "240", "x": "16"}, {"y": "236", "x": "18"}, {"y": "233", "x": "21"}, {"y": "230", "x": "23"}, {"y": "227", "x": "25"}, {"y": "224", "x": "27"}, {"y": "221", "x": "29"}, {"y": "218", "x": "32"}, {"y": "215", "x": "34"}, {"y": "211", "x": "36"}, {"y": "208", "x": "38"}, {"y": "205", "x": "40"}, {"y": "202", "x": "43"}, {"y": "199", "x": "45"}, {"y": "196", "x": "47"}, {"y": "193", "x": "49"}, {"y": "190", "x": "51"}, {"y": "187", "x": "54"}, {"y": "183", "x": "56"}, {"y": "180", "x": "58"}, {"y": "177", "x": "60"}, {"y": "174", "x": "62"}, {"y": "171", "x": "65"}, {"y": "168", "x": "67"}, {"y": "168", "x": "67"}, {"y": "168", "x": "67"}, {"y": "165", "x": "68"}, {"y": "161", "x": "70"}, {"y": "158", "x": "71"}, {"y": "155", "x": "73"}, {"y": "152", "x": "75"}, {"y": "149", "x": "76"}, {"y": "146", "x": "78"}, {"y": "142", "x": "79"}, {"y": "139", "x": "81"}, {"y": "136", "x": "82"}, {"y": "133", "x": "84"}, {"y": "130", "x": "85"}, {"y": "127", "x": "87"}, {"y": "123", "x": "89"}, {"y": "120", "x": "90"}, {"y": "117", "x": "92"}, {"y": "114", "x": "93"}, {"y": "111", "x": "95"}, {"y": "107", "x": "96"}, {"y": "107", "x": "96"}, {"y": "107", "x": "96"}, {"y": "104", "x": "97"}, {"y": "101", "x": "98"}, {"y": "98", "x": "99"}, {"y": "95", "x": "100"}, {"y": "92", "x": "101"}, {"y": "88", "x": "102"}, {"y": "85", "x": "103"}, {"y": "82", "x": "104"}, {"y": "79", "x": "105"}, {"y": "76", "x": "106"}, {"y": "73", "x": "107"}, {"y": "69", "x": "108"}, {"y": "66", "x": "109"}, {"y": "63", "x": "110"}, {"y": "60", "x": "111"}, {"y": "57", "x": "112"}, {"y": "54", "x": "113"}, {"y": "50", "x": "114"}, {"y": "47", "x": "115"}, {"y": "44", "x": "116"}, {"y": "41", "x": "117"}, {"y": "38", "x": "118"}, {"y": "35", "x": "119"}, {"y": "32", "x": "119"}, {"y": "32", "x": "119"}, {"y": "32", "x": "120"}, {"y": "28", "x": "120"}, {"y": "24", "x": "121"}, {"y": "21", "x": "122"}, {"y": "17", "x": "123"}, {"y": "14", "x": "124"}, {"y": "10", "x": "125"}, {"y": "7", "x": "126"}, {"y": "3", "x": "127"}, {"y": "0", "x": "128"}, {"y": "0", "x": "128"}]]}