{"Lines": [[{"y": "356", "x": "7"}, {"y": "356", "x": "7"}, {"y": "353", "x": "9"}, {"y": "350", "x": "10"}, {"y": "347", "x": "11"}, {"y": "344", "x": "13"}, {"y": "341", "x": "14"}, {"y": "338", "x": "16"}, {"y": "335", "x": "17"}, {"y": "332", "x": "19"}, {"y": "329", "x": "20"}, {"y": "326", "x": "21"}, {"y": "323", "x": "23"}, {"y": "320", "x": "24"}, {"y": "317", "x": "26"}, {"y": "314", "x": "27"}, {"y": "311", "x": "28"}, {"y": "307", "x": "30"}, {"y": "304", "x": "31"}, {"y": "301", "x": "33"}, {"y": "298", "x": "34"}, {"y": "295", "x": "36"}, {"y": "292", "x": "37"}, {"y": "289", "x": "38"}, {"y": "286", "x": "40"}, {"y": "283", "x": "41"}, {"y": "280", "x": "43"}, {"y": "277", "x": "44"}, {"y": "274", "x": "45"}, {"y": "271", "x": "47"}, {"y": "268", "x": "48"}, {"y": "265", "x": "50"}, {"y": "262", "x": "51"}, {"y": "258", "x": "52"}, {"y": "255", "x": "54"}, {"y": "252", "x": "55"}, {"y": "249", "x": "57"}, {"y": "246", "x": "58"}, {"y": "243", "x": "60"}, {"y": "240", "x": "61"}, {"y": "237", "x": "62"}, {"y": "234", "x": "64"}, {"y": "231", "x": "65"}, {"y": "228", "x": "67"}, {"y": "225", "x": "68"}, {"y": "222", "x": "69"}, {"y": "219", "x": "71"}, {"y": "216", "x": "72"}, {"y": "213", "x": "74"}, {"y": "209", "x": "75"}, {"y": "206", "x": "76"}, {"y": "203", "x": "78"}, {"y": "200", "x": "79"}, {"y": "197", "x": "81"}, {"y": "194", "x": "82"}, {"y": "191", "x": "84"}, {"y": "188", "x": "85"}, {"y": "185", "x": "86"}, {"y": "182", "x": "88"}, {"y": "179", "x": "89"}, {"y": "176", "x": "91"}, {"y": "173", "x": "92"}, {"y": "170", "x": "93"}, {"y": "167", "x": "95"}, {"y": "164", "x": "96"}, {"y": "161", "x": "98"}, {"y": "157", "x": "99"}, {"y": "154", "x": "100"}, {"y": "151", "x": "102"}, {"y": "148", "x": "103"}, {"y": "145", "x": "105"}, {"y": "142", "x": "106"}, {"y": "139", "x": "108"}, {"y": "136", "x": "109"}, {"y": "133", "x": "110"}, {"y": "130", "x": "112"}, {"y": "127", "x": "113"}, {"y": "124", "x": "115"}, {"y": "121", "x": "116"}, {"y": "118", "x": "118"}, {"y": "114", "x": "119"}, {"y": "111", "x": "121"}, {"y": "108", "x": "122"}, {"y": "105", "x": "124"}, {"y": "102", "x": "125"}, {"y": "99", "x": "127"}, {"y": "96", "x": "128"}, {"y": "93", "x": "130"}, {"y": "90", "x": "131"}, {"y": "86", "x": "133"}, {"y": "83", "x": "134"}, {"y": "80", "x": "136"}, {"y": "77", "x": "137"}, {"y": "74", "x": "139"}, {"y": "71", "x": "140"}, {"y": "68", "x": "142"}, {"y": "65", "x": "144"}, {"y": "62", "x": "145"}, {"y": "59", "x": "147"}, {"y": "55", "x": "148"}, {"y": "52", "x": "150"}, {"y": "49", "x": "151"}, {"y": "46", "x": "153"}, {"y": "43", "x": "154"}, {"y": "40", "x": "156"}, {"y": "37", "x": "157"}, {"y": "34", "x": "159"}, {"y": "31", "x": "160"}, {"y": "27", "x": "162"}, {"y": "24", "x": "163"}, {"y": "21", "x": "165"}, {"y": "18", "x": "166"}, {"y": "15", "x": "168"}, {"y": "12", "x": "169"}, {"y": "9", "x": "171"}, {"y": "6", "x": "172"}, {"y": "3", "x": "174"}, {"y": "0", "x": "176"}, {"y": "0", "x": "176"}], [{"y": "1", "x": "420"}, {"y": "4", "x": "422"}, {"y": "7", "x": "423"}, {"y": "11", "x": "425"}, {"y": "14", "x": "427"}, {"y": "17", "x": "428"}, {"y": "20", "x": "430"}, {"y": "23", "x": "431"}, {"y": "26", "x": "433"}, {"y": "29", "x": "434"}, {"y": "32", "x": "436"}, {"y": "35", "x": "438"}, {"y": "38", "x": "439"}, {"y": "41", "x": "441"}, {"y": "44", "x": "442"}, {"y": "47", "x": "444"}, {"y": "50", "x": "446"}, {"y": "53", "x": "447"}, {"y": "56", "x": "449"}, {"y": "59", "x": "450"}, {"y": "63", "x": "452"}, {"y": "66", "x": "453"}, {"y": "69", "x": "455"}, {"y": "72", "x": "457"}, {"y": "75", "x": "458"}, {"y": "78", "x": "460"}, {"y": "81", "x": "461"}, {"y": "84", "x": "463"}, {"y": "87", "x": "464"}, {"y": "90", "x": "466"}, {"y": "93", "x": "468"}, {"y": "96", "x": "469"}, {"y": "99", "x": "471"}, {"y": "102", "x": "472"}, {"y": "105", "x": "474"}, {"y": "108", "x": "475"}, {"y": "112", "x": "477"}, {"y": "115", "x": "479"}, {"y": "118", "x": "480"}, {"y": "121", "x": "482"}, {"y": "124", "x": "483"}, {"y": "127", "x": "485"}, {"y": "130", "x": "486"}, {"y": "133", "x": "488"}, {"y": "136", "x": "490"}, {"y": "139", "x": "491"}, {"y": "142", "x": "493"}, {"y": "145", "x": "494"}, {"y": "148", "x": "496"}, {"y": "151", "x": "498"}, {"y": "154", "x": "499"}, {"y": "154", "x": "499"}, {"y": "154", "x": "499"}, {"y": "157", "x": "501"}, {"y": "160", "x": "502"}, {"y": "164", "x": "504"}, {"y": "167", "x": "506"}, {"y": "170", "x": "507"}, {"y": "173", "x": "509"}, {"y": "176", "x": "511"}, {"y": "179", "x": "512"}, {"y": "182", "x": "514"}, {"y": "185", "x": "516"}, {"y": "188", "x": "517"}, {"y": "191", "x": "519"}, {"y": "194", "x": "521"}, {"y": "197", "x": "522"}, {"y": "200", "x": "524"}, {"y": "203", "x": "526"}, {"y": "206", "x": "527"}, {"y": "209", "x": "529"}, {"y": "212", "x": "531"}, {"y": "215", "x": "532"}, {"y": "218", "x": "534"}, {"y": "221", "x": "536"}, {"y": "224", "x": "537"}, {"y": "227", "x": "539"}, {"y": "231", "x": "541"}, {"y": "234", "x": "542"}, {"y": "237", "x": "544"}, {"y": "240", "x": "546"}, {"y": "243", "x": "547"}, {"y": "246", "x": "549"}, {"y": "249", "x": "551"}, {"y": "252", "x": "552"}, {"y": "255", "x": "554"}, {"y": "258", "x": "556"}, {"y": "261", "x": "557"}, {"y": "264", "x": "559"}, {"y": "267", "x": "561"}, {"y": "270", "x": "562"}, {"y": "273", "x": "564"}, {"y": "276", "x": "566"}, {"y": "279", "x": "567"}, {"y": "282", "x": "569"}, {"y": "285", "x": "571"}, {"y": "288", "x": "572"}, {"y": "291", "x": "574"}, {"y": "295", "x": "576"}, {"y": "298", "x": "577"}, {"y": "301", "x": "579"}, {"y": "304", "x": "581"}, {"y": "307", "x": "582"}, {"y": "310", "x": "584"}, {"y": "313", "x": "586"}, {"y": "316", "x": "587"}, {"y": "319", "x": "589"}, {"y": "322", "x": "591"}, {"y": "325", "x": "592"}, {"y": "328", "x": "594"}, {"y": "331", "x": "596"}, {"y": "334", "x": "597"}, {"y": "337", "x": "599"}, {"y": "340", "x": "601"}, {"y": "343", "x": "602"}, {"y": "346", "x": "604"}, {"y": "349", "x": "606"}, {"y": "352", "x": "607"}, {"y": "355", "x": "609"}, {"y": "359", "x": "611"}]]}