{"Lines": [[{"y": "359", "x": "42"}, {"y": "359", "x": "42"}, {"y": "355", "x": "43"}, {"y": "352", "x": "45"}, {"y": "349", "x": "47"}, {"y": "346", "x": "49"}, {"y": "343", "x": "51"}, {"y": "340", "x": "53"}, {"y": "337", "x": "55"}, {"y": "334", "x": "57"}, {"y": "331", "x": "59"}, {"y": "328", "x": "61"}, {"y": "325", "x": "62"}, {"y": "322", "x": "64"}, {"y": "319", "x": "66"}, {"y": "316", "x": "68"}, {"y": "313", "x": "70"}, {"y": "310", "x": "72"}, {"y": "307", "x": "74"}, {"y": "304", "x": "76"}, {"y": "301", "x": "78"}, {"y": "297", "x": "80"}, {"y": "294", "x": "81"}, {"y": "291", "x": "83"}, {"y": "288", "x": "85"}, {"y": "285", "x": "87"}, {"y": "282", "x": "89"}, {"y": "279", "x": "91"}, {"y": "276", "x": "93"}, {"y": "273", "x": "95"}, {"y": "270", "x": "97"}, {"y": "267", "x": "99"}, {"y": "264", "x": "100"}, {"y": "261", "x": "102"}, {"y": "258", "x": "104"}, {"y": "255", "x": "106"}, {"y": "252", "x": "108"}, {"y": "249", "x": "110"}, {"y": "246", "x": "112"}, {"y": "243", "x": "114"}, {"y": "240", "x": "116"}, {"y": "236", "x": "118"}, {"y": "233", "x": "119"}, {"y": "230", "x": "121"}, {"y": "227", "x": "123"}, {"y": "224", "x": "125"}, {"y": "221", "x": "127"}, {"y": "218", "x": "129"}, {"y": "215", "x": "131"}, {"y": "212", "x": "133"}, {"y": "209", "x": "135"}, {"y": "206", "x": "137"}, {"y": "203", "x": "138"}, {"y": "200", "x": "140"}, {"y": "197", "x": "142"}, {"y": "194", "x": "144"}, {"y": "191", "x": "146"}, {"y": "188", "x": "148"}, {"y": "185", "x": "150"}, {"y": "182", "x": "152"}, {"y": "179", "x": "154"}, {"y": "175", "x": "156"}, {"y": "172", "x": "157"}, {"y": "169", "x": "159"}, {"y": "166", "x": "161"}, {"y": "163", "x": "163"}, {"y": "160", "x": "165"}, {"y": "157", "x": "167"}, {"y": "154", "x": "169"}, {"y": "151", "x": "171"}, {"y": "148", "x": "173"}, {"y": "145", "x": "175"}, {"y": "145", "x": "175"}, {"y": "145", "x": "175"}, {"y": "142", "x": "177"}, {"y": "139", "x": "180"}, {"y": "135", "x": "183"}, {"y": "132", "x": "185"}, {"y": "129", "x": "188"}, {"y": "126", "x": "191"}, {"y": "122", "x": "193"}, {"y": "119", "x": "196"}, {"y": "116", "x": "199"}, {"y": "113", "x": "202"}, {"y": "109", "x": "204"}, {"y": "106", "x": "207"}, {"y": "103", "x": "210"}, {"y": "100", "x": "212"}, {"y": "96", "x": "215"}, {"y": "93", "x": "218"}, {"y": "90", "x": "220"}, {"y": "87", "x": "223"}, {"y": "83", "x": "225"}, {"y": "80", "x": "227"}, {"y": "77", "x": "229"}, {"y": "74", "x": "230"}, {"y": "71", "x": "232"}, {"y": "67", "x": "234"}, {"y": "64", "x": "236"}, {"y": "61", "x": "238"}, {"y": "58", "x": "239"}, {"y": "55", "x": "241"}, {"y": "52", "x": "243"}, {"y": "48", "x": "245"}, {"y": "45", "x": "247"}, {"y": "42", "x": "249"}, {"y": "39", "x": "250"}, {"y": "36", "x": "252"}, {"y": "36", "x": "252"}, {"y": "36", "x": "252"}, {"y": "32", "x": "253"}, {"y": "29", "x": "254"}, {"y": "25", "x": "255"}, {"y": "21", "x": "256"}, {"y": "18", "x": "257"}, {"y": "14", "x": "258"}, {"y": "11", "x": "258"}, {"y": "7", "x": "259"}, {"y": "4", "x": "260"}, {"y": "0", "x": "261"}, {"y": "0", "x": "261"}], [{"y": "0", "x": "497"}, {"y": "0", "x": "497"}, {"y": "3", "x": "499"}, {"y": "7", "x": "501"}, {"y": "10", "x": "503"}, {"y": "13", "x": "504"}, {"y": "16", "x": "506"}, {"y": "20", "x": "508"}, {"y": "23", "x": "510"}, {"y": "26", "x": "512"}, {"y": "29", "x": "514"}, {"y": "33", "x": "516"}, {"y": "36", "x": "517"}, {"y": "39", "x": "519"}, {"y": "43", "x": "521"}, {"y": "46", "x": "523"}, {"y": "49", "x": "525"}, {"y": "52", "x": "527"}, {"y": "56", "x": "528"}, {"y": "56", "x": "528"}, {"y": "56", "x": "528"}, {"y": "59", "x": "530"}, {"y": "62", "x": "531"}, {"y": "65", "x": "532"}, {"y": "68", "x": "533"}, {"y": "71", "x": "534"}, {"y": "74", "x": "535"}, {"y": "77", "x": "537"}, {"y": "81", "x": "538"}, {"y": "84", "x": "539"}, {"y": "87", "x": "540"}, {"y": "90", "x": "541"}, {"y": "93", "x": "542"}, {"y": "96", "x": "544"}, {"y": "99", "x": "545"}, {"y": "102", "x": "546"}, {"y": "106", "x": "547"}, {"y": "109", "x": "548"}, {"y": "112", "x": "549"}, {"y": "115", "x": "550"}, {"y": "118", "x": "552"}, {"y": "121", "x": "553"}, {"y": "124", "x": "554"}, {"y": "127", "x": "555"}, {"y": "130", "x": "556"}, {"y": "134", "x": "557"}, {"y": "137", "x": "559"}, {"y": "140", "x": "560"}, {"y": "143", "x": "561"}, {"y": "146", "x": "562"}, {"y": "149", "x": "563"}, {"y": "152", "x": "564"}, {"y": "152", "x": "564"}, {"y": "155", "x": "565"}, {"y": "159", "x": "566"}, {"y": "162", "x": "567"}, {"y": "165", "x": "568"}, {"y": "168", "x": "569"}, {"y": "171", "x": "570"}, {"y": "174", "x": "570"}, {"y": "177", "x": "571"}, {"y": "180", "x": "572"}, {"y": "183", "x": "573"}, {"y": "187", "x": "574"}, {"y": "190", "x": "575"}, {"y": "193", "x": "576"}, {"y": "196", "x": "576"}, {"y": "199", "x": "577"}, {"y": "202", "x": "578"}, {"y": "205", "x": "579"}, {"y": "208", "x": "580"}, {"y": "212", "x": "581"}, {"y": "215", "x": "582"}, {"y": "218", "x": "582"}, {"y": "221", "x": "583"}, {"y": "224", "x": "584"}, {"y": "227", "x": "585"}, {"y": "230", "x": "586"}, {"y": "233", "x": "587"}, {"y": "236", "x": "588"}, {"y": "240", "x": "588"}, {"y": "243", "x": "589"}, {"y": "246", "x": "590"}, {"y": "249", "x": "591"}, {"y": "252", "x": "592"}, {"y": "255", "x": "593"}, {"y": "258", "x": "594"}, {"y": "261", "x": "594"}, {"y": "264", "x": "595"}, {"y": "268", "x": "596"}, {"y": "271", "x": "597"}, {"y": "271", "x": "597"}, {"y": "274", "x": "599"}, {"y": "277", "x": "600"}, {"y": "280", "x": "602"}, {"y": "284", "x": "603"}, {"y": "287", "x": "605"}, {"y": "290", "x": "606"}, {"y": "293", "x": "608"}, {"y": "296", "x": "609"}, {"y": "300", "x": "611"}, {"y": "303", "x": "612"}, {"y": "306", "x": "614"}, {"y": "309", "x": "615"}, {"y": "312", "x": "617"}, {"y": "316", "x": "619"}, {"y": "319", "x": "620"}, {"y": "322", "x": "622"}, {"y": "325", "x": "623"}, {"y": "329", "x": "625"}, {"y": "332", "x": "626"}, {"y": "335", "x": "628"}, {"y": "338", "x": "629"}, {"y": "341", "x": "631"}, {"y": "345", "x": "632"}, {"y": "348", "x": "634"}, {"y": "351", "x": "635"}, {"y": "354", "x": "637"}, {"y": "358", "x": "639"}, {"y": "358", "x": "639"}]]}