{"Lines": [[{"y": "315", "x": "0"}, {"y": "315", "x": "0"}, {"y": "312", "x": "2"}, {"y": "309", "x": "4"}, {"y": "305", "x": "6"}, {"y": "302", "x": "8"}, {"y": "299", "x": "10"}, {"y": "296", "x": "13"}, {"y": "293", "x": "15"}, {"y": "290", "x": "17"}, {"y": "287", "x": "19"}, {"y": "284", "x": "21"}, {"y": "281", "x": "23"}, {"y": "278", "x": "25"}, {"y": "275", "x": "27"}, {"y": "271", "x": "29"}, {"y": "268", "x": "32"}, {"y": "265", "x": "34"}, {"y": "262", "x": "36"}, {"y": "259", "x": "38"}, {"y": "256", "x": "40"}, {"y": "253", "x": "42"}, {"y": "250", "x": "44"}, {"y": "247", "x": "46"}, {"y": "244", "x": "48"}, {"y": "240", "x": "51"}, {"y": "237", "x": "53"}, {"y": "234", "x": "55"}, {"y": "231", "x": "57"}, {"y": "228", "x": "59"}, {"y": "225", "x": "61"}, {"y": "222", "x": "63"}, {"y": "219", "x": "65"}, {"y": "216", "x": "67"}, {"y": "213", "x": "70"}, {"y": "210", "x": "72"}, {"y": "206", "x": "74"}, {"y": "203", "x": "76"}, {"y": "200", "x": "78"}, {"y": "197", "x": "80"}, {"y": "194", "x": "82"}, {"y": "191", "x": "84"}, {"y": "188", "x": "86"}, {"y": "188", "x": "86"}, {"y": "188", "x": "86"}, {"y": "185", "x": "89"}, {"y": "181", "x": "92"}, {"y": "178", "x": "95"}, {"y": "175", "x": "98"}, {"y": "172", "x": "101"}, {"y": "169", "x": "103"}, {"y": "165", "x": "106"}, {"y": "162", "x": "109"}, {"y": "159", "x": "112"}, {"y": "156", "x": "115"}, {"y": "152", "x": "118"}, {"y": "149", "x": "120"}, {"y": "146", "x": "123"}, {"y": "143", "x": "126"}, {"y": "140", "x": "129"}, {"y": "136", "x": "132"}, {"y": "133", "x": "134"}, {"y": "130", "x": "137"}, {"y": "127", "x": "140"}, {"y": "123", "x": "143"}, {"y": "120", "x": "146"}, {"y": "117", "x": "149"}, {"y": "114", "x": "151"}, {"y": "111", "x": "154"}, {"y": "107", "x": "157"}, {"y": "104", "x": "160"}, {"y": "101", "x": "163"}, {"y": "101", "x": "163"}, {"y": "98", "x": "166"}, {"y": "95", "x": "169"}, {"y": "91", "x": "172"}, {"y": "88", "x": "176"}, {"y": "85", "x": "179"}, {"y": "82", "x": "182"}, {"y": "79", "x": "185"}, {"y": "76", "x": "188"}, {"y": "72", "x": "192"}, {"y": "69", "x": "195"}, {"y": "66", "x": "198"}, {"y": "63", "x": "201"}, {"y": "60", "x": "205"}, {"y": "57", "x": "208"}, {"y": "53", "x": "211"}, {"y": "50", "x": "214"}, {"y": "47", "x": "217"}, {"y": "44", "x": "221"}, {"y": "41", "x": "224"}, {"y": "38", "x": "227"}, {"y": "34", "x": "230"}, {"y": "31", "x": "233"}, {"y": "28", "x": "237"}, {"y": "25", "x": "240"}, {"y": "22", "x": "243"}, {"y": "19", "x": "246"}, {"y": "15", "x": "249"}, {"y": "12", "x": "253"}, {"y": "9", "x": "256"}, {"y": "6", "x": "259"}, {"y": "3", "x": "262"}, {"y": "0", "x": "266"}, {"y": "0", "x": "266"}], [{"y": "104", "x": "534"}, {"y": "104", "x": "534"}, {"y": "104", "x": "534"}, {"y": "107", "x": "534"}, {"y": "101", "x": "535"}, {"y": "110", "x": "535"}, {"y": "114", "x": "535"}, {"y": "97", "x": "535"}, {"y": "117", "x": "535"}, {"y": "94", "x": "535"}, {"y": "120", "x": "536"}, {"y": "123", "x": "536"}, {"y": "91", "x": "536"}, {"y": "126", "x": "536"}, {"y": "88", "x": "536"}, {"y": "130", "x": "536"}, {"y": "133", "x": "537"}, {"y": "85", "x": "537"}, {"y": "136", "x": "537"}, {"y": "82", "x": "537"}, {"y": "139", "x": "537"}, {"y": "143", "x": "538"}, {"y": "78", "x": "538"}, {"y": "146", "x": "538"}, {"y": "75", "x": "538"}, {"y": "149", "x": "538"}, {"y": "152", "x": "538"}, {"y": "72", "x": "538"}, {"y": "156", "x": "539"}, {"y": "69", "x": "539"}, {"y": "159", "x": "539"}, {"y": "162", "x": "539"}, {"y": "66", "x": "539"}, {"y": "165", "x": "539"}, {"y": "63", "x": "540"}, {"y": "169", "x": "540"}, {"y": "172", "x": "540"}, {"y": "59", "x": "540"}, {"y": "175", "x": "540"}, {"y": "175", "x": "540"}, {"y": "56", "x": "541"}, {"y": "178", "x": "541"}, {"y": "53", "x": "541"}, {"y": "50", "x": "541"}, {"y": "181", "x": "542"}, {"y": "47", "x": "542"}, {"y": "44", "x": "542"}, {"y": "184", "x": "542"}, {"y": "40", "x": "543"}, {"y": "187", "x": "543"}, {"y": "37", "x": "543"}, {"y": "37", "x": "543"}, {"y": "190", "x": "544"}, {"y": "34", "x": "544"}, {"y": "194", "x": "545"}, {"y": "197", "x": "545"}, {"y": "30", "x": "546"}, {"y": "200", "x": "546"}, {"y": "203", "x": "547"}, {"y": "27", "x": "547"}, {"y": "206", "x": "547"}, {"y": "24", "x": "548"}, {"y": "209", "x": "548"}, {"y": "212", "x": "549"}, {"y": "20", "x": "549"}, {"y": "215", "x": "549"}, {"y": "218", "x": "550"}, {"y": "17", "x": "550"}, {"y": "221", "x": "551"}, {"y": "13", "x": "551"}, {"y": "224", "x": "552"}, {"y": "227", "x": "552"}, {"y": "10", "x": "553"}, {"y": "230", "x": "553"}, {"y": "233", "x": "554"}, {"y": "7", "x": "554"}, {"y": "236", "x": "554"}, {"y": "3", "x": "555"}, {"y": "239", "x": "555"}, {"y": "242", "x": "556"}, {"y": "0", "x": "556"}, {"y": "0", "x": "556"}, {"y": "245", "x": "556"}, {"y": "249", "x": "557"}, {"y": "252", "x": "558"}, {"y": "255", "x": "559"}, {"y": "258", "x": "559"}, {"y": "261", "x": "560"}, {"y": "264", "x": "561"}, {"y": "267", "x": "561"}, {"y": "270", "x": "562"}, {"y": "273", "x": "563"}, {"y": "276", "x": "564"}, {"y": "279", "x": "564"}, {"y": "282", "x": "565"}, {"y": "285", "x": "566"}, {"y": "288", "x": "566"}, {"y": "291", "x": "567"}, {"y": "294", "x": "568"}, {"y": "297", "x": "568"}, {"y": "300", "x": "569"}, {"y": "304", "x": "570"}, {"y": "307", "x": "571"}, {"y": "310", "x": "571"}, {"y": "313", "x": "572"}, {"y": "316", "x": "573"}, {"y": "319", "x": "573"}, {"y": "322", "x": "574"}, {"y": "325", "x": "575"}, {"y": "328", "x": "575"}, {"y": "331", "x": "576"}, {"y": "334", "x": "577"}, {"y": "337", "x": "578"}, {"y": "340", "x": "578"}, {"y": "343", "x": "579"}, {"y": "346", "x": "580"}, {"y": "349", "x": "580"}, {"y": "352", "x": "581"}, {"y": "355", "x": "582"}, {"y": "359", "x": "583"}]]}