{"Lines": [[{"y": "358", "x": "3"}, {"y": "358", "x": "3"}, {"y": "355", "x": "4"}, {"y": "352", "x": "6"}, {"y": "349", "x": "7"}, {"y": "346", "x": "9"}, {"y": "343", "x": "10"}, {"y": "339", "x": "12"}, {"y": "336", "x": "13"}, {"y": "333", "x": "15"}, {"y": "330", "x": "16"}, {"y": "327", "x": "18"}, {"y": "324", "x": "19"}, {"y": "321", "x": "20"}, {"y": "318", "x": "22"}, {"y": "315", "x": "23"}, {"y": "312", "x": "25"}, {"y": "309", "x": "26"}, {"y": "305", "x": "28"}, {"y": "302", "x": "29"}, {"y": "299", "x": "31"}, {"y": "296", "x": "32"}, {"y": "293", "x": "34"}, {"y": "290", "x": "35"}, {"y": "287", "x": "37"}, {"y": "284", "x": "38"}, {"y": "281", "x": "40"}, {"y": "278", "x": "41"}, {"y": "274", "x": "43"}, {"y": "271", "x": "44"}, {"y": "268", "x": "46"}, {"y": "265", "x": "47"}, {"y": "262", "x": "49"}, {"y": "259", "x": "50"}, {"y": "256", "x": "52"}, {"y": "253", "x": "53"}, {"y": "250", "x": "54"}, {"y": "247", "x": "56"}, {"y": "243", "x": "57"}, {"y": "240", "x": "59"}, {"y": "237", "x": "60"}, {"y": "234", "x": "62"}, {"y": "231", "x": "63"}, {"y": "228", "x": "65"}, {"y": "225", "x": "66"}, {"y": "222", "x": "68"}, {"y": "219", "x": "69"}, {"y": "216", "x": "71"}, {"y": "213", "x": "72"}, {"y": "209", "x": "74"}, {"y": "206", "x": "75"}, {"y": "203", "x": "77"}, {"y": "200", "x": "78"}, {"y": "197", "x": "80"}, {"y": "194", "x": "81"}, {"y": "191", "x": "83"}, {"y": "188", "x": "84"}, {"y": "185", "x": "86"}, {"y": "182", "x": "87"}, {"y": "178", "x": "88"}, {"y": "178", "x": "88"}, {"y": "178", "x": "88"}, {"y": "175", "x": "90"}, {"y": "172", "x": "92"}, {"y": "169", "x": "93"}, {"y": "166", "x": "95"}, {"y": "163", "x": "96"}, {"y": "160", "x": "98"}, {"y": "157", "x": "99"}, {"y": "154", "x": "101"}, {"y": "151", "x": "102"}, {"y": "148", "x": "104"}, {"y": "145", "x": "106"}, {"y": "141", "x": "107"}, {"y": "138", "x": "109"}, {"y": "135", "x": "110"}, {"y": "132", "x": "112"}, {"y": "129", "x": "113"}, {"y": "126", "x": "115"}, {"y": "123", "x": "116"}, {"y": "120", "x": "118"}, {"y": "117", "x": "120"}, {"y": "114", "x": "121"}, {"y": "111", "x": "123"}, {"y": "107", "x": "124"}, {"y": "104", "x": "126"}, {"y": "101", "x": "127"}, {"y": "98", "x": "129"}, {"y": "95", "x": "130"}, {"y": "92", "x": "132"}, {"y": "89", "x": "133"}, {"y": "86", "x": "135"}, {"y": "83", "x": "137"}, {"y": "80", "x": "138"}, {"y": "77", "x": "140"}, {"y": "74", "x": "141"}, {"y": "70", "x": "143"}, {"y": "67", "x": "144"}, {"y": "64", "x": "146"}, {"y": "61", "x": "147"}, {"y": "58", "x": "149"}, {"y": "55", "x": "151"}, {"y": "52", "x": "152"}, {"y": "49", "x": "154"}, {"y": "46", "x": "155"}, {"y": "43", "x": "157"}, {"y": "40", "x": "158"}, {"y": "37", "x": "160"}, {"y": "33", "x": "161"}, {"y": "30", "x": "163"}, {"y": "27", "x": "165"}, {"y": "24", "x": "166"}, {"y": "21", "x": "168"}, {"y": "18", "x": "169"}, {"y": "15", "x": "171"}, {"y": "12", "x": "172"}, {"y": "9", "x": "174"}, {"y": "6", "x": "175"}, {"y": "3", "x": "177"}, {"y": "0", "x": "178"}, {"y": "0", "x": "179"}], [{"y": "1", "x": "423"}, {"y": "1", "x": "423"}, {"y": "4", "x": "424"}, {"y": "7", "x": "426"}, {"y": "10", "x": "427"}, {"y": "13", "x": "429"}, {"y": "16", "x": "430"}, {"y": "19", "x": "432"}, {"y": "23", "x": "433"}, {"y": "26", "x": "434"}, {"y": "29", "x": "436"}, {"y": "32", "x": "437"}, {"y": "35", "x": "439"}, {"y": "38", "x": "440"}, {"y": "41", "x": "442"}, {"y": "44", "x": "443"}, {"y": "47", "x": "445"}, {"y": "50", "x": "446"}, {"y": "53", "x": "448"}, {"y": "56", "x": "449"}, {"y": "60", "x": "451"}, {"y": "63", "x": "452"}, {"y": "66", "x": "453"}, {"y": "69", "x": "455"}, {"y": "72", "x": "456"}, {"y": "75", "x": "458"}, {"y": "78", "x": "459"}, {"y": "81", "x": "461"}, {"y": "84", "x": "462"}, {"y": "87", "x": "464"}, {"y": "90", "x": "465"}, {"y": "94", "x": "467"}, {"y": "97", "x": "468"}, {"y": "100", "x": "470"}, {"y": "103", "x": "471"}, {"y": "106", "x": "472"}, {"y": "109", "x": "474"}, {"y": "112", "x": "475"}, {"y": "115", "x": "477"}, {"y": "118", "x": "478"}, {"y": "121", "x": "480"}, {"y": "124", "x": "481"}, {"y": "127", "x": "483"}, {"y": "131", "x": "484"}, {"y": "134", "x": "486"}, {"y": "137", "x": "487"}, {"y": "140", "x": "489"}, {"y": "143", "x": "490"}, {"y": "146", "x": "491"}, {"y": "149", "x": "493"}, {"y": "152", "x": "494"}, {"y": "155", "x": "496"}, {"y": "158", "x": "497"}, {"y": "161", "x": "499"}, {"y": "165", "x": "500"}, {"y": "168", "x": "502"}, {"y": "171", "x": "503"}, {"y": "171", "x": "503"}, {"y": "171", "x": "503"}, {"y": "174", "x": "505"}, {"y": "177", "x": "506"}, {"y": "180", "x": "508"}, {"y": "183", "x": "509"}, {"y": "186", "x": "511"}, {"y": "189", "x": "513"}, {"y": "192", "x": "514"}, {"y": "195", "x": "516"}, {"y": "198", "x": "517"}, {"y": "201", "x": "519"}, {"y": "205", "x": "520"}, {"y": "208", "x": "522"}, {"y": "211", "x": "523"}, {"y": "214", "x": "525"}, {"y": "217", "x": "527"}, {"y": "220", "x": "528"}, {"y": "223", "x": "530"}, {"y": "226", "x": "531"}, {"y": "229", "x": "533"}, {"y": "232", "x": "534"}, {"y": "235", "x": "536"}, {"y": "238", "x": "538"}, {"y": "242", "x": "539"}, {"y": "245", "x": "541"}, {"y": "248", "x": "542"}, {"y": "251", "x": "544"}, {"y": "254", "x": "545"}, {"y": "257", "x": "547"}, {"y": "260", "x": "548"}, {"y": "263", "x": "550"}, {"y": "266", "x": "552"}, {"y": "269", "x": "553"}, {"y": "272", "x": "555"}, {"y": "275", "x": "556"}, {"y": "278", "x": "558"}, {"y": "282", "x": "559"}, {"y": "285", "x": "561"}, {"y": "288", "x": "563"}, {"y": "291", "x": "564"}, {"y": "294", "x": "566"}, {"y": "297", "x": "567"}, {"y": "300", "x": "569"}, {"y": "303", "x": "570"}, {"y": "306", "x": "572"}, {"y": "309", "x": "573"}, {"y": "312", "x": "575"}, {"y": "315", "x": "577"}, {"y": "318", "x": "578"}, {"y": "322", "x": "580"}, {"y": "325", "x": "581"}, {"y": "328", "x": "583"}, {"y": "331", "x": "584"}, {"y": "334", "x": "586"}, {"y": "337", "x": "588"}, {"y": "340", "x": "589"}, {"y": "343", "x": "591"}, {"y": "346", "x": "592"}, {"y": "349", "x": "594"}, {"y": "352", "x": "595"}, {"y": "355", "x": "597"}, {"y": "359", "x": "598"}, {"y": "359", "x": "599"}]]}