{"Lines": [[{"y": "1", "x": "385"}, {"y": "1", "x": "385"}, {"y": "4", "x": "389"}, {"y": "7", "x": "393"}, {"y": "11", "x": "398"}, {"y": "14", "x": "402"}, {"y": "17", "x": "406"}, {"y": "20", "x": "410"}, {"y": "23", "x": "414"}, {"y": "27", "x": "418"}, {"y": "30", "x": "422"}, {"y": "33", "x": "426"}, {"y": "36", "x": "431"}, {"y": "40", "x": "435"}, {"y": "43", "x": "439"}, {"y": "46", "x": "443"}, {"y": "49", "x": "447"}, {"y": "52", "x": "451"}, {"y": "56", "x": "455"}, {"y": "59", "x": "459"}, {"y": "59", "x": "460"}, {"y": "59", "x": "460"}, {"y": "62", "x": "462"}, {"y": "65", "x": "465"}, {"y": "68", "x": "468"}, {"y": "72", "x": "470"}, {"y": "75", "x": "473"}, {"y": "78", "x": "476"}, {"y": "81", "x": "479"}, {"y": "84", "x": "481"}, {"y": "88", "x": "484"}, {"y": "91", "x": "487"}, {"y": "94", "x": "490"}, {"y": "97", "x": "492"}, {"y": "100", "x": "495"}, {"y": "104", "x": "498"}, {"y": "107", "x": "500"}, {"y": "110", "x": "503"}, {"y": "110", "x": "503"}, {"y": "110", "x": "503"}, {"y": "113", "x": "506"}, {"y": "116", "x": "508"}, {"y": "120", "x": "510"}, {"y": "123", "x": "513"}, {"y": "126", "x": "515"}, {"y": "129", "x": "517"}, {"y": "132", "x": "520"}, {"y": "136", "x": "522"}, {"y": "139", "x": "524"}, {"y": "142", "x": "527"}, {"y": "145", "x": "529"}, {"y": "149", "x": "531"}, {"y": "152", "x": "534"}, {"y": "155", "x": "536"}, {"y": "158", "x": "539"}, {"y": "162", "x": "541"}, {"y": "165", "x": "543"}, {"y": "168", "x": "546"}, {"y": "171", "x": "548"}, {"y": "174", "x": "550"}, {"y": "178", "x": "553"}, {"y": "181", "x": "555"}, {"y": "184", "x": "557"}, {"y": "184", "x": "557"}, {"y": "187", "x": "559"}, {"y": "190", "x": "561"}, {"y": "193", "x": "563"}, {"y": "197", "x": "565"}, {"y": "200", "x": "567"}, {"y": "203", "x": "569"}, {"y": "206", "x": "571"}, {"y": "209", "x": "573"}, {"y": "212", "x": "575"}, {"y": "215", "x": "577"}, {"y": "218", "x": "578"}, {"y": "221", "x": "580"}, {"y": "224", "x": "582"}, {"y": "227", "x": "584"}, {"y": "231", "x": "586"}, {"y": "234", "x": "588"}, {"y": "237", "x": "590"}, {"y": "240", "x": "592"}, {"y": "243", "x": "594"}, {"y": "246", "x": "596"}, {"y": "249", "x": "597"}, {"y": "252", "x": "599"}, {"y": "255", "x": "601"}, {"y": "258", "x": "603"}, {"y": "261", "x": "605"}, {"y": "265", "x": "607"}, {"y": "268", "x": "609"}, {"y": "271", "x": "611"}, {"y": "274", "x": "613"}, {"y": "277", "x": "615"}, {"y": "280", "x": "617"}, {"y": "283", "x": "618"}, {"y": "286", "x": "620"}, {"y": "289", "x": "622"}, {"y": "292", "x": "624"}, {"y": "295", "x": "626"}, {"y": "299", "x": "628"}, {"y": "302", "x": "630"}, {"y": "305", "x": "632"}, {"y": "308", "x": "634"}, {"y": "311", "x": "636"}, {"y": "314", "x": "637"}, {"y": "314", "x": "637"}], [{"y": "359", "x": "61"}, {"y": "359", "x": "62"}, {"y": "355", "x": "63"}, {"y": "352", "x": "64"}, {"y": "349", "x": "65"}, {"y": "346", "x": "66"}, {"y": "343", "x": "67"}, {"y": "340", "x": "68"}, {"y": "337", "x": "70"}, {"y": "334", "x": "71"}, {"y": "331", "x": "72"}, {"y": "327", "x": "73"}, {"y": "324", "x": "74"}, {"y": "321", "x": "75"}, {"y": "318", "x": "76"}, {"y": "315", "x": "78"}, {"y": "312", "x": "79"}, {"y": "309", "x": "80"}, {"y": "306", "x": "81"}, {"y": "303", "x": "82"}, {"y": "299", "x": "83"}, {"y": "296", "x": "85"}, {"y": "293", "x": "86"}, {"y": "290", "x": "87"}, {"y": "287", "x": "88"}, {"y": "284", "x": "89"}, {"y": "281", "x": "90"}, {"y": "278", "x": "91"}, {"y": "275", "x": "93"}, {"y": "271", "x": "94"}, {"y": "268", "x": "95"}, {"y": "265", "x": "96"}, {"y": "262", "x": "97"}, {"y": "259", "x": "98"}, {"y": "256", "x": "100"}, {"y": "253", "x": "101"}, {"y": "250", "x": "102"}, {"y": "247", "x": "103"}, {"y": "243", "x": "104"}, {"y": "240", "x": "105"}, {"y": "237", "x": "106"}, {"y": "237", "x": "106"}, {"y": "237", "x": "106"}, {"y": "234", "x": "107"}, {"y": "231", "x": "108"}, {"y": "228", "x": "109"}, {"y": "225", "x": "110"}, {"y": "221", "x": "110"}, {"y": "218", "x": "111"}, {"y": "215", "x": "112"}, {"y": "212", "x": "113"}, {"y": "209", "x": "114"}, {"y": "206", "x": "114"}, {"y": "202", "x": "115"}, {"y": "199", "x": "116"}, {"y": "196", "x": "117"}, {"y": "193", "x": "118"}, {"y": "190", "x": "118"}, {"y": "186", "x": "119"}, {"y": "183", "x": "120"}, {"y": "180", "x": "121"}, {"y": "177", "x": "122"}, {"y": "174", "x": "123"}, {"y": "171", "x": "123"}, {"y": "167", "x": "124"}, {"y": "164", "x": "125"}, {"y": "161", "x": "126"}, {"y": "158", "x": "127"}, {"y": "155", "x": "127"}, {"y": "152", "x": "128"}, {"y": "148", "x": "129"}, {"y": "145", "x": "130"}, {"y": "142", "x": "131"}, {"y": "139", "x": "131"}, {"y": "139", "x": "131"}, {"y": "136", "x": "131"}, {"y": "133", "x": "132"}, {"y": "129", "x": "132"}, {"y": "126", "x": "132"}, {"y": "123", "x": "132"}, {"y": "120", "x": "132"}, {"y": "117", "x": "132"}, {"y": "114", "x": "132"}, {"y": "111", "x": "132"}, {"y": "107", "x": "133"}, {"y": "104", "x": "133"}, {"y": "101", "x": "133"}, {"y": "1", "x": "133"}, {"y": "5", "x": "133"}, {"y": "95", "x": "133"}, {"y": "8", "x": "133"}, {"y": "92", "x": "133"}, {"y": "11", "x": "133"}, {"y": "89", "x": "133"}, {"y": "14", "x": "133"}, {"y": "18", "x": "133"}, {"y": "85", "x": "133"}, {"y": "21", "x": "134"}, {"y": "82", "x": "134"}, {"y": "24", "x": "134"}, {"y": "79", "x": "134"}, {"y": "28", "x": "134"}, {"y": "31", "x": "134"}, {"y": "76", "x": "134"}, {"y": "34", "x": "134"}, {"y": "73", "x": "134"}, {"y": "37", "x": "134"}, {"y": "70", "x": "134"}, {"y": "41", "x": "134"}, {"y": "44", "x": "134"}, {"y": "67", "x": "134"}, {"y": "47", "x": "134"}, {"y": "64", "x": "134"}, {"y": "51", "x": "134"}, {"y": "60", "x": "134"}, {"y": "54", "x": "135"}, {"y": "57", "x": "135"}, {"y": "57", "x": "135"}]]}