{"Lines": [[{"y": "305", "x": "0"}, {"y": "305", "x": "0"}, {"y": "302", "x": "3"}, {"y": "299", "x": "6"}, {"y": "296", "x": "9"}, {"y": "293", "x": "12"}, {"y": "290", "x": "15"}, {"y": "287", "x": "18"}, {"y": "284", "x": "22"}, {"y": "281", "x": "25"}, {"y": "278", "x": "28"}, {"y": "275", "x": "31"}, {"y": "271", "x": "34"}, {"y": "268", "x": "37"}, {"y": "265", "x": "40"}, {"y": "262", "x": "43"}, {"y": "259", "x": "46"}, {"y": "256", "x": "49"}, {"y": "253", "x": "52"}, {"y": "250", "x": "55"}, {"y": "247", "x": "59"}, {"y": "244", "x": "62"}, {"y": "241", "x": "65"}, {"y": "237", "x": "68"}, {"y": "234", "x": "71"}, {"y": "231", "x": "74"}, {"y": "228", "x": "77"}, {"y": "225", "x": "80"}, {"y": "222", "x": "83"}, {"y": "219", "x": "86"}, {"y": "216", "x": "89"}, {"y": "213", "x": "93"}, {"y": "210", "x": "96"}, {"y": "207", "x": "99"}, {"y": "204", "x": "102"}, {"y": "200", "x": "105"}, {"y": "197", "x": "108"}, {"y": "194", "x": "111"}, {"y": "191", "x": "114"}, {"y": "188", "x": "117"}, {"y": "185", "x": "120"}, {"y": "182", "x": "123"}, {"y": "179", "x": "126"}, {"y": "176", "x": "130"}, {"y": "173", "x": "133"}, {"y": "170", "x": "136"}, {"y": "166", "x": "139"}, {"y": "163", "x": "142"}, {"y": "160", "x": "145"}, {"y": "157", "x": "148"}, {"y": "154", "x": "151"}, {"y": "151", "x": "154"}, {"y": "148", "x": "157"}, {"y": "145", "x": "160"}, {"y": "142", "x": "164"}, {"y": "139", "x": "167"}, {"y": "136", "x": "170"}, {"y": "136", "x": "170"}, {"y": "132", "x": "173"}, {"y": "129", "x": "177"}, {"y": "126", "x": "180"}, {"y": "123", "x": "183"}, {"y": "120", "x": "187"}, {"y": "117", "x": "190"}, {"y": "114", "x": "194"}, {"y": "110", "x": "197"}, {"y": "107", "x": "201"}, {"y": "104", "x": "204"}, {"y": "101", "x": "208"}, {"y": "98", "x": "211"}, {"y": "95", "x": "214"}, {"y": "91", "x": "218"}, {"y": "88", "x": "221"}, {"y": "85", "x": "225"}, {"y": "82", "x": "228"}, {"y": "79", "x": "232"}, {"y": "76", "x": "235"}, {"y": "72", "x": "239"}, {"y": "69", "x": "242"}, {"y": "66", "x": "246"}, {"y": "63", "x": "249"}, {"y": "60", "x": "252"}, {"y": "57", "x": "256"}, {"y": "54", "x": "259"}, {"y": "50", "x": "263"}, {"y": "47", "x": "266"}, {"y": "44", "x": "270"}, {"y": "41", "x": "273"}, {"y": "38", "x": "277"}, {"y": "35", "x": "280"}, {"y": "31", "x": "283"}, {"y": "28", "x": "287"}, {"y": "28", "x": "287"}, {"y": "28", "x": "287"}, {"y": "25", "x": "289"}, {"y": "21", "x": "292"}, {"y": "17", "x": "294"}, {"y": "14", "x": "296"}, {"y": "10", "x": "299"}, {"y": "7", "x": "301"}, {"y": "3", "x": "303"}, {"y": "0", "x": "306"}, {"y": "0", "x": "306"}], [{"y": "1", "x": "536"}, {"y": "1", "x": "536"}, {"y": "4", "x": "537"}, {"y": "7", "x": "538"}, {"y": "10", "x": "539"}, {"y": "13", "x": "541"}, {"y": "17", "x": "542"}, {"y": "20", "x": "543"}, {"y": "23", "x": "544"}, {"y": "26", "x": "546"}, {"y": "30", "x": "547"}, {"y": "33", "x": "548"}, {"y": "36", "x": "549"}, {"y": "39", "x": "551"}, {"y": "43", "x": "552"}, {"y": "46", "x": "553"}, {"y": "49", "x": "554"}, {"y": "52", "x": "555"}, {"y": "56", "x": "557"}, {"y": "59", "x": "558"}, {"y": "59", "x": "558"}, {"y": "59", "x": "558"}, {"y": "62", "x": "558"}, {"y": "65", "x": "559"}, {"y": "68", "x": "560"}, {"y": "72", "x": "560"}, {"y": "75", "x": "561"}, {"y": "78", "x": "561"}, {"y": "81", "x": "562"}, {"y": "84", "x": "562"}, {"y": "87", "x": "563"}, {"y": "91", "x": "563"}, {"y": "94", "x": "564"}, {"y": "97", "x": "565"}, {"y": "100", "x": "565"}, {"y": "103", "x": "566"}, {"y": "106", "x": "566"}, {"y": "109", "x": "567"}, {"y": "113", "x": "567"}, {"y": "116", "x": "568"}, {"y": "119", "x": "568"}, {"y": "122", "x": "569"}, {"y": "125", "x": "570"}, {"y": "128", "x": "570"}, {"y": "132", "x": "571"}, {"y": "135", "x": "571"}, {"y": "138", "x": "572"}, {"y": "141", "x": "572"}, {"y": "144", "x": "573"}, {"y": "147", "x": "573"}, {"y": "147", "x": "573"}, {"y": "150", "x": "574"}, {"y": "154", "x": "574"}, {"y": "157", "x": "574"}, {"y": "160", "x": "575"}, {"y": "163", "x": "575"}, {"y": "166", "x": "575"}, {"y": "169", "x": "575"}, {"y": "172", "x": "576"}, {"y": "175", "x": "576"}, {"y": "178", "x": "576"}, {"y": "181", "x": "577"}, {"y": "184", "x": "577"}, {"y": "187", "x": "577"}, {"y": "190", "x": "577"}, {"y": "193", "x": "578"}, {"y": "196", "x": "578"}, {"y": "199", "x": "578"}, {"y": "202", "x": "579"}, {"y": "206", "x": "579"}, {"y": "209", "x": "579"}, {"y": "212", "x": "580"}, {"y": "215", "x": "580"}, {"y": "218", "x": "580"}, {"y": "221", "x": "580"}, {"y": "224", "x": "581"}, {"y": "227", "x": "581"}, {"y": "230", "x": "581"}, {"y": "233", "x": "582"}, {"y": "236", "x": "582"}, {"y": "239", "x": "582"}, {"y": "242", "x": "582"}, {"y": "245", "x": "583"}, {"y": "248", "x": "583"}, {"y": "251", "x": "583"}, {"y": "254", "x": "584"}, {"y": "258", "x": "584"}, {"y": "261", "x": "584"}, {"y": "264", "x": "584"}, {"y": "267", "x": "585"}, {"y": "270", "x": "585"}, {"y": "273", "x": "585"}, {"y": "276", "x": "586"}, {"y": "279", "x": "586"}, {"y": "282", "x": "586"}, {"y": "285", "x": "587"}, {"y": "288", "x": "587"}, {"y": "291", "x": "587"}, {"y": "294", "x": "587"}, {"y": "297", "x": "588"}, {"y": "300", "x": "588"}, {"y": "303", "x": "588"}, {"y": "306", "x": "589"}, {"y": "310", "x": "589"}, {"y": "313", "x": "589"}, {"y": "316", "x": "589"}, {"y": "319", "x": "590"}, {"y": "322", "x": "590"}, {"y": "325", "x": "590"}, {"y": "328", "x": "591"}, {"y": "331", "x": "591"}, {"y": "334", "x": "591"}, {"y": "337", "x": "591"}, {"y": "340", "x": "592"}, {"y": "343", "x": "592"}, {"y": "346", "x": "592"}, {"y": "349", "x": "593"}, {"y": "352", "x": "593"}, {"y": "355", "x": "593"}, {"y": "359", "x": "593"}, {"y": "359", "x": "594"}]]}