{"Lines": [[{"y": "243", "x": "1"}, {"y": "243", "x": "1"}, {"y": "240", "x": "3"}, {"y": "237", "x": "5"}, {"y": "234", "x": "7"}, {"y": "231", "x": "9"}, {"y": "228", "x": "11"}, {"y": "225", "x": "13"}, {"y": "222", "x": "15"}, {"y": "219", "x": "17"}, {"y": "216", "x": "19"}, {"y": "213", "x": "20"}, {"y": "209", "x": "22"}, {"y": "206", "x": "24"}, {"y": "203", "x": "26"}, {"y": "200", "x": "28"}, {"y": "197", "x": "30"}, {"y": "194", "x": "32"}, {"y": "191", "x": "34"}, {"y": "188", "x": "36"}, {"y": "185", "x": "38"}, {"y": "182", "x": "40"}, {"y": "179", "x": "42"}, {"y": "176", "x": "44"}, {"y": "172", "x": "46"}, {"y": "169", "x": "48"}, {"y": "166", "x": "50"}, {"y": "163", "x": "51"}, {"y": "160", "x": "53"}, {"y": "157", "x": "55"}, {"y": "154", "x": "57"}, {"y": "151", "x": "59"}, {"y": "148", "x": "61"}, {"y": "145", "x": "63"}, {"y": "142", "x": "65"}, {"y": "139", "x": "67"}, {"y": "135", "x": "69"}, {"y": "132", "x": "71"}, {"y": "129", "x": "73"}, {"y": "126", "x": "75"}, {"y": "123", "x": "77"}, {"y": "120", "x": "79"}, {"y": "117", "x": "81"}, {"y": "114", "x": "82"}, {"y": "111", "x": "84"}, {"y": "108", "x": "86"}, {"y": "105", "x": "88"}, {"y": "102", "x": "90"}, {"y": "98", "x": "92"}, {"y": "98", "x": "92"}, {"y": "95", "x": "94"}, {"y": "92", "x": "96"}, {"y": "89", "x": "98"}, {"y": "86", "x": "100"}, {"y": "82", "x": "102"}, {"y": "79", "x": "104"}, {"y": "76", "x": "106"}, {"y": "73", "x": "108"}, {"y": "70", "x": "110"}, {"y": "67", "x": "112"}, {"y": "63", "x": "114"}, {"y": "60", "x": "116"}, {"y": "57", "x": "118"}, {"y": "54", "x": "120"}, {"y": "51", "x": "122"}, {"y": "47", "x": "124"}, {"y": "44", "x": "126"}, {"y": "41", "x": "128"}, {"y": "38", "x": "130"}, {"y": "35", "x": "132"}, {"y": "31", "x": "134"}, {"y": "28", "x": "136"}, {"y": "25", "x": "138"}, {"y": "22", "x": "140"}, {"y": "19", "x": "142"}, {"y": "15", "x": "144"}, {"y": "12", "x": "146"}, {"y": "9", "x": "148"}, {"y": "6", "x": "150"}, {"y": "3", "x": "152"}, {"y": "0", "x": "153"}, {"y": "0", "x": "154"}], [{"y": "1", "x": "411"}, {"y": "1", "x": "411"}, {"y": "5", "x": "415"}, {"y": "9", "x": "420"}, {"y": "13", "x": "425"}, {"y": "17", "x": "430"}, {"y": "17", "x": "430"}, {"y": "17", "x": "430"}, {"y": "24", "x": "443"}, {"y": "24", "x": "443"}, {"y": "30", "x": "452"}, {"y": "30", "x": "452"}, {"y": "33", "x": "457"}, {"y": "33", "x": "457"}, {"y": "37", "x": "465"}, {"y": "37", "x": "465"}, {"y": "38", "x": "476"}, {"y": "41", "x": "484"}, {"y": "42", "x": "498"}, {"y": "44", "x": "512"}, {"y": "43", "x": "520"}, {"y": "43", "x": "526"}, {"y": "43", "x": "534"}, {"y": "43", "x": "540"}, {"y": "42", "x": "546"}, {"y": "42", "x": "554"}, {"y": "41", "x": "557"}, {"y": "38", "x": "566"}, {"y": "34", "x": "575"}, {"y": "32", "x": "584"}, {"y": "28", "x": "590"}, {"y": "28", "x": "590"}, {"y": "22", "x": "598"}, {"y": "22", "x": "598"}, {"y": "16", "x": "604"}, {"y": "11", "x": "609"}, {"y": "11", "x": "609"}, {"y": "6", "x": "613"}, {"y": "1", "x": "617"}, {"y": "1", "x": "617"}]]}