{"Lines": [[{"y": "358", "x": "15"}, {"y": "358", "x": "15"}, {"y": "355", "x": "17"}, {"y": "352", "x": "18"}, {"y": "349", "x": "20"}, {"y": "346", "x": "21"}, {"y": "343", "x": "23"}, {"y": "340", "x": "24"}, {"y": "337", "x": "26"}, {"y": "334", "x": "27"}, {"y": "330", "x": "29"}, {"y": "327", "x": "30"}, {"y": "324", "x": "32"}, {"y": "321", "x": "34"}, {"y": "318", "x": "35"}, {"y": "315", "x": "37"}, {"y": "312", "x": "38"}, {"y": "309", "x": "40"}, {"y": "306", "x": "41"}, {"y": "303", "x": "43"}, {"y": "300", "x": "44"}, {"y": "297", "x": "46"}, {"y": "294", "x": "47"}, {"y": "291", "x": "49"}, {"y": "287", "x": "50"}, {"y": "284", "x": "52"}, {"y": "281", "x": "54"}, {"y": "278", "x": "55"}, {"y": "275", "x": "57"}, {"y": "272", "x": "58"}, {"y": "269", "x": "60"}, {"y": "266", "x": "61"}, {"y": "263", "x": "63"}, {"y": "260", "x": "64"}, {"y": "257", "x": "66"}, {"y": "254", "x": "67"}, {"y": "251", "x": "69"}, {"y": "248", "x": "71"}, {"y": "245", "x": "72"}, {"y": "241", "x": "74"}, {"y": "238", "x": "75"}, {"y": "235", "x": "77"}, {"y": "232", "x": "78"}, {"y": "229", "x": "80"}, {"y": "226", "x": "81"}, {"y": "223", "x": "83"}, {"y": "220", "x": "84"}, {"y": "217", "x": "86"}, {"y": "214", "x": "87"}, {"y": "211", "x": "89"}, {"y": "208", "x": "91"}, {"y": "205", "x": "92"}, {"y": "202", "x": "94"}, {"y": "198", "x": "95"}, {"y": "195", "x": "97"}, {"y": "192", "x": "98"}, {"y": "192", "x": "98"}, {"y": "192", "x": "98"}, {"y": "189", "x": "100"}, {"y": "186", "x": "101"}, {"y": "183", "x": "103"}, {"y": "180", "x": "104"}, {"y": "177", "x": "106"}, {"y": "173", "x": "108"}, {"y": "170", "x": "109"}, {"y": "167", "x": "111"}, {"y": "164", "x": "112"}, {"y": "161", "x": "114"}, {"y": "158", "x": "115"}, {"y": "154", "x": "117"}, {"y": "151", "x": "119"}, {"y": "148", "x": "120"}, {"y": "145", "x": "122"}, {"y": "142", "x": "123"}, {"y": "139", "x": "125"}, {"y": "135", "x": "126"}, {"y": "132", "x": "128"}, {"y": "129", "x": "129"}, {"y": "126", "x": "131"}, {"y": "123", "x": "133"}, {"y": "120", "x": "134"}, {"y": "116", "x": "136"}, {"y": "113", "x": "137"}, {"y": "110", "x": "139"}, {"y": "107", "x": "140"}, {"y": "104", "x": "142"}, {"y": "101", "x": "143"}, {"y": "97", "x": "145"}, {"y": "94", "x": "147"}, {"y": "91", "x": "148"}, {"y": "91", "x": "148"}, {"y": "91", "x": "148"}, {"y": "88", "x": "150"}, {"y": "85", "x": "151"}, {"y": "82", "x": "153"}, {"y": "78", "x": "154"}, {"y": "75", "x": "156"}, {"y": "72", "x": "157"}, {"y": "69", "x": "159"}, {"y": "66", "x": "160"}, {"y": "63", "x": "162"}, {"y": "60", "x": "163"}, {"y": "56", "x": "165"}, {"y": "53", "x": "166"}, {"y": "50", "x": "168"}, {"y": "47", "x": "169"}, {"y": "44", "x": "171"}, {"y": "41", "x": "172"}, {"y": "37", "x": "174"}, {"y": "34", "x": "175"}, {"y": "31", "x": "177"}, {"y": "28", "x": "178"}, {"y": "25", "x": "180"}, {"y": "22", "x": "181"}, {"y": "18", "x": "183"}, {"y": "15", "x": "184"}, {"y": "12", "x": "186"}, {"y": "9", "x": "187"}, {"y": "6", "x": "189"}, {"y": "3", "x": "190"}, {"y": "0", "x": "192"}], [{"y": "1", "x": "418"}, {"y": "1", "x": "418"}, {"y": "4", "x": "420"}, {"y": "7", "x": "421"}, {"y": "10", "x": "423"}, {"y": "13", "x": "425"}, {"y": "16", "x": "426"}, {"y": "19", "x": "428"}, {"y": "22", "x": "430"}, {"y": "25", "x": "431"}, {"y": "28", "x": "433"}, {"y": "31", "x": "435"}, {"y": "34", "x": "436"}, {"y": "37", "x": "438"}, {"y": "40", "x": "439"}, {"y": "43", "x": "441"}, {"y": "46", "x": "443"}, {"y": "49", "x": "444"}, {"y": "52", "x": "446"}, {"y": "55", "x": "448"}, {"y": "58", "x": "449"}, {"y": "61", "x": "451"}, {"y": "64", "x": "453"}, {"y": "67", "x": "454"}, {"y": "70", "x": "456"}, {"y": "73", "x": "458"}, {"y": "77", "x": "459"}, {"y": "80", "x": "461"}, {"y": "83", "x": "463"}, {"y": "86", "x": "464"}, {"y": "89", "x": "466"}, {"y": "92", "x": "468"}, {"y": "95", "x": "469"}, {"y": "98", "x": "471"}, {"y": "101", "x": "473"}, {"y": "104", "x": "474"}, {"y": "107", "x": "476"}, {"y": "110", "x": "478"}, {"y": "113", "x": "479"}, {"y": "116", "x": "481"}, {"y": "119", "x": "483"}, {"y": "122", "x": "484"}, {"y": "125", "x": "486"}, {"y": "128", "x": "488"}, {"y": "131", "x": "489"}, {"y": "134", "x": "491"}, {"y": "137", "x": "493"}, {"y": "140", "x": "494"}, {"y": "143", "x": "496"}, {"y": "146", "x": "498"}, {"y": "149", "x": "499"}, {"y": "153", "x": "501"}, {"y": "156", "x": "503"}, {"y": "159", "x": "504"}, {"y": "162", "x": "506"}, {"y": "165", "x": "508"}, {"y": "168", "x": "509"}, {"y": "171", "x": "511"}, {"y": "174", "x": "513"}, {"y": "177", "x": "514"}, {"y": "180", "x": "516"}, {"y": "183", "x": "518"}, {"y": "186", "x": "519"}, {"y": "189", "x": "521"}, {"y": "192", "x": "523"}, {"y": "195", "x": "524"}, {"y": "198", "x": "526"}, {"y": "201", "x": "528"}, {"y": "204", "x": "529"}, {"y": "207", "x": "531"}, {"y": "210", "x": "533"}, {"y": "213", "x": "534"}, {"y": "216", "x": "536"}, {"y": "219", "x": "538"}, {"y": "222", "x": "539"}, {"y": "225", "x": "541"}, {"y": "229", "x": "543"}, {"y": "232", "x": "544"}, {"y": "235", "x": "546"}, {"y": "238", "x": "548"}, {"y": "238", "x": "548"}, {"y": "238", "x": "548"}, {"y": "241", "x": "550"}, {"y": "244", "x": "552"}, {"y": "247", "x": "554"}, {"y": "250", "x": "555"}, {"y": "253", "x": "557"}, {"y": "256", "x": "559"}, {"y": "259", "x": "561"}, {"y": "262", "x": "563"}, {"y": "266", "x": "565"}, {"y": "269", "x": "567"}, {"y": "272", "x": "569"}, {"y": "275", "x": "571"}, {"y": "278", "x": "573"}, {"y": "281", "x": "575"}, {"y": "284", "x": "577"}, {"y": "287", "x": "579"}, {"y": "290", "x": "581"}, {"y": "293", "x": "583"}, {"y": "297", "x": "585"}, {"y": "300", "x": "587"}, {"y": "303", "x": "589"}, {"y": "306", "x": "590"}, {"y": "309", "x": "592"}, {"y": "312", "x": "594"}, {"y": "315", "x": "596"}, {"y": "318", "x": "598"}, {"y": "321", "x": "600"}, {"y": "324", "x": "602"}, {"y": "327", "x": "604"}, {"y": "331", "x": "606"}, {"y": "334", "x": "608"}, {"y": "337", "x": "610"}, {"y": "340", "x": "612"}, {"y": "343", "x": "614"}, {"y": "346", "x": "616"}, {"y": "349", "x": "618"}, {"y": "352", "x": "620"}, {"y": "355", "x": "622"}, {"y": "358", "x": "624"}, {"y": "358", "x": "624"}]]}