{"Lines": [[{"y": "328", "x": "1"}, {"y": "328", "x": "1"}, {"y": "325", "x": "3"}, {"y": "322", "x": "5"}, {"y": "319", "x": "7"}, {"y": "316", "x": "9"}, {"y": "313", "x": "11"}, {"y": "309", "x": "13"}, {"y": "306", "x": "14"}, {"y": "303", "x": "16"}, {"y": "300", "x": "18"}, {"y": "297", "x": "20"}, {"y": "294", "x": "22"}, {"y": "291", "x": "24"}, {"y": "288", "x": "26"}, {"y": "285", "x": "28"}, {"y": "282", "x": "30"}, {"y": "279", "x": "31"}, {"y": "276", "x": "33"}, {"y": "273", "x": "35"}, {"y": "270", "x": "37"}, {"y": "267", "x": "39"}, {"y": "263", "x": "41"}, {"y": "260", "x": "43"}, {"y": "257", "x": "45"}, {"y": "254", "x": "47"}, {"y": "251", "x": "49"}, {"y": "248", "x": "50"}, {"y": "245", "x": "52"}, {"y": "242", "x": "54"}, {"y": "239", "x": "56"}, {"y": "236", "x": "58"}, {"y": "233", "x": "60"}, {"y": "230", "x": "62"}, {"y": "227", "x": "64"}, {"y": "224", "x": "66"}, {"y": "221", "x": "67"}, {"y": "218", "x": "69"}, {"y": "214", "x": "71"}, {"y": "211", "x": "73"}, {"y": "208", "x": "75"}, {"y": "205", "x": "77"}, {"y": "202", "x": "79"}, {"y": "199", "x": "81"}, {"y": "196", "x": "83"}, {"y": "193", "x": "85"}, {"y": "190", "x": "86"}, {"y": "187", "x": "88"}, {"y": "184", "x": "90"}, {"y": "181", "x": "92"}, {"y": "178", "x": "94"}, {"y": "175", "x": "96"}, {"y": "172", "x": "98"}, {"y": "168", "x": "100"}, {"y": "165", "x": "102"}, {"y": "162", "x": "103"}, {"y": "159", "x": "105"}, {"y": "156", "x": "107"}, {"y": "153", "x": "109"}, {"y": "150", "x": "111"}, {"y": "147", "x": "113"}, {"y": "147", "x": "113"}, {"y": "147", "x": "113"}, {"y": "144", "x": "116"}, {"y": "141", "x": "118"}, {"y": "137", "x": "121"}, {"y": "134", "x": "124"}, {"y": "131", "x": "126"}, {"y": "128", "x": "129"}, {"y": "125", "x": "131"}, {"y": "121", "x": "134"}, {"y": "118", "x": "137"}, {"y": "115", "x": "139"}, {"y": "112", "x": "142"}, {"y": "109", "x": "145"}, {"y": "105", "x": "147"}, {"y": "102", "x": "150"}, {"y": "99", "x": "152"}, {"y": "96", "x": "155"}, {"y": "93", "x": "158"}, {"y": "89", "x": "160"}, {"y": "86", "x": "163"}, {"y": "83", "x": "166"}, {"y": "83", "x": "166"}, {"y": "83", "x": "166"}, {"y": "80", "x": "168"}, {"y": "77", "x": "171"}, {"y": "73", "x": "174"}, {"y": "70", "x": "177"}, {"y": "67", "x": "180"}, {"y": "64", "x": "182"}, {"y": "60", "x": "185"}, {"y": "57", "x": "188"}, {"y": "54", "x": "191"}, {"y": "51", "x": "194"}, {"y": "48", "x": "196"}, {"y": "44", "x": "199"}, {"y": "41", "x": "202"}, {"y": "38", "x": "205"}, {"y": "35", "x": "208"}, {"y": "32", "x": "210"}, {"y": "28", "x": "213"}, {"y": "25", "x": "216"}, {"y": "22", "x": "219"}, {"y": "19", "x": "222"}, {"y": "16", "x": "224"}, {"y": "12", "x": "227"}, {"y": "9", "x": "230"}, {"y": "6", "x": "233"}, {"y": "3", "x": "236"}, {"y": "0", "x": "239"}, {"y": "0", "x": "239"}], [{"y": "1", "x": "494"}, {"y": "1", "x": "494"}, {"y": "4", "x": "495"}, {"y": "7", "x": "496"}, {"y": "11", "x": "498"}, {"y": "14", "x": "499"}, {"y": "17", "x": "500"}, {"y": "20", "x": "501"}, {"y": "23", "x": "502"}, {"y": "27", "x": "503"}, {"y": "30", "x": "504"}, {"y": "33", "x": "505"}, {"y": "36", "x": "506"}, {"y": "40", "x": "507"}, {"y": "43", "x": "509"}, {"y": "46", "x": "510"}, {"y": "49", "x": "511"}, {"y": "52", "x": "512"}, {"y": "56", "x": "513"}, {"y": "56", "x": "513"}, {"y": "59", "x": "514"}, {"y": "62", "x": "514"}, {"y": "66", "x": "515"}, {"y": "69", "x": "515"}, {"y": "72", "x": "516"}, {"y": "75", "x": "516"}, {"y": "79", "x": "517"}, {"y": "82", "x": "518"}, {"y": "85", "x": "518"}, {"y": "89", "x": "519"}, {"y": "92", "x": "519"}, {"y": "95", "x": "520"}, {"y": "99", "x": "520"}, {"y": "102", "x": "521"}, {"y": "105", "x": "521"}, {"y": "109", "x": "522"}, {"y": "112", "x": "523"}, {"y": "115", "x": "523"}, {"y": "115", "x": "523"}, {"y": "118", "x": "523"}, {"y": "122", "x": "524"}, {"y": "125", "x": "524"}, {"y": "128", "x": "524"}, {"y": "131", "x": "525"}, {"y": "134", "x": "525"}, {"y": "137", "x": "525"}, {"y": "140", "x": "525"}, {"y": "144", "x": "526"}, {"y": "147", "x": "526"}, {"y": "150", "x": "526"}, {"y": "153", "x": "527"}, {"y": "156", "x": "527"}, {"y": "159", "x": "527"}, {"y": "163", "x": "527"}, {"y": "166", "x": "528"}, {"y": "169", "x": "528"}, {"y": "172", "x": "528"}, {"y": "175", "x": "528"}, {"y": "175", "x": "528"}, {"y": "178", "x": "529"}, {"y": "182", "x": "530"}, {"y": "185", "x": "530"}, {"y": "188", "x": "531"}, {"y": "191", "x": "532"}, {"y": "194", "x": "532"}, {"y": "198", "x": "533"}, {"y": "201", "x": "534"}, {"y": "204", "x": "534"}, {"y": "207", "x": "535"}, {"y": "210", "x": "535"}, {"y": "213", "x": "536"}, {"y": "217", "x": "537"}, {"y": "220", "x": "537"}, {"y": "223", "x": "538"}, {"y": "226", "x": "539"}, {"y": "226", "x": "539"}, {"y": "229", "x": "540"}, {"y": "232", "x": "541"}, {"y": "235", "x": "542"}, {"y": "239", "x": "543"}, {"y": "242", "x": "544"}, {"y": "245", "x": "545"}, {"y": "248", "x": "546"}, {"y": "251", "x": "547"}, {"y": "254", "x": "548"}, {"y": "257", "x": "549"}, {"y": "260", "x": "550"}, {"y": "263", "x": "551"}, {"y": "266", "x": "552"}, {"y": "269", "x": "553"}, {"y": "272", "x": "554"}, {"y": "275", "x": "555"}, {"y": "279", "x": "556"}, {"y": "282", "x": "557"}, {"y": "285", "x": "558"}, {"y": "288", "x": "560"}, {"y": "291", "x": "561"}, {"y": "294", "x": "562"}, {"y": "297", "x": "563"}, {"y": "300", "x": "564"}, {"y": "303", "x": "565"}, {"y": "306", "x": "566"}, {"y": "309", "x": "567"}, {"y": "312", "x": "568"}, {"y": "315", "x": "569"}, {"y": "319", "x": "570"}, {"y": "322", "x": "571"}, {"y": "325", "x": "572"}, {"y": "328", "x": "573"}, {"y": "331", "x": "574"}, {"y": "334", "x": "575"}, {"y": "337", "x": "576"}, {"y": "340", "x": "577"}, {"y": "343", "x": "578"}, {"y": "346", "x": "579"}, {"y": "349", "x": "580"}, {"y": "352", "x": "581"}, {"y": "355", "x": "582"}, {"y": "359", "x": "583"}, {"y": "359", "x": "584"}]]}