{"Lines": [[{"y": "299", "x": "1"}, {"y": "299", "x": "1"}, {"y": "296", "x": "3"}, {"y": "293", "x": "5"}, {"y": "290", "x": "7"}, {"y": "287", "x": "9"}, {"y": "284", "x": "12"}, {"y": "281", "x": "14"}, {"y": "278", "x": "16"}, {"y": "274", "x": "18"}, {"y": "271", "x": "20"}, {"y": "268", "x": "22"}, {"y": "265", "x": "24"}, {"y": "262", "x": "27"}, {"y": "259", "x": "29"}, {"y": "256", "x": "31"}, {"y": "253", "x": "33"}, {"y": "250", "x": "35"}, {"y": "247", "x": "37"}, {"y": "243", "x": "40"}, {"y": "240", "x": "42"}, {"y": "237", "x": "44"}, {"y": "234", "x": "46"}, {"y": "231", "x": "48"}, {"y": "228", "x": "50"}, {"y": "225", "x": "53"}, {"y": "222", "x": "55"}, {"y": "219", "x": "57"}, {"y": "216", "x": "59"}, {"y": "212", "x": "61"}, {"y": "209", "x": "63"}, {"y": "206", "x": "65"}, {"y": "203", "x": "68"}, {"y": "200", "x": "70"}, {"y": "197", "x": "72"}, {"y": "194", "x": "74"}, {"y": "191", "x": "76"}, {"y": "191", "x": "76"}, {"y": "191", "x": "76"}, {"y": "188", "x": "79"}, {"y": "184", "x": "82"}, {"y": "181", "x": "84"}, {"y": "178", "x": "87"}, {"y": "175", "x": "90"}, {"y": "172", "x": "93"}, {"y": "168", "x": "95"}, {"y": "165", "x": "98"}, {"y": "162", "x": "101"}, {"y": "159", "x": "104"}, {"y": "156", "x": "106"}, {"y": "153", "x": "109"}, {"y": "149", "x": "112"}, {"y": "146", "x": "114"}, {"y": "143", "x": "117"}, {"y": "140", "x": "120"}, {"y": "137", "x": "123"}, {"y": "133", "x": "125"}, {"y": "130", "x": "128"}, {"y": "127", "x": "131"}, {"y": "124", "x": "134"}, {"y": "121", "x": "136"}, {"y": "118", "x": "139"}, {"y": "114", "x": "142"}, {"y": "111", "x": "144"}, {"y": "108", "x": "147"}, {"y": "105", "x": "150"}, {"y": "102", "x": "153"}, {"y": "98", "x": "155"}, {"y": "98", "x": "155"}, {"y": "95", "x": "159"}, {"y": "92", "x": "162"}, {"y": "89", "x": "166"}, {"y": "85", "x": "169"}, {"y": "82", "x": "172"}, {"y": "79", "x": "176"}, {"y": "76", "x": "179"}, {"y": "72", "x": "182"}, {"y": "69", "x": "186"}, {"y": "66", "x": "189"}, {"y": "63", "x": "192"}, {"y": "59", "x": "196"}, {"y": "56", "x": "199"}, {"y": "53", "x": "203"}, {"y": "49", "x": "206"}, {"y": "46", "x": "209"}, {"y": "43", "x": "213"}, {"y": "40", "x": "216"}, {"y": "36", "x": "219"}, {"y": "33", "x": "223"}, {"y": "33", "x": "223"}, {"y": "30", "x": "227"}, {"y": "26", "x": "231"}, {"y": "23", "x": "235"}, {"y": "20", "x": "239"}, {"y": "16", "x": "243"}, {"y": "13", "x": "247"}, {"y": "10", "x": "251"}, {"y": "6", "x": "255"}, {"y": "3", "x": "259"}, {"y": "0", "x": "264"}, {"y": "0", "x": "264"}], [{"y": "93", "x": "523"}, {"y": "93", "x": "523"}, {"y": "96", "x": "523"}, {"y": "100", "x": "523"}, {"y": "90", "x": "523"}, {"y": "103", "x": "523"}, {"y": "106", "x": "524"}, {"y": "109", "x": "524"}, {"y": "87", "x": "524"}, {"y": "113", "x": "524"}, {"y": "116", "x": "524"}, {"y": "119", "x": "524"}, {"y": "84", "x": "524"}, {"y": "122", "x": "524"}, {"y": "126", "x": "524"}, {"y": "129", "x": "524"}, {"y": "80", "x": "524"}, {"y": "1", "x": "524"}, {"y": "1", "x": "524"}, {"y": "132", "x": "524"}, {"y": "135", "x": "525"}, {"y": "4", "x": "525"}, {"y": "77", "x": "525"}, {"y": "139", "x": "525"}, {"y": "142", "x": "525"}, {"y": "145", "x": "525"}, {"y": "7", "x": "525"}, {"y": "74", "x": "525"}, {"y": "148", "x": "525"}, {"y": "152", "x": "525"}, {"y": "11", "x": "525"}, {"y": "155", "x": "525"}, {"y": "155", "x": "525"}, {"y": "155", "x": "525"}, {"y": "71", "x": "525"}, {"y": "14", "x": "525"}, {"y": "67", "x": "526"}, {"y": "18", "x": "526"}, {"y": "158", "x": "526"}, {"y": "64", "x": "526"}, {"y": "21", "x": "526"}, {"y": "24", "x": "526"}, {"y": "61", "x": "526"}, {"y": "161", "x": "526"}, {"y": "28", "x": "526"}, {"y": "58", "x": "526"}, {"y": "31", "x": "527"}, {"y": "55", "x": "527"}, {"y": "164", "x": "527"}, {"y": "35", "x": "527"}, {"y": "51", "x": "527"}, {"y": "38", "x": "527"}, {"y": "168", "x": "527"}, {"y": "48", "x": "527"}, {"y": "42", "x": "527"}, {"y": "45", "x": "528"}, {"y": "45", "x": "528"}, {"y": "45", "x": "528"}, {"y": "171", "x": "528"}, {"y": "174", "x": "528"}, {"y": "177", "x": "529"}, {"y": "180", "x": "530"}, {"y": "184", "x": "530"}, {"y": "187", "x": "531"}, {"y": "190", "x": "531"}, {"y": "193", "x": "532"}, {"y": "196", "x": "532"}, {"y": "200", "x": "533"}, {"y": "203", "x": "533"}, {"y": "206", "x": "534"}, {"y": "209", "x": "534"}, {"y": "212", "x": "535"}, {"y": "216", "x": "535"}, {"y": "216", "x": "535"}, {"y": "216", "x": "535"}, {"y": "219", "x": "536"}, {"y": "222", "x": "537"}, {"y": "225", "x": "538"}, {"y": "228", "x": "539"}, {"y": "231", "x": "539"}, {"y": "235", "x": "540"}, {"y": "238", "x": "541"}, {"y": "241", "x": "542"}, {"y": "244", "x": "542"}, {"y": "247", "x": "543"}, {"y": "251", "x": "544"}, {"y": "254", "x": "545"}, {"y": "257", "x": "545"}, {"y": "260", "x": "546"}, {"y": "263", "x": "547"}, {"y": "266", "x": "548"}, {"y": "270", "x": "549"}, {"y": "273", "x": "549"}, {"y": "276", "x": "550"}, {"y": "276", "x": "550"}, {"y": "279", "x": "551"}, {"y": "282", "x": "552"}, {"y": "286", "x": "553"}, {"y": "289", "x": "554"}, {"y": "292", "x": "555"}, {"y": "295", "x": "556"}, {"y": "298", "x": "557"}, {"y": "301", "x": "559"}, {"y": "305", "x": "560"}, {"y": "308", "x": "561"}, {"y": "311", "x": "562"}, {"y": "314", "x": "563"}, {"y": "317", "x": "564"}, {"y": "320", "x": "565"}, {"y": "324", "x": "566"}, {"y": "327", "x": "567"}, {"y": "330", "x": "568"}, {"y": "333", "x": "569"}, {"y": "336", "x": "570"}, {"y": "339", "x": "571"}, {"y": "343", "x": "572"}, {"y": "346", "x": "573"}, {"y": "349", "x": "574"}, {"y": "352", "x": "575"}, {"y": "355", "x": "576"}, {"y": "359", "x": "578"}]]}