{"Lines": [[{"y": "2", "x": "294"}, {"y": "2", "x": "294"}, {"y": "5", "x": "296"}, {"y": "8", "x": "298"}, {"y": "11", "x": "300"}, {"y": "14", "x": "301"}, {"y": "18", "x": "303"}, {"y": "21", "x": "305"}, {"y": "24", "x": "307"}, {"y": "27", "x": "308"}, {"y": "30", "x": "310"}, {"y": "33", "x": "312"}, {"y": "36", "x": "314"}, {"y": "39", "x": "315"}, {"y": "42", "x": "317"}, {"y": "45", "x": "319"}, {"y": "48", "x": "321"}, {"y": "51", "x": "323"}, {"y": "54", "x": "324"}, {"y": "58", "x": "326"}, {"y": "61", "x": "328"}, {"y": "64", "x": "330"}, {"y": "67", "x": "331"}, {"y": "70", "x": "333"}, {"y": "73", "x": "335"}, {"y": "76", "x": "337"}, {"y": "79", "x": "338"}, {"y": "82", "x": "340"}, {"y": "85", "x": "342"}, {"y": "88", "x": "344"}, {"y": "91", "x": "346"}, {"y": "94", "x": "347"}, {"y": "97", "x": "349"}, {"y": "101", "x": "351"}, {"y": "104", "x": "353"}, {"y": "107", "x": "354"}, {"y": "110", "x": "356"}, {"y": "113", "x": "358"}, {"y": "116", "x": "360"}, {"y": "119", "x": "362"}, {"y": "122", "x": "363"}, {"y": "125", "x": "365"}, {"y": "128", "x": "367"}, {"y": "128", "x": "367"}, {"y": "128", "x": "367"}, {"y": "131", "x": "369"}, {"y": "134", "x": "371"}, {"y": "137", "x": "372"}, {"y": "140", "x": "374"}, {"y": "144", "x": "376"}, {"y": "147", "x": "378"}, {"y": "150", "x": "380"}, {"y": "153", "x": "382"}, {"y": "156", "x": "384"}, {"y": "159", "x": "386"}, {"y": "162", "x": "387"}, {"y": "165", "x": "389"}, {"y": "168", "x": "391"}, {"y": "171", "x": "393"}, {"y": "174", "x": "395"}, {"y": "177", "x": "397"}, {"y": "180", "x": "399"}, {"y": "183", "x": "400"}, {"y": "186", "x": "402"}, {"y": "189", "x": "404"}, {"y": "192", "x": "406"}, {"y": "195", "x": "408"}, {"y": "198", "x": "410"}, {"y": "202", "x": "412"}, {"y": "205", "x": "414"}, {"y": "208", "x": "415"}, {"y": "211", "x": "417"}, {"y": "214", "x": "419"}, {"y": "217", "x": "421"}, {"y": "220", "x": "423"}, {"y": "223", "x": "425"}, {"y": "226", "x": "427"}, {"y": "229", "x": "428"}, {"y": "232", "x": "430"}, {"y": "235", "x": "432"}, {"y": "238", "x": "434"}, {"y": "241", "x": "436"}, {"y": "244", "x": "438"}, {"y": "247", "x": "440"}, {"y": "250", "x": "442"}, {"y": "253", "x": "443"}, {"y": "256", "x": "445"}, {"y": "260", "x": "447"}, {"y": "263", "x": "449"}, {"y": "266", "x": "451"}, {"y": "269", "x": "453"}, {"y": "272", "x": "455"}, {"y": "275", "x": "456"}, {"y": "278", "x": "458"}, {"y": "281", "x": "460"}, {"y": "284", "x": "462"}, {"y": "287", "x": "464"}, {"y": "290", "x": "466"}, {"y": "293", "x": "468"}, {"y": "296", "x": "470"}, {"y": "299", "x": "471"}, {"y": "302", "x": "473"}, {"y": "305", "x": "475"}, {"y": "308", "x": "477"}, {"y": "311", "x": "479"}, {"y": "314", "x": "481"}, {"y": "318", "x": "483"}, {"y": "321", "x": "484"}, {"y": "324", "x": "486"}, {"y": "327", "x": "488"}, {"y": "330", "x": "490"}, {"y": "333", "x": "492"}, {"y": "336", "x": "494"}, {"y": "339", "x": "496"}, {"y": "342", "x": "498"}, {"y": "345", "x": "499"}, {"y": "348", "x": "501"}, {"y": "351", "x": "503"}, {"y": "354", "x": "505"}, {"y": "357", "x": "507"}, {"y": "357", "x": "507"}], [{"y": "180", "x": "0"}, {"y": "180", "x": "0"}, {"y": "177", "x": "1"}, {"y": "173", "x": "2"}, {"y": "170", "x": "3"}, {"y": "167", "x": "4"}, {"y": "164", "x": "5"}, {"y": "161", "x": "6"}, {"y": "158", "x": "7"}, {"y": "155", "x": "8"}, {"y": "152", "x": "9"}, {"y": "148", "x": "10"}, {"y": "145", "x": "11"}, {"y": "142", "x": "12"}, {"y": "139", "x": "13"}, {"y": "136", "x": "14"}, {"y": "133", "x": "15"}, {"y": "130", "x": "16"}, {"y": "127", "x": "17"}, {"y": "123", "x": "18"}, {"y": "120", "x": "19"}, {"y": "117", "x": "21"}, {"y": "114", "x": "22"}, {"y": "111", "x": "23"}, {"y": "108", "x": "24"}, {"y": "105", "x": "25"}, {"y": "102", "x": "26"}, {"y": "98", "x": "27"}, {"y": "95", "x": "28"}, {"y": "92", "x": "29"}, {"y": "89", "x": "30"}, {"y": "86", "x": "31"}, {"y": "83", "x": "32"}, {"y": "80", "x": "33"}, {"y": "77", "x": "34"}, {"y": "74", "x": "35"}, {"y": "70", "x": "36"}, {"y": "67", "x": "37"}, {"y": "64", "x": "38"}, {"y": "61", "x": "39"}, {"y": "58", "x": "40"}, {"y": "55", "x": "42"}, {"y": "55", "x": "42"}, {"y": "52", "x": "43"}, {"y": "48", "x": "44"}, {"y": "45", "x": "45"}, {"y": "42", "x": "47"}, {"y": "39", "x": "48"}, {"y": "35", "x": "49"}, {"y": "32", "x": "51"}, {"y": "29", "x": "52"}, {"y": "26", "x": "53"}, {"y": "22", "x": "54"}, {"y": "19", "x": "56"}, {"y": "16", "x": "57"}, {"y": "13", "x": "58"}, {"y": "9", "x": "60"}, {"y": "6", "x": "61"}, {"y": "3", "x": "62"}, {"y": "0", "x": "63"}, {"y": "0", "x": "64"}]]}