{"Lines": [[{"y": "334", "x": "0"}, {"y": "334", "x": "0"}, {"y": "330", "x": "1"}, {"y": "327", "x": "3"}, {"y": "324", "x": "4"}, {"y": "321", "x": "6"}, {"y": "318", "x": "7"}, {"y": "314", "x": "9"}, {"y": "311", "x": "11"}, {"y": "308", "x": "12"}, {"y": "305", "x": "14"}, {"y": "302", "x": "15"}, {"y": "298", "x": "17"}, {"y": "295", "x": "19"}, {"y": "292", "x": "20"}, {"y": "289", "x": "22"}, {"y": "286", "x": "23"}, {"y": "282", "x": "25"}, {"y": "279", "x": "27"}, {"y": "276", "x": "28"}, {"y": "273", "x": "30"}, {"y": "269", "x": "31"}, {"y": "269", "x": "31"}, {"y": "269", "x": "31"}, {"y": "266", "x": "32"}, {"y": "263", "x": "34"}, {"y": "260", "x": "35"}, {"y": "257", "x": "36"}, {"y": "254", "x": "37"}, {"y": "251", "x": "38"}, {"y": "248", "x": "39"}, {"y": "244", "x": "40"}, {"y": "241", "x": "42"}, {"y": "238", "x": "43"}, {"y": "235", "x": "44"}, {"y": "232", "x": "45"}, {"y": "229", "x": "46"}, {"y": "226", "x": "47"}, {"y": "222", "x": "48"}, {"y": "219", "x": "49"}, {"y": "216", "x": "51"}, {"y": "213", "x": "52"}, {"y": "210", "x": "53"}, {"y": "207", "x": "54"}, {"y": "204", "x": "55"}, {"y": "200", "x": "56"}, {"y": "197", "x": "57"}, {"y": "194", "x": "58"}, {"y": "191", "x": "60"}, {"y": "188", "x": "61"}, {"y": "185", "x": "62"}, {"y": "182", "x": "63"}, {"y": "178", "x": "64"}, {"y": "175", "x": "65"}, {"y": "172", "x": "66"}, {"y": "169", "x": "68"}, {"y": "166", "x": "69"}, {"y": "163", "x": "70"}, {"y": "160", "x": "71"}, {"y": "156", "x": "72"}, {"y": "153", "x": "73"}, {"y": "150", "x": "74"}, {"y": "147", "x": "75"}, {"y": "147", "x": "75"}, {"y": "147", "x": "75"}, {"y": "144", "x": "76"}, {"y": "140", "x": "77"}, {"y": "137", "x": "77"}, {"y": "134", "x": "78"}, {"y": "131", "x": "78"}, {"y": "127", "x": "79"}, {"y": "124", "x": "80"}, {"y": "121", "x": "80"}, {"y": "117", "x": "81"}, {"y": "114", "x": "82"}, {"y": "111", "x": "82"}, {"y": "108", "x": "83"}, {"y": "104", "x": "83"}, {"y": "101", "x": "84"}, {"y": "98", "x": "85"}, {"y": "94", "x": "85"}, {"y": "91", "x": "86"}, {"y": "88", "x": "86"}, {"y": "85", "x": "87"}, {"y": "81", "x": "88"}, {"y": "81", "x": "88"}, {"y": "81", "x": "88"}, {"y": "78", "x": "89"}, {"y": "75", "x": "90"}, {"y": "72", "x": "91"}, {"y": "69", "x": "92"}, {"y": "66", "x": "93"}, {"y": "63", "x": "94"}, {"y": "59", "x": "95"}, {"y": "56", "x": "96"}, {"y": "53", "x": "97"}, {"y": "50", "x": "98"}, {"y": "47", "x": "99"}, {"y": "44", "x": "100"}, {"y": "41", "x": "101"}, {"y": "37", "x": "102"}, {"y": "34", "x": "103"}, {"y": "31", "x": "104"}, {"y": "28", "x": "105"}, {"y": "25", "x": "106"}, {"y": "22", "x": "107"}, {"y": "19", "x": "108"}, {"y": "15", "x": "109"}, {"y": "12", "x": "110"}, {"y": "9", "x": "111"}, {"y": "6", "x": "112"}, {"y": "3", "x": "113"}, {"y": "3", "x": "113"}], [{"y": "2", "x": "347"}, {"y": "2", "x": "347"}, {"y": "5", "x": "350"}, {"y": "8", "x": "352"}, {"y": "11", "x": "355"}, {"y": "15", "x": "358"}, {"y": "18", "x": "361"}, {"y": "21", "x": "363"}, {"y": "24", "x": "366"}, {"y": "27", "x": "369"}, {"y": "31", "x": "371"}, {"y": "34", "x": "374"}, {"y": "37", "x": "377"}, {"y": "40", "x": "380"}, {"y": "43", "x": "382"}, {"y": "47", "x": "385"}, {"y": "50", "x": "388"}, {"y": "53", "x": "391"}, {"y": "56", "x": "393"}, {"y": "59", "x": "396"}, {"y": "63", "x": "399"}, {"y": "66", "x": "401"}, {"y": "69", "x": "404"}, {"y": "72", "x": "407"}, {"y": "75", "x": "410"}, {"y": "79", "x": "412"}, {"y": "82", "x": "415"}, {"y": "85", "x": "418"}, {"y": "85", "x": "418"}, {"y": "85", "x": "418"}, {"y": "88", "x": "420"}, {"y": "91", "x": "422"}, {"y": "94", "x": "425"}, {"y": "97", "x": "427"}, {"y": "101", "x": "429"}, {"y": "104", "x": "431"}, {"y": "107", "x": "433"}, {"y": "110", "x": "436"}, {"y": "113", "x": "438"}, {"y": "116", "x": "440"}, {"y": "119", "x": "442"}, {"y": "122", "x": "445"}, {"y": "125", "x": "447"}, {"y": "129", "x": "449"}, {"y": "132", "x": "451"}, {"y": "135", "x": "453"}, {"y": "138", "x": "456"}, {"y": "141", "x": "458"}, {"y": "144", "x": "460"}, {"y": "147", "x": "462"}, {"y": "150", "x": "465"}, {"y": "153", "x": "467"}, {"y": "157", "x": "469"}, {"y": "160", "x": "471"}, {"y": "163", "x": "473"}, {"y": "166", "x": "476"}, {"y": "169", "x": "478"}, {"y": "172", "x": "480"}, {"y": "175", "x": "482"}, {"y": "178", "x": "485"}, {"y": "181", "x": "487"}, {"y": "185", "x": "489"}, {"y": "188", "x": "491"}, {"y": "191", "x": "494"}, {"y": "194", "x": "496"}, {"y": "197", "x": "498"}, {"y": "200", "x": "500"}, {"y": "203", "x": "502"}, {"y": "206", "x": "505"}, {"y": "209", "x": "507"}, {"y": "209", "x": "507"}, {"y": "209", "x": "507"}, {"y": "213", "x": "509"}, {"y": "216", "x": "510"}, {"y": "219", "x": "512"}, {"y": "222", "x": "514"}, {"y": "225", "x": "516"}, {"y": "228", "x": "518"}, {"y": "231", "x": "519"}, {"y": "234", "x": "521"}, {"y": "237", "x": "523"}, {"y": "241", "x": "525"}, {"y": "244", "x": "526"}, {"y": "247", "x": "528"}, {"y": "250", "x": "530"}, {"y": "253", "x": "532"}, {"y": "256", "x": "534"}, {"y": "259", "x": "535"}, {"y": "262", "x": "537"}, {"y": "265", "x": "539"}, {"y": "268", "x": "541"}, {"y": "272", "x": "543"}, {"y": "275", "x": "544"}, {"y": "278", "x": "546"}, {"y": "281", "x": "548"}, {"y": "284", "x": "550"}, {"y": "287", "x": "551"}, {"y": "290", "x": "553"}, {"y": "293", "x": "555"}, {"y": "296", "x": "557"}, {"y": "300", "x": "559"}, {"y": "303", "x": "560"}, {"y": "306", "x": "562"}, {"y": "309", "x": "564"}, {"y": "312", "x": "566"}, {"y": "315", "x": "568"}, {"y": "318", "x": "569"}, {"y": "321", "x": "571"}, {"y": "324", "x": "573"}, {"y": "327", "x": "575"}, {"y": "331", "x": "576"}, {"y": "334", "x": "578"}, {"y": "337", "x": "580"}, {"y": "340", "x": "582"}, {"y": "343", "x": "584"}, {"y": "346", "x": "585"}, {"y": "349", "x": "587"}, {"y": "352", "x": "589"}, {"y": "355", "x": "591"}, {"y": "359", "x": "592"}, {"y": "359", "x": "593"}]]}