{"Lines": [[{"y": "359", "x": "14"}, {"y": "359", "x": "14"}, {"y": "355", "x": "15"}, {"y": "352", "x": "17"}, {"y": "349", "x": "18"}, {"y": "346", "x": "20"}, {"y": "343", "x": "21"}, {"y": "340", "x": "23"}, {"y": "337", "x": "24"}, {"y": "334", "x": "26"}, {"y": "331", "x": "27"}, {"y": "328", "x": "29"}, {"y": "325", "x": "30"}, {"y": "321", "x": "32"}, {"y": "318", "x": "33"}, {"y": "315", "x": "35"}, {"y": "312", "x": "36"}, {"y": "309", "x": "38"}, {"y": "306", "x": "39"}, {"y": "303", "x": "41"}, {"y": "300", "x": "42"}, {"y": "297", "x": "44"}, {"y": "294", "x": "45"}, {"y": "291", "x": "47"}, {"y": "287", "x": "48"}, {"y": "284", "x": "50"}, {"y": "281", "x": "51"}, {"y": "278", "x": "53"}, {"y": "275", "x": "54"}, {"y": "272", "x": "56"}, {"y": "269", "x": "57"}, {"y": "266", "x": "59"}, {"y": "263", "x": "60"}, {"y": "260", "x": "62"}, {"y": "257", "x": "63"}, {"y": "254", "x": "65"}, {"y": "250", "x": "66"}, {"y": "247", "x": "68"}, {"y": "244", "x": "69"}, {"y": "241", "x": "71"}, {"y": "238", "x": "72"}, {"y": "235", "x": "74"}, {"y": "232", "x": "75"}, {"y": "232", "x": "75"}, {"y": "232", "x": "75"}, {"y": "229", "x": "77"}, {"y": "226", "x": "79"}, {"y": "222", "x": "81"}, {"y": "219", "x": "83"}, {"y": "216", "x": "85"}, {"y": "213", "x": "87"}, {"y": "210", "x": "89"}, {"y": "206", "x": "91"}, {"y": "203", "x": "93"}, {"y": "200", "x": "95"}, {"y": "197", "x": "97"}, {"y": "194", "x": "99"}, {"y": "190", "x": "101"}, {"y": "187", "x": "103"}, {"y": "184", "x": "105"}, {"y": "181", "x": "107"}, {"y": "178", "x": "109"}, {"y": "175", "x": "111"}, {"y": "171", "x": "113"}, {"y": "168", "x": "115"}, {"y": "165", "x": "117"}, {"y": "162", "x": "119"}, {"y": "159", "x": "121"}, {"y": "155", "x": "123"}, {"y": "152", "x": "125"}, {"y": "149", "x": "127"}, {"y": "146", "x": "129"}, {"y": "146", "x": "129"}, {"y": "146", "x": "129"}, {"y": "143", "x": "130"}, {"y": "140", "x": "131"}, {"y": "136", "x": "132"}, {"y": "133", "x": "133"}, {"y": "130", "x": "134"}, {"y": "127", "x": "136"}, {"y": "124", "x": "137"}, {"y": "121", "x": "138"}, {"y": "118", "x": "139"}, {"y": "114", "x": "140"}, {"y": "111", "x": "141"}, {"y": "108", "x": "142"}, {"y": "105", "x": "143"}, {"y": "102", "x": "145"}, {"y": "99", "x": "146"}, {"y": "96", "x": "147"}, {"y": "92", "x": "148"}, {"y": "89", "x": "149"}, {"y": "86", "x": "150"}, {"y": "83", "x": "151"}, {"y": "80", "x": "152"}, {"y": "77", "x": "153"}, {"y": "74", "x": "155"}, {"y": "74", "x": "155"}, {"y": "74", "x": "155"}, {"y": "70", "x": "155"}, {"y": "67", "x": "156"}, {"y": "64", "x": "156"}, {"y": "61", "x": "157"}, {"y": "57", "x": "157"}, {"y": "0", "x": "157"}, {"y": "0", "x": "157"}, {"y": "54", "x": "158"}, {"y": "3", "x": "158"}, {"y": "7", "x": "158"}, {"y": "51", "x": "158"}, {"y": "10", "x": "158"}, {"y": "47", "x": "159"}, {"y": "14", "x": "159"}, {"y": "17", "x": "159"}, {"y": "44", "x": "159"}, {"y": "21", "x": "159"}, {"y": "41", "x": "160"}, {"y": "24", "x": "160"}, {"y": "27", "x": "160"}, {"y": "38", "x": "160"}, {"y": "31", "x": "160"}, {"y": "34", "x": "161"}, {"y": "34", "x": "161"}], [{"y": "1", "x": "404"}, {"y": "1", "x": "404"}, {"y": "4", "x": "407"}, {"y": "7", "x": "409"}, {"y": "10", "x": "412"}, {"y": "14", "x": "415"}, {"y": "17", "x": "417"}, {"y": "20", "x": "420"}, {"y": "23", "x": "423"}, {"y": "26", "x": "425"}, {"y": "29", "x": "428"}, {"y": "32", "x": "431"}, {"y": "36", "x": "433"}, {"y": "39", "x": "436"}, {"y": "42", "x": "438"}, {"y": "45", "x": "441"}, {"y": "48", "x": "444"}, {"y": "51", "x": "446"}, {"y": "55", "x": "449"}, {"y": "58", "x": "452"}, {"y": "61", "x": "454"}, {"y": "64", "x": "457"}, {"y": "67", "x": "460"}, {"y": "70", "x": "462"}, {"y": "70", "x": "462"}, {"y": "70", "x": "462"}, {"y": "74", "x": "464"}, {"y": "77", "x": "466"}, {"y": "80", "x": "468"}, {"y": "83", "x": "470"}, {"y": "86", "x": "471"}, {"y": "90", "x": "473"}, {"y": "93", "x": "475"}, {"y": "96", "x": "477"}, {"y": "99", "x": "478"}, {"y": "102", "x": "480"}, {"y": "106", "x": "482"}, {"y": "109", "x": "484"}, {"y": "112", "x": "486"}, {"y": "115", "x": "487"}, {"y": "118", "x": "489"}, {"y": "122", "x": "491"}, {"y": "125", "x": "493"}, {"y": "128", "x": "495"}, {"y": "131", "x": "496"}, {"y": "134", "x": "498"}, {"y": "138", "x": "500"}, {"y": "141", "x": "502"}, {"y": "144", "x": "504"}, {"y": "147", "x": "505"}, {"y": "150", "x": "507"}, {"y": "154", "x": "509"}, {"y": "157", "x": "511"}, {"y": "160", "x": "513"}, {"y": "160", "x": "513"}, {"y": "163", "x": "514"}, {"y": "166", "x": "515"}, {"y": "169", "x": "517"}, {"y": "173", "x": "518"}, {"y": "176", "x": "520"}, {"y": "179", "x": "521"}, {"y": "182", "x": "523"}, {"y": "185", "x": "524"}, {"y": "188", "x": "526"}, {"y": "191", "x": "527"}, {"y": "195", "x": "528"}, {"y": "198", "x": "530"}, {"y": "201", "x": "531"}, {"y": "204", "x": "533"}, {"y": "207", "x": "534"}, {"y": "210", "x": "536"}, {"y": "213", "x": "537"}, {"y": "216", "x": "539"}, {"y": "220", "x": "540"}, {"y": "223", "x": "541"}, {"y": "226", "x": "543"}, {"y": "229", "x": "544"}, {"y": "232", "x": "546"}, {"y": "235", "x": "547"}, {"y": "238", "x": "549"}, {"y": "241", "x": "550"}, {"y": "245", "x": "552"}, {"y": "248", "x": "553"}, {"y": "251", "x": "554"}, {"y": "254", "x": "556"}, {"y": "257", "x": "557"}, {"y": "260", "x": "559"}, {"y": "263", "x": "560"}, {"y": "266", "x": "562"}, {"y": "270", "x": "563"}, {"y": "273", "x": "565"}, {"y": "276", "x": "566"}, {"y": "279", "x": "567"}, {"y": "282", "x": "569"}, {"y": "282", "x": "569"}, {"y": "285", "x": "571"}, {"y": "288", "x": "573"}, {"y": "292", "x": "575"}, {"y": "295", "x": "577"}, {"y": "298", "x": "579"}, {"y": "301", "x": "582"}, {"y": "304", "x": "584"}, {"y": "308", "x": "586"}, {"y": "311", "x": "588"}, {"y": "314", "x": "590"}, {"y": "317", "x": "592"}, {"y": "320", "x": "594"}, {"y": "323", "x": "596"}, {"y": "327", "x": "598"}, {"y": "330", "x": "601"}, {"y": "333", "x": "603"}, {"y": "336", "x": "605"}, {"y": "339", "x": "607"}, {"y": "343", "x": "609"}, {"y": "346", "x": "611"}, {"y": "349", "x": "613"}, {"y": "352", "x": "615"}, {"y": "355", "x": "617"}, {"y": "359", "x": "619"}, {"y": "359", "x": "620"}]]}