{"Lines": [[{"y": "242", "x": "0"}, {"y": "242", "x": "0"}, {"y": "239", "x": "2"}, {"y": "236", "x": "4"}, {"y": "233", "x": "6"}, {"y": "230", "x": "8"}, {"y": "226", "x": "10"}, {"y": "223", "x": "13"}, {"y": "220", "x": "15"}, {"y": "217", "x": "17"}, {"y": "214", "x": "19"}, {"y": "211", "x": "21"}, {"y": "208", "x": "23"}, {"y": "204", "x": "25"}, {"y": "201", "x": "27"}, {"y": "198", "x": "29"}, {"y": "195", "x": "31"}, {"y": "192", "x": "34"}, {"y": "189", "x": "36"}, {"y": "185", "x": "38"}, {"y": "182", "x": "40"}, {"y": "179", "x": "42"}, {"y": "176", "x": "44"}, {"y": "173", "x": "46"}, {"y": "170", "x": "48"}, {"y": "167", "x": "50"}, {"y": "163", "x": "53"}, {"y": "160", "x": "55"}, {"y": "157", "x": "57"}, {"y": "154", "x": "59"}, {"y": "151", "x": "61"}, {"y": "148", "x": "63"}, {"y": "145", "x": "65"}, {"y": "141", "x": "67"}, {"y": "138", "x": "69"}, {"y": "135", "x": "71"}, {"y": "132", "x": "74"}, {"y": "129", "x": "76"}, {"y": "126", "x": "78"}, {"y": "123", "x": "80"}, {"y": "123", "x": "80"}, {"y": "123", "x": "80"}, {"y": "119", "x": "83"}, {"y": "116", "x": "86"}, {"y": "113", "x": "89"}, {"y": "109", "x": "92"}, {"y": "106", "x": "95"}, {"y": "103", "x": "98"}, {"y": "99", "x": "101"}, {"y": "96", "x": "104"}, {"y": "93", "x": "107"}, {"y": "89", "x": "110"}, {"y": "86", "x": "113"}, {"y": "83", "x": "116"}, {"y": "79", "x": "119"}, {"y": "76", "x": "122"}, {"y": "73", "x": "125"}, {"y": "70", "x": "128"}, {"y": "66", "x": "131"}, {"y": "66", "x": "131"}, {"y": "66", "x": "131"}, {"y": "63", "x": "135"}, {"y": "60", "x": "138"}, {"y": "57", "x": "141"}, {"y": "54", "x": "145"}, {"y": "50", "x": "148"}, {"y": "47", "x": "151"}, {"y": "44", "x": "155"}, {"y": "41", "x": "158"}, {"y": "38", "x": "161"}, {"y": "34", "x": "165"}, {"y": "31", "x": "168"}, {"y": "28", "x": "171"}, {"y": "25", "x": "175"}, {"y": "22", "x": "178"}, {"y": "19", "x": "181"}, {"y": "15", "x": "185"}, {"y": "12", "x": "188"}, {"y": "9", "x": "191"}, {"y": "6", "x": "195"}, {"y": "3", "x": "198"}, {"y": "0", "x": "201"}, {"y": "0", "x": "202"}], [{"y": "102", "x": "454"}, {"y": "102", "x": "454"}, {"y": "105", "x": "454"}, {"y": "98", "x": "455"}, {"y": "108", "x": "455"}, {"y": "111", "x": "455"}, {"y": "95", "x": "455"}, {"y": "114", "x": "455"}, {"y": "117", "x": "455"}, {"y": "92", "x": "455"}, {"y": "121", "x": "455"}, {"y": "124", "x": "456"}, {"y": "89", "x": "456"}, {"y": "127", "x": "456"}, {"y": "130", "x": "456"}, {"y": "85", "x": "456"}, {"y": "133", "x": "456"}, {"y": "82", "x": "456"}, {"y": "136", "x": "457"}, {"y": "140", "x": "457"}, {"y": "79", "x": "457"}, {"y": "143", "x": "457"}, {"y": "146", "x": "457"}, {"y": "76", "x": "457"}, {"y": "149", "x": "457"}, {"y": "152", "x": "458"}, {"y": "72", "x": "458"}, {"y": "155", "x": "458"}, {"y": "158", "x": "458"}, {"y": "69", "x": "458"}, {"y": "162", "x": "458"}, {"y": "66", "x": "458"}, {"y": "165", "x": "458"}, {"y": "168", "x": "459"}, {"y": "63", "x": "459"}, {"y": "171", "x": "459"}, {"y": "174", "x": "459"}, {"y": "59", "x": "459"}, {"y": "177", "x": "459"}, {"y": "180", "x": "459"}, {"y": "180", "x": "459"}, {"y": "180", "x": "460"}, {"y": "56", "x": "460"}, {"y": "53", "x": "460"}, {"y": "49", "x": "460"}, {"y": "184", "x": "460"}, {"y": "46", "x": "461"}, {"y": "187", "x": "461"}, {"y": "43", "x": "462"}, {"y": "190", "x": "462"}, {"y": "193", "x": "463"}, {"y": "40", "x": "463"}, {"y": "196", "x": "464"}, {"y": "36", "x": "465"}, {"y": "199", "x": "465"}, {"y": "202", "x": "466"}, {"y": "33", "x": "466"}, {"y": "205", "x": "467"}, {"y": "30", "x": "467"}, {"y": "208", "x": "468"}, {"y": "27", "x": "469"}, {"y": "211", "x": "469"}, {"y": "214", "x": "470"}, {"y": "23", "x": "470"}, {"y": "217", "x": "471"}, {"y": "20", "x": "471"}, {"y": "220", "x": "472"}, {"y": "223", "x": "473"}, {"y": "17", "x": "473"}, {"y": "227", "x": "473"}, {"y": "14", "x": "474"}, {"y": "230", "x": "474"}, {"y": "233", "x": "475"}, {"y": "10", "x": "475"}, {"y": "236", "x": "476"}, {"y": "7", "x": "477"}, {"y": "239", "x": "477"}, {"y": "242", "x": "478"}, {"y": "4", "x": "478"}, {"y": "245", "x": "479"}, {"y": "1", "x": "479"}, {"y": "1", "x": "479"}, {"y": "248", "x": "480"}, {"y": "251", "x": "481"}, {"y": "254", "x": "482"}, {"y": "257", "x": "483"}, {"y": "260", "x": "484"}, {"y": "263", "x": "485"}, {"y": "266", "x": "486"}, {"y": "270", "x": "487"}, {"y": "273", "x": "487"}, {"y": "276", "x": "488"}, {"y": "279", "x": "489"}, {"y": "282", "x": "490"}, {"y": "285", "x": "491"}, {"y": "288", "x": "492"}, {"y": "291", "x": "493"}, {"y": "294", "x": "494"}, {"y": "297", "x": "495"}, {"y": "300", "x": "496"}, {"y": "303", "x": "497"}, {"y": "306", "x": "498"}, {"y": "309", "x": "499"}, {"y": "312", "x": "500"}, {"y": "316", "x": "500"}, {"y": "319", "x": "501"}, {"y": "322", "x": "502"}, {"y": "325", "x": "503"}, {"y": "328", "x": "504"}, {"y": "331", "x": "505"}, {"y": "334", "x": "506"}, {"y": "337", "x": "507"}, {"y": "340", "x": "508"}, {"y": "343", "x": "509"}, {"y": "346", "x": "510"}, {"y": "349", "x": "511"}, {"y": "352", "x": "512"}, {"y": "355", "x": "513"}, {"y": "359", "x": "514"}, {"y": "359", "x": "514"}]]}