{"Lines": [[{"y": "198", "x": "0"}, {"y": "198", "x": "0"}, {"y": "195", "x": "0"}, {"y": "192", "x": "1"}, {"y": "189", "x": "1"}, {"y": "186", "x": "2"}, {"y": "182", "x": "2"}, {"y": "179", "x": "3"}, {"y": "176", "x": "3"}, {"y": "173", "x": "4"}, {"y": "170", "x": "4"}, {"y": "167", "x": "5"}, {"y": "164", "x": "5"}, {"y": "161", "x": "6"}, {"y": "157", "x": "6"}, {"y": "154", "x": "7"}, {"y": "151", "x": "7"}, {"y": "148", "x": "8"}, {"y": "145", "x": "8"}, {"y": "142", "x": "9"}, {"y": "139", "x": "9"}, {"y": "136", "x": "10"}, {"y": "132", "x": "10"}, {"y": "129", "x": "11"}, {"y": "126", "x": "11"}, {"y": "123", "x": "12"}, {"y": "120", "x": "12"}, {"y": "117", "x": "13"}, {"y": "114", "x": "13"}, {"y": "111", "x": "14"}, {"y": "107", "x": "14"}, {"y": "104", "x": "15"}, {"y": "101", "x": "15"}, {"y": "98", "x": "16"}, {"y": "95", "x": "16"}, {"y": "92", "x": "17"}, {"y": "89", "x": "17"}, {"y": "89", "x": "17"}, {"y": "89", "x": "17"}, {"y": "86", "x": "18"}, {"y": "82", "x": "19"}, {"y": "79", "x": "20"}, {"y": "76", "x": "21"}, {"y": "73", "x": "22"}, {"y": "70", "x": "23"}, {"y": "67", "x": "24"}, {"y": "64", "x": "25"}, {"y": "61", "x": "26"}, {"y": "57", "x": "27"}, {"y": "54", "x": "28"}, {"y": "51", "x": "28"}, {"y": "48", "x": "29"}, {"y": "45", "x": "30"}, {"y": "42", "x": "31"}, {"y": "39", "x": "32"}, {"y": "36", "x": "33"}, {"y": "33", "x": "34"}, {"y": "29", "x": "35"}, {"y": "26", "x": "36"}, {"y": "23", "x": "37"}, {"y": "20", "x": "38"}, {"y": "17", "x": "39"}, {"y": "14", "x": "39"}, {"y": "11", "x": "40"}, {"y": "8", "x": "41"}, {"y": "4", "x": "42"}, {"y": "1", "x": "43"}, {"y": "1", "x": "43"}], [{"y": "1", "x": "254"}, {"y": "4", "x": "256"}, {"y": "8", "x": "259"}, {"y": "11", "x": "262"}, {"y": "14", "x": "264"}, {"y": "17", "x": "267"}, {"y": "20", "x": "270"}, {"y": "23", "x": "272"}, {"y": "26", "x": "275"}, {"y": "30", "x": "278"}, {"y": "33", "x": "280"}, {"y": "36", "x": "283"}, {"y": "39", "x": "286"}, {"y": "42", "x": "288"}, {"y": "45", "x": "291"}, {"y": "48", "x": "294"}, {"y": "52", "x": "296"}, {"y": "55", "x": "299"}, {"y": "58", "x": "302"}, {"y": "61", "x": "304"}, {"y": "64", "x": "307"}, {"y": "67", "x": "310"}, {"y": "70", "x": "312"}, {"y": "74", "x": "315"}, {"y": "77", "x": "318"}, {"y": "80", "x": "320"}, {"y": "83", "x": "323"}, {"y": "86", "x": "326"}, {"y": "89", "x": "328"}, {"y": "92", "x": "331"}, {"y": "96", "x": "334"}, {"y": "99", "x": "336"}, {"y": "102", "x": "339"}, {"y": "105", "x": "342"}, {"y": "108", "x": "344"}, {"y": "111", "x": "347"}, {"y": "114", "x": "349"}, {"y": "118", "x": "352"}, {"y": "118", "x": "352"}, {"y": "118", "x": "352"}, {"y": "121", "x": "355"}, {"y": "124", "x": "358"}, {"y": "127", "x": "361"}, {"y": "130", "x": "364"}, {"y": "133", "x": "367"}, {"y": "136", "x": "370"}, {"y": "139", "x": "373"}, {"y": "142", "x": "376"}, {"y": "145", "x": "379"}, {"y": "148", "x": "381"}, {"y": "151", "x": "384"}, {"y": "154", "x": "387"}, {"y": "157", "x": "390"}, {"y": "160", "x": "393"}, {"y": "163", "x": "396"}, {"y": "166", "x": "399"}, {"y": "169", "x": "402"}, {"y": "173", "x": "405"}, {"y": "176", "x": "408"}, {"y": "179", "x": "411"}, {"y": "182", "x": "414"}, {"y": "185", "x": "417"}, {"y": "188", "x": "420"}, {"y": "191", "x": "422"}, {"y": "194", "x": "425"}, {"y": "197", "x": "428"}, {"y": "200", "x": "431"}, {"y": "203", "x": "434"}, {"y": "206", "x": "437"}, {"y": "209", "x": "440"}, {"y": "212", "x": "443"}, {"y": "215", "x": "446"}, {"y": "218", "x": "449"}, {"y": "221", "x": "452"}, {"y": "224", "x": "455"}, {"y": "227", "x": "458"}, {"y": "230", "x": "461"}, {"y": "233", "x": "463"}, {"y": "237", "x": "466"}, {"y": "240", "x": "469"}, {"y": "243", "x": "472"}, {"y": "246", "x": "475"}, {"y": "249", "x": "478"}, {"y": "252", "x": "481"}, {"y": "255", "x": "484"}, {"y": "258", "x": "487"}, {"y": "261", "x": "490"}, {"y": "264", "x": "493"}, {"y": "267", "x": "496"}, {"y": "270", "x": "499"}, {"y": "273", "x": "502"}, {"y": "276", "x": "504"}, {"y": "279", "x": "507"}, {"y": "282", "x": "510"}, {"y": "285", "x": "513"}, {"y": "288", "x": "516"}, {"y": "291", "x": "519"}, {"y": "294", "x": "522"}, {"y": "298", "x": "525"}, {"y": "301", "x": "528"}, {"y": "304", "x": "531"}, {"y": "307", "x": "534"}, {"y": "310", "x": "537"}, {"y": "313", "x": "540"}, {"y": "316", "x": "543"}, {"y": "319", "x": "545"}, {"y": "322", "x": "548"}, {"y": "325", "x": "551"}, {"y": "328", "x": "554"}, {"y": "331", "x": "557"}, {"y": "334", "x": "560"}, {"y": "337", "x": "563"}, {"y": "340", "x": "566"}, {"y": "343", "x": "569"}, {"y": "346", "x": "572"}, {"y": "349", "x": "575"}, {"y": "352", "x": "578"}, {"y": "355", "x": "581"}, {"y": "359", "x": "583"}, {"y": "359", "x": "584"}]]}