{"Lines": [[{"y": "357", "x": "9"}, {"y": "357", "x": "9"}, {"y": "354", "x": "12"}, {"y": "351", "x": "15"}, {"y": "348", "x": "18"}, {"y": "345", "x": "21"}, {"y": "342", "x": "24"}, {"y": "339", "x": "28"}, {"y": "335", "x": "31"}, {"y": "332", "x": "34"}, {"y": "329", "x": "37"}, {"y": "326", "x": "40"}, {"y": "323", "x": "43"}, {"y": "320", "x": "46"}, {"y": "317", "x": "49"}, {"y": "314", "x": "52"}, {"y": "311", "x": "56"}, {"y": "308", "x": "59"}, {"y": "305", "x": "62"}, {"y": "302", "x": "65"}, {"y": "299", "x": "68"}, {"y": "296", "x": "71"}, {"y": "293", "x": "74"}, {"y": "290", "x": "77"}, {"y": "287", "x": "80"}, {"y": "284", "x": "84"}, {"y": "281", "x": "87"}, {"y": "277", "x": "90"}, {"y": "274", "x": "93"}, {"y": "271", "x": "96"}, {"y": "268", "x": "99"}, {"y": "265", "x": "102"}, {"y": "262", "x": "105"}, {"y": "259", "x": "108"}, {"y": "256", "x": "112"}, {"y": "253", "x": "115"}, {"y": "250", "x": "118"}, {"y": "247", "x": "121"}, {"y": "244", "x": "124"}, {"y": "241", "x": "127"}, {"y": "238", "x": "130"}, {"y": "235", "x": "133"}, {"y": "232", "x": "136"}, {"y": "229", "x": "140"}, {"y": "226", "x": "143"}, {"y": "223", "x": "146"}, {"y": "220", "x": "149"}, {"y": "216", "x": "152"}, {"y": "213", "x": "155"}, {"y": "210", "x": "158"}, {"y": "207", "x": "161"}, {"y": "204", "x": "164"}, {"y": "201", "x": "168"}, {"y": "198", "x": "171"}, {"y": "195", "x": "174"}, {"y": "192", "x": "177"}, {"y": "189", "x": "180"}, {"y": "186", "x": "183"}, {"y": "183", "x": "186"}, {"y": "180", "x": "189"}, {"y": "177", "x": "192"}, {"y": "174", "x": "196"}, {"y": "171", "x": "199"}, {"y": "171", "x": "199"}, {"y": "171", "x": "199"}, {"y": "168", "x": "202"}, {"y": "164", "x": "205"}, {"y": "161", "x": "208"}, {"y": "158", "x": "211"}, {"y": "155", "x": "214"}, {"y": "152", "x": "218"}, {"y": "149", "x": "221"}, {"y": "146", "x": "224"}, {"y": "143", "x": "227"}, {"y": "140", "x": "230"}, {"y": "137", "x": "233"}, {"y": "133", "x": "237"}, {"y": "130", "x": "240"}, {"y": "127", "x": "243"}, {"y": "124", "x": "246"}, {"y": "121", "x": "249"}, {"y": "118", "x": "252"}, {"y": "115", "x": "256"}, {"y": "112", "x": "259"}, {"y": "109", "x": "262"}, {"y": "105", "x": "265"}, {"y": "102", "x": "268"}, {"y": "99", "x": "271"}, {"y": "96", "x": "275"}, {"y": "93", "x": "278"}, {"y": "90", "x": "281"}, {"y": "87", "x": "284"}, {"y": "84", "x": "287"}, {"y": "81", "x": "290"}, {"y": "77", "x": "293"}, {"y": "74", "x": "297"}, {"y": "74", "x": "297"}, {"y": "71", "x": "301"}, {"y": "68", "x": "304"}, {"y": "64", "x": "308"}, {"y": "61", "x": "312"}, {"y": "58", "x": "316"}, {"y": "54", "x": "320"}, {"y": "51", "x": "324"}, {"y": "48", "x": "328"}, {"y": "44", "x": "332"}, {"y": "41", "x": "335"}, {"y": "37", "x": "339"}, {"y": "34", "x": "343"}, {"y": "31", "x": "347"}, {"y": "27", "x": "351"}, {"y": "27", "x": "351"}, {"y": "24", "x": "353"}, {"y": "20", "x": "356"}, {"y": "17", "x": "358"}, {"y": "13", "x": "361"}, {"y": "10", "x": "363"}, {"y": "6", "x": "366"}, {"y": "3", "x": "368"}, {"y": "0", "x": "370"}, {"y": "0", "x": "371"}], [{"y": "1", "x": "591"}, {"y": "4", "x": "592"}, {"y": "8", "x": "593"}, {"y": "11", "x": "594"}, {"y": "14", "x": "595"}, {"y": "17", "x": "596"}, {"y": "20", "x": "597"}, {"y": "23", "x": "598"}, {"y": "27", "x": "599"}, {"y": "30", "x": "600"}, {"y": "33", "x": "601"}, {"y": "36", "x": "602"}, {"y": "39", "x": "603"}, {"y": "43", "x": "604"}, {"y": "46", "x": "605"}, {"y": "49", "x": "606"}, {"y": "52", "x": "607"}, {"y": "55", "x": "608"}, {"y": "58", "x": "609"}, {"y": "62", "x": "610"}, {"y": "65", "x": "611"}, {"y": "68", "x": "612"}, {"y": "68", "x": "612"}, {"y": "68", "x": "612"}, {"y": "71", "x": "613"}, {"y": "75", "x": "613"}, {"y": "78", "x": "614"}, {"y": "82", "x": "614"}, {"y": "85", "x": "615"}, {"y": "89", "x": "615"}, {"y": "92", "x": "616"}, {"y": "95", "x": "616"}, {"y": "99", "x": "617"}, {"y": "102", "x": "617"}, {"y": "106", "x": "618"}, {"y": "106", "x": "618"}, {"y": "109", "x": "618"}, {"y": "112", "x": "618"}, {"y": "116", "x": "618"}, {"y": "119", "x": "619"}, {"y": "122", "x": "619"}, {"y": "125", "x": "619"}, {"y": "129", "x": "619"}, {"y": "132", "x": "620"}, {"y": "135", "x": "620"}, {"y": "138", "x": "620"}, {"y": "142", "x": "620"}, {"y": "145", "x": "620"}, {"y": "148", "x": "621"}, {"y": "152", "x": "621"}, {"y": "155", "x": "621"}, {"y": "158", "x": "621"}, {"y": "161", "x": "621"}, {"y": "165", "x": "622"}, {"y": "165", "x": "622"}, {"y": "168", "x": "622"}, {"y": "171", "x": "622"}, {"y": "174", "x": "622"}, {"y": "177", "x": "622"}, {"y": "180", "x": "623"}, {"y": "183", "x": "623"}, {"y": "186", "x": "623"}, {"y": "189", "x": "623"}, {"y": "192", "x": "624"}, {"y": "195", "x": "624"}, {"y": "198", "x": "624"}, {"y": "201", "x": "624"}, {"y": "204", "x": "624"}, {"y": "207", "x": "625"}, {"y": "210", "x": "625"}, {"y": "213", "x": "625"}, {"y": "216", "x": "625"}, {"y": "220", "x": "626"}, {"y": "223", "x": "626"}, {"y": "226", "x": "626"}, {"y": "229", "x": "626"}, {"y": "232", "x": "627"}, {"y": "235", "x": "627"}, {"y": "238", "x": "627"}, {"y": "241", "x": "627"}, {"y": "244", "x": "627"}, {"y": "247", "x": "628"}, {"y": "250", "x": "628"}, {"y": "253", "x": "628"}, {"y": "256", "x": "628"}, {"y": "259", "x": "629"}, {"y": "262", "x": "629"}, {"y": "265", "x": "629"}, {"y": "268", "x": "629"}, {"y": "271", "x": "629"}, {"y": "274", "x": "630"}, {"y": "277", "x": "630"}, {"y": "281", "x": "630"}, {"y": "284", "x": "630"}, {"y": "287", "x": "631"}, {"y": "290", "x": "631"}, {"y": "293", "x": "631"}, {"y": "296", "x": "631"}, {"y": "299", "x": "632"}, {"y": "302", "x": "632"}, {"y": "305", "x": "632"}, {"y": "308", "x": "632"}, {"y": "311", "x": "632"}, {"y": "314", "x": "633"}, {"y": "317", "x": "633"}, {"y": "320", "x": "633"}, {"y": "323", "x": "633"}, {"y": "326", "x": "634"}, {"y": "329", "x": "634"}, {"y": "332", "x": "634"}, {"y": "335", "x": "634"}, {"y": "339", "x": "634"}, {"y": "342", "x": "635"}, {"y": "345", "x": "635"}, {"y": "348", "x": "635"}, {"y": "351", "x": "635"}, {"y": "354", "x": "636"}, {"y": "357", "x": "636"}, {"y": "357", "x": "636"}]]}