{"Lines": [[{"y": "303", "x": "0"}, {"y": "303", "x": "0"}, {"y": "300", "x": "2"}, {"y": "297", "x": "4"}, {"y": "294", "x": "6"}, {"y": "291", "x": "8"}, {"y": "288", "x": "9"}, {"y": "285", "x": "11"}, {"y": "282", "x": "13"}, {"y": "279", "x": "15"}, {"y": "276", "x": "17"}, {"y": "273", "x": "18"}, {"y": "270", "x": "20"}, {"y": "267", "x": "22"}, {"y": "264", "x": "24"}, {"y": "261", "x": "26"}, {"y": "258", "x": "27"}, {"y": "255", "x": "29"}, {"y": "252", "x": "31"}, {"y": "249", "x": "33"}, {"y": "245", "x": "35"}, {"y": "242", "x": "37"}, {"y": "239", "x": "38"}, {"y": "236", "x": "40"}, {"y": "233", "x": "42"}, {"y": "230", "x": "44"}, {"y": "227", "x": "46"}, {"y": "224", "x": "47"}, {"y": "221", "x": "49"}, {"y": "218", "x": "51"}, {"y": "215", "x": "53"}, {"y": "212", "x": "55"}, {"y": "209", "x": "56"}, {"y": "206", "x": "58"}, {"y": "203", "x": "60"}, {"y": "200", "x": "62"}, {"y": "197", "x": "64"}, {"y": "194", "x": "65"}, {"y": "191", "x": "67"}, {"y": "188", "x": "69"}, {"y": "185", "x": "71"}, {"y": "182", "x": "73"}, {"y": "178", "x": "74"}, {"y": "175", "x": "76"}, {"y": "172", "x": "78"}, {"y": "169", "x": "80"}, {"y": "166", "x": "82"}, {"y": "163", "x": "84"}, {"y": "160", "x": "85"}, {"y": "157", "x": "87"}, {"y": "154", "x": "89"}, {"y": "151", "x": "91"}, {"y": "148", "x": "93"}, {"y": "145", "x": "94"}, {"y": "142", "x": "96"}, {"y": "139", "x": "98"}, {"y": "136", "x": "100"}, {"y": "133", "x": "102"}, {"y": "130", "x": "103"}, {"y": "127", "x": "105"}, {"y": "124", "x": "107"}, {"y": "121", "x": "109"}, {"y": "118", "x": "111"}, {"y": "115", "x": "112"}, {"y": "111", "x": "114"}, {"y": "108", "x": "116"}, {"y": "105", "x": "118"}, {"y": "102", "x": "120"}, {"y": "99", "x": "122"}, {"y": "99", "x": "122"}, {"y": "99", "x": "122"}, {"y": "96", "x": "123"}, {"y": "93", "x": "125"}, {"y": "90", "x": "127"}, {"y": "87", "x": "129"}, {"y": "84", "x": "131"}, {"y": "81", "x": "133"}, {"y": "77", "x": "135"}, {"y": "74", "x": "137"}, {"y": "71", "x": "138"}, {"y": "68", "x": "140"}, {"y": "65", "x": "142"}, {"y": "62", "x": "144"}, {"y": "59", "x": "146"}, {"y": "56", "x": "148"}, {"y": "53", "x": "150"}, {"y": "49", "x": "152"}, {"y": "46", "x": "153"}, {"y": "43", "x": "155"}, {"y": "40", "x": "157"}, {"y": "37", "x": "159"}, {"y": "34", "x": "161"}, {"y": "31", "x": "163"}, {"y": "28", "x": "165"}, {"y": "24", "x": "167"}, {"y": "21", "x": "168"}, {"y": "18", "x": "170"}, {"y": "15", "x": "172"}, {"y": "12", "x": "174"}, {"y": "9", "x": "176"}, {"y": "6", "x": "178"}, {"y": "3", "x": "180"}, {"y": "0", "x": "182"}], [{"y": "1", "x": "426"}, {"y": "1", "x": "426"}, {"y": "4", "x": "427"}, {"y": "7", "x": "428"}, {"y": "10", "x": "430"}, {"y": "13", "x": "431"}, {"y": "17", "x": "432"}, {"y": "20", "x": "434"}, {"y": "23", "x": "435"}, {"y": "26", "x": "436"}, {"y": "29", "x": "438"}, {"y": "32", "x": "439"}, {"y": "35", "x": "440"}, {"y": "38", "x": "442"}, {"y": "42", "x": "443"}, {"y": "45", "x": "444"}, {"y": "48", "x": "446"}, {"y": "51", "x": "447"}, {"y": "54", "x": "448"}, {"y": "57", "x": "450"}, {"y": "60", "x": "451"}, {"y": "63", "x": "452"}, {"y": "67", "x": "454"}, {"y": "70", "x": "455"}, {"y": "73", "x": "456"}, {"y": "76", "x": "458"}, {"y": "79", "x": "459"}, {"y": "82", "x": "460"}, {"y": "85", "x": "462"}, {"y": "88", "x": "463"}, {"y": "92", "x": "464"}, {"y": "95", "x": "466"}, {"y": "98", "x": "467"}, {"y": "101", "x": "468"}, {"y": "104", "x": "470"}, {"y": "107", "x": "471"}, {"y": "110", "x": "472"}, {"y": "113", "x": "474"}, {"y": "117", "x": "475"}, {"y": "120", "x": "476"}, {"y": "123", "x": "478"}, {"y": "126", "x": "479"}, {"y": "129", "x": "480"}, {"y": "132", "x": "482"}, {"y": "135", "x": "483"}, {"y": "138", "x": "484"}, {"y": "138", "x": "484"}, {"y": "138", "x": "484"}, {"y": "142", "x": "486"}, {"y": "145", "x": "487"}, {"y": "148", "x": "488"}, {"y": "151", "x": "489"}, {"y": "155", "x": "491"}, {"y": "158", "x": "492"}, {"y": "161", "x": "493"}, {"y": "164", "x": "494"}, {"y": "168", "x": "496"}, {"y": "171", "x": "497"}, {"y": "174", "x": "498"}, {"y": "177", "x": "499"}, {"y": "181", "x": "501"}, {"y": "184", "x": "502"}, {"y": "187", "x": "503"}, {"y": "190", "x": "504"}, {"y": "194", "x": "506"}, {"y": "197", "x": "507"}, {"y": "197", "x": "507"}, {"y": "201", "x": "513"}, {"y": "206", "x": "519"}, {"y": "210", "x": "525"}, {"y": "214", "x": "531"}, {"y": "214", "x": "531"}, {"y": "214", "x": "531"}, {"y": "217", "x": "532"}, {"y": "221", "x": "534"}, {"y": "224", "x": "535"}, {"y": "227", "x": "537"}, {"y": "230", "x": "538"}, {"y": "233", "x": "540"}, {"y": "236", "x": "541"}, {"y": "239", "x": "543"}, {"y": "242", "x": "544"}, {"y": "245", "x": "546"}, {"y": "248", "x": "547"}, {"y": "251", "x": "549"}, {"y": "254", "x": "550"}, {"y": "257", "x": "552"}, {"y": "260", "x": "553"}, {"y": "263", "x": "555"}, {"y": "267", "x": "556"}, {"y": "270", "x": "558"}, {"y": "273", "x": "559"}, {"y": "276", "x": "561"}, {"y": "279", "x": "562"}, {"y": "282", "x": "564"}, {"y": "285", "x": "565"}, {"y": "288", "x": "567"}, {"y": "291", "x": "568"}, {"y": "294", "x": "570"}, {"y": "297", "x": "571"}, {"y": "300", "x": "573"}, {"y": "303", "x": "574"}, {"y": "306", "x": "576"}, {"y": "309", "x": "577"}, {"y": "313", "x": "579"}, {"y": "316", "x": "580"}, {"y": "319", "x": "582"}, {"y": "322", "x": "583"}, {"y": "325", "x": "585"}, {"y": "328", "x": "586"}, {"y": "331", "x": "588"}, {"y": "334", "x": "589"}, {"y": "337", "x": "591"}, {"y": "340", "x": "592"}, {"y": "343", "x": "594"}, {"y": "346", "x": "595"}, {"y": "349", "x": "597"}, {"y": "352", "x": "598"}, {"y": "355", "x": "600"}, {"y": "359", "x": "602"}]]}