{"Lines": [[{"y": "334", "x": "0"}, {"y": "334", "x": "0"}, {"y": "331", "x": "1"}, {"y": "327", "x": "2"}, {"y": "324", "x": "3"}, {"y": "321", "x": "4"}, {"y": "318", "x": "6"}, {"y": "315", "x": "7"}, {"y": "312", "x": "8"}, {"y": "309", "x": "9"}, {"y": "306", "x": "10"}, {"y": "303", "x": "11"}, {"y": "300", "x": "12"}, {"y": "297", "x": "13"}, {"y": "294", "x": "14"}, {"y": "291", "x": "15"}, {"y": "288", "x": "16"}, {"y": "285", "x": "17"}, {"y": "282", "x": "18"}, {"y": "279", "x": "19"}, {"y": "276", "x": "20"}, {"y": "273", "x": "21"}, {"y": "270", "x": "22"}, {"y": "266", "x": "23"}, {"y": "263", "x": "24"}, {"y": "260", "x": "25"}, {"y": "257", "x": "26"}, {"y": "254", "x": "27"}, {"y": "251", "x": "28"}, {"y": "248", "x": "29"}, {"y": "245", "x": "30"}, {"y": "242", "x": "31"}, {"y": "239", "x": "32"}, {"y": "236", "x": "34"}, {"y": "233", "x": "35"}, {"y": "230", "x": "36"}, {"y": "227", "x": "37"}, {"y": "224", "x": "38"}, {"y": "221", "x": "39"}, {"y": "218", "x": "40"}, {"y": "215", "x": "41"}, {"y": "212", "x": "42"}, {"y": "209", "x": "43"}, {"y": "205", "x": "44"}, {"y": "202", "x": "45"}, {"y": "199", "x": "46"}, {"y": "196", "x": "47"}, {"y": "193", "x": "48"}, {"y": "190", "x": "49"}, {"y": "187", "x": "50"}, {"y": "184", "x": "51"}, {"y": "181", "x": "52"}, {"y": "178", "x": "53"}, {"y": "175", "x": "54"}, {"y": "172", "x": "55"}, {"y": "169", "x": "56"}, {"y": "166", "x": "57"}, {"y": "163", "x": "58"}, {"y": "160", "x": "59"}, {"y": "157", "x": "60"}, {"y": "154", "x": "62"}, {"y": "151", "x": "63"}, {"y": "148", "x": "64"}, {"y": "144", "x": "65"}, {"y": "141", "x": "66"}, {"y": "138", "x": "67"}, {"y": "135", "x": "68"}, {"y": "132", "x": "69"}, {"y": "129", "x": "70"}, {"y": "126", "x": "71"}, {"y": "123", "x": "72"}, {"y": "120", "x": "73"}, {"y": "117", "x": "74"}, {"y": "114", "x": "75"}, {"y": "114", "x": "75"}, {"y": "114", "x": "75"}, {"y": "111", "x": "76"}, {"y": "108", "x": "78"}, {"y": "105", "x": "79"}, {"y": "102", "x": "80"}, {"y": "99", "x": "81"}, {"y": "95", "x": "83"}, {"y": "92", "x": "84"}, {"y": "89", "x": "85"}, {"y": "86", "x": "86"}, {"y": "83", "x": "88"}, {"y": "80", "x": "89"}, {"y": "77", "x": "90"}, {"y": "74", "x": "91"}, {"y": "71", "x": "93"}, {"y": "68", "x": "94"}, {"y": "64", "x": "95"}, {"y": "61", "x": "96"}, {"y": "58", "x": "98"}, {"y": "55", "x": "99"}, {"y": "52", "x": "100"}, {"y": "49", "x": "101"}, {"y": "46", "x": "103"}, {"y": "43", "x": "104"}, {"y": "40", "x": "105"}, {"y": "37", "x": "106"}, {"y": "34", "x": "108"}, {"y": "30", "x": "109"}, {"y": "27", "x": "110"}, {"y": "24", "x": "111"}, {"y": "21", "x": "113"}, {"y": "18", "x": "114"}, {"y": "15", "x": "115"}, {"y": "12", "x": "116"}, {"y": "9", "x": "118"}, {"y": "6", "x": "119"}, {"y": "3", "x": "120"}, {"y": "0", "x": "121"}, {"y": "0", "x": "122"}], [{"y": "34", "x": "387"}, {"y": "38", "x": "389"}, {"y": "41", "x": "392"}, {"y": "44", "x": "394"}, {"y": "47", "x": "397"}, {"y": "50", "x": "399"}, {"y": "53", "x": "401"}, {"y": "57", "x": "404"}, {"y": "60", "x": "406"}, {"y": "63", "x": "409"}, {"y": "66", "x": "411"}, {"y": "69", "x": "413"}, {"y": "72", "x": "416"}, {"y": "76", "x": "418"}, {"y": "79", "x": "421"}, {"y": "82", "x": "423"}, {"y": "85", "x": "426"}, {"y": "88", "x": "428"}, {"y": "91", "x": "430"}, {"y": "95", "x": "433"}, {"y": "98", "x": "435"}, {"y": "101", "x": "438"}, {"y": "104", "x": "440"}, {"y": "107", "x": "442"}, {"y": "110", "x": "445"}, {"y": "114", "x": "447"}, {"y": "114", "x": "447"}, {"y": "114", "x": "447"}, {"y": "117", "x": "449"}, {"y": "120", "x": "452"}, {"y": "123", "x": "454"}, {"y": "127", "x": "456"}, {"y": "130", "x": "458"}, {"y": "133", "x": "461"}, {"y": "137", "x": "463"}, {"y": "140", "x": "465"}, {"y": "143", "x": "467"}, {"y": "146", "x": "470"}, {"y": "150", "x": "472"}, {"y": "153", "x": "474"}, {"y": "156", "x": "476"}, {"y": "160", "x": "479"}, {"y": "163", "x": "481"}, {"y": "166", "x": "483"}, {"y": "169", "x": "485"}, {"y": "173", "x": "487"}, {"y": "176", "x": "490"}, {"y": "176", "x": "490"}, {"y": "176", "x": "490"}, {"y": "179", "x": "492"}, {"y": "182", "x": "495"}, {"y": "186", "x": "498"}, {"y": "189", "x": "500"}, {"y": "192", "x": "503"}, {"y": "195", "x": "505"}, {"y": "199", "x": "508"}, {"y": "202", "x": "511"}, {"y": "205", "x": "513"}, {"y": "208", "x": "516"}, {"y": "212", "x": "518"}, {"y": "215", "x": "521"}, {"y": "218", "x": "524"}, {"y": "221", "x": "526"}, {"y": "225", "x": "529"}, {"y": "228", "x": "531"}, {"y": "231", "x": "534"}, {"y": "234", "x": "537"}, {"y": "237", "x": "539"}, {"y": "241", "x": "542"}, {"y": "244", "x": "545"}, {"y": "247", "x": "547"}, {"y": "250", "x": "550"}, {"y": "254", "x": "552"}, {"y": "257", "x": "555"}, {"y": "257", "x": "555"}, {"y": "257", "x": "555"}, {"y": "260", "x": "557"}, {"y": "263", "x": "559"}, {"y": "266", "x": "560"}, {"y": "269", "x": "562"}, {"y": "272", "x": "564"}, {"y": "276", "x": "566"}, {"y": "279", "x": "567"}, {"y": "282", "x": "569"}, {"y": "285", "x": "571"}, {"y": "288", "x": "573"}, {"y": "291", "x": "574"}, {"y": "294", "x": "576"}, {"y": "297", "x": "578"}, {"y": "300", "x": "580"}, {"y": "304", "x": "581"}, {"y": "307", "x": "583"}, {"y": "310", "x": "585"}, {"y": "313", "x": "587"}, {"y": "316", "x": "588"}, {"y": "319", "x": "590"}, {"y": "322", "x": "592"}, {"y": "325", "x": "594"}, {"y": "328", "x": "595"}, {"y": "332", "x": "597"}, {"y": "335", "x": "599"}, {"y": "338", "x": "601"}, {"y": "341", "x": "602"}, {"y": "341", "x": "602"}, {"y": "341", "x": "602"}, {"y": "345", "x": "609"}, {"y": "349", "x": "615"}, {"y": "353", "x": "621"}, {"y": "356", "x": "628"}, {"y": "356", "x": "628"}]]}