{"Lines": [[{"y": "359", "x": "13"}, {"y": "359", "x": "14"}, {"y": "355", "x": "14"}, {"y": "352", "x": "15"}, {"y": "349", "x": "16"}, {"y": "346", "x": "17"}, {"y": "343", "x": "18"}, {"y": "340", "x": "19"}, {"y": "336", "x": "20"}, {"y": "333", "x": "21"}, {"y": "330", "x": "21"}, {"y": "327", "x": "22"}, {"y": "324", "x": "23"}, {"y": "321", "x": "24"}, {"y": "318", "x": "25"}, {"y": "314", "x": "26"}, {"y": "311", "x": "27"}, {"y": "308", "x": "28"}, {"y": "305", "x": "28"}, {"y": "302", "x": "29"}, {"y": "299", "x": "30"}, {"y": "296", "x": "31"}, {"y": "292", "x": "32"}, {"y": "289", "x": "33"}, {"y": "286", "x": "34"}, {"y": "283", "x": "35"}, {"y": "280", "x": "35"}, {"y": "277", "x": "36"}, {"y": "274", "x": "37"}, {"y": "270", "x": "38"}, {"y": "267", "x": "39"}, {"y": "264", "x": "40"}, {"y": "261", "x": "41"}, {"y": "258", "x": "42"}, {"y": "255", "x": "43"}, {"y": "252", "x": "43"}, {"y": "248", "x": "44"}, {"y": "245", "x": "45"}, {"y": "242", "x": "46"}, {"y": "242", "x": "46"}, {"y": "242", "x": "46"}, {"y": "239", "x": "47"}, {"y": "236", "x": "47"}, {"y": "233", "x": "48"}, {"y": "229", "x": "48"}, {"y": "226", "x": "49"}, {"y": "223", "x": "49"}, {"y": "220", "x": "50"}, {"y": "217", "x": "50"}, {"y": "214", "x": "51"}, {"y": "210", "x": "51"}, {"y": "207", "x": "52"}, {"y": "204", "x": "53"}, {"y": "201", "x": "53"}, {"y": "198", "x": "54"}, {"y": "195", "x": "54"}, {"y": "192", "x": "55"}, {"y": "188", "x": "55"}, {"y": "185", "x": "56"}, {"y": "182", "x": "56"}, {"y": "179", "x": "57"}, {"y": "176", "x": "57"}, {"y": "173", "x": "58"}, {"y": "169", "x": "59"}, {"y": "166", "x": "59"}, {"y": "166", "x": "59"}, {"y": "163", "x": "59"}, {"y": "160", "x": "60"}, {"y": "157", "x": "60"}, {"y": "154", "x": "60"}, {"y": "151", "x": "61"}, {"y": "148", "x": "61"}, {"y": "144", "x": "62"}, {"y": "141", "x": "62"}, {"y": "138", "x": "62"}, {"y": "135", "x": "63"}, {"y": "132", "x": "63"}, {"y": "129", "x": "63"}, {"y": "126", "x": "64"}, {"y": "123", "x": "64"}, {"y": "120", "x": "64"}, {"y": "116", "x": "65"}, {"y": "113", "x": "65"}, {"y": "110", "x": "65"}, {"y": "107", "x": "66"}, {"y": "104", "x": "66"}, {"y": "101", "x": "66"}, {"y": "98", "x": "67"}, {"y": "95", "x": "67"}, {"y": "91", "x": "67"}, {"y": "88", "x": "68"}, {"y": "85", "x": "68"}, {"y": "82", "x": "68"}, {"y": "82", "x": "68"}, {"y": "79", "x": "69"}, {"y": "76", "x": "69"}, {"y": "73", "x": "69"}, {"y": "69", "x": "69"}, {"y": "66", "x": "69"}, {"y": "63", "x": "70"}, {"y": "60", "x": "70"}, {"y": "57", "x": "70"}, {"y": "54", "x": "70"}, {"y": "50", "x": "70"}, {"y": "47", "x": "71"}, {"y": "44", "x": "71"}, {"y": "41", "x": "71"}, {"y": "38", "x": "71"}, {"y": "35", "x": "71"}, {"y": "31", "x": "71"}, {"y": "28", "x": "72"}, {"y": "25", "x": "72"}, {"y": "22", "x": "72"}, {"y": "19", "x": "72"}, {"y": "16", "x": "72"}, {"y": "12", "x": "73"}, {"y": "9", "x": "73"}, {"y": "6", "x": "73"}, {"y": "3", "x": "73"}, {"y": "0", "x": "73"}, {"y": "0", "x": "73"}], [{"y": "0", "x": "313"}, {"y": "0", "x": "313"}, {"y": "3", "x": "317"}, {"y": "7", "x": "320"}, {"y": "10", "x": "324"}, {"y": "13", "x": "327"}, {"y": "16", "x": "331"}, {"y": "20", "x": "334"}, {"y": "23", "x": "337"}, {"y": "26", "x": "341"}, {"y": "29", "x": "344"}, {"y": "33", "x": "348"}, {"y": "36", "x": "351"}, {"y": "39", "x": "354"}, {"y": "42", "x": "358"}, {"y": "46", "x": "361"}, {"y": "49", "x": "365"}, {"y": "52", "x": "368"}, {"y": "55", "x": "372"}, {"y": "59", "x": "375"}, {"y": "62", "x": "378"}, {"y": "65", "x": "382"}, {"y": "68", "x": "385"}, {"y": "72", "x": "389"}, {"y": "75", "x": "392"}, {"y": "75", "x": "392"}, {"y": "78", "x": "395"}, {"y": "81", "x": "398"}, {"y": "84", "x": "400"}, {"y": "87", "x": "403"}, {"y": "90", "x": "406"}, {"y": "93", "x": "408"}, {"y": "96", "x": "411"}, {"y": "99", "x": "414"}, {"y": "103", "x": "416"}, {"y": "106", "x": "419"}, {"y": "109", "x": "422"}, {"y": "112", "x": "424"}, {"y": "115", "x": "427"}, {"y": "118", "x": "430"}, {"y": "121", "x": "432"}, {"y": "124", "x": "435"}, {"y": "127", "x": "438"}, {"y": "130", "x": "440"}, {"y": "133", "x": "443"}, {"y": "136", "x": "446"}, {"y": "140", "x": "448"}, {"y": "143", "x": "451"}, {"y": "146", "x": "454"}, {"y": "149", "x": "456"}, {"y": "152", "x": "459"}, {"y": "155", "x": "462"}, {"y": "158", "x": "464"}, {"y": "161", "x": "467"}, {"y": "164", "x": "470"}, {"y": "167", "x": "472"}, {"y": "170", "x": "475"}, {"y": "174", "x": "478"}, {"y": "177", "x": "480"}, {"y": "180", "x": "483"}, {"y": "183", "x": "486"}, {"y": "186", "x": "489"}, {"y": "189", "x": "491"}, {"y": "192", "x": "494"}, {"y": "195", "x": "497"}, {"y": "198", "x": "499"}, {"y": "201", "x": "502"}, {"y": "204", "x": "505"}, {"y": "207", "x": "507"}, {"y": "207", "x": "507"}, {"y": "211", "x": "510"}, {"y": "214", "x": "512"}, {"y": "217", "x": "514"}, {"y": "220", "x": "516"}, {"y": "223", "x": "519"}, {"y": "226", "x": "521"}, {"y": "229", "x": "523"}, {"y": "232", "x": "525"}, {"y": "235", "x": "528"}, {"y": "238", "x": "530"}, {"y": "241", "x": "532"}, {"y": "244", "x": "534"}, {"y": "248", "x": "537"}, {"y": "251", "x": "539"}, {"y": "254", "x": "541"}, {"y": "257", "x": "544"}, {"y": "260", "x": "546"}, {"y": "263", "x": "548"}, {"y": "266", "x": "550"}, {"y": "269", "x": "553"}, {"y": "272", "x": "555"}, {"y": "275", "x": "557"}, {"y": "278", "x": "559"}, {"y": "281", "x": "562"}, {"y": "285", "x": "564"}, {"y": "288", "x": "566"}, {"y": "291", "x": "569"}, {"y": "294", "x": "571"}, {"y": "297", "x": "573"}, {"y": "300", "x": "575"}, {"y": "303", "x": "578"}, {"y": "306", "x": "580"}, {"y": "309", "x": "582"}, {"y": "312", "x": "584"}, {"y": "315", "x": "587"}, {"y": "318", "x": "589"}, {"y": "322", "x": "591"}, {"y": "325", "x": "594"}, {"y": "328", "x": "596"}, {"y": "331", "x": "598"}, {"y": "334", "x": "600"}, {"y": "337", "x": "603"}, {"y": "340", "x": "605"}, {"y": "343", "x": "607"}, {"y": "346", "x": "609"}, {"y": "349", "x": "612"}, {"y": "352", "x": "614"}, {"y": "355", "x": "616"}, {"y": "359", "x": "618"}, {"y": "359", "x": "619"}]]}