{"Lines": [[{"y": "272", "x": "0"}, {"y": "272", "x": "0"}, {"y": "268", "x": "2"}, {"y": "265", "x": "4"}, {"y": "262", "x": "6"}, {"y": "259", "x": "8"}, {"y": "256", "x": "9"}, {"y": "253", "x": "11"}, {"y": "250", "x": "13"}, {"y": "247", "x": "15"}, {"y": "244", "x": "17"}, {"y": "241", "x": "19"}, {"y": "238", "x": "20"}, {"y": "235", "x": "22"}, {"y": "232", "x": "24"}, {"y": "229", "x": "26"}, {"y": "225", "x": "28"}, {"y": "222", "x": "29"}, {"y": "219", "x": "31"}, {"y": "216", "x": "33"}, {"y": "213", "x": "35"}, {"y": "210", "x": "37"}, {"y": "207", "x": "39"}, {"y": "204", "x": "40"}, {"y": "201", "x": "42"}, {"y": "198", "x": "44"}, {"y": "195", "x": "46"}, {"y": "192", "x": "48"}, {"y": "189", "x": "50"}, {"y": "186", "x": "51"}, {"y": "183", "x": "53"}, {"y": "179", "x": "55"}, {"y": "176", "x": "57"}, {"y": "173", "x": "59"}, {"y": "170", "x": "60"}, {"y": "167", "x": "62"}, {"y": "164", "x": "64"}, {"y": "161", "x": "66"}, {"y": "158", "x": "68"}, {"y": "155", "x": "70"}, {"y": "152", "x": "71"}, {"y": "149", "x": "73"}, {"y": "146", "x": "75"}, {"y": "143", "x": "77"}, {"y": "140", "x": "79"}, {"y": "137", "x": "81"}, {"y": "133", "x": "82"}, {"y": "130", "x": "84"}, {"y": "127", "x": "86"}, {"y": "124", "x": "88"}, {"y": "121", "x": "90"}, {"y": "118", "x": "91"}, {"y": "115", "x": "93"}, {"y": "112", "x": "95"}, {"y": "109", "x": "97"}, {"y": "106", "x": "99"}, {"y": "103", "x": "101"}, {"y": "100", "x": "102"}, {"y": "97", "x": "104"}, {"y": "94", "x": "106"}, {"y": "94", "x": "106"}, {"y": "94", "x": "106"}, {"y": "90", "x": "108"}, {"y": "87", "x": "110"}, {"y": "84", "x": "111"}, {"y": "81", "x": "113"}, {"y": "78", "x": "115"}, {"y": "75", "x": "117"}, {"y": "72", "x": "118"}, {"y": "68", "x": "120"}, {"y": "65", "x": "122"}, {"y": "62", "x": "124"}, {"y": "59", "x": "125"}, {"y": "56", "x": "127"}, {"y": "53", "x": "129"}, {"y": "50", "x": "131"}, {"y": "47", "x": "132"}, {"y": "43", "x": "134"}, {"y": "40", "x": "136"}, {"y": "37", "x": "138"}, {"y": "34", "x": "139"}, {"y": "31", "x": "141"}, {"y": "28", "x": "143"}, {"y": "25", "x": "145"}, {"y": "21", "x": "146"}, {"y": "18", "x": "148"}, {"y": "15", "x": "150"}, {"y": "12", "x": "152"}, {"y": "9", "x": "153"}, {"y": "6", "x": "155"}, {"y": "3", "x": "157"}, {"y": "0", "x": "158"}, {"y": "0", "x": "159"}], [{"y": "4", "x": "419"}, {"y": "4", "x": "419"}, {"y": "7", "x": "421"}, {"y": "10", "x": "422"}, {"y": "14", "x": "424"}, {"y": "17", "x": "425"}, {"y": "20", "x": "427"}, {"y": "23", "x": "428"}, {"y": "26", "x": "430"}, {"y": "29", "x": "431"}, {"y": "32", "x": "433"}, {"y": "36", "x": "434"}, {"y": "39", "x": "436"}, {"y": "42", "x": "437"}, {"y": "45", "x": "438"}, {"y": "48", "x": "440"}, {"y": "51", "x": "441"}, {"y": "54", "x": "443"}, {"y": "58", "x": "444"}, {"y": "61", "x": "446"}, {"y": "64", "x": "447"}, {"y": "67", "x": "449"}, {"y": "70", "x": "450"}, {"y": "73", "x": "452"}, {"y": "76", "x": "453"}, {"y": "80", "x": "455"}, {"y": "83", "x": "456"}, {"y": "86", "x": "457"}, {"y": "89", "x": "459"}, {"y": "92", "x": "460"}, {"y": "95", "x": "462"}, {"y": "98", "x": "463"}, {"y": "102", "x": "465"}, {"y": "105", "x": "466"}, {"y": "108", "x": "468"}, {"y": "111", "x": "469"}, {"y": "114", "x": "471"}, {"y": "117", "x": "472"}, {"y": "120", "x": "473"}, {"y": "124", "x": "475"}, {"y": "127", "x": "476"}, {"y": "130", "x": "478"}, {"y": "130", "x": "478"}, {"y": "130", "x": "478"}, {"y": "133", "x": "479"}, {"y": "136", "x": "481"}, {"y": "139", "x": "482"}, {"y": "142", "x": "484"}, {"y": "145", "x": "485"}, {"y": "148", "x": "486"}, {"y": "151", "x": "488"}, {"y": "154", "x": "489"}, {"y": "157", "x": "491"}, {"y": "160", "x": "492"}, {"y": "163", "x": "493"}, {"y": "166", "x": "495"}, {"y": "170", "x": "496"}, {"y": "173", "x": "498"}, {"y": "176", "x": "499"}, {"y": "179", "x": "500"}, {"y": "182", "x": "502"}, {"y": "185", "x": "503"}, {"y": "188", "x": "505"}, {"y": "191", "x": "506"}, {"y": "194", "x": "507"}, {"y": "197", "x": "509"}, {"y": "200", "x": "510"}, {"y": "203", "x": "512"}, {"y": "206", "x": "513"}, {"y": "209", "x": "514"}, {"y": "212", "x": "516"}, {"y": "215", "x": "517"}, {"y": "218", "x": "519"}, {"y": "221", "x": "520"}, {"y": "224", "x": "522"}, {"y": "227", "x": "523"}, {"y": "230", "x": "524"}, {"y": "234", "x": "526"}, {"y": "237", "x": "527"}, {"y": "240", "x": "529"}, {"y": "243", "x": "530"}, {"y": "246", "x": "531"}, {"y": "249", "x": "533"}, {"y": "252", "x": "534"}, {"y": "255", "x": "536"}, {"y": "258", "x": "537"}, {"y": "261", "x": "538"}, {"y": "264", "x": "540"}, {"y": "267", "x": "541"}, {"y": "270", "x": "543"}, {"y": "273", "x": "544"}, {"y": "276", "x": "545"}, {"y": "279", "x": "547"}, {"y": "282", "x": "548"}, {"y": "285", "x": "550"}, {"y": "288", "x": "551"}, {"y": "291", "x": "553"}, {"y": "294", "x": "554"}, {"y": "298", "x": "555"}, {"y": "301", "x": "557"}, {"y": "304", "x": "558"}, {"y": "307", "x": "560"}, {"y": "310", "x": "561"}, {"y": "313", "x": "562"}, {"y": "316", "x": "564"}, {"y": "319", "x": "565"}, {"y": "322", "x": "567"}, {"y": "325", "x": "568"}, {"y": "328", "x": "569"}, {"y": "331", "x": "571"}, {"y": "334", "x": "572"}, {"y": "337", "x": "574"}, {"y": "340", "x": "575"}, {"y": "343", "x": "576"}, {"y": "346", "x": "578"}, {"y": "349", "x": "579"}, {"y": "352", "x": "581"}, {"y": "355", "x": "582"}, {"y": "359", "x": "583"}, {"y": "359", "x": "584"}]]}