{"Lines": [[{"y": "359", "x": "47"}, {"y": "359", "x": "48"}, {"y": "355", "x": "48"}, {"y": "352", "x": "49"}, {"y": "349", "x": "50"}, {"y": "346", "x": "51"}, {"y": "343", "x": "52"}, {"y": "340", "x": "53"}, {"y": "337", "x": "54"}, {"y": "334", "x": "55"}, {"y": "331", "x": "56"}, {"y": "328", "x": "57"}, {"y": "325", "x": "58"}, {"y": "322", "x": "59"}, {"y": "319", "x": "60"}, {"y": "316", "x": "61"}, {"y": "313", "x": "62"}, {"y": "310", "x": "63"}, {"y": "307", "x": "64"}, {"y": "304", "x": "65"}, {"y": "301", "x": "66"}, {"y": "297", "x": "67"}, {"y": "294", "x": "68"}, {"y": "291", "x": "69"}, {"y": "288", "x": "70"}, {"y": "285", "x": "71"}, {"y": "282", "x": "72"}, {"y": "279", "x": "73"}, {"y": "276", "x": "74"}, {"y": "273", "x": "75"}, {"y": "270", "x": "76"}, {"y": "267", "x": "77"}, {"y": "264", "x": "78"}, {"y": "261", "x": "79"}, {"y": "258", "x": "80"}, {"y": "255", "x": "81"}, {"y": "252", "x": "82"}, {"y": "249", "x": "83"}, {"y": "246", "x": "84"}, {"y": "243", "x": "85"}, {"y": "239", "x": "86"}, {"y": "236", "x": "87"}, {"y": "233", "x": "88"}, {"y": "230", "x": "88"}, {"y": "227", "x": "89"}, {"y": "224", "x": "90"}, {"y": "221", "x": "91"}, {"y": "218", "x": "92"}, {"y": "215", "x": "93"}, {"y": "212", "x": "94"}, {"y": "209", "x": "95"}, {"y": "206", "x": "96"}, {"y": "203", "x": "97"}, {"y": "200", "x": "98"}, {"y": "197", "x": "99"}, {"y": "194", "x": "100"}, {"y": "191", "x": "101"}, {"y": "188", "x": "102"}, {"y": "185", "x": "103"}, {"y": "181", "x": "104"}, {"y": "178", "x": "105"}, {"y": "175", "x": "106"}, {"y": "172", "x": "107"}, {"y": "169", "x": "108"}, {"y": "166", "x": "109"}, {"y": "163", "x": "110"}, {"y": "160", "x": "111"}, {"y": "157", "x": "112"}, {"y": "154", "x": "113"}, {"y": "151", "x": "114"}, {"y": "148", "x": "115"}, {"y": "145", "x": "116"}, {"y": "142", "x": "117"}, {"y": "139", "x": "118"}, {"y": "136", "x": "119"}, {"y": "133", "x": "120"}, {"y": "130", "x": "121"}, {"y": "127", "x": "122"}, {"y": "123", "x": "123"}, {"y": "120", "x": "124"}, {"y": "117", "x": "125"}, {"y": "114", "x": "126"}, {"y": "111", "x": "127"}, {"y": "108", "x": "128"}, {"y": "105", "x": "128"}, {"y": "102", "x": "129"}, {"y": "99", "x": "130"}, {"y": "96", "x": "131"}, {"y": "93", "x": "132"}, {"y": "90", "x": "133"}, {"y": "90", "x": "133"}, {"y": "87", "x": "135"}, {"y": "84", "x": "136"}, {"y": "80", "x": "137"}, {"y": "77", "x": "138"}, {"y": "74", "x": "139"}, {"y": "71", "x": "140"}, {"y": "68", "x": "141"}, {"y": "64", "x": "142"}, {"y": "61", "x": "144"}, {"y": "58", "x": "145"}, {"y": "55", "x": "146"}, {"y": "52", "x": "147"}, {"y": "49", "x": "148"}, {"y": "45", "x": "149"}, {"y": "42", "x": "150"}, {"y": "39", "x": "152"}, {"y": "36", "x": "153"}, {"y": "33", "x": "154"}, {"y": "30", "x": "155"}, {"y": "26", "x": "156"}, {"y": "23", "x": "157"}, {"y": "20", "x": "158"}, {"y": "17", "x": "160"}, {"y": "14", "x": "161"}, {"y": "10", "x": "162"}, {"y": "7", "x": "163"}, {"y": "4", "x": "164"}, {"y": "1", "x": "165"}], [{"y": "1", "x": "391"}, {"y": "4", "x": "394"}, {"y": "7", "x": "396"}, {"y": "10", "x": "398"}, {"y": "13", "x": "400"}, {"y": "17", "x": "402"}, {"y": "20", "x": "405"}, {"y": "23", "x": "407"}, {"y": "26", "x": "409"}, {"y": "29", "x": "411"}, {"y": "32", "x": "414"}, {"y": "35", "x": "416"}, {"y": "39", "x": "418"}, {"y": "42", "x": "420"}, {"y": "45", "x": "422"}, {"y": "48", "x": "425"}, {"y": "51", "x": "427"}, {"y": "54", "x": "429"}, {"y": "57", "x": "431"}, {"y": "60", "x": "434"}, {"y": "64", "x": "436"}, {"y": "67", "x": "438"}, {"y": "70", "x": "440"}, {"y": "73", "x": "442"}, {"y": "76", "x": "445"}, {"y": "79", "x": "447"}, {"y": "82", "x": "449"}, {"y": "86", "x": "451"}, {"y": "89", "x": "453"}, {"y": "92", "x": "456"}, {"y": "95", "x": "458"}, {"y": "98", "x": "460"}, {"y": "101", "x": "462"}, {"y": "104", "x": "465"}, {"y": "108", "x": "467"}, {"y": "111", "x": "469"}, {"y": "114", "x": "471"}, {"y": "117", "x": "473"}, {"y": "120", "x": "476"}, {"y": "123", "x": "478"}, {"y": "126", "x": "480"}, {"y": "129", "x": "482"}, {"y": "133", "x": "485"}, {"y": "136", "x": "487"}, {"y": "139", "x": "489"}, {"y": "142", "x": "492"}, {"y": "145", "x": "494"}, {"y": "148", "x": "496"}, {"y": "151", "x": "498"}, {"y": "154", "x": "501"}, {"y": "157", "x": "503"}, {"y": "160", "x": "505"}, {"y": "163", "x": "508"}, {"y": "166", "x": "510"}, {"y": "170", "x": "512"}, {"y": "173", "x": "514"}, {"y": "176", "x": "517"}, {"y": "179", "x": "519"}, {"y": "182", "x": "521"}, {"y": "185", "x": "524"}, {"y": "188", "x": "526"}, {"y": "191", "x": "528"}, {"y": "194", "x": "531"}, {"y": "197", "x": "533"}, {"y": "200", "x": "535"}, {"y": "203", "x": "537"}, {"y": "206", "x": "540"}, {"y": "210", "x": "542"}, {"y": "213", "x": "544"}, {"y": "216", "x": "547"}, {"y": "219", "x": "549"}, {"y": "222", "x": "551"}, {"y": "225", "x": "553"}, {"y": "228", "x": "556"}, {"y": "231", "x": "558"}, {"y": "234", "x": "560"}, {"y": "237", "x": "563"}, {"y": "240", "x": "565"}, {"y": "243", "x": "567"}, {"y": "246", "x": "569"}, {"y": "250", "x": "572"}, {"y": "253", "x": "574"}, {"y": "256", "x": "576"}, {"y": "259", "x": "579"}, {"y": "262", "x": "581"}, {"y": "265", "x": "583"}, {"y": "268", "x": "586"}, {"y": "271", "x": "588"}, {"y": "274", "x": "590"}, {"y": "277", "x": "592"}, {"y": "280", "x": "595"}, {"y": "283", "x": "597"}, {"y": "287", "x": "599"}, {"y": "290", "x": "602"}, {"y": "293", "x": "604"}, {"y": "296", "x": "606"}, {"y": "299", "x": "608"}, {"y": "302", "x": "611"}, {"y": "305", "x": "613"}, {"y": "308", "x": "615"}, {"y": "311", "x": "618"}, {"y": "314", "x": "620"}, {"y": "317", "x": "622"}, {"y": "320", "x": "625"}, {"y": "323", "x": "627"}, {"y": "327", "x": "629"}, {"y": "330", "x": "631"}, {"y": "333", "x": "634"}, {"y": "336", "x": "636"}, {"y": "339", "x": "638"}, {"y": "339", "x": "638"}]]}