{"Lines": [[{"y": "359", "x": "21"}, {"y": "359", "x": "21"}, {"y": "355", "x": "22"}, {"y": "352", "x": "23"}, {"y": "349", "x": "24"}, {"y": "346", "x": "25"}, {"y": "343", "x": "26"}, {"y": "340", "x": "27"}, {"y": "337", "x": "28"}, {"y": "334", "x": "29"}, {"y": "331", "x": "30"}, {"y": "328", "x": "31"}, {"y": "325", "x": "32"}, {"y": "321", "x": "33"}, {"y": "318", "x": "34"}, {"y": "315", "x": "35"}, {"y": "312", "x": "36"}, {"y": "309", "x": "37"}, {"y": "306", "x": "38"}, {"y": "303", "x": "39"}, {"y": "300", "x": "40"}, {"y": "297", "x": "41"}, {"y": "294", "x": "42"}, {"y": "291", "x": "43"}, {"y": "288", "x": "44"}, {"y": "284", "x": "45"}, {"y": "281", "x": "46"}, {"y": "278", "x": "47"}, {"y": "275", "x": "48"}, {"y": "272", "x": "49"}, {"y": "269", "x": "50"}, {"y": "266", "x": "51"}, {"y": "263", "x": "52"}, {"y": "260", "x": "53"}, {"y": "257", "x": "54"}, {"y": "254", "x": "55"}, {"y": "251", "x": "56"}, {"y": "247", "x": "57"}, {"y": "244", "x": "58"}, {"y": "241", "x": "60"}, {"y": "238", "x": "61"}, {"y": "235", "x": "62"}, {"y": "232", "x": "63"}, {"y": "229", "x": "64"}, {"y": "226", "x": "65"}, {"y": "223", "x": "66"}, {"y": "220", "x": "67"}, {"y": "217", "x": "68"}, {"y": "214", "x": "69"}, {"y": "210", "x": "70"}, {"y": "207", "x": "71"}, {"y": "204", "x": "72"}, {"y": "201", "x": "73"}, {"y": "198", "x": "74"}, {"y": "195", "x": "75"}, {"y": "192", "x": "76"}, {"y": "189", "x": "77"}, {"y": "186", "x": "78"}, {"y": "183", "x": "79"}, {"y": "180", "x": "80"}, {"y": "177", "x": "81"}, {"y": "173", "x": "82"}, {"y": "170", "x": "83"}, {"y": "167", "x": "84"}, {"y": "164", "x": "85"}, {"y": "161", "x": "86"}, {"y": "158", "x": "87"}, {"y": "158", "x": "87"}, {"y": "155", "x": "88"}, {"y": "152", "x": "90"}, {"y": "149", "x": "91"}, {"y": "146", "x": "92"}, {"y": "143", "x": "93"}, {"y": "139", "x": "94"}, {"y": "136", "x": "96"}, {"y": "133", "x": "97"}, {"y": "130", "x": "98"}, {"y": "127", "x": "99"}, {"y": "124", "x": "100"}, {"y": "121", "x": "101"}, {"y": "118", "x": "103"}, {"y": "115", "x": "104"}, {"y": "111", "x": "105"}, {"y": "108", "x": "106"}, {"y": "105", "x": "107"}, {"y": "102", "x": "109"}, {"y": "99", "x": "110"}, {"y": "96", "x": "111"}, {"y": "93", "x": "112"}, {"y": "90", "x": "113"}, {"y": "87", "x": "114"}, {"y": "84", "x": "116"}, {"y": "80", "x": "117"}, {"y": "77", "x": "118"}, {"y": "74", "x": "119"}, {"y": "71", "x": "120"}, {"y": "68", "x": "122"}, {"y": "65", "x": "123"}, {"y": "62", "x": "124"}, {"y": "59", "x": "125"}, {"y": "56", "x": "126"}, {"y": "52", "x": "128"}, {"y": "49", "x": "129"}, {"y": "46", "x": "130"}, {"y": "43", "x": "131"}, {"y": "40", "x": "132"}, {"y": "37", "x": "133"}, {"y": "34", "x": "135"}, {"y": "31", "x": "136"}, {"y": "28", "x": "137"}, {"y": "25", "x": "138"}, {"y": "21", "x": "139"}, {"y": "18", "x": "141"}, {"y": "15", "x": "142"}, {"y": "12", "x": "143"}, {"y": "9", "x": "144"}, {"y": "6", "x": "145"}, {"y": "3", "x": "146"}, {"y": "0", "x": "148"}, {"y": "0", "x": "148"}], [{"y": "1", "x": "374"}, {"y": "4", "x": "376"}, {"y": "7", "x": "378"}, {"y": "10", "x": "380"}, {"y": "13", "x": "382"}, {"y": "16", "x": "384"}, {"y": "19", "x": "386"}, {"y": "22", "x": "388"}, {"y": "25", "x": "390"}, {"y": "28", "x": "392"}, {"y": "31", "x": "394"}, {"y": "34", "x": "396"}, {"y": "37", "x": "398"}, {"y": "41", "x": "400"}, {"y": "44", "x": "403"}, {"y": "47", "x": "405"}, {"y": "50", "x": "407"}, {"y": "53", "x": "409"}, {"y": "56", "x": "411"}, {"y": "59", "x": "413"}, {"y": "62", "x": "415"}, {"y": "65", "x": "417"}, {"y": "68", "x": "419"}, {"y": "71", "x": "421"}, {"y": "74", "x": "423"}, {"y": "77", "x": "425"}, {"y": "81", "x": "427"}, {"y": "84", "x": "429"}, {"y": "87", "x": "431"}, {"y": "90", "x": "433"}, {"y": "93", "x": "435"}, {"y": "96", "x": "437"}, {"y": "99", "x": "439"}, {"y": "102", "x": "441"}, {"y": "105", "x": "443"}, {"y": "108", "x": "445"}, {"y": "111", "x": "447"}, {"y": "114", "x": "449"}, {"y": "118", "x": "451"}, {"y": "121", "x": "453"}, {"y": "124", "x": "455"}, {"y": "127", "x": "457"}, {"y": "130", "x": "459"}, {"y": "133", "x": "461"}, {"y": "136", "x": "463"}, {"y": "139", "x": "465"}, {"y": "142", "x": "467"}, {"y": "142", "x": "467"}, {"y": "142", "x": "467"}, {"y": "145", "x": "470"}, {"y": "148", "x": "472"}, {"y": "151", "x": "475"}, {"y": "154", "x": "477"}, {"y": "158", "x": "480"}, {"y": "161", "x": "482"}, {"y": "164", "x": "484"}, {"y": "167", "x": "487"}, {"y": "170", "x": "489"}, {"y": "173", "x": "492"}, {"y": "176", "x": "494"}, {"y": "179", "x": "497"}, {"y": "182", "x": "499"}, {"y": "185", "x": "502"}, {"y": "188", "x": "504"}, {"y": "191", "x": "507"}, {"y": "195", "x": "509"}, {"y": "198", "x": "511"}, {"y": "201", "x": "514"}, {"y": "204", "x": "516"}, {"y": "207", "x": "519"}, {"y": "210", "x": "521"}, {"y": "213", "x": "524"}, {"y": "216", "x": "526"}, {"y": "219", "x": "529"}, {"y": "222", "x": "531"}, {"y": "225", "x": "534"}, {"y": "228", "x": "536"}, {"y": "232", "x": "538"}, {"y": "235", "x": "541"}, {"y": "238", "x": "543"}, {"y": "241", "x": "546"}, {"y": "244", "x": "548"}, {"y": "247", "x": "551"}, {"y": "250", "x": "553"}, {"y": "253", "x": "556"}, {"y": "256", "x": "558"}, {"y": "259", "x": "561"}, {"y": "262", "x": "563"}, {"y": "265", "x": "565"}, {"y": "268", "x": "568"}, {"y": "272", "x": "570"}, {"y": "275", "x": "573"}, {"y": "278", "x": "575"}, {"y": "281", "x": "578"}, {"y": "284", "x": "580"}, {"y": "287", "x": "583"}, {"y": "290", "x": "585"}, {"y": "293", "x": "588"}, {"y": "296", "x": "590"}, {"y": "299", "x": "592"}, {"y": "302", "x": "595"}, {"y": "305", "x": "597"}, {"y": "309", "x": "600"}, {"y": "312", "x": "602"}, {"y": "315", "x": "605"}, {"y": "318", "x": "607"}, {"y": "321", "x": "610"}, {"y": "324", "x": "612"}, {"y": "327", "x": "615"}, {"y": "330", "x": "617"}, {"y": "333", "x": "619"}, {"y": "336", "x": "622"}, {"y": "339", "x": "624"}, {"y": "342", "x": "627"}, {"y": "346", "x": "629"}, {"y": "349", "x": "632"}, {"y": "352", "x": "634"}, {"y": "355", "x": "637"}, {"y": "355", "x": "637"}]]}