{"Lines": [[{"y": "358", "x": "16"}, {"y": "358", "x": "16"}, {"y": "355", "x": "18"}, {"y": "352", "x": "20"}, {"y": "349", "x": "22"}, {"y": "346", "x": "24"}, {"y": "343", "x": "26"}, {"y": "340", "x": "27"}, {"y": "337", "x": "29"}, {"y": "334", "x": "31"}, {"y": "331", "x": "33"}, {"y": "328", "x": "35"}, {"y": "324", "x": "37"}, {"y": "321", "x": "39"}, {"y": "318", "x": "41"}, {"y": "315", "x": "42"}, {"y": "312", "x": "44"}, {"y": "309", "x": "46"}, {"y": "306", "x": "48"}, {"y": "303", "x": "50"}, {"y": "300", "x": "52"}, {"y": "297", "x": "54"}, {"y": "293", "x": "56"}, {"y": "290", "x": "57"}, {"y": "287", "x": "59"}, {"y": "284", "x": "61"}, {"y": "281", "x": "63"}, {"y": "278", "x": "65"}, {"y": "275", "x": "67"}, {"y": "272", "x": "69"}, {"y": "269", "x": "71"}, {"y": "266", "x": "72"}, {"y": "262", "x": "74"}, {"y": "259", "x": "76"}, {"y": "256", "x": "78"}, {"y": "253", "x": "80"}, {"y": "250", "x": "82"}, {"y": "247", "x": "84"}, {"y": "244", "x": "85"}, {"y": "241", "x": "87"}, {"y": "238", "x": "89"}, {"y": "235", "x": "91"}, {"y": "232", "x": "93"}, {"y": "228", "x": "95"}, {"y": "225", "x": "97"}, {"y": "222", "x": "99"}, {"y": "219", "x": "100"}, {"y": "216", "x": "102"}, {"y": "213", "x": "104"}, {"y": "210", "x": "106"}, {"y": "207", "x": "108"}, {"y": "204", "x": "110"}, {"y": "201", "x": "112"}, {"y": "197", "x": "114"}, {"y": "194", "x": "115"}, {"y": "194", "x": "115"}, {"y": "194", "x": "115"}, {"y": "191", "x": "117"}, {"y": "188", "x": "119"}, {"y": "185", "x": "121"}, {"y": "182", "x": "123"}, {"y": "179", "x": "125"}, {"y": "176", "x": "126"}, {"y": "173", "x": "128"}, {"y": "170", "x": "130"}, {"y": "167", "x": "132"}, {"y": "164", "x": "134"}, {"y": "161", "x": "136"}, {"y": "157", "x": "138"}, {"y": "154", "x": "139"}, {"y": "151", "x": "141"}, {"y": "148", "x": "143"}, {"y": "145", "x": "145"}, {"y": "142", "x": "147"}, {"y": "139", "x": "149"}, {"y": "136", "x": "151"}, {"y": "133", "x": "152"}, {"y": "130", "x": "154"}, {"y": "127", "x": "156"}, {"y": "124", "x": "158"}, {"y": "121", "x": "160"}, {"y": "117", "x": "162"}, {"y": "114", "x": "163"}, {"y": "111", "x": "165"}, {"y": "108", "x": "167"}, {"y": "105", "x": "169"}, {"y": "102", "x": "171"}, {"y": "99", "x": "173"}, {"y": "96", "x": "175"}, {"y": "93", "x": "176"}, {"y": "90", "x": "178"}, {"y": "87", "x": "180"}, {"y": "84", "x": "182"}, {"y": "81", "x": "184"}, {"y": "77", "x": "186"}, {"y": "74", "x": "187"}, {"y": "71", "x": "189"}, {"y": "68", "x": "191"}, {"y": "65", "x": "193"}, {"y": "62", "x": "195"}, {"y": "59", "x": "197"}, {"y": "56", "x": "199"}, {"y": "53", "x": "200"}, {"y": "50", "x": "202"}, {"y": "47", "x": "204"}, {"y": "44", "x": "206"}, {"y": "41", "x": "208"}, {"y": "37", "x": "210"}, {"y": "34", "x": "211"}, {"y": "31", "x": "213"}, {"y": "28", "x": "215"}, {"y": "25", "x": "217"}, {"y": "22", "x": "219"}, {"y": "19", "x": "221"}, {"y": "16", "x": "223"}, {"y": "13", "x": "224"}, {"y": "10", "x": "226"}, {"y": "7", "x": "228"}, {"y": "4", "x": "230"}, {"y": "1", "x": "232"}, {"y": "1", "x": "232"}], [{"y": "1", "x": "470"}, {"y": "1", "x": "470"}, {"y": "4", "x": "471"}, {"y": "7", "x": "473"}, {"y": "10", "x": "474"}, {"y": "13", "x": "475"}, {"y": "16", "x": "477"}, {"y": "19", "x": "478"}, {"y": "22", "x": "479"}, {"y": "26", "x": "481"}, {"y": "29", "x": "482"}, {"y": "32", "x": "483"}, {"y": "35", "x": "485"}, {"y": "38", "x": "486"}, {"y": "41", "x": "487"}, {"y": "44", "x": "488"}, {"y": "47", "x": "490"}, {"y": "50", "x": "491"}, {"y": "53", "x": "492"}, {"y": "56", "x": "494"}, {"y": "59", "x": "495"}, {"y": "62", "x": "496"}, {"y": "66", "x": "498"}, {"y": "69", "x": "499"}, {"y": "72", "x": "500"}, {"y": "75", "x": "502"}, {"y": "78", "x": "503"}, {"y": "81", "x": "504"}, {"y": "84", "x": "506"}, {"y": "87", "x": "507"}, {"y": "90", "x": "508"}, {"y": "93", "x": "510"}, {"y": "96", "x": "511"}, {"y": "99", "x": "512"}, {"y": "103", "x": "513"}, {"y": "106", "x": "515"}, {"y": "109", "x": "516"}, {"y": "112", "x": "517"}, {"y": "115", "x": "519"}, {"y": "118", "x": "520"}, {"y": "121", "x": "521"}, {"y": "124", "x": "523"}, {"y": "127", "x": "524"}, {"y": "130", "x": "525"}, {"y": "133", "x": "527"}, {"y": "136", "x": "528"}, {"y": "139", "x": "529"}, {"y": "143", "x": "531"}, {"y": "143", "x": "531"}, {"y": "143", "x": "531"}, {"y": "146", "x": "532"}, {"y": "149", "x": "533"}, {"y": "152", "x": "535"}, {"y": "155", "x": "536"}, {"y": "158", "x": "537"}, {"y": "161", "x": "539"}, {"y": "164", "x": "540"}, {"y": "167", "x": "541"}, {"y": "170", "x": "543"}, {"y": "173", "x": "544"}, {"y": "176", "x": "545"}, {"y": "180", "x": "547"}, {"y": "183", "x": "548"}, {"y": "186", "x": "549"}, {"y": "189", "x": "551"}, {"y": "192", "x": "552"}, {"y": "195", "x": "553"}, {"y": "198", "x": "555"}, {"y": "201", "x": "556"}, {"y": "204", "x": "557"}, {"y": "207", "x": "559"}, {"y": "210", "x": "560"}, {"y": "213", "x": "561"}, {"y": "217", "x": "563"}, {"y": "220", "x": "564"}, {"y": "223", "x": "565"}, {"y": "226", "x": "567"}, {"y": "229", "x": "568"}, {"y": "232", "x": "569"}, {"y": "235", "x": "571"}, {"y": "238", "x": "572"}, {"y": "241", "x": "573"}, {"y": "244", "x": "575"}, {"y": "247", "x": "576"}, {"y": "251", "x": "578"}, {"y": "254", "x": "579"}, {"y": "257", "x": "580"}, {"y": "260", "x": "582"}, {"y": "263", "x": "583"}, {"y": "266", "x": "584"}, {"y": "269", "x": "586"}, {"y": "272", "x": "587"}, {"y": "275", "x": "588"}, {"y": "278", "x": "590"}, {"y": "281", "x": "591"}, {"y": "284", "x": "592"}, {"y": "288", "x": "594"}, {"y": "291", "x": "595"}, {"y": "294", "x": "596"}, {"y": "297", "x": "598"}, {"y": "300", "x": "599"}, {"y": "303", "x": "600"}, {"y": "306", "x": "602"}, {"y": "309", "x": "603"}, {"y": "312", "x": "604"}, {"y": "315", "x": "606"}, {"y": "318", "x": "607"}, {"y": "321", "x": "608"}, {"y": "325", "x": "610"}, {"y": "328", "x": "611"}, {"y": "331", "x": "612"}, {"y": "334", "x": "614"}, {"y": "337", "x": "615"}, {"y": "340", "x": "616"}, {"y": "343", "x": "618"}, {"y": "346", "x": "619"}, {"y": "349", "x": "620"}, {"y": "352", "x": "622"}, {"y": "355", "x": "623"}, {"y": "359", "x": "624"}, {"y": "359", "x": "625"}]]}