{"Lines": [[{"y": "356", "x": "2"}, {"y": "356", "x": "2"}, {"y": "353", "x": "5"}, {"y": "350", "x": "8"}, {"y": "347", "x": "11"}, {"y": "343", "x": "14"}, {"y": "340", "x": "17"}, {"y": "337", "x": "20"}, {"y": "334", "x": "23"}, {"y": "331", "x": "26"}, {"y": "328", "x": "29"}, {"y": "324", "x": "32"}, {"y": "321", "x": "35"}, {"y": "318", "x": "38"}, {"y": "315", "x": "41"}, {"y": "312", "x": "43"}, {"y": "309", "x": "46"}, {"y": "305", "x": "49"}, {"y": "302", "x": "52"}, {"y": "299", "x": "55"}, {"y": "296", "x": "58"}, {"y": "293", "x": "61"}, {"y": "290", "x": "64"}, {"y": "286", "x": "67"}, {"y": "283", "x": "70"}, {"y": "280", "x": "73"}, {"y": "277", "x": "76"}, {"y": "274", "x": "79"}, {"y": "271", "x": "82"}, {"y": "268", "x": "85"}, {"y": "264", "x": "88"}, {"y": "261", "x": "90"}, {"y": "258", "x": "93"}, {"y": "258", "x": "93"}, {"y": "258", "x": "93"}, {"y": "255", "x": "96"}, {"y": "252", "x": "98"}, {"y": "249", "x": "100"}, {"y": "246", "x": "102"}, {"y": "243", "x": "105"}, {"y": "239", "x": "107"}, {"y": "236", "x": "109"}, {"y": "233", "x": "111"}, {"y": "230", "x": "114"}, {"y": "227", "x": "116"}, {"y": "224", "x": "118"}, {"y": "221", "x": "120"}, {"y": "218", "x": "122"}, {"y": "215", "x": "125"}, {"y": "211", "x": "127"}, {"y": "208", "x": "129"}, {"y": "205", "x": "131"}, {"y": "202", "x": "134"}, {"y": "199", "x": "136"}, {"y": "196", "x": "138"}, {"y": "193", "x": "140"}, {"y": "190", "x": "143"}, {"y": "187", "x": "145"}, {"y": "183", "x": "147"}, {"y": "180", "x": "149"}, {"y": "177", "x": "152"}, {"y": "174", "x": "154"}, {"y": "171", "x": "156"}, {"y": "168", "x": "158"}, {"y": "165", "x": "161"}, {"y": "162", "x": "163"}, {"y": "159", "x": "165"}, {"y": "155", "x": "167"}, {"y": "152", "x": "170"}, {"y": "149", "x": "172"}, {"y": "146", "x": "174"}, {"y": "143", "x": "176"}, {"y": "140", "x": "178"}, {"y": "137", "x": "181"}, {"y": "137", "x": "181"}, {"y": "134", "x": "183"}, {"y": "131", "x": "184"}, {"y": "128", "x": "186"}, {"y": "125", "x": "188"}, {"y": "121", "x": "190"}, {"y": "118", "x": "192"}, {"y": "115", "x": "194"}, {"y": "112", "x": "196"}, {"y": "109", "x": "197"}, {"y": "106", "x": "199"}, {"y": "103", "x": "201"}, {"y": "100", "x": "203"}, {"y": "97", "x": "205"}, {"y": "94", "x": "207"}, {"y": "91", "x": "209"}, {"y": "88", "x": "210"}, {"y": "85", "x": "212"}, {"y": "82", "x": "214"}, {"y": "78", "x": "216"}, {"y": "75", "x": "218"}, {"y": "72", "x": "220"}, {"y": "69", "x": "222"}, {"y": "66", "x": "223"}, {"y": "63", "x": "225"}, {"y": "60", "x": "227"}, {"y": "57", "x": "229"}, {"y": "54", "x": "231"}, {"y": "51", "x": "233"}, {"y": "48", "x": "235"}, {"y": "45", "x": "236"}, {"y": "42", "x": "238"}, {"y": "39", "x": "240"}, {"y": "35", "x": "242"}, {"y": "32", "x": "244"}, {"y": "29", "x": "246"}, {"y": "26", "x": "248"}, {"y": "23", "x": "249"}, {"y": "20", "x": "251"}, {"y": "17", "x": "253"}, {"y": "14", "x": "255"}, {"y": "11", "x": "257"}, {"y": "8", "x": "259"}, {"y": "5", "x": "261"}, {"y": "2", "x": "262"}, {"y": "2", "x": "262"}], [{"y": "17", "x": "512"}, {"y": "17", "x": "512"}, {"y": "20", "x": "514"}, {"y": "23", "x": "515"}, {"y": "26", "x": "517"}, {"y": "29", "x": "519"}, {"y": "33", "x": "520"}, {"y": "36", "x": "522"}, {"y": "39", "x": "523"}, {"y": "42", "x": "525"}, {"y": "45", "x": "527"}, {"y": "48", "x": "528"}, {"y": "52", "x": "530"}, {"y": "55", "x": "532"}, {"y": "58", "x": "533"}, {"y": "61", "x": "535"}, {"y": "64", "x": "536"}, {"y": "68", "x": "538"}, {"y": "71", "x": "540"}, {"y": "74", "x": "541"}, {"y": "77", "x": "543"}, {"y": "80", "x": "544"}, {"y": "83", "x": "546"}, {"y": "87", "x": "548"}, {"y": "90", "x": "549"}, {"y": "93", "x": "551"}, {"y": "96", "x": "553"}, {"y": "96", "x": "553"}, {"y": "96", "x": "553"}, {"y": "99", "x": "554"}, {"y": "102", "x": "555"}, {"y": "106", "x": "556"}, {"y": "109", "x": "557"}, {"y": "112", "x": "559"}, {"y": "115", "x": "560"}, {"y": "119", "x": "561"}, {"y": "122", "x": "562"}, {"y": "125", "x": "563"}, {"y": "128", "x": "565"}, {"y": "131", "x": "566"}, {"y": "135", "x": "567"}, {"y": "138", "x": "568"}, {"y": "177", "x": "569"}, {"y": "177", "x": "569"}, {"y": "141", "x": "569"}, {"y": "173", "x": "570"}, {"y": "169", "x": "570"}, {"y": "180", "x": "570"}, {"y": "144", "x": "571"}, {"y": "166", "x": "571"}, {"y": "162", "x": "571"}, {"y": "183", "x": "571"}, {"y": "147", "x": "572"}, {"y": "158", "x": "572"}, {"y": "154", "x": "572"}, {"y": "186", "x": "573"}, {"y": "151", "x": "573"}, {"y": "151", "x": "573"}, {"y": "151", "x": "573"}, {"y": "189", "x": "574"}, {"y": "192", "x": "575"}, {"y": "195", "x": "576"}, {"y": "198", "x": "577"}, {"y": "201", "x": "578"}, {"y": "205", "x": "579"}, {"y": "208", "x": "580"}, {"y": "211", "x": "581"}, {"y": "214", "x": "582"}, {"y": "217", "x": "583"}, {"y": "220", "x": "584"}, {"y": "223", "x": "585"}, {"y": "226", "x": "586"}, {"y": "229", "x": "588"}, {"y": "232", "x": "589"}, {"y": "235", "x": "590"}, {"y": "238", "x": "591"}, {"y": "241", "x": "592"}, {"y": "245", "x": "593"}, {"y": "248", "x": "594"}, {"y": "251", "x": "595"}, {"y": "254", "x": "596"}, {"y": "257", "x": "597"}, {"y": "260", "x": "598"}, {"y": "263", "x": "599"}, {"y": "266", "x": "600"}, {"y": "269", "x": "601"}, {"y": "272", "x": "603"}, {"y": "275", "x": "604"}, {"y": "278", "x": "605"}, {"y": "282", "x": "606"}, {"y": "285", "x": "607"}, {"y": "288", "x": "608"}, {"y": "291", "x": "609"}, {"y": "294", "x": "610"}, {"y": "297", "x": "611"}, {"y": "300", "x": "612"}, {"y": "303", "x": "613"}, {"y": "306", "x": "614"}, {"y": "309", "x": "615"}, {"y": "312", "x": "616"}, {"y": "315", "x": "618"}, {"y": "318", "x": "619"}, {"y": "322", "x": "620"}, {"y": "325", "x": "621"}, {"y": "328", "x": "622"}, {"y": "331", "x": "623"}, {"y": "334", "x": "624"}, {"y": "337", "x": "625"}, {"y": "340", "x": "626"}, {"y": "343", "x": "627"}, {"y": "346", "x": "628"}, {"y": "349", "x": "629"}, {"y": "352", "x": "630"}, {"y": "355", "x": "631"}, {"y": "359", "x": "633"}]]}