{"Lines": [[{"y": "303", "x": "1"}, {"y": "303", "x": "1"}, {"y": "300", "x": "3"}, {"y": "297", "x": "5"}, {"y": "294", "x": "7"}, {"y": "291", "x": "9"}, {"y": "288", "x": "12"}, {"y": "285", "x": "14"}, {"y": "282", "x": "16"}, {"y": "279", "x": "18"}, {"y": "276", "x": "20"}, {"y": "273", "x": "22"}, {"y": "270", "x": "25"}, {"y": "266", "x": "27"}, {"y": "263", "x": "29"}, {"y": "260", "x": "31"}, {"y": "257", "x": "33"}, {"y": "254", "x": "36"}, {"y": "251", "x": "38"}, {"y": "248", "x": "40"}, {"y": "245", "x": "42"}, {"y": "242", "x": "44"}, {"y": "239", "x": "46"}, {"y": "236", "x": "49"}, {"y": "233", "x": "51"}, {"y": "230", "x": "53"}, {"y": "226", "x": "55"}, {"y": "223", "x": "57"}, {"y": "220", "x": "59"}, {"y": "217", "x": "62"}, {"y": "214", "x": "64"}, {"y": "211", "x": "66"}, {"y": "208", "x": "68"}, {"y": "205", "x": "70"}, {"y": "202", "x": "73"}, {"y": "199", "x": "75"}, {"y": "196", "x": "77"}, {"y": "193", "x": "79"}, {"y": "190", "x": "81"}, {"y": "186", "x": "83"}, {"y": "183", "x": "86"}, {"y": "183", "x": "86"}, {"y": "183", "x": "86"}, {"y": "180", "x": "88"}, {"y": "177", "x": "91"}, {"y": "174", "x": "94"}, {"y": "171", "x": "97"}, {"y": "167", "x": "99"}, {"y": "164", "x": "102"}, {"y": "161", "x": "105"}, {"y": "158", "x": "107"}, {"y": "155", "x": "110"}, {"y": "152", "x": "113"}, {"y": "148", "x": "116"}, {"y": "145", "x": "118"}, {"y": "142", "x": "121"}, {"y": "139", "x": "124"}, {"y": "136", "x": "126"}, {"y": "132", "x": "129"}, {"y": "129", "x": "132"}, {"y": "126", "x": "135"}, {"y": "123", "x": "137"}, {"y": "120", "x": "140"}, {"y": "117", "x": "143"}, {"y": "113", "x": "145"}, {"y": "110", "x": "148"}, {"y": "107", "x": "151"}, {"y": "104", "x": "154"}, {"y": "101", "x": "156"}, {"y": "98", "x": "159"}, {"y": "94", "x": "162"}, {"y": "91", "x": "165"}, {"y": "88", "x": "167"}, {"y": "85", "x": "170"}, {"y": "82", "x": "173"}, {"y": "78", "x": "175"}, {"y": "78", "x": "175"}, {"y": "78", "x": "175"}, {"y": "75", "x": "179"}, {"y": "72", "x": "182"}, {"y": "69", "x": "186"}, {"y": "66", "x": "189"}, {"y": "63", "x": "193"}, {"y": "60", "x": "196"}, {"y": "56", "x": "200"}, {"y": "53", "x": "203"}, {"y": "50", "x": "206"}, {"y": "47", "x": "210"}, {"y": "44", "x": "213"}, {"y": "41", "x": "217"}, {"y": "37", "x": "220"}, {"y": "34", "x": "224"}, {"y": "31", "x": "227"}, {"y": "28", "x": "231"}, {"y": "25", "x": "234"}, {"y": "22", "x": "237"}, {"y": "18", "x": "241"}, {"y": "15", "x": "244"}, {"y": "12", "x": "248"}, {"y": "9", "x": "251"}, {"y": "6", "x": "255"}, {"y": "3", "x": "258"}, {"y": "0", "x": "262"}, {"y": "0", "x": "262"}], [{"y": "122", "x": "525"}, {"y": "122", "x": "525"}, {"y": "118", "x": "525"}, {"y": "115", "x": "525"}, {"y": "125", "x": "525"}, {"y": "112", "x": "525"}, {"y": "108", "x": "526"}, {"y": "128", "x": "526"}, {"y": "105", "x": "526"}, {"y": "102", "x": "526"}, {"y": "131", "x": "526"}, {"y": "99", "x": "526"}, {"y": "95", "x": "526"}, {"y": "135", "x": "526"}, {"y": "92", "x": "526"}, {"y": "89", "x": "527"}, {"y": "138", "x": "527"}, {"y": "85", "x": "527"}, {"y": "82", "x": "527"}, {"y": "141", "x": "527"}, {"y": "79", "x": "527"}, {"y": "75", "x": "527"}, {"y": "72", "x": "528"}, {"y": "144", "x": "528"}, {"y": "69", "x": "528"}, {"y": "65", "x": "528"}, {"y": "147", "x": "528"}, {"y": "62", "x": "528"}, {"y": "62", "x": "528"}, {"y": "62", "x": "528"}, {"y": "151", "x": "528"}, {"y": "59", "x": "529"}, {"y": "154", "x": "529"}, {"y": "157", "x": "529"}, {"y": "56", "x": "529"}, {"y": "160", "x": "529"}, {"y": "53", "x": "530"}, {"y": "163", "x": "530"}, {"y": "167", "x": "530"}, {"y": "50", "x": "530"}, {"y": "170", "x": "531"}, {"y": "46", "x": "531"}, {"y": "173", "x": "531"}, {"y": "43", "x": "531"}, {"y": "176", "x": "531"}, {"y": "180", "x": "532"}, {"y": "40", "x": "532"}, {"y": "183", "x": "532"}, {"y": "37", "x": "533"}, {"y": "186", "x": "533"}, {"y": "189", "x": "533"}, {"y": "34", "x": "533"}, {"y": "192", "x": "533"}, {"y": "31", "x": "534"}, {"y": "196", "x": "534"}, {"y": "196", "x": "534"}, {"y": "196", "x": "534"}, {"y": "27", "x": "534"}, {"y": "199", "x": "535"}, {"y": "24", "x": "535"}, {"y": "21", "x": "535"}, {"y": "202", "x": "535"}, {"y": "18", "x": "536"}, {"y": "205", "x": "536"}, {"y": "15", "x": "536"}, {"y": "12", "x": "537"}, {"y": "208", "x": "537"}, {"y": "8", "x": "538"}, {"y": "211", "x": "538"}, {"y": "5", "x": "538"}, {"y": "2", "x": "539"}, {"y": "2", "x": "539"}, {"y": "214", "x": "539"}, {"y": "217", "x": "540"}, {"y": "220", "x": "540"}, {"y": "224", "x": "541"}, {"y": "227", "x": "542"}, {"y": "230", "x": "543"}, {"y": "233", "x": "544"}, {"y": "236", "x": "545"}, {"y": "239", "x": "545"}, {"y": "242", "x": "546"}, {"y": "245", "x": "547"}, {"y": "248", "x": "548"}, {"y": "252", "x": "549"}, {"y": "255", "x": "550"}, {"y": "258", "x": "550"}, {"y": "261", "x": "551"}, {"y": "264", "x": "552"}, {"y": "267", "x": "553"}, {"y": "270", "x": "554"}, {"y": "273", "x": "555"}, {"y": "276", "x": "555"}, {"y": "280", "x": "556"}, {"y": "283", "x": "557"}, {"y": "286", "x": "558"}, {"y": "289", "x": "559"}, {"y": "292", "x": "560"}, {"y": "295", "x": "560"}, {"y": "298", "x": "561"}, {"y": "301", "x": "562"}, {"y": "304", "x": "563"}, {"y": "308", "x": "564"}, {"y": "311", "x": "565"}, {"y": "314", "x": "565"}, {"y": "317", "x": "566"}, {"y": "320", "x": "567"}, {"y": "323", "x": "568"}, {"y": "326", "x": "569"}, {"y": "329", "x": "570"}, {"y": "332", "x": "570"}, {"y": "335", "x": "571"}, {"y": "339", "x": "572"}, {"y": "342", "x": "573"}, {"y": "345", "x": "574"}, {"y": "348", "x": "575"}, {"y": "351", "x": "575"}, {"y": "354", "x": "576"}, {"y": "357", "x": "577"}, {"y": "357", "x": "577"}]]}