{"Lines": [[{"y": "289", "x": "0"}, {"y": "289", "x": "0"}, {"y": "286", "x": "2"}, {"y": "283", "x": "4"}, {"y": "279", "x": "6"}, {"y": "276", "x": "8"}, {"y": "273", "x": "9"}, {"y": "270", "x": "11"}, {"y": "267", "x": "13"}, {"y": "264", "x": "15"}, {"y": "261", "x": "17"}, {"y": "258", "x": "18"}, {"y": "255", "x": "20"}, {"y": "252", "x": "22"}, {"y": "249", "x": "24"}, {"y": "246", "x": "26"}, {"y": "243", "x": "27"}, {"y": "239", "x": "29"}, {"y": "236", "x": "31"}, {"y": "233", "x": "33"}, {"y": "230", "x": "35"}, {"y": "227", "x": "37"}, {"y": "224", "x": "38"}, {"y": "221", "x": "40"}, {"y": "218", "x": "42"}, {"y": "215", "x": "44"}, {"y": "212", "x": "46"}, {"y": "209", "x": "47"}, {"y": "206", "x": "49"}, {"y": "203", "x": "51"}, {"y": "200", "x": "53"}, {"y": "196", "x": "55"}, {"y": "193", "x": "56"}, {"y": "190", "x": "58"}, {"y": "187", "x": "60"}, {"y": "184", "x": "62"}, {"y": "181", "x": "64"}, {"y": "178", "x": "65"}, {"y": "175", "x": "67"}, {"y": "172", "x": "69"}, {"y": "169", "x": "71"}, {"y": "166", "x": "73"}, {"y": "163", "x": "75"}, {"y": "160", "x": "76"}, {"y": "156", "x": "78"}, {"y": "153", "x": "80"}, {"y": "150", "x": "82"}, {"y": "147", "x": "84"}, {"y": "144", "x": "85"}, {"y": "141", "x": "87"}, {"y": "138", "x": "89"}, {"y": "135", "x": "91"}, {"y": "132", "x": "93"}, {"y": "129", "x": "94"}, {"y": "126", "x": "96"}, {"y": "123", "x": "98"}, {"y": "120", "x": "100"}, {"y": "116", "x": "102"}, {"y": "113", "x": "104"}, {"y": "110", "x": "105"}, {"y": "107", "x": "107"}, {"y": "104", "x": "109"}, {"y": "101", "x": "111"}, {"y": "98", "x": "113"}, {"y": "98", "x": "113"}, {"y": "98", "x": "113"}, {"y": "95", "x": "115"}, {"y": "92", "x": "118"}, {"y": "89", "x": "121"}, {"y": "85", "x": "124"}, {"y": "82", "x": "127"}, {"y": "79", "x": "130"}, {"y": "76", "x": "133"}, {"y": "73", "x": "136"}, {"y": "69", "x": "139"}, {"y": "66", "x": "142"}, {"y": "63", "x": "145"}, {"y": "60", "x": "148"}, {"y": "57", "x": "151"}, {"y": "54", "x": "154"}, {"y": "50", "x": "157"}, {"y": "47", "x": "159"}, {"y": "44", "x": "162"}, {"y": "41", "x": "165"}, {"y": "38", "x": "168"}, {"y": "34", "x": "171"}, {"y": "31", "x": "174"}, {"y": "28", "x": "177"}, {"y": "25", "x": "180"}, {"y": "22", "x": "183"}, {"y": "19", "x": "186"}, {"y": "15", "x": "189"}, {"y": "12", "x": "192"}, {"y": "9", "x": "195"}, {"y": "6", "x": "198"}, {"y": "3", "x": "201"}, {"y": "0", "x": "204"}], [{"y": "64", "x": "456"}, {"y": "64", "x": "456"}, {"y": "67", "x": "457"}, {"y": "61", "x": "457"}, {"y": "71", "x": "457"}, {"y": "74", "x": "457"}, {"y": "58", "x": "458"}, {"y": "77", "x": "458"}, {"y": "80", "x": "458"}, {"y": "54", "x": "458"}, {"y": "83", "x": "459"}, {"y": "51", "x": "459"}, {"y": "87", "x": "459"}, {"y": "90", "x": "459"}, {"y": "48", "x": "460"}, {"y": "93", "x": "460"}, {"y": "96", "x": "460"}, {"y": "45", "x": "460"}, {"y": "99", "x": "461"}, {"y": "41", "x": "461"}, {"y": "103", "x": "461"}, {"y": "106", "x": "462"}, {"y": "38", "x": "462"}, {"y": "109", "x": "462"}, {"y": "112", "x": "462"}, {"y": "35", "x": "462"}, {"y": "115", "x": "463"}, {"y": "32", "x": "463"}, {"y": "118", "x": "463"}, {"y": "122", "x": "464"}, {"y": "28", "x": "464"}, {"y": "125", "x": "464"}, {"y": "128", "x": "464"}, {"y": "25", "x": "464"}, {"y": "131", "x": "465"}, {"y": "22", "x": "465"}, {"y": "134", "x": "465"}, {"y": "138", "x": "466"}, {"y": "138", "x": "466"}, {"y": "138", "x": "466"}, {"y": "19", "x": "466"}, {"y": "16", "x": "467"}, {"y": "141", "x": "467"}, {"y": "12", "x": "467"}, {"y": "144", "x": "468"}, {"y": "9", "x": "468"}, {"y": "6", "x": "469"}, {"y": "147", "x": "469"}, {"y": "3", "x": "469"}, {"y": "3", "x": "469"}, {"y": "150", "x": "470"}, {"y": "153", "x": "471"}, {"y": "157", "x": "472"}, {"y": "160", "x": "473"}, {"y": "163", "x": "474"}, {"y": "166", "x": "475"}, {"y": "169", "x": "476"}, {"y": "172", "x": "477"}, {"y": "176", "x": "478"}, {"y": "179", "x": "479"}, {"y": "182", "x": "480"}, {"y": "185", "x": "481"}, {"y": "188", "x": "482"}, {"y": "191", "x": "483"}, {"y": "195", "x": "484"}, {"y": "198", "x": "485"}, {"y": "201", "x": "486"}, {"y": "204", "x": "487"}, {"y": "207", "x": "488"}, {"y": "210", "x": "489"}, {"y": "213", "x": "490"}, {"y": "217", "x": "491"}, {"y": "220", "x": "492"}, {"y": "223", "x": "493"}, {"y": "226", "x": "494"}, {"y": "229", "x": "495"}, {"y": "232", "x": "496"}, {"y": "236", "x": "497"}, {"y": "236", "x": "497"}, {"y": "236", "x": "497"}, {"y": "239", "x": "499"}, {"y": "242", "x": "500"}, {"y": "245", "x": "501"}, {"y": "248", "x": "503"}, {"y": "251", "x": "504"}, {"y": "255", "x": "506"}, {"y": "258", "x": "507"}, {"y": "261", "x": "509"}, {"y": "264", "x": "510"}, {"y": "267", "x": "512"}, {"y": "270", "x": "513"}, {"y": "273", "x": "515"}, {"y": "277", "x": "516"}, {"y": "280", "x": "518"}, {"y": "283", "x": "519"}, {"y": "286", "x": "521"}, {"y": "289", "x": "522"}, {"y": "292", "x": "524"}, {"y": "295", "x": "525"}, {"y": "299", "x": "527"}, {"y": "302", "x": "528"}, {"y": "305", "x": "529"}, {"y": "308", "x": "531"}, {"y": "311", "x": "532"}, {"y": "314", "x": "534"}, {"y": "318", "x": "535"}, {"y": "321", "x": "537"}, {"y": "324", "x": "538"}, {"y": "327", "x": "540"}, {"y": "330", "x": "541"}, {"y": "333", "x": "543"}, {"y": "336", "x": "544"}, {"y": "340", "x": "546"}, {"y": "343", "x": "547"}, {"y": "346", "x": "549"}, {"y": "349", "x": "550"}, {"y": "352", "x": "552"}, {"y": "355", "x": "553"}, {"y": "359", "x": "554"}, {"y": "359", "x": "555"}]]}