{"Lines": [[{"y": "358", "x": "15"}, {"y": "358", "x": "15"}, {"y": "355", "x": "16"}, {"y": "351", "x": "18"}, {"y": "348", "x": "19"}, {"y": "345", "x": "21"}, {"y": "342", "x": "22"}, {"y": "339", "x": "24"}, {"y": "336", "x": "25"}, {"y": "333", "x": "27"}, {"y": "330", "x": "29"}, {"y": "327", "x": "30"}, {"y": "324", "x": "32"}, {"y": "321", "x": "33"}, {"y": "318", "x": "35"}, {"y": "315", "x": "36"}, {"y": "312", "x": "38"}, {"y": "308", "x": "39"}, {"y": "305", "x": "41"}, {"y": "302", "x": "42"}, {"y": "299", "x": "44"}, {"y": "296", "x": "46"}, {"y": "293", "x": "47"}, {"y": "290", "x": "49"}, {"y": "287", "x": "50"}, {"y": "284", "x": "52"}, {"y": "281", "x": "53"}, {"y": "278", "x": "55"}, {"y": "275", "x": "56"}, {"y": "272", "x": "58"}, {"y": "268", "x": "59"}, {"y": "265", "x": "61"}, {"y": "262", "x": "63"}, {"y": "259", "x": "64"}, {"y": "256", "x": "66"}, {"y": "253", "x": "67"}, {"y": "250", "x": "69"}, {"y": "247", "x": "70"}, {"y": "244", "x": "72"}, {"y": "241", "x": "73"}, {"y": "238", "x": "75"}, {"y": "235", "x": "76"}, {"y": "232", "x": "78"}, {"y": "228", "x": "80"}, {"y": "225", "x": "81"}, {"y": "222", "x": "83"}, {"y": "219", "x": "84"}, {"y": "216", "x": "86"}, {"y": "213", "x": "87"}, {"y": "210", "x": "89"}, {"y": "207", "x": "90"}, {"y": "204", "x": "92"}, {"y": "201", "x": "93"}, {"y": "198", "x": "95"}, {"y": "195", "x": "96"}, {"y": "192", "x": "98"}, {"y": "188", "x": "100"}, {"y": "185", "x": "101"}, {"y": "185", "x": "101"}, {"y": "182", "x": "103"}, {"y": "179", "x": "104"}, {"y": "176", "x": "106"}, {"y": "173", "x": "107"}, {"y": "170", "x": "108"}, {"y": "167", "x": "110"}, {"y": "164", "x": "111"}, {"y": "161", "x": "113"}, {"y": "158", "x": "114"}, {"y": "154", "x": "116"}, {"y": "151", "x": "117"}, {"y": "148", "x": "119"}, {"y": "145", "x": "120"}, {"y": "142", "x": "122"}, {"y": "139", "x": "123"}, {"y": "136", "x": "124"}, {"y": "133", "x": "126"}, {"y": "130", "x": "127"}, {"y": "127", "x": "129"}, {"y": "123", "x": "130"}, {"y": "120", "x": "132"}, {"y": "117", "x": "133"}, {"y": "114", "x": "135"}, {"y": "111", "x": "136"}, {"y": "108", "x": "138"}, {"y": "105", "x": "139"}, {"y": "102", "x": "140"}, {"y": "99", "x": "142"}, {"y": "96", "x": "143"}, {"y": "92", "x": "145"}, {"y": "89", "x": "146"}, {"y": "86", "x": "148"}, {"y": "83", "x": "149"}, {"y": "80", "x": "151"}, {"y": "77", "x": "152"}, {"y": "74", "x": "154"}, {"y": "71", "x": "155"}, {"y": "68", "x": "156"}, {"y": "65", "x": "158"}, {"y": "61", "x": "159"}, {"y": "58", "x": "161"}, {"y": "55", "x": "162"}, {"y": "52", "x": "164"}, {"y": "49", "x": "165"}, {"y": "46", "x": "167"}, {"y": "43", "x": "168"}, {"y": "40", "x": "170"}, {"y": "37", "x": "171"}, {"y": "34", "x": "172"}, {"y": "30", "x": "174"}, {"y": "27", "x": "175"}, {"y": "24", "x": "177"}, {"y": "21", "x": "178"}, {"y": "18", "x": "180"}, {"y": "15", "x": "181"}, {"y": "12", "x": "183"}, {"y": "9", "x": "184"}, {"y": "6", "x": "186"}, {"y": "3", "x": "187"}, {"y": "0", "x": "188"}, {"y": "0", "x": "189"}], [{"y": "2", "x": "419"}, {"y": "2", "x": "419"}, {"y": "5", "x": "421"}, {"y": "8", "x": "422"}, {"y": "11", "x": "424"}, {"y": "14", "x": "426"}, {"y": "17", "x": "427"}, {"y": "20", "x": "429"}, {"y": "23", "x": "431"}, {"y": "26", "x": "432"}, {"y": "30", "x": "434"}, {"y": "33", "x": "436"}, {"y": "36", "x": "437"}, {"y": "39", "x": "439"}, {"y": "42", "x": "441"}, {"y": "45", "x": "442"}, {"y": "48", "x": "444"}, {"y": "51", "x": "446"}, {"y": "54", "x": "447"}, {"y": "57", "x": "449"}, {"y": "61", "x": "451"}, {"y": "64", "x": "452"}, {"y": "67", "x": "454"}, {"y": "70", "x": "456"}, {"y": "73", "x": "457"}, {"y": "76", "x": "459"}, {"y": "79", "x": "461"}, {"y": "82", "x": "462"}, {"y": "85", "x": "464"}, {"y": "88", "x": "466"}, {"y": "91", "x": "467"}, {"y": "95", "x": "469"}, {"y": "98", "x": "471"}, {"y": "101", "x": "472"}, {"y": "104", "x": "474"}, {"y": "107", "x": "476"}, {"y": "110", "x": "477"}, {"y": "113", "x": "479"}, {"y": "116", "x": "481"}, {"y": "119", "x": "482"}, {"y": "122", "x": "484"}, {"y": "125", "x": "486"}, {"y": "129", "x": "487"}, {"y": "132", "x": "489"}, {"y": "135", "x": "491"}, {"y": "138", "x": "492"}, {"y": "141", "x": "494"}, {"y": "144", "x": "496"}, {"y": "147", "x": "497"}, {"y": "150", "x": "499"}, {"y": "153", "x": "501"}, {"y": "156", "x": "502"}, {"y": "156", "x": "502"}, {"y": "156", "x": "502"}, {"y": "159", "x": "504"}, {"y": "163", "x": "506"}, {"y": "166", "x": "508"}, {"y": "169", "x": "509"}, {"y": "172", "x": "511"}, {"y": "175", "x": "513"}, {"y": "178", "x": "515"}, {"y": "181", "x": "517"}, {"y": "184", "x": "518"}, {"y": "187", "x": "520"}, {"y": "190", "x": "522"}, {"y": "193", "x": "524"}, {"y": "196", "x": "525"}, {"y": "199", "x": "527"}, {"y": "202", "x": "529"}, {"y": "205", "x": "531"}, {"y": "208", "x": "533"}, {"y": "212", "x": "534"}, {"y": "215", "x": "536"}, {"y": "218", "x": "538"}, {"y": "221", "x": "540"}, {"y": "224", "x": "541"}, {"y": "227", "x": "543"}, {"y": "230", "x": "545"}, {"y": "233", "x": "547"}, {"y": "236", "x": "549"}, {"y": "239", "x": "550"}, {"y": "242", "x": "552"}, {"y": "245", "x": "554"}, {"y": "248", "x": "556"}, {"y": "251", "x": "557"}, {"y": "254", "x": "559"}, {"y": "257", "x": "561"}, {"y": "261", "x": "563"}, {"y": "264", "x": "564"}, {"y": "267", "x": "566"}, {"y": "270", "x": "568"}, {"y": "273", "x": "570"}, {"y": "276", "x": "572"}, {"y": "279", "x": "573"}, {"y": "282", "x": "575"}, {"y": "285", "x": "577"}, {"y": "288", "x": "579"}, {"y": "291", "x": "580"}, {"y": "294", "x": "582"}, {"y": "297", "x": "584"}, {"y": "300", "x": "586"}, {"y": "303", "x": "588"}, {"y": "306", "x": "589"}, {"y": "310", "x": "591"}, {"y": "313", "x": "593"}, {"y": "316", "x": "595"}, {"y": "319", "x": "596"}, {"y": "322", "x": "598"}, {"y": "325", "x": "600"}, {"y": "328", "x": "602"}, {"y": "331", "x": "604"}, {"y": "334", "x": "605"}, {"y": "337", "x": "607"}, {"y": "340", "x": "609"}, {"y": "343", "x": "611"}, {"y": "346", "x": "612"}, {"y": "349", "x": "614"}, {"y": "352", "x": "616"}, {"y": "355", "x": "618"}, {"y": "359", "x": "620"}]]}