{"Lines": [[{"y": "358", "x": "5"}, {"y": "358", "x": "5"}, {"y": "355", "x": "6"}, {"y": "352", "x": "8"}, {"y": "349", "x": "10"}, {"y": "346", "x": "12"}, {"y": "343", "x": "13"}, {"y": "340", "x": "15"}, {"y": "337", "x": "17"}, {"y": "334", "x": "18"}, {"y": "331", "x": "20"}, {"y": "328", "x": "22"}, {"y": "324", "x": "23"}, {"y": "321", "x": "25"}, {"y": "318", "x": "27"}, {"y": "315", "x": "29"}, {"y": "312", "x": "30"}, {"y": "309", "x": "32"}, {"y": "306", "x": "34"}, {"y": "303", "x": "35"}, {"y": "300", "x": "37"}, {"y": "297", "x": "39"}, {"y": "294", "x": "40"}, {"y": "291", "x": "42"}, {"y": "287", "x": "44"}, {"y": "284", "x": "45"}, {"y": "281", "x": "47"}, {"y": "278", "x": "49"}, {"y": "275", "x": "51"}, {"y": "272", "x": "52"}, {"y": "269", "x": "54"}, {"y": "266", "x": "56"}, {"y": "263", "x": "57"}, {"y": "260", "x": "59"}, {"y": "257", "x": "61"}, {"y": "253", "x": "62"}, {"y": "250", "x": "64"}, {"y": "247", "x": "66"}, {"y": "244", "x": "67"}, {"y": "241", "x": "69"}, {"y": "238", "x": "71"}, {"y": "235", "x": "73"}, {"y": "232", "x": "74"}, {"y": "229", "x": "76"}, {"y": "226", "x": "78"}, {"y": "223", "x": "79"}, {"y": "219", "x": "81"}, {"y": "216", "x": "83"}, {"y": "213", "x": "84"}, {"y": "210", "x": "86"}, {"y": "207", "x": "88"}, {"y": "204", "x": "89"}, {"y": "201", "x": "91"}, {"y": "198", "x": "93"}, {"y": "195", "x": "95"}, {"y": "192", "x": "96"}, {"y": "189", "x": "98"}, {"y": "185", "x": "100"}, {"y": "182", "x": "101"}, {"y": "179", "x": "103"}, {"y": "176", "x": "105"}, {"y": "173", "x": "106"}, {"y": "170", "x": "108"}, {"y": "167", "x": "110"}, {"y": "164", "x": "112"}, {"y": "161", "x": "113"}, {"y": "158", "x": "115"}, {"y": "155", "x": "117"}, {"y": "152", "x": "118"}, {"y": "152", "x": "118"}, {"y": "152", "x": "118"}, {"y": "148", "x": "120"}, {"y": "145", "x": "121"}, {"y": "142", "x": "123"}, {"y": "139", "x": "124"}, {"y": "136", "x": "126"}, {"y": "133", "x": "127"}, {"y": "130", "x": "129"}, {"y": "127", "x": "131"}, {"y": "124", "x": "132"}, {"y": "120", "x": "134"}, {"y": "117", "x": "135"}, {"y": "114", "x": "137"}, {"y": "111", "x": "138"}, {"y": "108", "x": "140"}, {"y": "105", "x": "141"}, {"y": "102", "x": "143"}, {"y": "99", "x": "144"}, {"y": "96", "x": "146"}, {"y": "93", "x": "147"}, {"y": "89", "x": "149"}, {"y": "86", "x": "151"}, {"y": "83", "x": "152"}, {"y": "80", "x": "154"}, {"y": "77", "x": "155"}, {"y": "74", "x": "157"}, {"y": "71", "x": "158"}, {"y": "68", "x": "160"}, {"y": "65", "x": "161"}, {"y": "62", "x": "163"}, {"y": "58", "x": "164"}, {"y": "55", "x": "166"}, {"y": "52", "x": "167"}, {"y": "49", "x": "169"}, {"y": "46", "x": "170"}, {"y": "43", "x": "172"}, {"y": "40", "x": "174"}, {"y": "37", "x": "175"}, {"y": "34", "x": "177"}, {"y": "31", "x": "178"}, {"y": "27", "x": "180"}, {"y": "24", "x": "181"}, {"y": "21", "x": "183"}, {"y": "18", "x": "184"}, {"y": "15", "x": "186"}, {"y": "12", "x": "187"}, {"y": "9", "x": "189"}, {"y": "6", "x": "190"}, {"y": "3", "x": "192"}, {"y": "0", "x": "193"}, {"y": "0", "x": "194"}], [{"y": "0", "x": "438"}, {"y": "0", "x": "438"}, {"y": "3", "x": "440"}, {"y": "6", "x": "441"}, {"y": "9", "x": "443"}, {"y": "12", "x": "444"}, {"y": "15", "x": "446"}, {"y": "18", "x": "447"}, {"y": "22", "x": "449"}, {"y": "25", "x": "450"}, {"y": "28", "x": "452"}, {"y": "31", "x": "453"}, {"y": "34", "x": "455"}, {"y": "37", "x": "456"}, {"y": "40", "x": "458"}, {"y": "43", "x": "459"}, {"y": "46", "x": "461"}, {"y": "50", "x": "462"}, {"y": "53", "x": "464"}, {"y": "56", "x": "465"}, {"y": "59", "x": "467"}, {"y": "62", "x": "468"}, {"y": "65", "x": "470"}, {"y": "68", "x": "471"}, {"y": "71", "x": "473"}, {"y": "74", "x": "474"}, {"y": "78", "x": "476"}, {"y": "81", "x": "477"}, {"y": "84", "x": "479"}, {"y": "87", "x": "480"}, {"y": "90", "x": "482"}, {"y": "93", "x": "483"}, {"y": "96", "x": "485"}, {"y": "99", "x": "486"}, {"y": "103", "x": "488"}, {"y": "106", "x": "489"}, {"y": "109", "x": "491"}, {"y": "112", "x": "492"}, {"y": "115", "x": "494"}, {"y": "118", "x": "495"}, {"y": "121", "x": "497"}, {"y": "124", "x": "498"}, {"y": "127", "x": "500"}, {"y": "131", "x": "501"}, {"y": "134", "x": "502"}, {"y": "137", "x": "504"}, {"y": "137", "x": "504"}, {"y": "140", "x": "506"}, {"y": "143", "x": "507"}, {"y": "146", "x": "509"}, {"y": "149", "x": "510"}, {"y": "152", "x": "512"}, {"y": "155", "x": "513"}, {"y": "158", "x": "515"}, {"y": "161", "x": "516"}, {"y": "165", "x": "518"}, {"y": "168", "x": "519"}, {"y": "171", "x": "521"}, {"y": "174", "x": "522"}, {"y": "177", "x": "524"}, {"y": "180", "x": "525"}, {"y": "183", "x": "527"}, {"y": "186", "x": "528"}, {"y": "189", "x": "530"}, {"y": "192", "x": "531"}, {"y": "195", "x": "533"}, {"y": "198", "x": "534"}, {"y": "201", "x": "536"}, {"y": "205", "x": "537"}, {"y": "208", "x": "539"}, {"y": "211", "x": "540"}, {"y": "214", "x": "542"}, {"y": "217", "x": "544"}, {"y": "220", "x": "545"}, {"y": "223", "x": "547"}, {"y": "226", "x": "548"}, {"y": "229", "x": "550"}, {"y": "232", "x": "551"}, {"y": "235", "x": "553"}, {"y": "238", "x": "554"}, {"y": "242", "x": "556"}, {"y": "245", "x": "557"}, {"y": "248", "x": "559"}, {"y": "251", "x": "560"}, {"y": "254", "x": "562"}, {"y": "257", "x": "563"}, {"y": "260", "x": "565"}, {"y": "263", "x": "566"}, {"y": "266", "x": "568"}, {"y": "269", "x": "569"}, {"y": "272", "x": "571"}, {"y": "275", "x": "572"}, {"y": "278", "x": "574"}, {"y": "282", "x": "575"}, {"y": "285", "x": "577"}, {"y": "288", "x": "579"}, {"y": "291", "x": "580"}, {"y": "294", "x": "582"}, {"y": "297", "x": "583"}, {"y": "300", "x": "585"}, {"y": "303", "x": "586"}, {"y": "306", "x": "588"}, {"y": "309", "x": "589"}, {"y": "312", "x": "591"}, {"y": "315", "x": "592"}, {"y": "318", "x": "594"}, {"y": "322", "x": "595"}, {"y": "325", "x": "597"}, {"y": "328", "x": "598"}, {"y": "331", "x": "600"}, {"y": "334", "x": "601"}, {"y": "337", "x": "603"}, {"y": "340", "x": "604"}, {"y": "343", "x": "606"}, {"y": "346", "x": "607"}, {"y": "349", "x": "609"}, {"y": "352", "x": "610"}, {"y": "355", "x": "612"}, {"y": "359", "x": "614"}]]}