{"Lines": [[{"y": "356", "x": "13"}, {"y": "356", "x": "13"}, {"y": "353", "x": "14"}, {"y": "350", "x": "16"}, {"y": "346", "x": "18"}, {"y": "343", "x": "19"}, {"y": "340", "x": "21"}, {"y": "337", "x": "23"}, {"y": "334", "x": "24"}, {"y": "331", "x": "26"}, {"y": "328", "x": "28"}, {"y": "325", "x": "29"}, {"y": "322", "x": "31"}, {"y": "319", "x": "33"}, {"y": "316", "x": "34"}, {"y": "313", "x": "36"}, {"y": "310", "x": "38"}, {"y": "307", "x": "39"}, {"y": "304", "x": "41"}, {"y": "301", "x": "43"}, {"y": "298", "x": "44"}, {"y": "295", "x": "46"}, {"y": "292", "x": "48"}, {"y": "289", "x": "49"}, {"y": "286", "x": "51"}, {"y": "283", "x": "53"}, {"y": "280", "x": "54"}, {"y": "276", "x": "56"}, {"y": "273", "x": "58"}, {"y": "270", "x": "59"}, {"y": "267", "x": "61"}, {"y": "264", "x": "62"}, {"y": "261", "x": "64"}, {"y": "258", "x": "66"}, {"y": "255", "x": "67"}, {"y": "252", "x": "69"}, {"y": "249", "x": "71"}, {"y": "246", "x": "72"}, {"y": "243", "x": "74"}, {"y": "240", "x": "76"}, {"y": "237", "x": "77"}, {"y": "234", "x": "79"}, {"y": "231", "x": "81"}, {"y": "228", "x": "82"}, {"y": "225", "x": "84"}, {"y": "222", "x": "86"}, {"y": "219", "x": "87"}, {"y": "216", "x": "89"}, {"y": "213", "x": "91"}, {"y": "210", "x": "92"}, {"y": "206", "x": "94"}, {"y": "203", "x": "96"}, {"y": "200", "x": "97"}, {"y": "197", "x": "99"}, {"y": "194", "x": "101"}, {"y": "191", "x": "102"}, {"y": "188", "x": "104"}, {"y": "185", "x": "106"}, {"y": "182", "x": "107"}, {"y": "179", "x": "109"}, {"y": "176", "x": "111"}, {"y": "173", "x": "112"}, {"y": "170", "x": "114"}, {"y": "167", "x": "116"}, {"y": "164", "x": "117"}, {"y": "161", "x": "119"}, {"y": "158", "x": "121"}, {"y": "155", "x": "122"}, {"y": "152", "x": "124"}, {"y": "149", "x": "126"}, {"y": "146", "x": "127"}, {"y": "143", "x": "129"}, {"y": "140", "x": "131"}, {"y": "137", "x": "132"}, {"y": "133", "x": "134"}, {"y": "130", "x": "136"}, {"y": "127", "x": "137"}, {"y": "124", "x": "139"}, {"y": "121", "x": "141"}, {"y": "118", "x": "142"}, {"y": "115", "x": "144"}, {"y": "112", "x": "146"}, {"y": "109", "x": "147"}, {"y": "106", "x": "149"}, {"y": "103", "x": "151"}, {"y": "100", "x": "152"}, {"y": "97", "x": "154"}, {"y": "94", "x": "156"}, {"y": "91", "x": "157"}, {"y": "88", "x": "159"}, {"y": "85", "x": "161"}, {"y": "82", "x": "162"}, {"y": "82", "x": "162"}, {"y": "82", "x": "162"}, {"y": "79", "x": "164"}, {"y": "75", "x": "166"}, {"y": "72", "x": "167"}, {"y": "69", "x": "169"}, {"y": "66", "x": "170"}, {"y": "63", "x": "172"}, {"y": "60", "x": "173"}, {"y": "56", "x": "175"}, {"y": "53", "x": "177"}, {"y": "50", "x": "178"}, {"y": "47", "x": "180"}, {"y": "44", "x": "181"}, {"y": "41", "x": "183"}, {"y": "37", "x": "185"}, {"y": "34", "x": "186"}, {"y": "31", "x": "188"}, {"y": "28", "x": "189"}, {"y": "25", "x": "191"}, {"y": "22", "x": "192"}, {"y": "18", "x": "194"}, {"y": "15", "x": "196"}, {"y": "12", "x": "197"}, {"y": "9", "x": "199"}, {"y": "6", "x": "200"}, {"y": "3", "x": "202"}, {"y": "0", "x": "203"}, {"y": "0", "x": "204"}], [{"y": "1", "x": "441"}, {"y": "1", "x": "441"}, {"y": "4", "x": "443"}, {"y": "7", "x": "444"}, {"y": "10", "x": "446"}, {"y": "13", "x": "447"}, {"y": "16", "x": "449"}, {"y": "19", "x": "450"}, {"y": "22", "x": "452"}, {"y": "25", "x": "453"}, {"y": "28", "x": "454"}, {"y": "31", "x": "456"}, {"y": "34", "x": "457"}, {"y": "37", "x": "459"}, {"y": "41", "x": "460"}, {"y": "44", "x": "462"}, {"y": "47", "x": "463"}, {"y": "50", "x": "465"}, {"y": "53", "x": "466"}, {"y": "56", "x": "468"}, {"y": "59", "x": "469"}, {"y": "62", "x": "471"}, {"y": "65", "x": "472"}, {"y": "68", "x": "474"}, {"y": "71", "x": "475"}, {"y": "74", "x": "477"}, {"y": "77", "x": "478"}, {"y": "81", "x": "480"}, {"y": "84", "x": "481"}, {"y": "87", "x": "483"}, {"y": "90", "x": "484"}, {"y": "93", "x": "486"}, {"y": "96", "x": "487"}, {"y": "99", "x": "489"}, {"y": "102", "x": "490"}, {"y": "105", "x": "492"}, {"y": "108", "x": "493"}, {"y": "111", "x": "495"}, {"y": "114", "x": "496"}, {"y": "118", "x": "497"}, {"y": "121", "x": "499"}, {"y": "124", "x": "500"}, {"y": "127", "x": "502"}, {"y": "130", "x": "503"}, {"y": "133", "x": "505"}, {"y": "136", "x": "506"}, {"y": "139", "x": "508"}, {"y": "142", "x": "509"}, {"y": "145", "x": "511"}, {"y": "148", "x": "512"}, {"y": "151", "x": "514"}, {"y": "154", "x": "515"}, {"y": "158", "x": "517"}, {"y": "161", "x": "518"}, {"y": "164", "x": "520"}, {"y": "167", "x": "521"}, {"y": "170", "x": "523"}, {"y": "173", "x": "524"}, {"y": "176", "x": "526"}, {"y": "179", "x": "527"}, {"y": "182", "x": "529"}, {"y": "185", "x": "530"}, {"y": "188", "x": "532"}, {"y": "191", "x": "533"}, {"y": "194", "x": "535"}, {"y": "198", "x": "536"}, {"y": "201", "x": "538"}, {"y": "204", "x": "539"}, {"y": "207", "x": "540"}, {"y": "210", "x": "542"}, {"y": "210", "x": "542"}, {"y": "210", "x": "542"}, {"y": "213", "x": "543"}, {"y": "216", "x": "545"}, {"y": "219", "x": "546"}, {"y": "222", "x": "548"}, {"y": "225", "x": "550"}, {"y": "228", "x": "551"}, {"y": "232", "x": "553"}, {"y": "235", "x": "554"}, {"y": "238", "x": "556"}, {"y": "241", "x": "557"}, {"y": "244", "x": "559"}, {"y": "247", "x": "560"}, {"y": "250", "x": "562"}, {"y": "253", "x": "563"}, {"y": "256", "x": "565"}, {"y": "259", "x": "566"}, {"y": "263", "x": "568"}, {"y": "266", "x": "569"}, {"y": "269", "x": "571"}, {"y": "272", "x": "572"}, {"y": "275", "x": "574"}, {"y": "278", "x": "575"}, {"y": "281", "x": "577"}, {"y": "284", "x": "578"}, {"y": "287", "x": "580"}, {"y": "290", "x": "581"}, {"y": "293", "x": "583"}, {"y": "297", "x": "584"}, {"y": "300", "x": "586"}, {"y": "303", "x": "587"}, {"y": "306", "x": "589"}, {"y": "309", "x": "590"}, {"y": "312", "x": "592"}, {"y": "315", "x": "593"}, {"y": "318", "x": "595"}, {"y": "321", "x": "596"}, {"y": "324", "x": "598"}, {"y": "328", "x": "599"}, {"y": "331", "x": "601"}, {"y": "334", "x": "602"}, {"y": "337", "x": "604"}, {"y": "340", "x": "605"}, {"y": "343", "x": "607"}, {"y": "346", "x": "608"}, {"y": "349", "x": "610"}, {"y": "352", "x": "611"}, {"y": "355", "x": "613"}, {"y": "359", "x": "614"}, {"y": "359", "x": "615"}]]}