{"Lines": [[{"y": "259", "x": "1"}, {"y": "259", "x": "1"}, {"y": "256", "x": "3"}, {"y": "253", "x": "4"}, {"y": "250", "x": "6"}, {"y": "247", "x": "8"}, {"y": "243", "x": "10"}, {"y": "240", "x": "12"}, {"y": "237", "x": "13"}, {"y": "234", "x": "15"}, {"y": "231", "x": "17"}, {"y": "228", "x": "19"}, {"y": "225", "x": "21"}, {"y": "222", "x": "23"}, {"y": "219", "x": "24"}, {"y": "216", "x": "26"}, {"y": "213", "x": "28"}, {"y": "209", "x": "30"}, {"y": "206", "x": "32"}, {"y": "203", "x": "33"}, {"y": "200", "x": "35"}, {"y": "197", "x": "37"}, {"y": "194", "x": "39"}, {"y": "191", "x": "41"}, {"y": "188", "x": "43"}, {"y": "185", "x": "44"}, {"y": "182", "x": "46"}, {"y": "179", "x": "48"}, {"y": "175", "x": "50"}, {"y": "172", "x": "52"}, {"y": "169", "x": "53"}, {"y": "166", "x": "55"}, {"y": "163", "x": "57"}, {"y": "160", "x": "59"}, {"y": "157", "x": "61"}, {"y": "154", "x": "62"}, {"y": "151", "x": "64"}, {"y": "148", "x": "66"}, {"y": "145", "x": "68"}, {"y": "141", "x": "70"}, {"y": "138", "x": "72"}, {"y": "135", "x": "73"}, {"y": "132", "x": "75"}, {"y": "129", "x": "77"}, {"y": "126", "x": "79"}, {"y": "123", "x": "81"}, {"y": "120", "x": "82"}, {"y": "117", "x": "84"}, {"y": "114", "x": "86"}, {"y": "111", "x": "88"}, {"y": "107", "x": "90"}, {"y": "104", "x": "92"}, {"y": "101", "x": "93"}, {"y": "101", "x": "93"}, {"y": "101", "x": "93"}, {"y": "98", "x": "95"}, {"y": "95", "x": "97"}, {"y": "92", "x": "99"}, {"y": "89", "x": "101"}, {"y": "85", "x": "103"}, {"y": "82", "x": "105"}, {"y": "79", "x": "107"}, {"y": "76", "x": "109"}, {"y": "73", "x": "111"}, {"y": "69", "x": "113"}, {"y": "66", "x": "115"}, {"y": "63", "x": "117"}, {"y": "60", "x": "119"}, {"y": "57", "x": "121"}, {"y": "54", "x": "123"}, {"y": "50", "x": "125"}, {"y": "47", "x": "127"}, {"y": "44", "x": "129"}, {"y": "41", "x": "131"}, {"y": "38", "x": "133"}, {"y": "34", "x": "135"}, {"y": "31", "x": "137"}, {"y": "28", "x": "139"}, {"y": "25", "x": "141"}, {"y": "22", "x": "143"}, {"y": "19", "x": "145"}, {"y": "15", "x": "147"}, {"y": "12", "x": "149"}, {"y": "9", "x": "151"}, {"y": "6", "x": "153"}, {"y": "3", "x": "155"}, {"y": "0", "x": "157"}, {"y": "0", "x": "158"}], [{"y": "1", "x": "393"}, {"y": "4", "x": "394"}, {"y": "7", "x": "395"}, {"y": "10", "x": "396"}, {"y": "13", "x": "397"}, {"y": "16", "x": "399"}, {"y": "19", "x": "400"}, {"y": "22", "x": "401"}, {"y": "26", "x": "402"}, {"y": "29", "x": "403"}, {"y": "32", "x": "405"}, {"y": "35", "x": "406"}, {"y": "38", "x": "407"}, {"y": "41", "x": "408"}, {"y": "44", "x": "410"}, {"y": "47", "x": "411"}, {"y": "51", "x": "412"}, {"y": "54", "x": "413"}, {"y": "57", "x": "414"}, {"y": "60", "x": "416"}, {"y": "63", "x": "417"}, {"y": "66", "x": "418"}, {"y": "69", "x": "419"}, {"y": "72", "x": "420"}, {"y": "76", "x": "422"}, {"y": "79", "x": "423"}, {"y": "82", "x": "424"}, {"y": "85", "x": "425"}, {"y": "88", "x": "427"}, {"y": "91", "x": "428"}, {"y": "94", "x": "429"}, {"y": "98", "x": "430"}, {"y": "101", "x": "431"}, {"y": "104", "x": "433"}, {"y": "107", "x": "434"}, {"y": "110", "x": "435"}, {"y": "113", "x": "436"}, {"y": "113", "x": "436"}, {"y": "113", "x": "436"}, {"y": "116", "x": "437"}, {"y": "119", "x": "439"}, {"y": "122", "x": "440"}, {"y": "125", "x": "441"}, {"y": "128", "x": "443"}, {"y": "132", "x": "444"}, {"y": "135", "x": "445"}, {"y": "138", "x": "446"}, {"y": "141", "x": "448"}, {"y": "144", "x": "449"}, {"y": "147", "x": "450"}, {"y": "150", "x": "451"}, {"y": "153", "x": "453"}, {"y": "156", "x": "454"}, {"y": "159", "x": "455"}, {"y": "162", "x": "456"}, {"y": "165", "x": "458"}, {"y": "168", "x": "459"}, {"y": "171", "x": "460"}, {"y": "174", "x": "461"}, {"y": "178", "x": "463"}, {"y": "181", "x": "464"}, {"y": "184", "x": "465"}, {"y": "187", "x": "466"}, {"y": "190", "x": "468"}, {"y": "193", "x": "469"}, {"y": "196", "x": "470"}, {"y": "199", "x": "471"}, {"y": "202", "x": "473"}, {"y": "205", "x": "474"}, {"y": "208", "x": "475"}, {"y": "211", "x": "476"}, {"y": "214", "x": "478"}, {"y": "217", "x": "479"}, {"y": "220", "x": "480"}, {"y": "224", "x": "481"}, {"y": "227", "x": "483"}, {"y": "230", "x": "484"}, {"y": "233", "x": "485"}, {"y": "236", "x": "486"}, {"y": "239", "x": "488"}, {"y": "242", "x": "489"}, {"y": "245", "x": "490"}, {"y": "248", "x": "491"}, {"y": "251", "x": "493"}, {"y": "254", "x": "494"}, {"y": "257", "x": "495"}, {"y": "260", "x": "496"}, {"y": "263", "x": "498"}, {"y": "266", "x": "499"}, {"y": "270", "x": "500"}, {"y": "273", "x": "501"}, {"y": "276", "x": "503"}, {"y": "279", "x": "504"}, {"y": "282", "x": "505"}, {"y": "285", "x": "506"}, {"y": "288", "x": "508"}, {"y": "291", "x": "509"}, {"y": "294", "x": "510"}, {"y": "297", "x": "511"}, {"y": "300", "x": "513"}, {"y": "303", "x": "514"}, {"y": "306", "x": "515"}, {"y": "309", "x": "516"}, {"y": "312", "x": "518"}, {"y": "316", "x": "519"}, {"y": "319", "x": "520"}, {"y": "322", "x": "521"}, {"y": "325", "x": "523"}, {"y": "328", "x": "524"}, {"y": "331", "x": "525"}, {"y": "334", "x": "526"}, {"y": "337", "x": "528"}, {"y": "340", "x": "529"}, {"y": "343", "x": "530"}, {"y": "346", "x": "531"}, {"y": "349", "x": "533"}, {"y": "352", "x": "534"}, {"y": "355", "x": "535"}, {"y": "359", "x": "536"}, {"y": "359", "x": "537"}]]}