{"Lines": [[{"y": "229", "x": "0"}, {"y": "229", "x": "0"}, {"y": "226", "x": "3"}, {"y": "222", "x": "6"}, {"y": "219", "x": "9"}, {"y": "216", "x": "12"}, {"y": "213", "x": "14"}, {"y": "210", "x": "17"}, {"y": "207", "x": "20"}, {"y": "204", "x": "23"}, {"y": "201", "x": "26"}, {"y": "198", "x": "29"}, {"y": "194", "x": "31"}, {"y": "191", "x": "34"}, {"y": "188", "x": "37"}, {"y": "185", "x": "40"}, {"y": "182", "x": "43"}, {"y": "179", "x": "46"}, {"y": "176", "x": "48"}, {"y": "173", "x": "51"}, {"y": "170", "x": "54"}, {"y": "166", "x": "57"}, {"y": "163", "x": "60"}, {"y": "160", "x": "63"}, {"y": "157", "x": "65"}, {"y": "154", "x": "68"}, {"y": "151", "x": "71"}, {"y": "148", "x": "74"}, {"y": "145", "x": "77"}, {"y": "141", "x": "80"}, {"y": "138", "x": "82"}, {"y": "135", "x": "85"}, {"y": "132", "x": "88"}, {"y": "129", "x": "91"}, {"y": "126", "x": "94"}, {"y": "123", "x": "97"}, {"y": "120", "x": "99"}, {"y": "120", "x": "99"}, {"y": "120", "x": "100"}, {"y": "116", "x": "103"}, {"y": "113", "x": "106"}, {"y": "110", "x": "110"}, {"y": "107", "x": "113"}, {"y": "104", "x": "117"}, {"y": "100", "x": "120"}, {"y": "97", "x": "124"}, {"y": "94", "x": "127"}, {"y": "91", "x": "131"}, {"y": "88", "x": "134"}, {"y": "84", "x": "138"}, {"y": "81", "x": "141"}, {"y": "78", "x": "145"}, {"y": "75", "x": "148"}, {"y": "72", "x": "152"}, {"y": "68", "x": "155"}, {"y": "65", "x": "158"}, {"y": "62", "x": "162"}, {"y": "59", "x": "165"}, {"y": "55", "x": "169"}, {"y": "52", "x": "172"}, {"y": "49", "x": "176"}, {"y": "49", "x": "176"}, {"y": "49", "x": "176"}, {"y": "46", "x": "180"}, {"y": "42", "x": "184"}, {"y": "39", "x": "189"}, {"y": "36", "x": "193"}, {"y": "33", "x": "197"}, {"y": "29", "x": "202"}, {"y": "26", "x": "206"}, {"y": "23", "x": "210"}, {"y": "19", "x": "215"}, {"y": "16", "x": "219"}, {"y": "13", "x": "223"}, {"y": "9", "x": "228"}, {"y": "6", "x": "232"}, {"y": "3", "x": "236"}, {"y": "0", "x": "241"}, {"y": "0", "x": "241"}], [{"y": "205", "x": "492"}, {"y": "205", "x": "492"}, {"y": "201", "x": "492"}, {"y": "198", "x": "492"}, {"y": "208", "x": "492"}, {"y": "195", "x": "492"}, {"y": "192", "x": "492"}, {"y": "189", "x": "493"}, {"y": "211", "x": "493"}, {"y": "185", "x": "493"}, {"y": "182", "x": "493"}, {"y": "179", "x": "493"}, {"y": "214", "x": "493"}, {"y": "176", "x": "493"}, {"y": "173", "x": "493"}, {"y": "170", "x": "494"}, {"y": "217", "x": "494"}, {"y": "166", "x": "494"}, {"y": "163", "x": "494"}, {"y": "160", "x": "494"}, {"y": "220", "x": "494"}, {"y": "157", "x": "494"}, {"y": "154", "x": "494"}, {"y": "150", "x": "495"}, {"y": "223", "x": "495"}, {"y": "147", "x": "495"}, {"y": "144", "x": "495"}, {"y": "141", "x": "495"}, {"y": "226", "x": "495"}, {"y": "138", "x": "495"}, {"y": "135", "x": "495"}, {"y": "229", "x": "495"}, {"y": "131", "x": "496"}, {"y": "128", "x": "496"}, {"y": "125", "x": "496"}, {"y": "233", "x": "496"}, {"y": "122", "x": "496"}, {"y": "119", "x": "496"}, {"y": "115", "x": "496"}, {"y": "236", "x": "496"}, {"y": "112", "x": "496"}, {"y": "109", "x": "497"}, {"y": "109", "x": "497"}, {"y": "239", "x": "497"}, {"y": "242", "x": "497"}, {"y": "106", "x": "497"}, {"y": "245", "x": "498"}, {"y": "103", "x": "498"}, {"y": "248", "x": "498"}, {"y": "251", "x": "499"}, {"y": "99", "x": "499"}, {"y": "254", "x": "499"}, {"y": "257", "x": "500"}, {"y": "96", "x": "500"}, {"y": "261", "x": "500"}, {"y": "93", "x": "501"}, {"y": "264", "x": "501"}, {"y": "267", "x": "501"}, {"y": "89", "x": "501"}, {"y": "270", "x": "502"}, {"y": "273", "x": "502"}, {"y": "86", "x": "502"}, {"y": "276", "x": "502"}, {"y": "83", "x": "503"}, {"y": "279", "x": "503"}, {"y": "282", "x": "503"}, {"y": "80", "x": "504"}, {"y": "285", "x": "504"}, {"y": "288", "x": "504"}, {"y": "76", "x": "504"}, {"y": "292", "x": "505"}, {"y": "73", "x": "505"}, {"y": "295", "x": "505"}, {"y": "298", "x": "506"}, {"y": "70", "x": "506"}, {"y": "301", "x": "506"}, {"y": "304", "x": "507"}, {"y": "66", "x": "507"}, {"y": "307", "x": "507"}, {"y": "63", "x": "508"}, {"y": "310", "x": "508"}, {"y": "313", "x": "508"}, {"y": "60", "x": "508"}, {"y": "316", "x": "509"}, {"y": "320", "x": "509"}, {"y": "57", "x": "509"}, {"y": "323", "x": "509"}, {"y": "53", "x": "510"}, {"y": "326", "x": "510"}, {"y": "329", "x": "510"}, {"y": "50", "x": "511"}, {"y": "332", "x": "511"}, {"y": "335", "x": "511"}, {"y": "47", "x": "511"}, {"y": "338", "x": "512"}, {"y": "43", "x": "512"}, {"y": "341", "x": "512"}, {"y": "344", "x": "513"}, {"y": "40", "x": "513"}, {"y": "348", "x": "513"}, {"y": "351", "x": "514"}, {"y": "354", "x": "514"}, {"y": "357", "x": "515"}, {"y": "37", "x": "515"}, {"y": "33", "x": "517"}, {"y": "30", "x": "519"}, {"y": "27", "x": "522"}, {"y": "23", "x": "524"}, {"y": "20", "x": "526"}, {"y": "17", "x": "528"}, {"y": "13", "x": "530"}, {"y": "10", "x": "532"}, {"y": "6", "x": "534"}, {"y": "3", "x": "537"}, {"y": "0", "x": "539"}, {"y": "0", "x": "539"}]]}