{"Lines": [[{"y": "318", "x": "0"}, {"y": "318", "x": "0"}, {"y": "315", "x": "2"}, {"y": "311", "x": "4"}, {"y": "308", "x": "6"}, {"y": "305", "x": "9"}, {"y": "302", "x": "11"}, {"y": "299", "x": "13"}, {"y": "296", "x": "15"}, {"y": "293", "x": "18"}, {"y": "290", "x": "20"}, {"y": "287", "x": "22"}, {"y": "284", "x": "24"}, {"y": "281", "x": "27"}, {"y": "278", "x": "29"}, {"y": "274", "x": "31"}, {"y": "271", "x": "33"}, {"y": "268", "x": "36"}, {"y": "265", "x": "38"}, {"y": "262", "x": "40"}, {"y": "259", "x": "42"}, {"y": "256", "x": "45"}, {"y": "253", "x": "47"}, {"y": "250", "x": "49"}, {"y": "247", "x": "52"}, {"y": "244", "x": "54"}, {"y": "240", "x": "56"}, {"y": "237", "x": "58"}, {"y": "234", "x": "61"}, {"y": "231", "x": "63"}, {"y": "228", "x": "65"}, {"y": "225", "x": "67"}, {"y": "222", "x": "70"}, {"y": "219", "x": "72"}, {"y": "216", "x": "74"}, {"y": "213", "x": "76"}, {"y": "210", "x": "79"}, {"y": "207", "x": "81"}, {"y": "203", "x": "83"}, {"y": "200", "x": "85"}, {"y": "197", "x": "88"}, {"y": "194", "x": "90"}, {"y": "191", "x": "92"}, {"y": "188", "x": "95"}, {"y": "185", "x": "97"}, {"y": "182", "x": "99"}, {"y": "179", "x": "101"}, {"y": "176", "x": "104"}, {"y": "173", "x": "106"}, {"y": "170", "x": "108"}, {"y": "166", "x": "110"}, {"y": "163", "x": "113"}, {"y": "160", "x": "115"}, {"y": "157", "x": "117"}, {"y": "154", "x": "119"}, {"y": "151", "x": "122"}, {"y": "148", "x": "124"}, {"y": "145", "x": "126"}, {"y": "142", "x": "128"}, {"y": "142", "x": "128"}, {"y": "142", "x": "128"}, {"y": "139", "x": "131"}, {"y": "136", "x": "134"}, {"y": "132", "x": "137"}, {"y": "129", "x": "140"}, {"y": "126", "x": "143"}, {"y": "123", "x": "146"}, {"y": "120", "x": "149"}, {"y": "117", "x": "151"}, {"y": "114", "x": "154"}, {"y": "111", "x": "157"}, {"y": "108", "x": "160"}, {"y": "105", "x": "163"}, {"y": "102", "x": "166"}, {"y": "98", "x": "169"}, {"y": "95", "x": "172"}, {"y": "92", "x": "174"}, {"y": "89", "x": "177"}, {"y": "86", "x": "180"}, {"y": "83", "x": "183"}, {"y": "80", "x": "186"}, {"y": "77", "x": "189"}, {"y": "74", "x": "192"}, {"y": "71", "x": "194"}, {"y": "68", "x": "197"}, {"y": "64", "x": "200"}, {"y": "61", "x": "203"}, {"y": "58", "x": "206"}, {"y": "55", "x": "209"}, {"y": "52", "x": "212"}, {"y": "49", "x": "215"}, {"y": "46", "x": "217"}, {"y": "43", "x": "220"}, {"y": "40", "x": "223"}, {"y": "40", "x": "223"}, {"y": "36", "x": "228"}, {"y": "33", "x": "232"}, {"y": "30", "x": "237"}, {"y": "26", "x": "241"}, {"y": "23", "x": "246"}, {"y": "20", "x": "250"}, {"y": "16", "x": "255"}, {"y": "13", "x": "259"}, {"y": "10", "x": "264"}, {"y": "6", "x": "268"}, {"y": "3", "x": "273"}, {"y": "0", "x": "277"}, {"y": "0", "x": "278"}], [{"y": "109", "x": "532"}, {"y": "109", "x": "532"}, {"y": "112", "x": "532"}, {"y": "106", "x": "532"}, {"y": "116", "x": "533"}, {"y": "103", "x": "533"}, {"y": "119", "x": "533"}, {"y": "122", "x": "533"}, {"y": "99", "x": "533"}, {"y": "125", "x": "533"}, {"y": "96", "x": "533"}, {"y": "129", "x": "533"}, {"y": "93", "x": "534"}, {"y": "132", "x": "534"}, {"y": "135", "x": "534"}, {"y": "90", "x": "534"}, {"y": "138", "x": "534"}, {"y": "86", "x": "534"}, {"y": "142", "x": "534"}, {"y": "145", "x": "535"}, {"y": "83", "x": "535"}, {"y": "148", "x": "535"}, {"y": "80", "x": "535"}, {"y": "152", "x": "535"}, {"y": "77", "x": "535"}, {"y": "155", "x": "535"}, {"y": "158", "x": "535"}, {"y": "74", "x": "536"}, {"y": "161", "x": "536"}, {"y": "70", "x": "536"}, {"y": "165", "x": "536"}, {"y": "168", "x": "536"}, {"y": "67", "x": "536"}, {"y": "171", "x": "536"}, {"y": "64", "x": "537"}, {"y": "174", "x": "537"}, {"y": "61", "x": "537"}, {"y": "178", "x": "537"}, {"y": "181", "x": "537"}, {"y": "181", "x": "537"}, {"y": "57", "x": "537"}, {"y": "54", "x": "537"}, {"y": "184", "x": "538"}, {"y": "51", "x": "538"}, {"y": "48", "x": "538"}, {"y": "187", "x": "538"}, {"y": "45", "x": "538"}, {"y": "41", "x": "539"}, {"y": "41", "x": "539"}, {"y": "41", "x": "539"}, {"y": "38", "x": "539"}, {"y": "190", "x": "539"}, {"y": "34", "x": "539"}, {"y": "31", "x": "539"}, {"y": "28", "x": "539"}, {"y": "193", "x": "540"}, {"y": "24", "x": "540"}, {"y": "21", "x": "540"}, {"y": "17", "x": "540"}, {"y": "196", "x": "540"}, {"y": "14", "x": "540"}, {"y": "10", "x": "541"}, {"y": "7", "x": "541"}, {"y": "200", "x": "541"}, {"y": "4", "x": "541"}, {"y": "0", "x": "541"}, {"y": "0", "x": "541"}, {"y": "203", "x": "541"}, {"y": "206", "x": "542"}, {"y": "209", "x": "543"}, {"y": "212", "x": "543"}, {"y": "215", "x": "544"}, {"y": "218", "x": "545"}, {"y": "221", "x": "545"}, {"y": "224", "x": "546"}, {"y": "228", "x": "546"}, {"y": "231", "x": "547"}, {"y": "234", "x": "548"}, {"y": "237", "x": "548"}, {"y": "240", "x": "549"}, {"y": "243", "x": "550"}, {"y": "246", "x": "550"}, {"y": "249", "x": "551"}, {"y": "252", "x": "551"}, {"y": "256", "x": "552"}, {"y": "259", "x": "553"}, {"y": "262", "x": "553"}, {"y": "265", "x": "554"}, {"y": "268", "x": "555"}, {"y": "271", "x": "555"}, {"y": "274", "x": "556"}, {"y": "277", "x": "556"}, {"y": "280", "x": "557"}, {"y": "284", "x": "558"}, {"y": "287", "x": "558"}, {"y": "287", "x": "558"}, {"y": "290", "x": "559"}, {"y": "293", "x": "560"}, {"y": "296", "x": "561"}, {"y": "300", "x": "562"}, {"y": "303", "x": "563"}, {"y": "306", "x": "564"}, {"y": "309", "x": "564"}, {"y": "313", "x": "565"}, {"y": "316", "x": "566"}, {"y": "319", "x": "567"}, {"y": "323", "x": "568"}, {"y": "326", "x": "569"}, {"y": "329", "x": "570"}, {"y": "332", "x": "571"}, {"y": "336", "x": "571"}, {"y": "339", "x": "572"}, {"y": "342", "x": "573"}, {"y": "345", "x": "574"}, {"y": "349", "x": "575"}, {"y": "352", "x": "576"}, {"y": "355", "x": "577"}, {"y": "359", "x": "577"}, {"y": "359", "x": "578"}]]}