{"Lines": [[{"y": "1", "x": "297"}, {"y": "1", "x": "297"}, {"y": "4", "x": "299"}, {"y": "7", "x": "302"}, {"y": "10", "x": "304"}, {"y": "13", "x": "307"}, {"y": "16", "x": "309"}, {"y": "19", "x": "312"}, {"y": "22", "x": "314"}, {"y": "25", "x": "317"}, {"y": "28", "x": "319"}, {"y": "31", "x": "322"}, {"y": "35", "x": "324"}, {"y": "38", "x": "327"}, {"y": "41", "x": "329"}, {"y": "44", "x": "332"}, {"y": "47", "x": "334"}, {"y": "50", "x": "337"}, {"y": "53", "x": "339"}, {"y": "56", "x": "342"}, {"y": "59", "x": "344"}, {"y": "62", "x": "347"}, {"y": "66", "x": "349"}, {"y": "69", "x": "352"}, {"y": "72", "x": "354"}, {"y": "75", "x": "357"}, {"y": "78", "x": "360"}, {"y": "81", "x": "362"}, {"y": "84", "x": "365"}, {"y": "87", "x": "367"}, {"y": "90", "x": "370"}, {"y": "93", "x": "372"}, {"y": "97", "x": "375"}, {"y": "100", "x": "377"}, {"y": "103", "x": "380"}, {"y": "106", "x": "382"}, {"y": "109", "x": "385"}, {"y": "112", "x": "387"}, {"y": "115", "x": "390"}, {"y": "115", "x": "390"}, {"y": "118", "x": "393"}, {"y": "121", "x": "396"}, {"y": "124", "x": "399"}, {"y": "127", "x": "403"}, {"y": "130", "x": "406"}, {"y": "134", "x": "409"}, {"y": "137", "x": "412"}, {"y": "140", "x": "416"}, {"y": "143", "x": "419"}, {"y": "146", "x": "422"}, {"y": "149", "x": "425"}, {"y": "152", "x": "429"}, {"y": "155", "x": "432"}, {"y": "158", "x": "435"}, {"y": "161", "x": "438"}, {"y": "164", "x": "442"}, {"y": "167", "x": "445"}, {"y": "170", "x": "448"}, {"y": "173", "x": "451"}, {"y": "176", "x": "454"}, {"y": "179", "x": "458"}, {"y": "183", "x": "461"}, {"y": "186", "x": "464"}, {"y": "189", "x": "467"}, {"y": "192", "x": "471"}, {"y": "195", "x": "474"}, {"y": "198", "x": "477"}, {"y": "201", "x": "480"}, {"y": "204", "x": "484"}, {"y": "207", "x": "487"}, {"y": "210", "x": "490"}, {"y": "213", "x": "493"}, {"y": "216", "x": "497"}, {"y": "219", "x": "500"}, {"y": "222", "x": "503"}, {"y": "225", "x": "506"}, {"y": "228", "x": "510"}, {"y": "232", "x": "513"}, {"y": "235", "x": "516"}, {"y": "238", "x": "519"}, {"y": "241", "x": "522"}, {"y": "244", "x": "526"}, {"y": "247", "x": "529"}, {"y": "250", "x": "532"}, {"y": "253", "x": "535"}, {"y": "256", "x": "539"}, {"y": "259", "x": "542"}, {"y": "262", "x": "545"}, {"y": "265", "x": "548"}, {"y": "268", "x": "552"}, {"y": "271", "x": "555"}, {"y": "274", "x": "558"}, {"y": "277", "x": "561"}, {"y": "281", "x": "565"}, {"y": "284", "x": "568"}, {"y": "287", "x": "571"}, {"y": "290", "x": "574"}, {"y": "293", "x": "578"}, {"y": "296", "x": "581"}, {"y": "299", "x": "584"}, {"y": "299", "x": "584"}, {"y": "299", "x": "584"}, {"y": "302", "x": "587"}, {"y": "305", "x": "589"}, {"y": "309", "x": "592"}, {"y": "312", "x": "595"}, {"y": "315", "x": "597"}, {"y": "319", "x": "600"}, {"y": "322", "x": "603"}, {"y": "325", "x": "606"}, {"y": "329", "x": "608"}, {"y": "332", "x": "611"}, {"y": "335", "x": "614"}, {"y": "339", "x": "616"}, {"y": "342", "x": "619"}, {"y": "345", "x": "622"}, {"y": "349", "x": "624"}, {"y": "352", "x": "627"}, {"y": "355", "x": "630"}, {"y": "359", "x": "633"}, {"y": "359", "x": "633"}], [{"y": "355", "x": "0"}, {"y": "355", "x": "0"}, {"y": "352", "x": "1"}, {"y": "349", "x": "1"}, {"y": "346", "x": "2"}, {"y": "343", "x": "2"}, {"y": "339", "x": "3"}, {"y": "336", "x": "3"}, {"y": "333", "x": "4"}, {"y": "330", "x": "4"}, {"y": "327", "x": "5"}, {"y": "324", "x": "5"}, {"y": "321", "x": "6"}, {"y": "318", "x": "6"}, {"y": "315", "x": "7"}, {"y": "312", "x": "7"}, {"y": "309", "x": "8"}, {"y": "306", "x": "9"}, {"y": "303", "x": "9"}, {"y": "300", "x": "10"}, {"y": "296", "x": "10"}, {"y": "293", "x": "11"}, {"y": "290", "x": "11"}, {"y": "287", "x": "12"}, {"y": "284", "x": "12"}, {"y": "281", "x": "13"}, {"y": "278", "x": "13"}, {"y": "275", "x": "14"}, {"y": "272", "x": "14"}, {"y": "269", "x": "15"}, {"y": "266", "x": "15"}, {"y": "263", "x": "16"}, {"y": "260", "x": "16"}, {"y": "257", "x": "17"}, {"y": "253", "x": "17"}, {"y": "250", "x": "18"}, {"y": "247", "x": "18"}, {"y": "244", "x": "19"}, {"y": "241", "x": "19"}, {"y": "238", "x": "20"}, {"y": "235", "x": "20"}, {"y": "232", "x": "21"}, {"y": "229", "x": "21"}, {"y": "226", "x": "22"}, {"y": "223", "x": "22"}, {"y": "220", "x": "23"}, {"y": "217", "x": "23"}, {"y": "214", "x": "24"}, {"y": "211", "x": "24"}, {"y": "207", "x": "25"}, {"y": "204", "x": "25"}, {"y": "201", "x": "26"}, {"y": "198", "x": "26"}, {"y": "195", "x": "27"}, {"y": "192", "x": "27"}, {"y": "189", "x": "28"}, {"y": "186", "x": "28"}, {"y": "183", "x": "29"}, {"y": "180", "x": "29"}, {"y": "177", "x": "30"}, {"y": "174", "x": "30"}, {"y": "171", "x": "31"}, {"y": "168", "x": "32"}, {"y": "164", "x": "32"}, {"y": "161", "x": "33"}, {"y": "158", "x": "33"}, {"y": "155", "x": "34"}, {"y": "152", "x": "34"}, {"y": "149", "x": "35"}, {"y": "146", "x": "35"}, {"y": "143", "x": "36"}, {"y": "140", "x": "36"}, {"y": "137", "x": "37"}, {"y": "134", "x": "37"}, {"y": "131", "x": "38"}, {"y": "128", "x": "38"}, {"y": "125", "x": "39"}, {"y": "125", "x": "39"}, {"y": "121", "x": "39"}, {"y": "118", "x": "40"}, {"y": "115", "x": "41"}, {"y": "112", "x": "42"}, {"y": "109", "x": "42"}, {"y": "106", "x": "43"}, {"y": "103", "x": "44"}, {"y": "100", "x": "45"}, {"y": "96", "x": "45"}, {"y": "93", "x": "46"}, {"y": "90", "x": "47"}, {"y": "87", "x": "48"}, {"y": "84", "x": "48"}, {"y": "81", "x": "49"}, {"y": "78", "x": "50"}, {"y": "75", "x": "51"}, {"y": "71", "x": "51"}, {"y": "68", "x": "52"}, {"y": "65", "x": "53"}, {"y": "62", "x": "54"}, {"y": "59", "x": "54"}, {"y": "56", "x": "55"}, {"y": "53", "x": "56"}, {"y": "50", "x": "57"}, {"y": "46", "x": "57"}, {"y": "43", "x": "58"}, {"y": "40", "x": "59"}, {"y": "37", "x": "60"}, {"y": "34", "x": "60"}, {"y": "31", "x": "61"}, {"y": "28", "x": "62"}, {"y": "25", "x": "63"}, {"y": "21", "x": "63"}, {"y": "18", "x": "64"}, {"y": "15", "x": "65"}, {"y": "12", "x": "66"}, {"y": "9", "x": "66"}, {"y": "6", "x": "67"}, {"y": "3", "x": "68"}, {"y": "0", "x": "69"}]]}