{"Lines": [[{"y": "358", "x": "19"}, {"y": "358", "x": "19"}, {"y": "355", "x": "20"}, {"y": "351", "x": "21"}, {"y": "348", "x": "23"}, {"y": "345", "x": "24"}, {"y": "342", "x": "25"}, {"y": "339", "x": "27"}, {"y": "336", "x": "28"}, {"y": "333", "x": "29"}, {"y": "330", "x": "31"}, {"y": "327", "x": "32"}, {"y": "324", "x": "33"}, {"y": "321", "x": "35"}, {"y": "318", "x": "36"}, {"y": "315", "x": "37"}, {"y": "312", "x": "39"}, {"y": "308", "x": "40"}, {"y": "305", "x": "41"}, {"y": "302", "x": "43"}, {"y": "299", "x": "44"}, {"y": "296", "x": "45"}, {"y": "293", "x": "47"}, {"y": "290", "x": "48"}, {"y": "287", "x": "49"}, {"y": "284", "x": "51"}, {"y": "281", "x": "52"}, {"y": "278", "x": "53"}, {"y": "275", "x": "55"}, {"y": "272", "x": "56"}, {"y": "268", "x": "57"}, {"y": "265", "x": "59"}, {"y": "262", "x": "60"}, {"y": "259", "x": "61"}, {"y": "256", "x": "63"}, {"y": "253", "x": "64"}, {"y": "250", "x": "65"}, {"y": "247", "x": "67"}, {"y": "244", "x": "68"}, {"y": "241", "x": "69"}, {"y": "238", "x": "71"}, {"y": "235", "x": "72"}, {"y": "232", "x": "73"}, {"y": "228", "x": "74"}, {"y": "225", "x": "76"}, {"y": "225", "x": "76"}, {"y": "225", "x": "76"}, {"y": "222", "x": "77"}, {"y": "219", "x": "78"}, {"y": "216", "x": "79"}, {"y": "213", "x": "79"}, {"y": "209", "x": "80"}, {"y": "206", "x": "81"}, {"y": "203", "x": "82"}, {"y": "200", "x": "83"}, {"y": "197", "x": "84"}, {"y": "194", "x": "85"}, {"y": "190", "x": "86"}, {"y": "187", "x": "87"}, {"y": "184", "x": "88"}, {"y": "181", "x": "89"}, {"y": "178", "x": "90"}, {"y": "175", "x": "91"}, {"y": "171", "x": "91"}, {"y": "168", "x": "92"}, {"y": "165", "x": "93"}, {"y": "162", "x": "94"}, {"y": "159", "x": "95"}, {"y": "155", "x": "96"}, {"y": "0", "x": "97"}, {"y": "152", "x": "97"}, {"y": "3", "x": "97"}, {"y": "149", "x": "98"}, {"y": "149", "x": "98"}, {"y": "149", "x": "98"}, {"y": "7", "x": "98"}, {"y": "146", "x": "98"}, {"y": "142", "x": "99"}, {"y": "10", "x": "99"}, {"y": "139", "x": "99"}, {"y": "136", "x": "100"}, {"y": "14", "x": "100"}, {"y": "132", "x": "100"}, {"y": "17", "x": "101"}, {"y": "129", "x": "101"}, {"y": "126", "x": "101"}, {"y": "20", "x": "101"}, {"y": "122", "x": "102"}, {"y": "119", "x": "102"}, {"y": "24", "x": "102"}, {"y": "116", "x": "102"}, {"y": "112", "x": "103"}, {"y": "27", "x": "103"}, {"y": "109", "x": "103"}, {"y": "31", "x": "104"}, {"y": "106", "x": "104"}, {"y": "102", "x": "104"}, {"y": "34", "x": "104"}, {"y": "99", "x": "105"}, {"y": "96", "x": "105"}, {"y": "38", "x": "105"}, {"y": "92", "x": "106"}, {"y": "92", "x": "106"}, {"y": "92", "x": "106"}, {"y": "89", "x": "106"}, {"y": "86", "x": "106"}, {"y": "83", "x": "106"}, {"y": "80", "x": "106"}, {"y": "76", "x": "106"}, {"y": "73", "x": "106"}, {"y": "70", "x": "106"}, {"y": "67", "x": "106"}, {"y": "64", "x": "106"}, {"y": "60", "x": "106"}, {"y": "57", "x": "106"}, {"y": "54", "x": "106"}, {"y": "51", "x": "106"}, {"y": "48", "x": "106"}, {"y": "45", "x": "106"}, {"y": "41", "x": "106"}, {"y": "41", "x": "106"}], [{"y": "1", "x": "367"}, {"y": "1", "x": "367"}, {"y": "4", "x": "370"}, {"y": "7", "x": "374"}, {"y": "11", "x": "377"}, {"y": "14", "x": "380"}, {"y": "17", "x": "384"}, {"y": "20", "x": "387"}, {"y": "23", "x": "390"}, {"y": "27", "x": "394"}, {"y": "30", "x": "397"}, {"y": "33", "x": "400"}, {"y": "36", "x": "404"}, {"y": "40", "x": "407"}, {"y": "43", "x": "410"}, {"y": "46", "x": "414"}, {"y": "49", "x": "417"}, {"y": "52", "x": "421"}, {"y": "56", "x": "424"}, {"y": "59", "x": "427"}, {"y": "59", "x": "427"}, {"y": "62", "x": "430"}, {"y": "65", "x": "432"}, {"y": "68", "x": "434"}, {"y": "71", "x": "437"}, {"y": "74", "x": "439"}, {"y": "78", "x": "441"}, {"y": "81", "x": "444"}, {"y": "84", "x": "446"}, {"y": "87", "x": "448"}, {"y": "90", "x": "451"}, {"y": "93", "x": "453"}, {"y": "96", "x": "455"}, {"y": "99", "x": "458"}, {"y": "102", "x": "460"}, {"y": "105", "x": "462"}, {"y": "109", "x": "465"}, {"y": "112", "x": "467"}, {"y": "115", "x": "469"}, {"y": "118", "x": "472"}, {"y": "121", "x": "474"}, {"y": "124", "x": "476"}, {"y": "127", "x": "479"}, {"y": "130", "x": "481"}, {"y": "133", "x": "483"}, {"y": "137", "x": "486"}, {"y": "140", "x": "488"}, {"y": "143", "x": "490"}, {"y": "146", "x": "493"}, {"y": "149", "x": "495"}, {"y": "152", "x": "497"}, {"y": "155", "x": "500"}, {"y": "158", "x": "502"}, {"y": "161", "x": "504"}, {"y": "164", "x": "507"}, {"y": "168", "x": "509"}, {"y": "171", "x": "511"}, {"y": "174", "x": "514"}, {"y": "177", "x": "516"}, {"y": "180", "x": "518"}, {"y": "183", "x": "521"}, {"y": "186", "x": "523"}, {"y": "189", "x": "525"}, {"y": "192", "x": "528"}, {"y": "196", "x": "530"}, {"y": "199", "x": "532"}, {"y": "202", "x": "535"}, {"y": "202", "x": "535"}, {"y": "202", "x": "535"}, {"y": "205", "x": "536"}, {"y": "208", "x": "538"}, {"y": "211", "x": "540"}, {"y": "214", "x": "541"}, {"y": "217", "x": "543"}, {"y": "220", "x": "545"}, {"y": "223", "x": "547"}, {"y": "226", "x": "548"}, {"y": "229", "x": "550"}, {"y": "232", "x": "552"}, {"y": "236", "x": "554"}, {"y": "239", "x": "555"}, {"y": "242", "x": "557"}, {"y": "245", "x": "559"}, {"y": "248", "x": "560"}, {"y": "251", "x": "562"}, {"y": "254", "x": "564"}, {"y": "257", "x": "566"}, {"y": "260", "x": "567"}, {"y": "263", "x": "569"}, {"y": "266", "x": "571"}, {"y": "269", "x": "573"}, {"y": "272", "x": "574"}, {"y": "276", "x": "576"}, {"y": "279", "x": "578"}, {"y": "282", "x": "579"}, {"y": "285", "x": "581"}, {"y": "288", "x": "583"}, {"y": "291", "x": "585"}, {"y": "294", "x": "586"}, {"y": "297", "x": "588"}, {"y": "300", "x": "590"}, {"y": "303", "x": "591"}, {"y": "306", "x": "593"}, {"y": "309", "x": "595"}, {"y": "312", "x": "597"}, {"y": "315", "x": "598"}, {"y": "319", "x": "600"}, {"y": "322", "x": "602"}, {"y": "325", "x": "604"}, {"y": "328", "x": "605"}, {"y": "331", "x": "607"}, {"y": "334", "x": "609"}, {"y": "337", "x": "610"}, {"y": "340", "x": "612"}, {"y": "343", "x": "614"}, {"y": "346", "x": "616"}, {"y": "349", "x": "617"}, {"y": "352", "x": "619"}, {"y": "355", "x": "621"}, {"y": "359", "x": "622"}, {"y": "359", "x": "623"}]]}