{"Lines": [[{"y": "359", "x": "19"}, {"y": "359", "x": "20"}, {"y": "355", "x": "21"}, {"y": "352", "x": "23"}, {"y": "349", "x": "25"}, {"y": "346", "x": "27"}, {"y": "343", "x": "29"}, {"y": "340", "x": "30"}, {"y": "337", "x": "32"}, {"y": "334", "x": "34"}, {"y": "331", "x": "36"}, {"y": "328", "x": "38"}, {"y": "325", "x": "39"}, {"y": "322", "x": "41"}, {"y": "318", "x": "43"}, {"y": "315", "x": "45"}, {"y": "312", "x": "47"}, {"y": "309", "x": "48"}, {"y": "306", "x": "50"}, {"y": "303", "x": "52"}, {"y": "300", "x": "54"}, {"y": "297", "x": "56"}, {"y": "294", "x": "58"}, {"y": "291", "x": "59"}, {"y": "288", "x": "61"}, {"y": "285", "x": "63"}, {"y": "281", "x": "65"}, {"y": "278", "x": "67"}, {"y": "275", "x": "68"}, {"y": "272", "x": "70"}, {"y": "269", "x": "72"}, {"y": "266", "x": "74"}, {"y": "263", "x": "76"}, {"y": "260", "x": "77"}, {"y": "257", "x": "79"}, {"y": "254", "x": "81"}, {"y": "251", "x": "83"}, {"y": "248", "x": "85"}, {"y": "244", "x": "86"}, {"y": "241", "x": "88"}, {"y": "238", "x": "90"}, {"y": "235", "x": "92"}, {"y": "232", "x": "94"}, {"y": "229", "x": "96"}, {"y": "226", "x": "97"}, {"y": "223", "x": "99"}, {"y": "220", "x": "101"}, {"y": "217", "x": "103"}, {"y": "214", "x": "105"}, {"y": "211", "x": "106"}, {"y": "208", "x": "108"}, {"y": "204", "x": "110"}, {"y": "201", "x": "112"}, {"y": "198", "x": "114"}, {"y": "195", "x": "115"}, {"y": "195", "x": "115"}, {"y": "192", "x": "117"}, {"y": "189", "x": "119"}, {"y": "186", "x": "120"}, {"y": "183", "x": "122"}, {"y": "180", "x": "124"}, {"y": "177", "x": "126"}, {"y": "174", "x": "127"}, {"y": "170", "x": "129"}, {"y": "167", "x": "131"}, {"y": "164", "x": "132"}, {"y": "161", "x": "134"}, {"y": "158", "x": "136"}, {"y": "155", "x": "137"}, {"y": "152", "x": "139"}, {"y": "149", "x": "141"}, {"y": "146", "x": "142"}, {"y": "143", "x": "144"}, {"y": "139", "x": "146"}, {"y": "136", "x": "147"}, {"y": "133", "x": "149"}, {"y": "130", "x": "151"}, {"y": "127", "x": "152"}, {"y": "124", "x": "154"}, {"y": "121", "x": "156"}, {"y": "118", "x": "158"}, {"y": "115", "x": "159"}, {"y": "112", "x": "161"}, {"y": "109", "x": "163"}, {"y": "105", "x": "164"}, {"y": "102", "x": "166"}, {"y": "99", "x": "168"}, {"y": "96", "x": "169"}, {"y": "93", "x": "171"}, {"y": "90", "x": "173"}, {"y": "87", "x": "174"}, {"y": "84", "x": "176"}, {"y": "81", "x": "178"}, {"y": "78", "x": "179"}, {"y": "75", "x": "181"}, {"y": "71", "x": "183"}, {"y": "68", "x": "185"}, {"y": "65", "x": "186"}, {"y": "62", "x": "188"}, {"y": "59", "x": "190"}, {"y": "56", "x": "191"}, {"y": "53", "x": "193"}, {"y": "50", "x": "195"}, {"y": "47", "x": "196"}, {"y": "44", "x": "198"}, {"y": "40", "x": "200"}, {"y": "37", "x": "201"}, {"y": "34", "x": "203"}, {"y": "31", "x": "205"}, {"y": "28", "x": "206"}, {"y": "25", "x": "208"}, {"y": "22", "x": "210"}, {"y": "19", "x": "211"}, {"y": "16", "x": "213"}, {"y": "13", "x": "215"}, {"y": "10", "x": "217"}, {"y": "6", "x": "218"}, {"y": "3", "x": "220"}, {"y": "3", "x": "220"}], [{"y": "0", "x": "478"}, {"y": "0", "x": "478"}, {"y": "3", "x": "480"}, {"y": "6", "x": "481"}, {"y": "10", "x": "483"}, {"y": "13", "x": "485"}, {"y": "16", "x": "486"}, {"y": "19", "x": "488"}, {"y": "22", "x": "490"}, {"y": "25", "x": "491"}, {"y": "29", "x": "493"}, {"y": "32", "x": "495"}, {"y": "35", "x": "496"}, {"y": "38", "x": "498"}, {"y": "41", "x": "500"}, {"y": "44", "x": "501"}, {"y": "48", "x": "503"}, {"y": "51", "x": "505"}, {"y": "54", "x": "506"}, {"y": "57", "x": "508"}, {"y": "60", "x": "510"}, {"y": "63", "x": "511"}, {"y": "67", "x": "513"}, {"y": "70", "x": "515"}, {"y": "73", "x": "517"}, {"y": "76", "x": "518"}, {"y": "79", "x": "520"}, {"y": "82", "x": "522"}, {"y": "86", "x": "523"}, {"y": "89", "x": "525"}, {"y": "92", "x": "527"}, {"y": "95", "x": "528"}, {"y": "98", "x": "530"}, {"y": "102", "x": "532"}, {"y": "105", "x": "533"}, {"y": "108", "x": "535"}, {"y": "108", "x": "535"}, {"y": "108", "x": "535"}, {"y": "111", "x": "536"}, {"y": "114", "x": "538"}, {"y": "117", "x": "539"}, {"y": "120", "x": "541"}, {"y": "123", "x": "542"}, {"y": "126", "x": "543"}, {"y": "129", "x": "545"}, {"y": "132", "x": "546"}, {"y": "135", "x": "548"}, {"y": "138", "x": "549"}, {"y": "142", "x": "550"}, {"y": "145", "x": "552"}, {"y": "148", "x": "553"}, {"y": "151", "x": "555"}, {"y": "154", "x": "556"}, {"y": "157", "x": "557"}, {"y": "160", "x": "559"}, {"y": "163", "x": "560"}, {"y": "166", "x": "562"}, {"y": "169", "x": "563"}, {"y": "172", "x": "564"}, {"y": "175", "x": "566"}, {"y": "178", "x": "567"}, {"y": "181", "x": "569"}, {"y": "184", "x": "570"}, {"y": "187", "x": "571"}, {"y": "190", "x": "573"}, {"y": "194", "x": "574"}, {"y": "197", "x": "575"}, {"y": "200", "x": "577"}, {"y": "203", "x": "578"}, {"y": "206", "x": "580"}, {"y": "209", "x": "581"}, {"y": "212", "x": "582"}, {"y": "215", "x": "584"}, {"y": "218", "x": "585"}, {"y": "221", "x": "587"}, {"y": "224", "x": "588"}, {"y": "227", "x": "589"}, {"y": "230", "x": "591"}, {"y": "233", "x": "592"}, {"y": "236", "x": "594"}, {"y": "239", "x": "595"}, {"y": "243", "x": "596"}, {"y": "246", "x": "598"}, {"y": "249", "x": "599"}, {"y": "252", "x": "601"}, {"y": "255", "x": "602"}, {"y": "258", "x": "603"}, {"y": "261", "x": "605"}, {"y": "264", "x": "606"}, {"y": "267", "x": "608"}, {"y": "270", "x": "609"}, {"y": "273", "x": "610"}, {"y": "276", "x": "612"}, {"y": "279", "x": "613"}, {"y": "282", "x": "615"}, {"y": "285", "x": "616"}, {"y": "288", "x": "617"}, {"y": "292", "x": "619"}, {"y": "295", "x": "620"}, {"y": "298", "x": "622"}, {"y": "301", "x": "623"}, {"y": "304", "x": "624"}, {"y": "307", "x": "626"}, {"y": "310", "x": "627"}, {"y": "313", "x": "629"}, {"y": "316", "x": "630"}, {"y": "319", "x": "631"}, {"y": "322", "x": "633"}, {"y": "325", "x": "634"}, {"y": "328", "x": "635"}, {"y": "331", "x": "637"}, {"y": "334", "x": "638"}]]}