{"Lines": [[{"y": "359", "x": "54"}, {"y": "359", "x": "54"}, {"y": "355", "x": "56"}, {"y": "352", "x": "58"}, {"y": "349", "x": "61"}, {"y": "346", "x": "63"}, {"y": "343", "x": "65"}, {"y": "340", "x": "68"}, {"y": "337", "x": "70"}, {"y": "334", "x": "73"}, {"y": "331", "x": "75"}, {"y": "328", "x": "77"}, {"y": "325", "x": "80"}, {"y": "322", "x": "82"}, {"y": "319", "x": "85"}, {"y": "316", "x": "87"}, {"y": "313", "x": "89"}, {"y": "310", "x": "92"}, {"y": "307", "x": "94"}, {"y": "304", "x": "97"}, {"y": "301", "x": "99"}, {"y": "298", "x": "101"}, {"y": "294", "x": "104"}, {"y": "291", "x": "106"}, {"y": "288", "x": "109"}, {"y": "285", "x": "111"}, {"y": "282", "x": "113"}, {"y": "279", "x": "116"}, {"y": "276", "x": "118"}, {"y": "273", "x": "120"}, {"y": "270", "x": "123"}, {"y": "267", "x": "125"}, {"y": "264", "x": "128"}, {"y": "261", "x": "130"}, {"y": "258", "x": "132"}, {"y": "255", "x": "135"}, {"y": "252", "x": "137"}, {"y": "249", "x": "140"}, {"y": "246", "x": "142"}, {"y": "243", "x": "144"}, {"y": "240", "x": "147"}, {"y": "237", "x": "149"}, {"y": "234", "x": "152"}, {"y": "230", "x": "154"}, {"y": "227", "x": "156"}, {"y": "224", "x": "159"}, {"y": "221", "x": "161"}, {"y": "218", "x": "164"}, {"y": "215", "x": "166"}, {"y": "212", "x": "168"}, {"y": "209", "x": "171"}, {"y": "206", "x": "173"}, {"y": "203", "x": "175"}, {"y": "200", "x": "178"}, {"y": "197", "x": "180"}, {"y": "194", "x": "183"}, {"y": "191", "x": "185"}, {"y": "188", "x": "187"}, {"y": "185", "x": "190"}, {"y": "182", "x": "192"}, {"y": "179", "x": "195"}, {"y": "176", "x": "197"}, {"y": "173", "x": "199"}, {"y": "170", "x": "202"}, {"y": "166", "x": "204"}, {"y": "163", "x": "207"}, {"y": "160", "x": "209"}, {"y": "157", "x": "211"}, {"y": "154", "x": "214"}, {"y": "151", "x": "216"}, {"y": "148", "x": "219"}, {"y": "145", "x": "221"}, {"y": "142", "x": "223"}, {"y": "139", "x": "226"}, {"y": "136", "x": "228"}, {"y": "136", "x": "228"}, {"y": "133", "x": "231"}, {"y": "129", "x": "234"}, {"y": "126", "x": "237"}, {"y": "123", "x": "240"}, {"y": "120", "x": "243"}, {"y": "116", "x": "246"}, {"y": "113", "x": "249"}, {"y": "110", "x": "252"}, {"y": "106", "x": "255"}, {"y": "103", "x": "258"}, {"y": "100", "x": "261"}, {"y": "97", "x": "264"}, {"y": "93", "x": "267"}, {"y": "90", "x": "270"}, {"y": "87", "x": "273"}, {"y": "83", "x": "276"}, {"y": "80", "x": "279"}, {"y": "77", "x": "282"}, {"y": "74", "x": "285"}, {"y": "74", "x": "285"}, {"y": "74", "x": "285"}, {"y": "70", "x": "287"}, {"y": "67", "x": "290"}, {"y": "63", "x": "292"}, {"y": "59", "x": "295"}, {"y": "56", "x": "297"}, {"y": "52", "x": "300"}, {"y": "49", "x": "302"}, {"y": "45", "x": "305"}, {"y": "42", "x": "307"}, {"y": "38", "x": "310"}, {"y": "35", "x": "312"}, {"y": "35", "x": "312"}, {"y": "35", "x": "312"}, {"y": "31", "x": "314"}, {"y": "28", "x": "315"}, {"y": "25", "x": "316"}, {"y": "21", "x": "318"}, {"y": "18", "x": "319"}, {"y": "14", "x": "320"}, {"y": "11", "x": "322"}, {"y": "7", "x": "323"}, {"y": "4", "x": "325"}, {"y": "1", "x": "326"}, {"y": "1", "x": "326"}], [{"y": "0", "x": "544"}, {"y": "3", "x": "545"}, {"y": "7", "x": "547"}, {"y": "10", "x": "549"}, {"y": "14", "x": "551"}, {"y": "17", "x": "553"}, {"y": "21", "x": "554"}, {"y": "24", "x": "556"}, {"y": "28", "x": "558"}, {"y": "31", "x": "560"}, {"y": "35", "x": "562"}, {"y": "38", "x": "564"}, {"y": "38", "x": "564"}, {"y": "38", "x": "564"}, {"y": "42", "x": "565"}, {"y": "45", "x": "566"}, {"y": "48", "x": "567"}, {"y": "52", "x": "569"}, {"y": "55", "x": "570"}, {"y": "58", "x": "571"}, {"y": "61", "x": "572"}, {"y": "65", "x": "574"}, {"y": "68", "x": "575"}, {"y": "71", "x": "576"}, {"y": "74", "x": "578"}, {"y": "78", "x": "579"}, {"y": "81", "x": "580"}, {"y": "84", "x": "581"}, {"y": "87", "x": "583"}, {"y": "91", "x": "584"}, {"y": "94", "x": "585"}, {"y": "97", "x": "586"}, {"y": "100", "x": "588"}, {"y": "100", "x": "588"}, {"y": "100", "x": "588"}, {"y": "104", "x": "588"}, {"y": "107", "x": "589"}, {"y": "110", "x": "590"}, {"y": "113", "x": "590"}, {"y": "117", "x": "591"}, {"y": "120", "x": "592"}, {"y": "123", "x": "592"}, {"y": "126", "x": "593"}, {"y": "129", "x": "593"}, {"y": "133", "x": "594"}, {"y": "136", "x": "595"}, {"y": "139", "x": "595"}, {"y": "142", "x": "596"}, {"y": "146", "x": "597"}, {"y": "149", "x": "597"}, {"y": "152", "x": "598"}, {"y": "155", "x": "599"}, {"y": "158", "x": "599"}, {"y": "162", "x": "600"}, {"y": "165", "x": "601"}, {"y": "168", "x": "601"}, {"y": "171", "x": "602"}, {"y": "175", "x": "602"}, {"y": "178", "x": "603"}, {"y": "181", "x": "604"}, {"y": "184", "x": "604"}, {"y": "184", "x": "604"}, {"y": "187", "x": "605"}, {"y": "190", "x": "606"}, {"y": "193", "x": "606"}, {"y": "196", "x": "607"}, {"y": "200", "x": "608"}, {"y": "203", "x": "609"}, {"y": "206", "x": "609"}, {"y": "209", "x": "610"}, {"y": "212", "x": "611"}, {"y": "215", "x": "611"}, {"y": "218", "x": "612"}, {"y": "221", "x": "613"}, {"y": "224", "x": "613"}, {"y": "227", "x": "614"}, {"y": "230", "x": "615"}, {"y": "233", "x": "615"}, {"y": "236", "x": "616"}, {"y": "240", "x": "617"}, {"y": "243", "x": "618"}, {"y": "246", "x": "618"}, {"y": "249", "x": "619"}, {"y": "252", "x": "620"}, {"y": "255", "x": "620"}, {"y": "258", "x": "621"}, {"y": "261", "x": "622"}, {"y": "264", "x": "622"}, {"y": "267", "x": "623"}, {"y": "270", "x": "624"}, {"y": "273", "x": "624"}, {"y": "276", "x": "625"}, {"y": "279", "x": "626"}, {"y": "283", "x": "627"}, {"y": "286", "x": "627"}, {"y": "289", "x": "628"}, {"y": "292", "x": "629"}, {"y": "295", "x": "629"}, {"y": "298", "x": "630"}, {"y": "301", "x": "631"}, {"y": "304", "x": "631"}, {"y": "307", "x": "632"}, {"y": "310", "x": "633"}, {"y": "313", "x": "633"}, {"y": "316", "x": "634"}, {"y": "319", "x": "635"}, {"y": "322", "x": "636"}, {"y": "326", "x": "636"}, {"y": "329", "x": "637"}, {"y": "332", "x": "638"}, {"y": "335", "x": "638"}]]}