{"Lines": [[{"y": "2", "x": "503"}, {"y": "2", "x": "503"}, {"y": "5", "x": "503"}, {"y": "9", "x": "504"}, {"y": "12", "x": "504"}, {"y": "15", "x": "505"}, {"y": "19", "x": "505"}, {"y": "22", "x": "506"}, {"y": "25", "x": "506"}, {"y": "29", "x": "507"}, {"y": "32", "x": "507"}, {"y": "35", "x": "507"}, {"y": "39", "x": "508"}, {"y": "42", "x": "508"}, {"y": "45", "x": "509"}, {"y": "45", "x": "509"}, {"y": "45", "x": "509"}, {"y": "49", "x": "510"}, {"y": "52", "x": "510"}, {"y": "55", "x": "511"}, {"y": "58", "x": "512"}, {"y": "61", "x": "513"}, {"y": "65", "x": "513"}, {"y": "68", "x": "514"}, {"y": "71", "x": "515"}, {"y": "74", "x": "515"}, {"y": "78", "x": "516"}, {"y": "81", "x": "517"}, {"y": "84", "x": "518"}, {"y": "87", "x": "518"}, {"y": "90", "x": "519"}, {"y": "94", "x": "520"}, {"y": "97", "x": "520"}, {"y": "100", "x": "521"}, {"y": "103", "x": "522"}, {"y": "103", "x": "522"}, {"y": "103", "x": "522"}, {"y": "107", "x": "524"}, {"y": "110", "x": "525"}, {"y": "113", "x": "527"}, {"y": "117", "x": "529"}, {"y": "120", "x": "531"}, {"y": "123", "x": "532"}, {"y": "126", "x": "534"}, {"y": "130", "x": "536"}, {"y": "133", "x": "537"}, {"y": "136", "x": "539"}, {"y": "140", "x": "541"}, {"y": "143", "x": "543"}, {"y": "146", "x": "544"}, {"y": "146", "x": "544"}, {"y": "146", "x": "544"}, {"y": "149", "x": "546"}, {"y": "153", "x": "548"}, {"y": "156", "x": "550"}, {"y": "159", "x": "552"}, {"y": "163", "x": "554"}, {"y": "166", "x": "556"}, {"y": "169", "x": "558"}, {"y": "172", "x": "560"}, {"y": "176", "x": "562"}, {"y": "179", "x": "564"}, {"y": "182", "x": "566"}, {"y": "185", "x": "567"}, {"y": "189", "x": "569"}, {"y": "192", "x": "571"}, {"y": "192", "x": "571"}, {"y": "192", "x": "571"}, {"y": "195", "x": "574"}, {"y": "199", "x": "576"}, {"y": "202", "x": "579"}, {"y": "205", "x": "581"}, {"y": "209", "x": "584"}, {"y": "212", "x": "586"}, {"y": "216", "x": "589"}, {"y": "219", "x": "591"}, {"y": "222", "x": "594"}, {"y": "226", "x": "596"}, {"y": "226", "x": "596"}, {"y": "226", "x": "596"}, {"y": "229", "x": "599"}, {"y": "233", "x": "603"}, {"y": "236", "x": "606"}, {"y": "239", "x": "609"}, {"y": "243", "x": "612"}, {"y": "246", "x": "616"}, {"y": "249", "x": "619"}, {"y": "253", "x": "622"}, {"y": "256", "x": "625"}, {"y": "259", "x": "629"}, {"y": "263", "x": "632"}, {"y": "266", "x": "635"}, {"y": "270", "x": "638"}, {"y": "270", "x": "639"}], [{"y": "7", "x": "62"}, {"y": "7", "x": "62"}, {"y": "14", "x": "71"}, {"y": "19", "x": "85"}, {"y": "19", "x": "85"}, {"y": "24", "x": "98"}, {"y": "24", "x": "98"}, {"y": "32", "x": "114"}, {"y": "32", "x": "114"}, {"y": "36", "x": "128"}, {"y": "36", "x": "128"}, {"y": "38", "x": "144"}, {"y": "36", "x": "158"}, {"y": "34", "x": "176"}, {"y": "29", "x": "193"}, {"y": "29", "x": "193"}, {"y": "24", "x": "209"}, {"y": "24", "x": "209"}, {"y": "18", "x": "222"}, {"y": "18", "x": "222"}, {"y": "13", "x": "235"}, {"y": "13", "x": "235"}, {"y": "13", "x": "235"}, {"y": "9", "x": "242"}, {"y": "4", "x": "248"}, {"y": "0", "x": "255"}, {"y": "0", "x": "255"}]]}