{"Lines": [[{"y": "294", "x": "1"}, {"y": "294", "x": "1"}, {"y": "291", "x": "2"}, {"y": "288", "x": "4"}, {"y": "285", "x": "6"}, {"y": "282", "x": "8"}, {"y": "279", "x": "9"}, {"y": "276", "x": "11"}, {"y": "273", "x": "13"}, {"y": "270", "x": "15"}, {"y": "267", "x": "16"}, {"y": "264", "x": "18"}, {"y": "261", "x": "20"}, {"y": "258", "x": "22"}, {"y": "255", "x": "23"}, {"y": "252", "x": "25"}, {"y": "248", "x": "27"}, {"y": "245", "x": "29"}, {"y": "242", "x": "30"}, {"y": "239", "x": "32"}, {"y": "236", "x": "34"}, {"y": "233", "x": "36"}, {"y": "230", "x": "37"}, {"y": "227", "x": "39"}, {"y": "224", "x": "41"}, {"y": "221", "x": "43"}, {"y": "218", "x": "44"}, {"y": "215", "x": "46"}, {"y": "212", "x": "48"}, {"y": "209", "x": "50"}, {"y": "206", "x": "51"}, {"y": "203", "x": "53"}, {"y": "199", "x": "55"}, {"y": "196", "x": "57"}, {"y": "193", "x": "58"}, {"y": "190", "x": "60"}, {"y": "187", "x": "62"}, {"y": "184", "x": "64"}, {"y": "181", "x": "65"}, {"y": "178", "x": "67"}, {"y": "175", "x": "69"}, {"y": "172", "x": "71"}, {"y": "169", "x": "72"}, {"y": "166", "x": "74"}, {"y": "163", "x": "76"}, {"y": "160", "x": "78"}, {"y": "157", "x": "79"}, {"y": "154", "x": "81"}, {"y": "151", "x": "83"}, {"y": "147", "x": "85"}, {"y": "144", "x": "86"}, {"y": "141", "x": "88"}, {"y": "138", "x": "90"}, {"y": "135", "x": "92"}, {"y": "132", "x": "93"}, {"y": "129", "x": "95"}, {"y": "126", "x": "97"}, {"y": "123", "x": "99"}, {"y": "120", "x": "100"}, {"y": "117", "x": "102"}, {"y": "114", "x": "104"}, {"y": "111", "x": "106"}, {"y": "108", "x": "107"}, {"y": "105", "x": "109"}, {"y": "102", "x": "111"}, {"y": "98", "x": "113"}, {"y": "98", "x": "113"}, {"y": "95", "x": "115"}, {"y": "92", "x": "116"}, {"y": "89", "x": "118"}, {"y": "86", "x": "120"}, {"y": "82", "x": "122"}, {"y": "79", "x": "124"}, {"y": "76", "x": "126"}, {"y": "73", "x": "128"}, {"y": "70", "x": "130"}, {"y": "67", "x": "132"}, {"y": "63", "x": "134"}, {"y": "60", "x": "136"}, {"y": "57", "x": "138"}, {"y": "54", "x": "140"}, {"y": "51", "x": "142"}, {"y": "47", "x": "144"}, {"y": "44", "x": "146"}, {"y": "41", "x": "148"}, {"y": "38", "x": "150"}, {"y": "35", "x": "152"}, {"y": "31", "x": "154"}, {"y": "28", "x": "156"}, {"y": "25", "x": "158"}, {"y": "22", "x": "160"}, {"y": "19", "x": "162"}, {"y": "15", "x": "164"}, {"y": "12", "x": "166"}, {"y": "9", "x": "168"}, {"y": "6", "x": "170"}, {"y": "3", "x": "172"}, {"y": "0", "x": "174"}], [{"y": "1", "x": "413"}, {"y": "1", "x": "413"}, {"y": "4", "x": "414"}, {"y": "7", "x": "416"}, {"y": "10", "x": "417"}, {"y": "13", "x": "418"}, {"y": "16", "x": "419"}, {"y": "19", "x": "421"}, {"y": "22", "x": "422"}, {"y": "25", "x": "423"}, {"y": "28", "x": "424"}, {"y": "31", "x": "426"}, {"y": "34", "x": "427"}, {"y": "37", "x": "428"}, {"y": "41", "x": "430"}, {"y": "44", "x": "431"}, {"y": "47", "x": "432"}, {"y": "50", "x": "433"}, {"y": "53", "x": "435"}, {"y": "56", "x": "436"}, {"y": "59", "x": "437"}, {"y": "62", "x": "438"}, {"y": "65", "x": "440"}, {"y": "68", "x": "441"}, {"y": "71", "x": "442"}, {"y": "74", "x": "444"}, {"y": "77", "x": "445"}, {"y": "81", "x": "446"}, {"y": "84", "x": "447"}, {"y": "87", "x": "449"}, {"y": "90", "x": "450"}, {"y": "93", "x": "451"}, {"y": "96", "x": "453"}, {"y": "99", "x": "454"}, {"y": "102", "x": "455"}, {"y": "105", "x": "456"}, {"y": "108", "x": "458"}, {"y": "111", "x": "459"}, {"y": "114", "x": "460"}, {"y": "118", "x": "461"}, {"y": "121", "x": "463"}, {"y": "124", "x": "464"}, {"y": "127", "x": "465"}, {"y": "130", "x": "467"}, {"y": "133", "x": "468"}, {"y": "136", "x": "469"}, {"y": "139", "x": "470"}, {"y": "142", "x": "472"}, {"y": "145", "x": "473"}, {"y": "148", "x": "474"}, {"y": "151", "x": "476"}, {"y": "154", "x": "477"}, {"y": "158", "x": "478"}, {"y": "161", "x": "479"}, {"y": "164", "x": "481"}, {"y": "167", "x": "482"}, {"y": "170", "x": "483"}, {"y": "170", "x": "483"}, {"y": "170", "x": "483"}, {"y": "173", "x": "484"}, {"y": "176", "x": "486"}, {"y": "179", "x": "487"}, {"y": "182", "x": "488"}, {"y": "185", "x": "490"}, {"y": "188", "x": "491"}, {"y": "192", "x": "492"}, {"y": "195", "x": "494"}, {"y": "198", "x": "495"}, {"y": "201", "x": "496"}, {"y": "204", "x": "498"}, {"y": "207", "x": "499"}, {"y": "210", "x": "500"}, {"y": "213", "x": "502"}, {"y": "216", "x": "503"}, {"y": "219", "x": "504"}, {"y": "222", "x": "506"}, {"y": "226", "x": "507"}, {"y": "229", "x": "508"}, {"y": "232", "x": "510"}, {"y": "235", "x": "511"}, {"y": "238", "x": "512"}, {"y": "241", "x": "513"}, {"y": "244", "x": "515"}, {"y": "247", "x": "516"}, {"y": "250", "x": "517"}, {"y": "253", "x": "519"}, {"y": "256", "x": "520"}, {"y": "260", "x": "521"}, {"y": "263", "x": "523"}, {"y": "266", "x": "524"}, {"y": "269", "x": "525"}, {"y": "272", "x": "527"}, {"y": "275", "x": "528"}, {"y": "278", "x": "529"}, {"y": "281", "x": "531"}, {"y": "284", "x": "532"}, {"y": "287", "x": "533"}, {"y": "290", "x": "535"}, {"y": "294", "x": "536"}, {"y": "297", "x": "537"}, {"y": "300", "x": "538"}, {"y": "303", "x": "540"}, {"y": "306", "x": "541"}, {"y": "309", "x": "542"}, {"y": "312", "x": "544"}, {"y": "315", "x": "545"}, {"y": "318", "x": "546"}, {"y": "321", "x": "548"}, {"y": "324", "x": "549"}, {"y": "328", "x": "550"}, {"y": "331", "x": "552"}, {"y": "334", "x": "553"}, {"y": "337", "x": "554"}, {"y": "340", "x": "556"}, {"y": "343", "x": "557"}, {"y": "346", "x": "558"}, {"y": "349", "x": "560"}, {"y": "352", "x": "561"}, {"y": "355", "x": "562"}, {"y": "359", "x": "564"}, {"y": "359", "x": "564"}]]}