{"Lines": [[{"y": "327", "x": "2"}, {"y": "327", "x": "2"}, {"y": "324", "x": "5"}, {"y": "320", "x": "9"}, {"y": "317", "x": "12"}, {"y": "314", "x": "16"}, {"y": "310", "x": "20"}, {"y": "307", "x": "23"}, {"y": "303", "x": "27"}, {"y": "300", "x": "31"}, {"y": "296", "x": "34"}, {"y": "293", "x": "38"}, {"y": "289", "x": "42"}, {"y": "286", "x": "45"}, {"y": "286", "x": "45"}, {"y": "286", "x": "45"}, {"y": "283", "x": "47"}, {"y": "280", "x": "49"}, {"y": "276", "x": "51"}, {"y": "273", "x": "53"}, {"y": "270", "x": "55"}, {"y": "267", "x": "57"}, {"y": "264", "x": "59"}, {"y": "261", "x": "60"}, {"y": "258", "x": "62"}, {"y": "255", "x": "64"}, {"y": "252", "x": "66"}, {"y": "248", "x": "68"}, {"y": "245", "x": "70"}, {"y": "242", "x": "72"}, {"y": "239", "x": "74"}, {"y": "236", "x": "76"}, {"y": "233", "x": "78"}, {"y": "230", "x": "79"}, {"y": "227", "x": "81"}, {"y": "223", "x": "83"}, {"y": "220", "x": "85"}, {"y": "217", "x": "87"}, {"y": "214", "x": "89"}, {"y": "211", "x": "91"}, {"y": "208", "x": "93"}, {"y": "205", "x": "95"}, {"y": "202", "x": "97"}, {"y": "199", "x": "98"}, {"y": "195", "x": "100"}, {"y": "192", "x": "102"}, {"y": "189", "x": "104"}, {"y": "186", "x": "106"}, {"y": "183", "x": "108"}, {"y": "180", "x": "110"}, {"y": "177", "x": "112"}, {"y": "174", "x": "114"}, {"y": "170", "x": "116"}, {"y": "167", "x": "117"}, {"y": "164", "x": "119"}, {"y": "161", "x": "121"}, {"y": "158", "x": "123"}, {"y": "155", "x": "125"}, {"y": "152", "x": "127"}, {"y": "149", "x": "129"}, {"y": "146", "x": "131"}, {"y": "142", "x": "133"}, {"y": "139", "x": "135"}, {"y": "139", "x": "135"}, {"y": "139", "x": "135"}, {"y": "136", "x": "136"}, {"y": "133", "x": "138"}, {"y": "130", "x": "140"}, {"y": "127", "x": "141"}, {"y": "124", "x": "143"}, {"y": "121", "x": "145"}, {"y": "118", "x": "146"}, {"y": "115", "x": "148"}, {"y": "112", "x": "150"}, {"y": "109", "x": "151"}, {"y": "105", "x": "153"}, {"y": "102", "x": "155"}, {"y": "99", "x": "157"}, {"y": "96", "x": "158"}, {"y": "93", "x": "160"}, {"y": "90", "x": "162"}, {"y": "87", "x": "163"}, {"y": "84", "x": "165"}, {"y": "81", "x": "167"}, {"y": "78", "x": "168"}, {"y": "75", "x": "170"}, {"y": "72", "x": "172"}, {"y": "69", "x": "173"}, {"y": "65", "x": "175"}, {"y": "62", "x": "177"}, {"y": "59", "x": "178"}, {"y": "56", "x": "180"}, {"y": "53", "x": "182"}, {"y": "50", "x": "184"}, {"y": "47", "x": "185"}, {"y": "44", "x": "187"}, {"y": "41", "x": "189"}, {"y": "38", "x": "190"}, {"y": "35", "x": "192"}, {"y": "32", "x": "194"}, {"y": "29", "x": "195"}, {"y": "26", "x": "197"}, {"y": "22", "x": "199"}, {"y": "19", "x": "200"}, {"y": "16", "x": "202"}, {"y": "13", "x": "204"}, {"y": "10", "x": "205"}, {"y": "7", "x": "207"}, {"y": "4", "x": "209"}, {"y": "1", "x": "211"}, {"y": "1", "x": "211"}], [{"y": "1", "x": "457"}, {"y": "1", "x": "457"}, {"y": "4", "x": "458"}, {"y": "8", "x": "459"}, {"y": "11", "x": "461"}, {"y": "14", "x": "462"}, {"y": "17", "x": "463"}, {"y": "20", "x": "465"}, {"y": "23", "x": "466"}, {"y": "26", "x": "467"}, {"y": "29", "x": "468"}, {"y": "33", "x": "470"}, {"y": "36", "x": "471"}, {"y": "39", "x": "472"}, {"y": "42", "x": "474"}, {"y": "45", "x": "475"}, {"y": "48", "x": "476"}, {"y": "51", "x": "478"}, {"y": "54", "x": "479"}, {"y": "58", "x": "480"}, {"y": "61", "x": "482"}, {"y": "64", "x": "483"}, {"y": "67", "x": "484"}, {"y": "70", "x": "486"}, {"y": "73", "x": "487"}, {"y": "76", "x": "488"}, {"y": "79", "x": "489"}, {"y": "83", "x": "491"}, {"y": "86", "x": "492"}, {"y": "89", "x": "493"}, {"y": "92", "x": "495"}, {"y": "95", "x": "496"}, {"y": "98", "x": "497"}, {"y": "101", "x": "499"}, {"y": "101", "x": "499"}, {"y": "101", "x": "499"}, {"y": "104", "x": "500"}, {"y": "107", "x": "502"}, {"y": "111", "x": "503"}, {"y": "114", "x": "504"}, {"y": "117", "x": "506"}, {"y": "120", "x": "507"}, {"y": "123", "x": "509"}, {"y": "126", "x": "510"}, {"y": "129", "x": "511"}, {"y": "132", "x": "513"}, {"y": "135", "x": "514"}, {"y": "138", "x": "516"}, {"y": "141", "x": "517"}, {"y": "144", "x": "519"}, {"y": "148", "x": "520"}, {"y": "151", "x": "521"}, {"y": "154", "x": "523"}, {"y": "157", "x": "524"}, {"y": "160", "x": "526"}, {"y": "163", "x": "527"}, {"y": "166", "x": "529"}, {"y": "169", "x": "530"}, {"y": "172", "x": "531"}, {"y": "175", "x": "533"}, {"y": "178", "x": "534"}, {"y": "181", "x": "536"}, {"y": "185", "x": "537"}, {"y": "188", "x": "538"}, {"y": "191", "x": "540"}, {"y": "194", "x": "541"}, {"y": "197", "x": "543"}, {"y": "200", "x": "544"}, {"y": "203", "x": "546"}, {"y": "206", "x": "547"}, {"y": "209", "x": "548"}, {"y": "212", "x": "550"}, {"y": "215", "x": "551"}, {"y": "218", "x": "553"}, {"y": "222", "x": "554"}, {"y": "225", "x": "556"}, {"y": "228", "x": "557"}, {"y": "231", "x": "558"}, {"y": "234", "x": "560"}, {"y": "237", "x": "561"}, {"y": "240", "x": "563"}, {"y": "243", "x": "564"}, {"y": "246", "x": "565"}, {"y": "249", "x": "567"}, {"y": "252", "x": "568"}, {"y": "255", "x": "570"}, {"y": "259", "x": "571"}, {"y": "262", "x": "573"}, {"y": "265", "x": "574"}, {"y": "268", "x": "575"}, {"y": "271", "x": "577"}, {"y": "274", "x": "578"}, {"y": "274", "x": "578"}, {"y": "277", "x": "580"}, {"y": "280", "x": "582"}, {"y": "283", "x": "584"}, {"y": "286", "x": "586"}, {"y": "290", "x": "588"}, {"y": "293", "x": "589"}, {"y": "296", "x": "591"}, {"y": "299", "x": "593"}, {"y": "302", "x": "595"}, {"y": "305", "x": "597"}, {"y": "308", "x": "599"}, {"y": "312", "x": "601"}, {"y": "315", "x": "602"}, {"y": "318", "x": "604"}, {"y": "321", "x": "606"}, {"y": "324", "x": "608"}, {"y": "327", "x": "610"}, {"y": "330", "x": "612"}, {"y": "333", "x": "614"}, {"y": "337", "x": "615"}, {"y": "340", "x": "617"}, {"y": "343", "x": "619"}, {"y": "346", "x": "621"}, {"y": "349", "x": "623"}, {"y": "352", "x": "625"}, {"y": "355", "x": "627"}, {"y": "359", "x": "629"}]]}