{"Lines": [[{"y": "252", "x": "0"}, {"y": "252", "x": "0"}, {"y": "248", "x": "1"}, {"y": "245", "x": "3"}, {"y": "242", "x": "4"}, {"y": "239", "x": "6"}, {"y": "236", "x": "7"}, {"y": "233", "x": "9"}, {"y": "230", "x": "10"}, {"y": "227", "x": "12"}, {"y": "224", "x": "14"}, {"y": "220", "x": "15"}, {"y": "217", "x": "17"}, {"y": "214", "x": "18"}, {"y": "211", "x": "20"}, {"y": "208", "x": "21"}, {"y": "205", "x": "23"}, {"y": "202", "x": "25"}, {"y": "199", "x": "26"}, {"y": "196", "x": "28"}, {"y": "193", "x": "29"}, {"y": "189", "x": "31"}, {"y": "186", "x": "32"}, {"y": "183", "x": "34"}, {"y": "180", "x": "35"}, {"y": "177", "x": "37"}, {"y": "174", "x": "39"}, {"y": "171", "x": "40"}, {"y": "168", "x": "42"}, {"y": "165", "x": "43"}, {"y": "162", "x": "45"}, {"y": "158", "x": "46"}, {"y": "155", "x": "48"}, {"y": "152", "x": "50"}, {"y": "149", "x": "51"}, {"y": "146", "x": "53"}, {"y": "143", "x": "54"}, {"y": "140", "x": "56"}, {"y": "137", "x": "57"}, {"y": "134", "x": "59"}, {"y": "130", "x": "61"}, {"y": "127", "x": "62"}, {"y": "124", "x": "64"}, {"y": "121", "x": "65"}, {"y": "118", "x": "67"}, {"y": "115", "x": "68"}, {"y": "112", "x": "70"}, {"y": "109", "x": "71"}, {"y": "106", "x": "73"}, {"y": "103", "x": "75"}, {"y": "103", "x": "75"}, {"y": "103", "x": "75"}, {"y": "99", "x": "76"}, {"y": "96", "x": "78"}, {"y": "93", "x": "80"}, {"y": "90", "x": "81"}, {"y": "87", "x": "83"}, {"y": "84", "x": "84"}, {"y": "81", "x": "86"}, {"y": "78", "x": "88"}, {"y": "74", "x": "89"}, {"y": "71", "x": "91"}, {"y": "68", "x": "93"}, {"y": "65", "x": "94"}, {"y": "62", "x": "96"}, {"y": "59", "x": "97"}, {"y": "56", "x": "99"}, {"y": "53", "x": "101"}, {"y": "49", "x": "102"}, {"y": "46", "x": "104"}, {"y": "43", "x": "106"}, {"y": "40", "x": "107"}, {"y": "37", "x": "109"}, {"y": "34", "x": "111"}, {"y": "31", "x": "112"}, {"y": "28", "x": "114"}, {"y": "24", "x": "115"}, {"y": "21", "x": "117"}, {"y": "18", "x": "119"}, {"y": "15", "x": "120"}, {"y": "12", "x": "122"}, {"y": "9", "x": "124"}, {"y": "6", "x": "125"}, {"y": "3", "x": "127"}, {"y": "0", "x": "129"}, {"y": "0", "x": "129"}], [{"y": "0", "x": "378"}, {"y": "0", "x": "378"}, {"y": "3", "x": "380"}, {"y": "6", "x": "381"}, {"y": "9", "x": "382"}, {"y": "12", "x": "383"}, {"y": "15", "x": "385"}, {"y": "18", "x": "386"}, {"y": "22", "x": "387"}, {"y": "25", "x": "389"}, {"y": "28", "x": "390"}, {"y": "31", "x": "391"}, {"y": "34", "x": "393"}, {"y": "37", "x": "394"}, {"y": "40", "x": "395"}, {"y": "43", "x": "396"}, {"y": "47", "x": "398"}, {"y": "50", "x": "399"}, {"y": "53", "x": "400"}, {"y": "56", "x": "402"}, {"y": "59", "x": "403"}, {"y": "62", "x": "404"}, {"y": "65", "x": "405"}, {"y": "68", "x": "407"}, {"y": "71", "x": "408"}, {"y": "75", "x": "409"}, {"y": "78", "x": "411"}, {"y": "81", "x": "412"}, {"y": "84", "x": "413"}, {"y": "87", "x": "415"}, {"y": "90", "x": "416"}, {"y": "93", "x": "417"}, {"y": "96", "x": "418"}, {"y": "100", "x": "420"}, {"y": "103", "x": "421"}, {"y": "106", "x": "422"}, {"y": "109", "x": "424"}, {"y": "112", "x": "425"}, {"y": "115", "x": "426"}, {"y": "118", "x": "428"}, {"y": "121", "x": "429"}, {"y": "125", "x": "430"}, {"y": "125", "x": "430"}, {"y": "125", "x": "430"}, {"y": "128", "x": "432"}, {"y": "131", "x": "433"}, {"y": "134", "x": "435"}, {"y": "137", "x": "436"}, {"y": "140", "x": "438"}, {"y": "143", "x": "439"}, {"y": "146", "x": "441"}, {"y": "149", "x": "443"}, {"y": "152", "x": "444"}, {"y": "155", "x": "446"}, {"y": "158", "x": "447"}, {"y": "161", "x": "449"}, {"y": "164", "x": "450"}, {"y": "167", "x": "452"}, {"y": "171", "x": "453"}, {"y": "174", "x": "455"}, {"y": "177", "x": "457"}, {"y": "180", "x": "458"}, {"y": "183", "x": "460"}, {"y": "186", "x": "461"}, {"y": "189", "x": "463"}, {"y": "192", "x": "464"}, {"y": "195", "x": "466"}, {"y": "198", "x": "467"}, {"y": "201", "x": "469"}, {"y": "204", "x": "471"}, {"y": "207", "x": "472"}, {"y": "210", "x": "474"}, {"y": "213", "x": "475"}, {"y": "217", "x": "477"}, {"y": "220", "x": "478"}, {"y": "223", "x": "480"}, {"y": "226", "x": "482"}, {"y": "229", "x": "483"}, {"y": "232", "x": "485"}, {"y": "235", "x": "486"}, {"y": "238", "x": "488"}, {"y": "241", "x": "489"}, {"y": "244", "x": "491"}, {"y": "247", "x": "492"}, {"y": "250", "x": "494"}, {"y": "253", "x": "496"}, {"y": "256", "x": "497"}, {"y": "259", "x": "499"}, {"y": "262", "x": "500"}, {"y": "266", "x": "502"}, {"y": "269", "x": "503"}, {"y": "272", "x": "505"}, {"y": "275", "x": "506"}, {"y": "278", "x": "508"}, {"y": "281", "x": "510"}, {"y": "284", "x": "511"}, {"y": "287", "x": "513"}, {"y": "290", "x": "514"}, {"y": "293", "x": "516"}, {"y": "296", "x": "517"}, {"y": "299", "x": "519"}, {"y": "302", "x": "520"}, {"y": "305", "x": "522"}, {"y": "308", "x": "524"}, {"y": "312", "x": "525"}, {"y": "315", "x": "527"}, {"y": "318", "x": "528"}, {"y": "321", "x": "530"}, {"y": "324", "x": "531"}, {"y": "327", "x": "533"}, {"y": "330", "x": "534"}, {"y": "333", "x": "536"}, {"y": "336", "x": "538"}, {"y": "339", "x": "539"}, {"y": "342", "x": "541"}, {"y": "345", "x": "542"}, {"y": "348", "x": "544"}, {"y": "351", "x": "545"}, {"y": "354", "x": "547"}, {"y": "358", "x": "548"}, {"y": "358", "x": "549"}]]}