{"Lines": [[{"y": "33", "x": "0"}, {"y": "33", "x": "0"}, {"y": "191", "x": "0"}, {"y": "37", "x": "0"}, {"y": "191", "x": "0"}, {"y": "188", "x": "0"}, {"y": "40", "x": "0"}, {"y": "185", "x": "0"}, {"y": "181", "x": "1"}, {"y": "44", "x": "1"}, {"y": "178", "x": "1"}, {"y": "47", "x": "1"}, {"y": "175", "x": "1"}, {"y": "171", "x": "1"}, {"y": "51", "x": "2"}, {"y": "168", "x": "2"}, {"y": "54", "x": "2"}, {"y": "165", "x": "2"}, {"y": "162", "x": "2"}, {"y": "58", "x": "2"}, {"y": "158", "x": "3"}, {"y": "61", "x": "3"}, {"y": "155", "x": "3"}, {"y": "152", "x": "3"}, {"y": "65", "x": "3"}, {"y": "148", "x": "3"}, {"y": "68", "x": "4"}, {"y": "68", "x": "4"}, {"y": "68", "x": "4"}, {"y": "145", "x": "4"}, {"y": "72", "x": "4"}, {"y": "142", "x": "4"}, {"y": "76", "x": "4"}, {"y": "79", "x": "4"}, {"y": "138", "x": "4"}, {"y": "83", "x": "4"}, {"y": "86", "x": "4"}, {"y": "135", "x": "4"}, {"y": "135", "x": "4"}, {"y": "135", "x": "4"}, {"y": "132", "x": "4"}, {"y": "128", "x": "4"}, {"y": "90", "x": "4"}, {"y": "125", "x": "5"}, {"y": "121", "x": "5"}, {"y": "118", "x": "5"}, {"y": "114", "x": "5"}, {"y": "94", "x": "5"}, {"y": "111", "x": "5"}, {"y": "108", "x": "5"}, {"y": "104", "x": "5"}, {"y": "101", "x": "5"}, {"y": "97", "x": "5"}, {"y": "97", "x": "5"}, {"y": "97", "x": "5"}], [{"y": "3", "x": "250"}, {"y": "3", "x": "250"}, {"y": "7", "x": "253"}, {"y": "10", "x": "256"}, {"y": "13", "x": "260"}, {"y": "17", "x": "263"}, {"y": "20", "x": "266"}, {"y": "23", "x": "270"}, {"y": "27", "x": "273"}, {"y": "30", "x": "276"}, {"y": "33", "x": "280"}, {"y": "37", "x": "283"}, {"y": "40", "x": "286"}, {"y": "43", "x": "290"}, {"y": "47", "x": "293"}, {"y": "47", "x": "293"}, {"y": "47", "x": "293"}, {"y": "50", "x": "296"}, {"y": "53", "x": "299"}, {"y": "56", "x": "302"}, {"y": "60", "x": "304"}, {"y": "63", "x": "307"}, {"y": "66", "x": "310"}, {"y": "69", "x": "313"}, {"y": "73", "x": "316"}, {"y": "76", "x": "319"}, {"y": "79", "x": "322"}, {"y": "82", "x": "325"}, {"y": "86", "x": "327"}, {"y": "89", "x": "330"}, {"y": "92", "x": "333"}, {"y": "95", "x": "336"}, {"y": "99", "x": "339"}, {"y": "102", "x": "342"}, {"y": "105", "x": "345"}, {"y": "108", "x": "348"}, {"y": "112", "x": "351"}, {"y": "112", "x": "351"}, {"y": "112", "x": "351"}, {"y": "115", "x": "353"}, {"y": "118", "x": "356"}, {"y": "121", "x": "358"}, {"y": "124", "x": "361"}, {"y": "127", "x": "363"}, {"y": "131", "x": "366"}, {"y": "134", "x": "368"}, {"y": "137", "x": "371"}, {"y": "140", "x": "373"}, {"y": "143", "x": "376"}, {"y": "147", "x": "378"}, {"y": "150", "x": "381"}, {"y": "153", "x": "383"}, {"y": "156", "x": "386"}, {"y": "159", "x": "388"}, {"y": "163", "x": "391"}, {"y": "166", "x": "393"}, {"y": "169", "x": "396"}, {"y": "172", "x": "398"}, {"y": "175", "x": "401"}, {"y": "179", "x": "404"}, {"y": "182", "x": "406"}, {"y": "185", "x": "409"}, {"y": "188", "x": "411"}, {"y": "191", "x": "414"}, {"y": "194", "x": "416"}, {"y": "198", "x": "419"}, {"y": "198", "x": "419"}, {"y": "198", "x": "419"}, {"y": "201", "x": "421"}, {"y": "204", "x": "423"}, {"y": "207", "x": "426"}, {"y": "210", "x": "428"}, {"y": "213", "x": "431"}, {"y": "216", "x": "433"}, {"y": "219", "x": "435"}, {"y": "222", "x": "438"}, {"y": "225", "x": "440"}, {"y": "229", "x": "443"}, {"y": "232", "x": "445"}, {"y": "235", "x": "447"}, {"y": "238", "x": "450"}, {"y": "241", "x": "452"}, {"y": "244", "x": "455"}, {"y": "247", "x": "457"}, {"y": "250", "x": "459"}, {"y": "253", "x": "462"}, {"y": "256", "x": "464"}, {"y": "260", "x": "467"}, {"y": "263", "x": "469"}, {"y": "266", "x": "471"}, {"y": "269", "x": "474"}, {"y": "272", "x": "476"}, {"y": "275", "x": "479"}, {"y": "278", "x": "481"}, {"y": "281", "x": "483"}, {"y": "284", "x": "486"}, {"y": "287", "x": "488"}, {"y": "290", "x": "491"}, {"y": "294", "x": "493"}, {"y": "297", "x": "495"}, {"y": "300", "x": "498"}, {"y": "303", "x": "500"}, {"y": "306", "x": "503"}, {"y": "309", "x": "505"}, {"y": "312", "x": "507"}, {"y": "315", "x": "510"}, {"y": "318", "x": "512"}, {"y": "321", "x": "515"}, {"y": "324", "x": "517"}, {"y": "328", "x": "519"}, {"y": "331", "x": "522"}, {"y": "334", "x": "524"}, {"y": "337", "x": "527"}, {"y": "340", "x": "529"}, {"y": "343", "x": "531"}, {"y": "346", "x": "534"}, {"y": "349", "x": "536"}, {"y": "352", "x": "539"}, {"y": "355", "x": "541"}, {"y": "359", "x": "544"}]]}