{"Lines": [[{"y": "357", "x": "16"}, {"y": "357", "x": "16"}, {"y": "354", "x": "18"}, {"y": "351", "x": "21"}, {"y": "348", "x": "23"}, {"y": "345", "x": "25"}, {"y": "342", "x": "28"}, {"y": "339", "x": "30"}, {"y": "336", "x": "32"}, {"y": "333", "x": "34"}, {"y": "330", "x": "37"}, {"y": "327", "x": "39"}, {"y": "324", "x": "41"}, {"y": "320", "x": "43"}, {"y": "317", "x": "46"}, {"y": "314", "x": "48"}, {"y": "311", "x": "50"}, {"y": "308", "x": "52"}, {"y": "305", "x": "55"}, {"y": "302", "x": "57"}, {"y": "299", "x": "59"}, {"y": "296", "x": "61"}, {"y": "293", "x": "64"}, {"y": "290", "x": "66"}, {"y": "287", "x": "68"}, {"y": "284", "x": "70"}, {"y": "281", "x": "73"}, {"y": "278", "x": "75"}, {"y": "274", "x": "77"}, {"y": "271", "x": "79"}, {"y": "268", "x": "82"}, {"y": "265", "x": "84"}, {"y": "262", "x": "86"}, {"y": "259", "x": "88"}, {"y": "256", "x": "91"}, {"y": "253", "x": "93"}, {"y": "250", "x": "95"}, {"y": "247", "x": "97"}, {"y": "244", "x": "100"}, {"y": "241", "x": "102"}, {"y": "238", "x": "104"}, {"y": "235", "x": "106"}, {"y": "232", "x": "109"}, {"y": "229", "x": "111"}, {"y": "225", "x": "113"}, {"y": "222", "x": "115"}, {"y": "219", "x": "118"}, {"y": "216", "x": "120"}, {"y": "213", "x": "122"}, {"y": "210", "x": "124"}, {"y": "207", "x": "127"}, {"y": "204", "x": "129"}, {"y": "201", "x": "131"}, {"y": "198", "x": "133"}, {"y": "195", "x": "136"}, {"y": "192", "x": "138"}, {"y": "189", "x": "140"}, {"y": "186", "x": "142"}, {"y": "183", "x": "145"}, {"y": "180", "x": "147"}, {"y": "176", "x": "149"}, {"y": "173", "x": "151"}, {"y": "170", "x": "154"}, {"y": "167", "x": "156"}, {"y": "164", "x": "158"}, {"y": "161", "x": "160"}, {"y": "158", "x": "163"}, {"y": "155", "x": "165"}, {"y": "152", "x": "167"}, {"y": "152", "x": "167"}, {"y": "152", "x": "167"}, {"y": "149", "x": "169"}, {"y": "146", "x": "171"}, {"y": "143", "x": "173"}, {"y": "139", "x": "175"}, {"y": "136", "x": "177"}, {"y": "133", "x": "179"}, {"y": "130", "x": "181"}, {"y": "127", "x": "182"}, {"y": "124", "x": "184"}, {"y": "121", "x": "186"}, {"y": "118", "x": "188"}, {"y": "115", "x": "190"}, {"y": "111", "x": "192"}, {"y": "108", "x": "194"}, {"y": "105", "x": "196"}, {"y": "102", "x": "198"}, {"y": "99", "x": "200"}, {"y": "96", "x": "202"}, {"y": "93", "x": "203"}, {"y": "90", "x": "205"}, {"y": "87", "x": "207"}, {"y": "83", "x": "209"}, {"y": "80", "x": "211"}, {"y": "77", "x": "213"}, {"y": "74", "x": "215"}, {"y": "71", "x": "217"}, {"y": "68", "x": "219"}, {"y": "65", "x": "221"}, {"y": "62", "x": "222"}, {"y": "59", "x": "224"}, {"y": "55", "x": "226"}, {"y": "52", "x": "228"}, {"y": "49", "x": "230"}, {"y": "46", "x": "232"}, {"y": "43", "x": "234"}, {"y": "40", "x": "236"}, {"y": "37", "x": "238"}, {"y": "34", "x": "240"}, {"y": "31", "x": "241"}, {"y": "27", "x": "243"}, {"y": "24", "x": "245"}, {"y": "21", "x": "247"}, {"y": "18", "x": "249"}, {"y": "15", "x": "251"}, {"y": "12", "x": "253"}, {"y": "9", "x": "255"}, {"y": "6", "x": "257"}, {"y": "3", "x": "259"}, {"y": "0", "x": "261"}], [{"y": "0", "x": "497"}, {"y": "0", "x": "497"}, {"y": "3", "x": "499"}, {"y": "6", "x": "500"}, {"y": "10", "x": "501"}, {"y": "13", "x": "503"}, {"y": "16", "x": "504"}, {"y": "19", "x": "506"}, {"y": "22", "x": "507"}, {"y": "25", "x": "508"}, {"y": "28", "x": "510"}, {"y": "32", "x": "511"}, {"y": "35", "x": "512"}, {"y": "38", "x": "514"}, {"y": "41", "x": "515"}, {"y": "44", "x": "516"}, {"y": "47", "x": "518"}, {"y": "50", "x": "519"}, {"y": "54", "x": "520"}, {"y": "57", "x": "522"}, {"y": "60", "x": "523"}, {"y": "63", "x": "524"}, {"y": "66", "x": "526"}, {"y": "69", "x": "527"}, {"y": "73", "x": "528"}, {"y": "76", "x": "530"}, {"y": "79", "x": "531"}, {"y": "82", "x": "532"}, {"y": "85", "x": "534"}, {"y": "88", "x": "535"}, {"y": "91", "x": "536"}, {"y": "95", "x": "538"}, {"y": "98", "x": "539"}, {"y": "101", "x": "540"}, {"y": "104", "x": "542"}, {"y": "107", "x": "543"}, {"y": "110", "x": "544"}, {"y": "110", "x": "544"}, {"y": "110", "x": "544"}, {"y": "113", "x": "545"}, {"y": "116", "x": "546"}, {"y": "119", "x": "547"}, {"y": "123", "x": "548"}, {"y": "126", "x": "549"}, {"y": "129", "x": "550"}, {"y": "132", "x": "551"}, {"y": "135", "x": "552"}, {"y": "138", "x": "553"}, {"y": "141", "x": "554"}, {"y": "144", "x": "555"}, {"y": "147", "x": "556"}, {"y": "150", "x": "557"}, {"y": "153", "x": "558"}, {"y": "156", "x": "559"}, {"y": "159", "x": "560"}, {"y": "162", "x": "561"}, {"y": "165", "x": "562"}, {"y": "169", "x": "563"}, {"y": "172", "x": "564"}, {"y": "175", "x": "565"}, {"y": "178", "x": "566"}, {"y": "181", "x": "567"}, {"y": "184", "x": "568"}, {"y": "187", "x": "569"}, {"y": "190", "x": "569"}, {"y": "193", "x": "570"}, {"y": "196", "x": "571"}, {"y": "199", "x": "572"}, {"y": "202", "x": "573"}, {"y": "205", "x": "574"}, {"y": "208", "x": "575"}, {"y": "211", "x": "576"}, {"y": "214", "x": "577"}, {"y": "218", "x": "578"}, {"y": "221", "x": "579"}, {"y": "224", "x": "580"}, {"y": "227", "x": "581"}, {"y": "230", "x": "582"}, {"y": "233", "x": "583"}, {"y": "236", "x": "584"}, {"y": "239", "x": "585"}, {"y": "242", "x": "586"}, {"y": "245", "x": "587"}, {"y": "248", "x": "588"}, {"y": "251", "x": "589"}, {"y": "254", "x": "590"}, {"y": "257", "x": "591"}, {"y": "260", "x": "592"}, {"y": "264", "x": "593"}, {"y": "267", "x": "594"}, {"y": "270", "x": "595"}, {"y": "273", "x": "596"}, {"y": "276", "x": "596"}, {"y": "279", "x": "597"}, {"y": "282", "x": "598"}, {"y": "285", "x": "599"}, {"y": "288", "x": "600"}, {"y": "291", "x": "601"}, {"y": "294", "x": "602"}, {"y": "297", "x": "603"}, {"y": "300", "x": "604"}, {"y": "303", "x": "605"}, {"y": "306", "x": "606"}, {"y": "309", "x": "607"}, {"y": "313", "x": "608"}, {"y": "316", "x": "609"}, {"y": "319", "x": "610"}, {"y": "322", "x": "611"}, {"y": "325", "x": "612"}, {"y": "328", "x": "613"}, {"y": "331", "x": "614"}, {"y": "334", "x": "615"}, {"y": "337", "x": "616"}, {"y": "340", "x": "617"}, {"y": "343", "x": "618"}, {"y": "346", "x": "619"}, {"y": "349", "x": "620"}, {"y": "352", "x": "621"}, {"y": "355", "x": "622"}, {"y": "359", "x": "622"}, {"y": "359", "x": "623"}]]}