{"Lines": [[{"y": "312", "x": "2"}, {"y": "312", "x": "2"}, {"y": "309", "x": "4"}, {"y": "306", "x": "7"}, {"y": "303", "x": "10"}, {"y": "300", "x": "13"}, {"y": "296", "x": "15"}, {"y": "293", "x": "18"}, {"y": "290", "x": "21"}, {"y": "287", "x": "24"}, {"y": "284", "x": "26"}, {"y": "281", "x": "29"}, {"y": "278", "x": "32"}, {"y": "275", "x": "35"}, {"y": "272", "x": "37"}, {"y": "269", "x": "40"}, {"y": "265", "x": "43"}, {"y": "262", "x": "46"}, {"y": "259", "x": "48"}, {"y": "256", "x": "51"}, {"y": "253", "x": "54"}, {"y": "250", "x": "56"}, {"y": "247", "x": "59"}, {"y": "244", "x": "62"}, {"y": "241", "x": "65"}, {"y": "238", "x": "67"}, {"y": "234", "x": "70"}, {"y": "231", "x": "73"}, {"y": "228", "x": "76"}, {"y": "225", "x": "78"}, {"y": "222", "x": "81"}, {"y": "219", "x": "84"}, {"y": "216", "x": "87"}, {"y": "213", "x": "89"}, {"y": "210", "x": "92"}, {"y": "207", "x": "95"}, {"y": "204", "x": "98"}, {"y": "200", "x": "100"}, {"y": "197", "x": "103"}, {"y": "194", "x": "106"}, {"y": "191", "x": "109"}, {"y": "188", "x": "111"}, {"y": "185", "x": "114"}, {"y": "182", "x": "117"}, {"y": "179", "x": "120"}, {"y": "176", "x": "122"}, {"y": "173", "x": "125"}, {"y": "169", "x": "128"}, {"y": "166", "x": "131"}, {"y": "163", "x": "133"}, {"y": "160", "x": "136"}, {"y": "157", "x": "139"}, {"y": "154", "x": "142"}, {"y": "151", "x": "144"}, {"y": "148", "x": "147"}, {"y": "145", "x": "150"}, {"y": "142", "x": "153"}, {"y": "138", "x": "155"}, {"y": "138", "x": "155"}, {"y": "138", "x": "155"}, {"y": "135", "x": "159"}, {"y": "132", "x": "162"}, {"y": "129", "x": "165"}, {"y": "126", "x": "169"}, {"y": "123", "x": "172"}, {"y": "120", "x": "175"}, {"y": "116", "x": "178"}, {"y": "113", "x": "182"}, {"y": "110", "x": "185"}, {"y": "107", "x": "188"}, {"y": "104", "x": "191"}, {"y": "101", "x": "195"}, {"y": "98", "x": "198"}, {"y": "95", "x": "201"}, {"y": "91", "x": "205"}, {"y": "88", "x": "208"}, {"y": "85", "x": "211"}, {"y": "82", "x": "214"}, {"y": "79", "x": "218"}, {"y": "76", "x": "221"}, {"y": "73", "x": "224"}, {"y": "69", "x": "228"}, {"y": "66", "x": "231"}, {"y": "63", "x": "234"}, {"y": "60", "x": "237"}, {"y": "57", "x": "241"}, {"y": "54", "x": "244"}, {"y": "51", "x": "247"}, {"y": "47", "x": "251"}, {"y": "47", "x": "251"}, {"y": "44", "x": "254"}, {"y": "41", "x": "258"}, {"y": "37", "x": "261"}, {"y": "34", "x": "265"}, {"y": "30", "x": "268"}, {"y": "27", "x": "272"}, {"y": "23", "x": "276"}, {"y": "20", "x": "279"}, {"y": "17", "x": "283"}, {"y": "13", "x": "286"}, {"y": "10", "x": "290"}, {"y": "6", "x": "293"}, {"y": "3", "x": "297"}, {"y": "0", "x": "301"}], [{"y": "1", "x": "528"}, {"y": "1", "x": "528"}, {"y": "4", "x": "529"}, {"y": "7", "x": "530"}, {"y": "10", "x": "531"}, {"y": "14", "x": "531"}, {"y": "17", "x": "532"}, {"y": "20", "x": "533"}, {"y": "24", "x": "534"}, {"y": "27", "x": "535"}, {"y": "30", "x": "535"}, {"y": "34", "x": "536"}, {"y": "37", "x": "537"}, {"y": "40", "x": "538"}, {"y": "44", "x": "539"}, {"y": "47", "x": "539"}, {"y": "50", "x": "540"}, {"y": "54", "x": "541"}, {"y": "54", "x": "541"}, {"y": "57", "x": "542"}, {"y": "60", "x": "542"}, {"y": "63", "x": "543"}, {"y": "67", "x": "544"}, {"y": "70", "x": "544"}, {"y": "73", "x": "545"}, {"y": "76", "x": "546"}, {"y": "80", "x": "546"}, {"y": "83", "x": "547"}, {"y": "86", "x": "548"}, {"y": "89", "x": "548"}, {"y": "93", "x": "549"}, {"y": "96", "x": "550"}, {"y": "99", "x": "550"}, {"y": "103", "x": "551"}, {"y": "106", "x": "552"}, {"y": "106", "x": "552"}, {"y": "106", "x": "552"}, {"y": "109", "x": "552"}, {"y": "112", "x": "552"}, {"y": "116", "x": "553"}, {"y": "119", "x": "553"}, {"y": "122", "x": "553"}, {"y": "125", "x": "554"}, {"y": "128", "x": "554"}, {"y": "132", "x": "554"}, {"y": "135", "x": "555"}, {"y": "138", "x": "555"}, {"y": "141", "x": "555"}, {"y": "145", "x": "556"}, {"y": "148", "x": "556"}, {"y": "151", "x": "556"}, {"y": "154", "x": "557"}, {"y": "158", "x": "557"}, {"y": "161", "x": "557"}, {"y": "161", "x": "557"}, {"y": "164", "x": "558"}, {"y": "167", "x": "558"}, {"y": "170", "x": "558"}, {"y": "174", "x": "558"}, {"y": "177", "x": "559"}, {"y": "180", "x": "559"}, {"y": "183", "x": "559"}, {"y": "186", "x": "559"}, {"y": "189", "x": "559"}, {"y": "192", "x": "560"}, {"y": "196", "x": "560"}, {"y": "199", "x": "560"}, {"y": "202", "x": "560"}, {"y": "205", "x": "560"}, {"y": "208", "x": "561"}, {"y": "211", "x": "561"}, {"y": "215", "x": "561"}, {"y": "218", "x": "561"}, {"y": "221", "x": "562"}, {"y": "224", "x": "562"}, {"y": "227", "x": "562"}, {"y": "230", "x": "562"}, {"y": "234", "x": "562"}, {"y": "234", "x": "562"}, {"y": "237", "x": "563"}, {"y": "240", "x": "564"}, {"y": "243", "x": "564"}, {"y": "246", "x": "565"}, {"y": "249", "x": "565"}, {"y": "252", "x": "566"}, {"y": "255", "x": "567"}, {"y": "258", "x": "567"}, {"y": "261", "x": "568"}, {"y": "264", "x": "568"}, {"y": "267", "x": "569"}, {"y": "271", "x": "570"}, {"y": "274", "x": "570"}, {"y": "277", "x": "571"}, {"y": "280", "x": "572"}, {"y": "283", "x": "572"}, {"y": "286", "x": "573"}, {"y": "289", "x": "573"}, {"y": "292", "x": "574"}, {"y": "295", "x": "575"}, {"y": "298", "x": "575"}, {"y": "301", "x": "576"}, {"y": "304", "x": "576"}, {"y": "308", "x": "577"}, {"y": "311", "x": "578"}, {"y": "314", "x": "578"}, {"y": "317", "x": "579"}, {"y": "320", "x": "579"}, {"y": "323", "x": "580"}, {"y": "326", "x": "581"}, {"y": "329", "x": "581"}, {"y": "332", "x": "582"}, {"y": "335", "x": "583"}, {"y": "338", "x": "583"}, {"y": "341", "x": "584"}, {"y": "345", "x": "584"}, {"y": "348", "x": "585"}, {"y": "351", "x": "586"}, {"y": "354", "x": "586"}, {"y": "357", "x": "587"}, {"y": "357", "x": "587"}]]}