{"Lines": [[{"y": "347", "x": "1"}, {"y": "347", "x": "1"}, {"y": "344", "x": "3"}, {"y": "341", "x": "5"}, {"y": "338", "x": "6"}, {"y": "335", "x": "8"}, {"y": "332", "x": "10"}, {"y": "329", "x": "12"}, {"y": "326", "x": "14"}, {"y": "323", "x": "16"}, {"y": "320", "x": "18"}, {"y": "317", "x": "20"}, {"y": "314", "x": "22"}, {"y": "311", "x": "24"}, {"y": "308", "x": "26"}, {"y": "305", "x": "28"}, {"y": "301", "x": "30"}, {"y": "298", "x": "31"}, {"y": "295", "x": "33"}, {"y": "292", "x": "35"}, {"y": "289", "x": "37"}, {"y": "286", "x": "39"}, {"y": "283", "x": "41"}, {"y": "280", "x": "43"}, {"y": "277", "x": "45"}, {"y": "274", "x": "47"}, {"y": "271", "x": "49"}, {"y": "268", "x": "51"}, {"y": "265", "x": "53"}, {"y": "262", "x": "54"}, {"y": "259", "x": "56"}, {"y": "255", "x": "58"}, {"y": "252", "x": "60"}, {"y": "249", "x": "62"}, {"y": "246", "x": "64"}, {"y": "243", "x": "66"}, {"y": "240", "x": "68"}, {"y": "237", "x": "70"}, {"y": "234", "x": "72"}, {"y": "231", "x": "74"}, {"y": "228", "x": "76"}, {"y": "225", "x": "78"}, {"y": "222", "x": "79"}, {"y": "219", "x": "81"}, {"y": "216", "x": "83"}, {"y": "213", "x": "85"}, {"y": "209", "x": "87"}, {"y": "206", "x": "89"}, {"y": "203", "x": "91"}, {"y": "200", "x": "93"}, {"y": "197", "x": "95"}, {"y": "194", "x": "97"}, {"y": "191", "x": "99"}, {"y": "188", "x": "101"}, {"y": "185", "x": "103"}, {"y": "182", "x": "104"}, {"y": "179", "x": "106"}, {"y": "176", "x": "108"}, {"y": "173", "x": "110"}, {"y": "170", "x": "112"}, {"y": "167", "x": "114"}, {"y": "163", "x": "116"}, {"y": "160", "x": "118"}, {"y": "157", "x": "120"}, {"y": "154", "x": "122"}, {"y": "151", "x": "124"}, {"y": "148", "x": "126"}, {"y": "145", "x": "127"}, {"y": "142", "x": "129"}, {"y": "139", "x": "131"}, {"y": "136", "x": "133"}, {"y": "133", "x": "135"}, {"y": "130", "x": "137"}, {"y": "127", "x": "139"}, {"y": "124", "x": "141"}, {"y": "121", "x": "143"}, {"y": "117", "x": "145"}, {"y": "114", "x": "147"}, {"y": "111", "x": "149"}, {"y": "108", "x": "151"}, {"y": "108", "x": "151"}, {"y": "108", "x": "151"}, {"y": "105", "x": "152"}, {"y": "102", "x": "154"}, {"y": "99", "x": "156"}, {"y": "96", "x": "157"}, {"y": "93", "x": "159"}, {"y": "90", "x": "161"}, {"y": "87", "x": "163"}, {"y": "83", "x": "164"}, {"y": "80", "x": "166"}, {"y": "77", "x": "168"}, {"y": "74", "x": "169"}, {"y": "71", "x": "171"}, {"y": "68", "x": "173"}, {"y": "65", "x": "175"}, {"y": "62", "x": "176"}, {"y": "59", "x": "178"}, {"y": "55", "x": "180"}, {"y": "52", "x": "181"}, {"y": "49", "x": "183"}, {"y": "46", "x": "185"}, {"y": "43", "x": "187"}, {"y": "40", "x": "188"}, {"y": "37", "x": "190"}, {"y": "34", "x": "192"}, {"y": "31", "x": "193"}, {"y": "27", "x": "195"}, {"y": "24", "x": "197"}, {"y": "21", "x": "199"}, {"y": "18", "x": "200"}, {"y": "15", "x": "202"}, {"y": "12", "x": "204"}, {"y": "9", "x": "205"}, {"y": "6", "x": "207"}, {"y": "3", "x": "209"}, {"y": "0", "x": "211"}], [{"y": "5", "x": "479"}, {"y": "5", "x": "479"}, {"y": "9", "x": "480"}, {"y": "12", "x": "481"}, {"y": "15", "x": "483"}, {"y": "18", "x": "484"}, {"y": "21", "x": "486"}, {"y": "24", "x": "487"}, {"y": "27", "x": "488"}, {"y": "30", "x": "490"}, {"y": "34", "x": "491"}, {"y": "37", "x": "492"}, {"y": "40", "x": "494"}, {"y": "43", "x": "495"}, {"y": "46", "x": "496"}, {"y": "49", "x": "498"}, {"y": "52", "x": "499"}, {"y": "55", "x": "501"}, {"y": "58", "x": "502"}, {"y": "62", "x": "503"}, {"y": "65", "x": "505"}, {"y": "68", "x": "506"}, {"y": "71", "x": "507"}, {"y": "74", "x": "509"}, {"y": "77", "x": "510"}, {"y": "80", "x": "511"}, {"y": "83", "x": "513"}, {"y": "87", "x": "514"}, {"y": "90", "x": "516"}, {"y": "93", "x": "517"}, {"y": "96", "x": "518"}, {"y": "99", "x": "520"}, {"y": "102", "x": "521"}, {"y": "105", "x": "522"}, {"y": "108", "x": "524"}, {"y": "112", "x": "525"}, {"y": "115", "x": "527"}, {"y": "118", "x": "528"}, {"y": "121", "x": "529"}, {"y": "124", "x": "531"}, {"y": "127", "x": "532"}, {"y": "130", "x": "533"}, {"y": "133", "x": "535"}, {"y": "137", "x": "536"}, {"y": "140", "x": "537"}, {"y": "143", "x": "539"}, {"y": "146", "x": "540"}, {"y": "149", "x": "542"}, {"y": "149", "x": "542"}, {"y": "152", "x": "543"}, {"y": "155", "x": "544"}, {"y": "158", "x": "546"}, {"y": "161", "x": "547"}, {"y": "164", "x": "548"}, {"y": "168", "x": "549"}, {"y": "171", "x": "551"}, {"y": "174", "x": "552"}, {"y": "177", "x": "553"}, {"y": "180", "x": "555"}, {"y": "183", "x": "556"}, {"y": "186", "x": "557"}, {"y": "189", "x": "559"}, {"y": "192", "x": "560"}, {"y": "195", "x": "561"}, {"y": "198", "x": "563"}, {"y": "201", "x": "564"}, {"y": "205", "x": "565"}, {"y": "208", "x": "567"}, {"y": "211", "x": "568"}, {"y": "214", "x": "569"}, {"y": "217", "x": "571"}, {"y": "220", "x": "572"}, {"y": "223", "x": "573"}, {"y": "226", "x": "575"}, {"y": "229", "x": "576"}, {"y": "232", "x": "577"}, {"y": "235", "x": "579"}, {"y": "238", "x": "580"}, {"y": "241", "x": "581"}, {"y": "245", "x": "583"}, {"y": "248", "x": "584"}, {"y": "251", "x": "585"}, {"y": "254", "x": "587"}, {"y": "257", "x": "588"}, {"y": "260", "x": "589"}, {"y": "263", "x": "590"}, {"y": "266", "x": "592"}, {"y": "269", "x": "593"}, {"y": "272", "x": "594"}, {"y": "275", "x": "596"}, {"y": "278", "x": "597"}, {"y": "282", "x": "598"}, {"y": "285", "x": "600"}, {"y": "288", "x": "601"}, {"y": "291", "x": "602"}, {"y": "294", "x": "604"}, {"y": "297", "x": "605"}, {"y": "300", "x": "606"}, {"y": "303", "x": "608"}, {"y": "306", "x": "609"}, {"y": "309", "x": "610"}, {"y": "312", "x": "612"}, {"y": "315", "x": "613"}, {"y": "318", "x": "614"}, {"y": "322", "x": "616"}, {"y": "325", "x": "617"}, {"y": "328", "x": "618"}, {"y": "331", "x": "620"}, {"y": "334", "x": "621"}, {"y": "337", "x": "622"}, {"y": "340", "x": "624"}, {"y": "343", "x": "625"}, {"y": "346", "x": "626"}, {"y": "349", "x": "628"}, {"y": "352", "x": "629"}, {"y": "355", "x": "630"}, {"y": "359", "x": "632"}, {"y": "359", "x": "632"}]]}