{"Lines": [[{"y": "265", "x": "0"}, {"y": "265", "x": "0"}, {"y": "262", "x": "2"}, {"y": "258", "x": "5"}, {"y": "255", "x": "7"}, {"y": "252", "x": "9"}, {"y": "249", "x": "11"}, {"y": "246", "x": "13"}, {"y": "243", "x": "15"}, {"y": "240", "x": "17"}, {"y": "237", "x": "20"}, {"y": "234", "x": "22"}, {"y": "231", "x": "24"}, {"y": "228", "x": "26"}, {"y": "225", "x": "28"}, {"y": "222", "x": "30"}, {"y": "219", "x": "32"}, {"y": "216", "x": "34"}, {"y": "212", "x": "37"}, {"y": "209", "x": "39"}, {"y": "206", "x": "41"}, {"y": "203", "x": "43"}, {"y": "200", "x": "45"}, {"y": "197", "x": "47"}, {"y": "194", "x": "49"}, {"y": "191", "x": "51"}, {"y": "188", "x": "54"}, {"y": "185", "x": "56"}, {"y": "182", "x": "58"}, {"y": "179", "x": "60"}, {"y": "176", "x": "62"}, {"y": "173", "x": "64"}, {"y": "170", "x": "66"}, {"y": "166", "x": "69"}, {"y": "163", "x": "71"}, {"y": "160", "x": "73"}, {"y": "157", "x": "75"}, {"y": "154", "x": "77"}, {"y": "151", "x": "79"}, {"y": "148", "x": "81"}, {"y": "145", "x": "83"}, {"y": "142", "x": "86"}, {"y": "139", "x": "88"}, {"y": "136", "x": "90"}, {"y": "133", "x": "92"}, {"y": "130", "x": "94"}, {"y": "127", "x": "96"}, {"y": "124", "x": "98"}, {"y": "121", "x": "101"}, {"y": "117", "x": "103"}, {"y": "114", "x": "105"}, {"y": "114", "x": "105"}, {"y": "111", "x": "107"}, {"y": "108", "x": "109"}, {"y": "105", "x": "111"}, {"y": "102", "x": "113"}, {"y": "99", "x": "115"}, {"y": "96", "x": "117"}, {"y": "93", "x": "119"}, {"y": "90", "x": "121"}, {"y": "86", "x": "123"}, {"y": "83", "x": "125"}, {"y": "80", "x": "127"}, {"y": "77", "x": "129"}, {"y": "74", "x": "131"}, {"y": "71", "x": "133"}, {"y": "68", "x": "135"}, {"y": "65", "x": "137"}, {"y": "62", "x": "139"}, {"y": "58", "x": "141"}, {"y": "55", "x": "143"}, {"y": "52", "x": "145"}, {"y": "49", "x": "147"}, {"y": "46", "x": "149"}, {"y": "43", "x": "151"}, {"y": "40", "x": "153"}, {"y": "37", "x": "155"}, {"y": "34", "x": "157"}, {"y": "31", "x": "159"}, {"y": "27", "x": "161"}, {"y": "24", "x": "163"}, {"y": "21", "x": "165"}, {"y": "18", "x": "167"}, {"y": "15", "x": "169"}, {"y": "12", "x": "171"}, {"y": "9", "x": "173"}, {"y": "6", "x": "175"}, {"y": "3", "x": "177"}, {"y": "0", "x": "178"}, {"y": "0", "x": "179"}], [{"y": "0", "x": "411"}, {"y": "0", "x": "411"}, {"y": "3", "x": "412"}, {"y": "6", "x": "413"}, {"y": "9", "x": "414"}, {"y": "12", "x": "415"}, {"y": "16", "x": "416"}, {"y": "19", "x": "418"}, {"y": "22", "x": "419"}, {"y": "25", "x": "420"}, {"y": "28", "x": "421"}, {"y": "32", "x": "422"}, {"y": "35", "x": "423"}, {"y": "38", "x": "424"}, {"y": "41", "x": "425"}, {"y": "44", "x": "426"}, {"y": "48", "x": "428"}, {"y": "51", "x": "429"}, {"y": "54", "x": "430"}, {"y": "57", "x": "431"}, {"y": "57", "x": "431"}, {"y": "57", "x": "431"}, {"y": "60", "x": "433"}, {"y": "64", "x": "434"}, {"y": "67", "x": "436"}, {"y": "70", "x": "438"}, {"y": "73", "x": "440"}, {"y": "76", "x": "442"}, {"y": "79", "x": "443"}, {"y": "83", "x": "445"}, {"y": "86", "x": "447"}, {"y": "89", "x": "449"}, {"y": "92", "x": "450"}, {"y": "95", "x": "452"}, {"y": "98", "x": "454"}, {"y": "102", "x": "456"}, {"y": "105", "x": "457"}, {"y": "108", "x": "459"}, {"y": "111", "x": "461"}, {"y": "114", "x": "463"}, {"y": "117", "x": "464"}, {"y": "121", "x": "466"}, {"y": "124", "x": "468"}, {"y": "127", "x": "470"}, {"y": "130", "x": "471"}, {"y": "133", "x": "473"}, {"y": "136", "x": "475"}, {"y": "136", "x": "475"}, {"y": "136", "x": "475"}, {"y": "140", "x": "478"}, {"y": "143", "x": "481"}, {"y": "146", "x": "485"}, {"y": "149", "x": "488"}, {"y": "153", "x": "491"}, {"y": "156", "x": "494"}, {"y": "159", "x": "497"}, {"y": "163", "x": "500"}, {"y": "166", "x": "504"}, {"y": "169", "x": "507"}, {"y": "172", "x": "510"}, {"y": "176", "x": "513"}, {"y": "179", "x": "516"}, {"y": "182", "x": "520"}, {"y": "185", "x": "523"}, {"y": "191", "x": "532"}, {"y": "191", "x": "532"}, {"y": "194", "x": "536"}, {"y": "198", "x": "543"}, {"y": "202", "x": "550"}, {"y": "202", "x": "550"}, {"y": "205", "x": "555"}, {"y": "205", "x": "555"}, {"y": "207", "x": "561"}, {"y": "208", "x": "566"}, {"y": "209", "x": "574"}, {"y": "209", "x": "582"}, {"y": "210", "x": "589"}, {"y": "209", "x": "600"}, {"y": "208", "x": "609"}, {"y": "207", "x": "617"}, {"y": "206", "x": "623"}, {"y": "204", "x": "627"}, {"y": "203", "x": "632"}, {"y": "198", "x": "639"}, {"y": "198", "x": "639"}]]}