{"Lines": [[{"y": "174", "x": "585"}, {"y": "174", "x": "585"}, {"y": "171", "x": "585"}, {"y": "168", "x": "585"}, {"y": "165", "x": "585"}, {"y": "162", "x": "586"}, {"y": "158", "x": "586"}, {"y": "177", "x": "586"}, {"y": "155", "x": "586"}, {"y": "152", "x": "586"}, {"y": "149", "x": "586"}, {"y": "146", "x": "586"}, {"y": "143", "x": "586"}, {"y": "139", "x": "586"}, {"y": "181", "x": "586"}, {"y": "136", "x": "586"}, {"y": "133", "x": "586"}, {"y": "130", "x": "586"}, {"y": "127", "x": "586"}, {"y": "123", "x": "586"}, {"y": "120", "x": "587"}, {"y": "184", "x": "587"}, {"y": "117", "x": "587"}, {"y": "114", "x": "587"}, {"y": "111", "x": "587"}, {"y": "107", "x": "587"}, {"y": "104", "x": "587"}, {"y": "101", "x": "587"}, {"y": "187", "x": "587"}, {"y": "98", "x": "587"}, {"y": "95", "x": "587"}, {"y": "92", "x": "587"}, {"y": "92", "x": "587"}, {"y": "190", "x": "587"}, {"y": "193", "x": "588"}, {"y": "88", "x": "588"}, {"y": "196", "x": "588"}, {"y": "199", "x": "589"}, {"y": "85", "x": "589"}, {"y": "202", "x": "589"}, {"y": "81", "x": "590"}, {"y": "205", "x": "590"}, {"y": "208", "x": "590"}, {"y": "78", "x": "591"}, {"y": "211", "x": "591"}, {"y": "214", "x": "591"}, {"y": "74", "x": "591"}, {"y": "217", "x": "592"}, {"y": "220", "x": "592"}, {"y": "71", "x": "592"}, {"y": "223", "x": "592"}, {"y": "227", "x": "593"}, {"y": "67", "x": "593"}, {"y": "230", "x": "593"}, {"y": "64", "x": "594"}, {"y": "233", "x": "594"}, {"y": "236", "x": "594"}, {"y": "60", "x": "595"}, {"y": "239", "x": "595"}, {"y": "242", "x": "595"}, {"y": "57", "x": "595"}, {"y": "245", "x": "596"}, {"y": "248", "x": "596"}, {"y": "54", "x": "596"}, {"y": "251", "x": "597"}, {"y": "254", "x": "597"}, {"y": "50", "x": "597"}, {"y": "257", "x": "597"}, {"y": "47", "x": "598"}, {"y": "47", "x": "598"}, {"y": "47", "x": "598"}, {"y": "260", "x": "598"}, {"y": "263", "x": "598"}, {"y": "266", "x": "599"}, {"y": "270", "x": "599"}, {"y": "43", "x": "600"}, {"y": "273", "x": "600"}, {"y": "276", "x": "600"}, {"y": "279", "x": "601"}, {"y": "282", "x": "601"}, {"y": "40", "x": "601"}, {"y": "285", "x": "602"}, {"y": "288", "x": "602"}, {"y": "291", "x": "602"}, {"y": "294", "x": "603"}, {"y": "36", "x": "603"}, {"y": "297", "x": "603"}, {"y": "300", "x": "604"}, {"y": "303", "x": "604"}, {"y": "306", "x": "605"}, {"y": "33", "x": "605"}, {"y": "309", "x": "605"}, {"y": "312", "x": "606"}, {"y": "316", "x": "606"}, {"y": "319", "x": "607"}, {"y": "30", "x": "607"}, {"y": "322", "x": "607"}, {"y": "325", "x": "607"}, {"y": "328", "x": "608"}, {"y": "331", "x": "608"}, {"y": "26", "x": "608"}, {"y": "334", "x": "609"}, {"y": "337", "x": "609"}, {"y": "340", "x": "610"}, {"y": "23", "x": "610"}, {"y": "343", "x": "610"}, {"y": "346", "x": "611"}, {"y": "349", "x": "611"}, {"y": "352", "x": "612"}, {"y": "19", "x": "612"}, {"y": "355", "x": "612"}, {"y": "359", "x": "612"}, {"y": "359", "x": "613"}, {"y": "16", "x": "614"}, {"y": "13", "x": "615"}, {"y": "9", "x": "617"}, {"y": "6", "x": "619"}, {"y": "3", "x": "621"}], [{"y": "326", "x": "0"}, {"y": "326", "x": "0"}, {"y": "323", "x": "2"}, {"y": "320", "x": "3"}, {"y": "317", "x": "5"}, {"y": "314", "x": "6"}, {"y": "311", "x": "8"}, {"y": "308", "x": "9"}, {"y": "305", "x": "11"}, {"y": "302", "x": "12"}, {"y": "299", "x": "14"}, {"y": "296", "x": "15"}, {"y": "293", "x": "17"}, {"y": "290", "x": "18"}, {"y": "287", "x": "20"}, {"y": "283", "x": "21"}, {"y": "280", "x": "23"}, {"y": "277", "x": "24"}, {"y": "274", "x": "26"}, {"y": "271", "x": "27"}, {"y": "268", "x": "29"}, {"y": "265", "x": "30"}, {"y": "262", "x": "32"}, {"y": "259", "x": "33"}, {"y": "256", "x": "35"}, {"y": "253", "x": "36"}, {"y": "250", "x": "38"}, {"y": "247", "x": "39"}, {"y": "244", "x": "41"}, {"y": "241", "x": "42"}, {"y": "238", "x": "44"}, {"y": "235", "x": "45"}, {"y": "232", "x": "47"}, {"y": "228", "x": "48"}, {"y": "225", "x": "50"}, {"y": "222", "x": "51"}, {"y": "219", "x": "53"}, {"y": "216", "x": "54"}, {"y": "213", "x": "56"}, {"y": "210", "x": "57"}, {"y": "207", "x": "59"}, {"y": "204", "x": "60"}, {"y": "201", "x": "62"}, {"y": "198", "x": "63"}, {"y": "195", "x": "65"}, {"y": "192", "x": "66"}, {"y": "189", "x": "68"}, {"y": "186", "x": "69"}, {"y": "183", "x": "71"}, {"y": "180", "x": "72"}, {"y": "177", "x": "74"}, {"y": "173", "x": "75"}, {"y": "170", "x": "77"}, {"y": "167", "x": "78"}, {"y": "164", "x": "80"}, {"y": "161", "x": "81"}, {"y": "158", "x": "83"}, {"y": "155", "x": "84"}, {"y": "152", "x": "85"}, {"y": "149", "x": "87"}, {"y": "146", "x": "88"}, {"y": "143", "x": "90"}, {"y": "140", "x": "91"}, {"y": "137", "x": "93"}, {"y": "137", "x": "93"}, {"y": "137", "x": "93"}, {"y": "134", "x": "95"}, {"y": "131", "x": "96"}, {"y": "128", "x": "98"}, {"y": "125", "x": "99"}, {"y": "121", "x": "101"}, {"y": "118", "x": "103"}, {"y": "115", "x": "104"}, {"y": "112", "x": "106"}, {"y": "109", "x": "108"}, {"y": "106", "x": "109"}, {"y": "103", "x": "111"}, {"y": "100", "x": "112"}, {"y": "97", "x": "114"}, {"y": "94", "x": "116"}, {"y": "91", "x": "117"}, {"y": "88", "x": "119"}, {"y": "84", "x": "121"}, {"y": "81", "x": "122"}, {"y": "78", "x": "124"}, {"y": "75", "x": "125"}, {"y": "72", "x": "127"}, {"y": "69", "x": "129"}, {"y": "66", "x": "130"}, {"y": "63", "x": "132"}, {"y": "60", "x": "134"}, {"y": "57", "x": "135"}, {"y": "54", "x": "137"}, {"y": "51", "x": "138"}, {"y": "48", "x": "140"}, {"y": "44", "x": "142"}, {"y": "41", "x": "143"}, {"y": "38", "x": "145"}, {"y": "35", "x": "147"}, {"y": "32", "x": "148"}, {"y": "29", "x": "150"}, {"y": "26", "x": "151"}, {"y": "23", "x": "153"}, {"y": "20", "x": "155"}, {"y": "17", "x": "156"}, {"y": "14", "x": "158"}, {"y": "11", "x": "160"}, {"y": "7", "x": "161"}, {"y": "4", "x": "163"}, {"y": "1", "x": "164"}, {"y": "1", "x": "164"}]]}