{"Lines": [[{"y": "61", "x": "446"}, {"y": "61", "x": "446"}, {"y": "61", "x": "446"}, {"y": "57", "x": "447"}, {"y": "54", "x": "447"}, {"y": "51", "x": "447"}, {"y": "47", "x": "447"}, {"y": "44", "x": "447"}, {"y": "64", "x": "447"}, {"y": "40", "x": "447"}, {"y": "37", "x": "447"}, {"y": "33", "x": "447"}, {"y": "30", "x": "447"}, {"y": "30", "x": "447"}, {"y": "30", "x": "447"}, {"y": "68", "x": "447"}, {"y": "71", "x": "448"}, {"y": "26", "x": "448"}, {"y": "75", "x": "449"}, {"y": "78", "x": "449"}, {"y": "23", "x": "449"}, {"y": "82", "x": "450"}, {"y": "85", "x": "450"}, {"y": "19", "x": "450"}, {"y": "89", "x": "451"}, {"y": "92", "x": "451"}, {"y": "16", "x": "451"}, {"y": "95", "x": "452"}, {"y": "13", "x": "452"}, {"y": "99", "x": "452"}, {"y": "99", "x": "452"}, {"y": "99", "x": "452"}, {"y": "9", "x": "453"}, {"y": "102", "x": "453"}, {"y": "105", "x": "454"}, {"y": "6", "x": "454"}, {"y": "109", "x": "455"}, {"y": "2", "x": "455"}, {"y": "2", "x": "455"}, {"y": "112", "x": "456"}, {"y": "115", "x": "457"}, {"y": "119", "x": "458"}, {"y": "122", "x": "459"}, {"y": "125", "x": "460"}, {"y": "128", "x": "460"}, {"y": "132", "x": "461"}, {"y": "135", "x": "462"}, {"y": "138", "x": "463"}, {"y": "142", "x": "464"}, {"y": "145", "x": "465"}, {"y": "148", "x": "466"}, {"y": "152", "x": "467"}, {"y": "152", "x": "467"}, {"y": "155", "x": "469"}, {"y": "158", "x": "470"}, {"y": "162", "x": "472"}, {"y": "165", "x": "473"}, {"y": "168", "x": "475"}, {"y": "172", "x": "477"}, {"y": "175", "x": "478"}, {"y": "179", "x": "480"}, {"y": "182", "x": "482"}, {"y": "185", "x": "483"}, {"y": "189", "x": "485"}, {"y": "192", "x": "487"}, {"y": "195", "x": "488"}, {"y": "199", "x": "490"}, {"y": "202", "x": "492"}, {"y": "202", "x": "492"}, {"y": "205", "x": "494"}, {"y": "209", "x": "496"}, {"y": "212", "x": "498"}, {"y": "215", "x": "499"}, {"y": "218", "x": "501"}, {"y": "221", "x": "503"}, {"y": "224", "x": "505"}, {"y": "228", "x": "507"}, {"y": "231", "x": "509"}, {"y": "234", "x": "511"}, {"y": "237", "x": "513"}, {"y": "240", "x": "515"}, {"y": "244", "x": "517"}, {"y": "247", "x": "519"}, {"y": "250", "x": "521"}, {"y": "253", "x": "523"}, {"y": "256", "x": "525"}, {"y": "260", "x": "527"}, {"y": "263", "x": "529"}, {"y": "266", "x": "531"}, {"y": "269", "x": "532"}, {"y": "272", "x": "534"}, {"y": "276", "x": "536"}, {"y": "279", "x": "538"}, {"y": "282", "x": "540"}, {"y": "285", "x": "542"}, {"y": "288", "x": "544"}, {"y": "292", "x": "546"}, {"y": "292", "x": "546"}, {"y": "292", "x": "546"}, {"y": "295", "x": "549"}, {"y": "298", "x": "551"}, {"y": "301", "x": "554"}, {"y": "304", "x": "556"}, {"y": "307", "x": "559"}, {"y": "311", "x": "561"}, {"y": "314", "x": "564"}, {"y": "317", "x": "567"}, {"y": "320", "x": "569"}, {"y": "323", "x": "572"}, {"y": "326", "x": "574"}, {"y": "329", "x": "577"}, {"y": "333", "x": "579"}, {"y": "336", "x": "582"}, {"y": "339", "x": "585"}, {"y": "342", "x": "587"}, {"y": "345", "x": "590"}, {"y": "348", "x": "592"}, {"y": "352", "x": "595"}, {"y": "355", "x": "597"}, {"y": "355", "x": "597"}], [{"y": "334", "x": "0"}, {"y": "334", "x": "0"}, {"y": "330", "x": "2"}, {"y": "327", "x": "3"}, {"y": "324", "x": "4"}, {"y": "321", "x": "6"}, {"y": "318", "x": "7"}, {"y": "315", "x": "8"}, {"y": "312", "x": "10"}, {"y": "309", "x": "11"}, {"y": "306", "x": "12"}, {"y": "303", "x": "14"}, {"y": "299", "x": "15"}, {"y": "296", "x": "16"}, {"y": "293", "x": "18"}, {"y": "290", "x": "19"}, {"y": "287", "x": "21"}, {"y": "284", "x": "22"}, {"y": "281", "x": "23"}, {"y": "278", "x": "25"}, {"y": "275", "x": "26"}, {"y": "272", "x": "27"}, {"y": "268", "x": "29"}, {"y": "265", "x": "30"}, {"y": "262", "x": "31"}, {"y": "259", "x": "33"}, {"y": "256", "x": "34"}, {"y": "253", "x": "35"}, {"y": "250", "x": "37"}, {"y": "247", "x": "38"}, {"y": "244", "x": "39"}, {"y": "241", "x": "41"}, {"y": "237", "x": "42"}, {"y": "234", "x": "43"}, {"y": "231", "x": "45"}, {"y": "228", "x": "46"}, {"y": "225", "x": "47"}, {"y": "222", "x": "49"}, {"y": "219", "x": "50"}, {"y": "216", "x": "51"}, {"y": "213", "x": "53"}, {"y": "210", "x": "54"}, {"y": "206", "x": "56"}, {"y": "203", "x": "57"}, {"y": "200", "x": "58"}, {"y": "197", "x": "60"}, {"y": "194", "x": "61"}, {"y": "191", "x": "62"}, {"y": "188", "x": "64"}, {"y": "188", "x": "64"}, {"y": "188", "x": "64"}, {"y": "185", "x": "64"}, {"y": "1", "x": "65"}, {"y": "1", "x": "65"}, {"y": "181", "x": "65"}, {"y": "178", "x": "66"}, {"y": "175", "x": "66"}, {"y": "5", "x": "67"}, {"y": "172", "x": "67"}, {"y": "168", "x": "68"}, {"y": "165", "x": "69"}, {"y": "9", "x": "69"}, {"y": "162", "x": "69"}, {"y": "159", "x": "70"}, {"y": "13", "x": "71"}, {"y": "155", "x": "71"}, {"y": "152", "x": "72"}, {"y": "149", "x": "72"}, {"y": "17", "x": "73"}, {"y": "146", "x": "73"}, {"y": "142", "x": "74"}, {"y": "139", "x": "74"}, {"y": "21", "x": "75"}, {"y": "21", "x": "75"}, {"y": "21", "x": "75"}, {"y": "136", "x": "75"}, {"y": "24", "x": "75"}, {"y": "28", "x": "76"}, {"y": "133", "x": "76"}, {"y": "31", "x": "76"}, {"y": "129", "x": "77"}, {"y": "35", "x": "77"}, {"y": "126", "x": "77"}, {"y": "38", "x": "78"}, {"y": "123", "x": "78"}, {"y": "42", "x": "78"}, {"y": "120", "x": "79"}, {"y": "45", "x": "79"}, {"y": "116", "x": "79"}, {"y": "116", "x": "80"}, {"y": "49", "x": "80"}, {"y": "113", "x": "80"}, {"y": "110", "x": "80"}, {"y": "107", "x": "80"}, {"y": "104", "x": "80"}, {"y": "101", "x": "80"}, {"y": "97", "x": "80"}, {"y": "94", "x": "80"}, {"y": "91", "x": "80"}, {"y": "88", "x": "80"}, {"y": "52", "x": "80"}, {"y": "85", "x": "80"}, {"y": "81", "x": "80"}, {"y": "78", "x": "80"}, {"y": "75", "x": "80"}, {"y": "72", "x": "80"}, {"y": "69", "x": "80"}, {"y": "66", "x": "81"}, {"y": "62", "x": "81"}, {"y": "59", "x": "81"}, {"y": "56", "x": "81"}, {"y": "56", "x": "81"}]]}