{"Lines": [[{"y": "4", "x": "427"}, {"y": "4", "x": "427"}, {"y": "7", "x": "428"}, {"y": "10", "x": "430"}, {"y": "13", "x": "431"}, {"y": "16", "x": "433"}, {"y": "19", "x": "434"}, {"y": "23", "x": "436"}, {"y": "26", "x": "437"}, {"y": "29", "x": "439"}, {"y": "32", "x": "440"}, {"y": "35", "x": "442"}, {"y": "38", "x": "443"}, {"y": "42", "x": "445"}, {"y": "45", "x": "447"}, {"y": "48", "x": "448"}, {"y": "51", "x": "450"}, {"y": "54", "x": "451"}, {"y": "57", "x": "453"}, {"y": "60", "x": "454"}, {"y": "64", "x": "456"}, {"y": "67", "x": "457"}, {"y": "70", "x": "459"}, {"y": "73", "x": "460"}, {"y": "76", "x": "462"}, {"y": "79", "x": "463"}, {"y": "79", "x": "463"}, {"y": "79", "x": "463"}, {"y": "82", "x": "465"}, {"y": "86", "x": "466"}, {"y": "89", "x": "468"}, {"y": "92", "x": "469"}, {"y": "95", "x": "471"}, {"y": "98", "x": "472"}, {"y": "101", "x": "474"}, {"y": "104", "x": "475"}, {"y": "107", "x": "477"}, {"y": "110", "x": "478"}, {"y": "114", "x": "480"}, {"y": "117", "x": "482"}, {"y": "120", "x": "483"}, {"y": "123", "x": "485"}, {"y": "126", "x": "486"}, {"y": "129", "x": "488"}, {"y": "132", "x": "489"}, {"y": "135", "x": "491"}, {"y": "139", "x": "492"}, {"y": "142", "x": "494"}, {"y": "145", "x": "495"}, {"y": "148", "x": "497"}, {"y": "151", "x": "498"}, {"y": "154", "x": "500"}, {"y": "157", "x": "501"}, {"y": "160", "x": "503"}, {"y": "163", "x": "504"}, {"y": "167", "x": "506"}, {"y": "170", "x": "508"}, {"y": "173", "x": "509"}, {"y": "176", "x": "511"}, {"y": "179", "x": "512"}, {"y": "182", "x": "514"}, {"y": "185", "x": "515"}, {"y": "188", "x": "517"}, {"y": "192", "x": "518"}, {"y": "192", "x": "518"}, {"y": "195", "x": "520"}, {"y": "198", "x": "521"}, {"y": "201", "x": "523"}, {"y": "204", "x": "524"}, {"y": "207", "x": "526"}, {"y": "210", "x": "527"}, {"y": "213", "x": "529"}, {"y": "216", "x": "530"}, {"y": "219", "x": "532"}, {"y": "222", "x": "533"}, {"y": "226", "x": "535"}, {"y": "229", "x": "536"}, {"y": "232", "x": "538"}, {"y": "235", "x": "539"}, {"y": "238", "x": "541"}, {"y": "241", "x": "542"}, {"y": "244", "x": "544"}, {"y": "247", "x": "545"}, {"y": "250", "x": "547"}, {"y": "253", "x": "548"}, {"y": "256", "x": "549"}, {"y": "260", "x": "551"}, {"y": "263", "x": "552"}, {"y": "266", "x": "554"}, {"y": "269", "x": "555"}, {"y": "272", "x": "557"}, {"y": "275", "x": "558"}, {"y": "278", "x": "560"}, {"y": "281", "x": "561"}, {"y": "284", "x": "563"}, {"y": "287", "x": "564"}, {"y": "290", "x": "566"}, {"y": "294", "x": "567"}, {"y": "297", "x": "569"}, {"y": "300", "x": "570"}, {"y": "303", "x": "572"}, {"y": "306", "x": "573"}, {"y": "309", "x": "575"}, {"y": "312", "x": "576"}, {"y": "315", "x": "578"}, {"y": "318", "x": "579"}, {"y": "321", "x": "581"}, {"y": "324", "x": "582"}, {"y": "328", "x": "584"}, {"y": "331", "x": "585"}, {"y": "334", "x": "587"}, {"y": "337", "x": "588"}, {"y": "340", "x": "590"}, {"y": "343", "x": "591"}, {"y": "346", "x": "593"}, {"y": "349", "x": "594"}, {"y": "352", "x": "596"}, {"y": "355", "x": "597"}, {"y": "359", "x": "599"}]]}