{"Lines": [[{"y": "358", "x": "0"}, {"y": "358", "x": "0"}, {"y": "355", "x": "2"}, {"y": "352", "x": "4"}, {"y": "349", "x": "6"}, {"y": "345", "x": "8"}, {"y": "342", "x": "10"}, {"y": "339", "x": "12"}, {"y": "336", "x": "14"}, {"y": "333", "x": "16"}, {"y": "329", "x": "19"}, {"y": "326", "x": "21"}, {"y": "323", "x": "23"}, {"y": "320", "x": "25"}, {"y": "317", "x": "27"}, {"y": "313", "x": "29"}, {"y": "310", "x": "31"}, {"y": "307", "x": "33"}, {"y": "304", "x": "35"}, {"y": "301", "x": "37"}, {"y": "298", "x": "39"}, {"y": "294", "x": "41"}, {"y": "291", "x": "43"}, {"y": "288", "x": "46"}, {"y": "285", "x": "48"}, {"y": "282", "x": "50"}, {"y": "278", "x": "52"}, {"y": "278", "x": "52"}, {"y": "278", "x": "52"}, {"y": "275", "x": "54"}, {"y": "272", "x": "55"}, {"y": "269", "x": "57"}, {"y": "266", "x": "59"}, {"y": "263", "x": "61"}, {"y": "259", "x": "63"}, {"y": "256", "x": "65"}, {"y": "253", "x": "67"}, {"y": "250", "x": "69"}, {"y": "247", "x": "70"}, {"y": "243", "x": "72"}, {"y": "240", "x": "74"}, {"y": "237", "x": "76"}, {"y": "234", "x": "78"}, {"y": "231", "x": "80"}, {"y": "227", "x": "82"}, {"y": "227", "x": "82"}, {"y": "227", "x": "82"}, {"y": "224", "x": "83"}, {"y": "221", "x": "85"}, {"y": "217", "x": "86"}, {"y": "214", "x": "88"}, {"y": "210", "x": "89"}, {"y": "207", "x": "91"}, {"y": "204", "x": "92"}, {"y": "200", "x": "94"}, {"y": "197", "x": "95"}, {"y": "193", "x": "97"}, {"y": "190", "x": "99"}, {"y": "187", "x": "100"}, {"y": "183", "x": "102"}, {"y": "180", "x": "103"}, {"y": "180", "x": "103"}, {"y": "176", "x": "104"}, {"y": "173", "x": "105"}, {"y": "169", "x": "106"}, {"y": "166", "x": "107"}, {"y": "163", "x": "108"}, {"y": "159", "x": "109"}, {"y": "156", "x": "110"}, {"y": "152", "x": "111"}, {"y": "149", "x": "112"}, {"y": "145", "x": "113"}, {"y": "142", "x": "114"}, {"y": "139", "x": "115"}, {"y": "135", "x": "116"}, {"y": "135", "x": "116"}, {"y": "132", "x": "117"}, {"y": "128", "x": "118"}, {"y": "125", "x": "119"}, {"y": "0", "x": "120"}, {"y": "121", "x": "120"}, {"y": "3", "x": "120"}, {"y": "118", "x": "121"}, {"y": "6", "x": "121"}, {"y": "114", "x": "122"}, {"y": "9", "x": "122"}, {"y": "111", "x": "122"}, {"y": "13", "x": "123"}, {"y": "107", "x": "123"}, {"y": "16", "x": "123"}, {"y": "19", "x": "124"}, {"y": "104", "x": "124"}, {"y": "23", "x": "125"}, {"y": "100", "x": "125"}, {"y": "26", "x": "126"}, {"y": "97", "x": "126"}, {"y": "29", "x": "126"}, {"y": "94", "x": "127"}, {"y": "94", "x": "127"}, {"y": "94", "x": "127"}, {"y": "90", "x": "127"}, {"y": "87", "x": "127"}, {"y": "84", "x": "127"}, {"y": "81", "x": "127"}, {"y": "78", "x": "127"}, {"y": "74", "x": "127"}, {"y": "71", "x": "127"}, {"y": "68", "x": "127"}, {"y": "65", "x": "127"}, {"y": "62", "x": "127"}, {"y": "58", "x": "127"}, {"y": "55", "x": "127"}, {"y": "52", "x": "127"}, {"y": "49", "x": "127"}, {"y": "46", "x": "127"}, {"y": "42", "x": "127"}, {"y": "39", "x": "127"}, {"y": "36", "x": "127"}, {"y": "33", "x": "127"}, {"y": "33", "x": "127"}, {"y": "33", "x": "127"}], [{"y": "1", "x": "388"}, {"y": "1", "x": "388"}, {"y": "4", "x": "391"}, {"y": "7", "x": "394"}, {"y": "10", "x": "397"}, {"y": "13", "x": "399"}, {"y": "17", "x": "402"}, {"y": "20", "x": "405"}, {"y": "23", "x": "408"}, {"y": "26", "x": "411"}, {"y": "29", "x": "414"}, {"y": "33", "x": "416"}, {"y": "36", "x": "419"}, {"y": "39", "x": "422"}, {"y": "42", "x": "425"}, {"y": "46", "x": "428"}, {"y": "49", "x": "431"}, {"y": "52", "x": "434"}, {"y": "55", "x": "436"}, {"y": "58", "x": "439"}, {"y": "62", "x": "442"}, {"y": "65", "x": "445"}, {"y": "68", "x": "448"}, {"y": "71", "x": "451"}, {"y": "75", "x": "453"}, {"y": "78", "x": "456"}, {"y": "81", "x": "459"}, {"y": "84", "x": "462"}, {"y": "87", "x": "465"}, {"y": "87", "x": "465"}, {"y": "87", "x": "465"}, {"y": "91", "x": "467"}, {"y": "94", "x": "469"}, {"y": "97", "x": "471"}, {"y": "100", "x": "473"}, {"y": "103", "x": "475"}, {"y": "106", "x": "477"}, {"y": "109", "x": "479"}, {"y": "113", "x": "481"}, {"y": "116", "x": "483"}, {"y": "119", "x": "485"}, {"y": "122", "x": "488"}, {"y": "125", "x": "490"}, {"y": "128", "x": "492"}, {"y": "131", "x": "494"}, {"y": "135", "x": "496"}, {"y": "138", "x": "498"}, {"y": "141", "x": "500"}, {"y": "144", "x": "502"}, {"y": "147", "x": "504"}, {"y": "150", "x": "506"}, {"y": "153", "x": "508"}, {"y": "156", "x": "510"}, {"y": "160", "x": "512"}, {"y": "163", "x": "514"}, {"y": "166", "x": "516"}, {"y": "169", "x": "519"}, {"y": "172", "x": "521"}, {"y": "175", "x": "523"}, {"y": "178", "x": "525"}, {"y": "182", "x": "527"}, {"y": "185", "x": "529"}, {"y": "188", "x": "531"}, {"y": "188", "x": "531"}, {"y": "188", "x": "531"}, {"y": "191", "x": "532"}, {"y": "194", "x": "534"}, {"y": "197", "x": "535"}, {"y": "200", "x": "537"}, {"y": "203", "x": "538"}, {"y": "206", "x": "540"}, {"y": "210", "x": "541"}, {"y": "213", "x": "543"}, {"y": "216", "x": "544"}, {"y": "219", "x": "545"}, {"y": "222", "x": "547"}, {"y": "225", "x": "548"}, {"y": "228", "x": "550"}, {"y": "231", "x": "551"}, {"y": "234", "x": "553"}, {"y": "237", "x": "554"}, {"y": "241", "x": "556"}, {"y": "244", "x": "557"}, {"y": "247", "x": "558"}, {"y": "250", "x": "560"}, {"y": "253", "x": "561"}, {"y": "256", "x": "563"}, {"y": "259", "x": "564"}, {"y": "262", "x": "566"}, {"y": "265", "x": "567"}, {"y": "269", "x": "569"}, {"y": "272", "x": "570"}, {"y": "275", "x": "571"}, {"y": "278", "x": "573"}, {"y": "281", "x": "574"}, {"y": "284", "x": "576"}, {"y": "287", "x": "577"}, {"y": "290", "x": "579"}, {"y": "293", "x": "580"}, {"y": "296", "x": "582"}, {"y": "300", "x": "583"}, {"y": "303", "x": "584"}, {"y": "306", "x": "586"}, {"y": "309", "x": "587"}, {"y": "312", "x": "589"}, {"y": "315", "x": "590"}, {"y": "318", "x": "592"}, {"y": "321", "x": "593"}, {"y": "324", "x": "595"}, {"y": "327", "x": "596"}, {"y": "331", "x": "597"}, {"y": "334", "x": "599"}, {"y": "337", "x": "600"}, {"y": "340", "x": "602"}, {"y": "343", "x": "603"}, {"y": "346", "x": "605"}, {"y": "349", "x": "606"}, {"y": "352", "x": "608"}, {"y": "355", "x": "609"}, {"y": "359", "x": "610"}, {"y": "359", "x": "611"}]]}