{"Lines": [[{"y": "296", "x": "1"}, {"y": "296", "x": "1"}, {"y": "293", "x": "2"}, {"y": "290", "x": "3"}, {"y": "287", "x": "4"}, {"y": "284", "x": "4"}, {"y": "281", "x": "5"}, {"y": "278", "x": "6"}, {"y": "275", "x": "7"}, {"y": "272", "x": "8"}, {"y": "269", "x": "9"}, {"y": "266", "x": "10"}, {"y": "262", "x": "11"}, {"y": "259", "x": "12"}, {"y": "256", "x": "13"}, {"y": "253", "x": "14"}, {"y": "250", "x": "15"}, {"y": "247", "x": "16"}, {"y": "244", "x": "17"}, {"y": "241", "x": "18"}, {"y": "238", "x": "19"}, {"y": "235", "x": "20"}, {"y": "232", "x": "21"}, {"y": "229", "x": "21"}, {"y": "225", "x": "22"}, {"y": "222", "x": "23"}, {"y": "219", "x": "24"}, {"y": "216", "x": "25"}, {"y": "213", "x": "26"}, {"y": "210", "x": "27"}, {"y": "207", "x": "28"}, {"y": "204", "x": "29"}, {"y": "201", "x": "30"}, {"y": "198", "x": "31"}, {"y": "195", "x": "32"}, {"y": "192", "x": "33"}, {"y": "188", "x": "34"}, {"y": "185", "x": "35"}, {"y": "182", "x": "36"}, {"y": "179", "x": "37"}, {"y": "176", "x": "37"}, {"y": "173", "x": "38"}, {"y": "170", "x": "39"}, {"y": "167", "x": "40"}, {"y": "164", "x": "41"}, {"y": "161", "x": "42"}, {"y": "158", "x": "43"}, {"y": "155", "x": "44"}, {"y": "151", "x": "45"}, {"y": "148", "x": "46"}, {"y": "145", "x": "47"}, {"y": "142", "x": "48"}, {"y": "139", "x": "49"}, {"y": "136", "x": "50"}, {"y": "136", "x": "50"}, {"y": "136", "x": "50"}, {"y": "133", "x": "51"}, {"y": "130", "x": "52"}, {"y": "127", "x": "53"}, {"y": "124", "x": "55"}, {"y": "120", "x": "56"}, {"y": "117", "x": "57"}, {"y": "114", "x": "58"}, {"y": "111", "x": "59"}, {"y": "108", "x": "61"}, {"y": "105", "x": "62"}, {"y": "102", "x": "63"}, {"y": "99", "x": "64"}, {"y": "96", "x": "65"}, {"y": "93", "x": "67"}, {"y": "89", "x": "68"}, {"y": "86", "x": "69"}, {"y": "83", "x": "70"}, {"y": "80", "x": "71"}, {"y": "77", "x": "73"}, {"y": "74", "x": "74"}, {"y": "71", "x": "75"}, {"y": "68", "x": "76"}, {"y": "65", "x": "77"}, {"y": "62", "x": "79"}, {"y": "58", "x": "80"}, {"y": "55", "x": "81"}, {"y": "52", "x": "82"}, {"y": "49", "x": "83"}, {"y": "46", "x": "85"}, {"y": "43", "x": "86"}, {"y": "40", "x": "87"}, {"y": "37", "x": "88"}, {"y": "34", "x": "89"}, {"y": "31", "x": "91"}, {"y": "27", "x": "92"}, {"y": "24", "x": "93"}, {"y": "21", "x": "94"}, {"y": "18", "x": "95"}, {"y": "15", "x": "97"}, {"y": "12", "x": "98"}, {"y": "9", "x": "99"}, {"y": "6", "x": "100"}, {"y": "3", "x": "101"}, {"y": "0", "x": "103"}], [{"y": "0", "x": "346"}, {"y": "0", "x": "346"}, {"y": "3", "x": "347"}, {"y": "6", "x": "349"}, {"y": "9", "x": "351"}, {"y": "12", "x": "353"}, {"y": "15", "x": "355"}, {"y": "18", "x": "356"}, {"y": "21", "x": "358"}, {"y": "25", "x": "360"}, {"y": "28", "x": "362"}, {"y": "31", "x": "363"}, {"y": "34", "x": "365"}, {"y": "37", "x": "367"}, {"y": "40", "x": "369"}, {"y": "43", "x": "371"}, {"y": "46", "x": "372"}, {"y": "49", "x": "374"}, {"y": "52", "x": "376"}, {"y": "55", "x": "378"}, {"y": "58", "x": "380"}, {"y": "61", "x": "381"}, {"y": "64", "x": "383"}, {"y": "67", "x": "385"}, {"y": "70", "x": "387"}, {"y": "73", "x": "388"}, {"y": "76", "x": "390"}, {"y": "79", "x": "392"}, {"y": "82", "x": "394"}, {"y": "86", "x": "396"}, {"y": "89", "x": "397"}, {"y": "92", "x": "399"}, {"y": "95", "x": "401"}, {"y": "98", "x": "403"}, {"y": "101", "x": "405"}, {"y": "104", "x": "406"}, {"y": "107", "x": "408"}, {"y": "110", "x": "410"}, {"y": "113", "x": "412"}, {"y": "116", "x": "413"}, {"y": "119", "x": "415"}, {"y": "122", "x": "417"}, {"y": "125", "x": "419"}, {"y": "128", "x": "421"}, {"y": "131", "x": "422"}, {"y": "134", "x": "424"}, {"y": "137", "x": "426"}, {"y": "140", "x": "428"}, {"y": "144", "x": "430"}, {"y": "147", "x": "431"}, {"y": "150", "x": "433"}, {"y": "153", "x": "435"}, {"y": "156", "x": "437"}, {"y": "159", "x": "438"}, {"y": "162", "x": "440"}, {"y": "165", "x": "442"}, {"y": "168", "x": "444"}, {"y": "171", "x": "446"}, {"y": "174", "x": "447"}, {"y": "177", "x": "449"}, {"y": "180", "x": "451"}, {"y": "183", "x": "453"}, {"y": "186", "x": "455"}, {"y": "189", "x": "456"}, {"y": "192", "x": "458"}, {"y": "195", "x": "460"}, {"y": "198", "x": "462"}, {"y": "202", "x": "463"}, {"y": "205", "x": "465"}, {"y": "205", "x": "465"}, {"y": "205", "x": "465"}, {"y": "208", "x": "468"}, {"y": "211", "x": "470"}, {"y": "214", "x": "473"}, {"y": "217", "x": "475"}, {"y": "220", "x": "478"}, {"y": "223", "x": "480"}, {"y": "226", "x": "482"}, {"y": "229", "x": "485"}, {"y": "232", "x": "487"}, {"y": "235", "x": "490"}, {"y": "238", "x": "492"}, {"y": "242", "x": "495"}, {"y": "245", "x": "497"}, {"y": "248", "x": "500"}, {"y": "251", "x": "502"}, {"y": "254", "x": "505"}, {"y": "257", "x": "507"}, {"y": "260", "x": "510"}, {"y": "263", "x": "512"}, {"y": "266", "x": "515"}, {"y": "269", "x": "517"}, {"y": "272", "x": "519"}, {"y": "275", "x": "522"}, {"y": "278", "x": "524"}, {"y": "282", "x": "527"}, {"y": "285", "x": "529"}, {"y": "288", "x": "532"}, {"y": "291", "x": "534"}, {"y": "294", "x": "537"}, {"y": "297", "x": "539"}, {"y": "300", "x": "542"}, {"y": "303", "x": "544"}, {"y": "306", "x": "547"}, {"y": "309", "x": "549"}, {"y": "312", "x": "552"}, {"y": "315", "x": "554"}, {"y": "318", "x": "556"}, {"y": "322", "x": "559"}, {"y": "325", "x": "561"}, {"y": "328", "x": "564"}, {"y": "331", "x": "566"}, {"y": "334", "x": "569"}, {"y": "337", "x": "571"}, {"y": "340", "x": "574"}, {"y": "343", "x": "576"}, {"y": "346", "x": "579"}, {"y": "349", "x": "581"}, {"y": "352", "x": "584"}, {"y": "355", "x": "586"}, {"y": "359", "x": "589"}]]}