{"Lines": [[{"y": "354", "x": "67"}, {"y": "354", "x": "67"}, {"y": "351", "x": "68"}, {"y": "347", "x": "69"}, {"y": "344", "x": "70"}, {"y": "341", "x": "72"}, {"y": "338", "x": "73"}, {"y": "335", "x": "74"}, {"y": "332", "x": "75"}, {"y": "329", "x": "76"}, {"y": "326", "x": "78"}, {"y": "323", "x": "79"}, {"y": "320", "x": "80"}, {"y": "317", "x": "81"}, {"y": "314", "x": "82"}, {"y": "311", "x": "84"}, {"y": "308", "x": "85"}, {"y": "305", "x": "86"}, {"y": "302", "x": "87"}, {"y": "298", "x": "88"}, {"y": "295", "x": "89"}, {"y": "292", "x": "91"}, {"y": "289", "x": "92"}, {"y": "286", "x": "93"}, {"y": "283", "x": "94"}, {"y": "280", "x": "95"}, {"y": "277", "x": "97"}, {"y": "274", "x": "98"}, {"y": "271", "x": "99"}, {"y": "268", "x": "100"}, {"y": "265", "x": "101"}, {"y": "262", "x": "103"}, {"y": "259", "x": "104"}, {"y": "256", "x": "105"}, {"y": "253", "x": "106"}, {"y": "249", "x": "107"}, {"y": "246", "x": "109"}, {"y": "243", "x": "110"}, {"y": "240", "x": "111"}, {"y": "237", "x": "112"}, {"y": "234", "x": "113"}, {"y": "231", "x": "114"}, {"y": "228", "x": "116"}, {"y": "225", "x": "117"}, {"y": "222", "x": "118"}, {"y": "219", "x": "119"}, {"y": "216", "x": "120"}, {"y": "213", "x": "122"}, {"y": "210", "x": "123"}, {"y": "207", "x": "124"}, {"y": "204", "x": "125"}, {"y": "201", "x": "126"}, {"y": "197", "x": "128"}, {"y": "194", "x": "129"}, {"y": "191", "x": "130"}, {"y": "188", "x": "131"}, {"y": "185", "x": "132"}, {"y": "182", "x": "134"}, {"y": "179", "x": "135"}, {"y": "176", "x": "136"}, {"y": "173", "x": "137"}, {"y": "170", "x": "138"}, {"y": "167", "x": "139"}, {"y": "164", "x": "141"}, {"y": "161", "x": "142"}, {"y": "158", "x": "143"}, {"y": "155", "x": "144"}, {"y": "152", "x": "145"}, {"y": "148", "x": "147"}, {"y": "145", "x": "148"}, {"y": "142", "x": "149"}, {"y": "139", "x": "150"}, {"y": "136", "x": "151"}, {"y": "133", "x": "153"}, {"y": "133", "x": "153"}, {"y": "133", "x": "153"}, {"y": "130", "x": "154"}, {"y": "127", "x": "156"}, {"y": "124", "x": "158"}, {"y": "120", "x": "159"}, {"y": "117", "x": "161"}, {"y": "114", "x": "162"}, {"y": "111", "x": "164"}, {"y": "107", "x": "166"}, {"y": "104", "x": "167"}, {"y": "101", "x": "169"}, {"y": "98", "x": "171"}, {"y": "95", "x": "172"}, {"y": "91", "x": "174"}, {"y": "88", "x": "176"}, {"y": "85", "x": "177"}, {"y": "82", "x": "179"}, {"y": "78", "x": "181"}, {"y": "75", "x": "182"}, {"y": "72", "x": "184"}, {"y": "69", "x": "186"}, {"y": "66", "x": "187"}, {"y": "62", "x": "189"}, {"y": "59", "x": "190"}, {"y": "56", "x": "192"}, {"y": "53", "x": "194"}, {"y": "53", "x": "194"}, {"y": "49", "x": "196"}, {"y": "46", "x": "199"}, {"y": "43", "x": "201"}, {"y": "39", "x": "204"}, {"y": "36", "x": "206"}, {"y": "33", "x": "209"}, {"y": "29", "x": "211"}, {"y": "26", "x": "214"}, {"y": "23", "x": "216"}, {"y": "19", "x": "219"}, {"y": "16", "x": "221"}, {"y": "13", "x": "224"}, {"y": "9", "x": "226"}, {"y": "6", "x": "229"}, {"y": "3", "x": "231"}, {"y": "0", "x": "234"}, {"y": "0", "x": "234"}], [{"y": "1", "x": "477"}, {"y": "1", "x": "477"}, {"y": "4", "x": "477"}, {"y": "7", "x": "478"}, {"y": "11", "x": "478"}, {"y": "14", "x": "478"}, {"y": "18", "x": "479"}, {"y": "21", "x": "479"}, {"y": "24", "x": "480"}, {"y": "28", "x": "480"}, {"y": "31", "x": "481"}, {"y": "31", "x": "481"}, {"y": "31", "x": "481"}, {"y": "34", "x": "481"}, {"y": "38", "x": "482"}, {"y": "41", "x": "483"}, {"y": "44", "x": "484"}, {"y": "47", "x": "484"}, {"y": "50", "x": "485"}, {"y": "54", "x": "486"}, {"y": "57", "x": "486"}, {"y": "60", "x": "487"}, {"y": "63", "x": "488"}, {"y": "66", "x": "489"}, {"y": "70", "x": "489"}, {"y": "73", "x": "490"}, {"y": "76", "x": "491"}, {"y": "79", "x": "491"}, {"y": "79", "x": "491"}, {"y": "79", "x": "491"}, {"y": "83", "x": "493"}, {"y": "86", "x": "495"}, {"y": "89", "x": "497"}, {"y": "92", "x": "499"}, {"y": "95", "x": "501"}, {"y": "99", "x": "502"}, {"y": "102", "x": "504"}, {"y": "105", "x": "506"}, {"y": "108", "x": "508"}, {"y": "112", "x": "510"}, {"y": "115", "x": "512"}, {"y": "118", "x": "514"}, {"y": "121", "x": "515"}, {"y": "125", "x": "517"}, {"y": "128", "x": "519"}, {"y": "131", "x": "521"}, {"y": "134", "x": "523"}, {"y": "134", "x": "523"}, {"y": "137", "x": "525"}, {"y": "141", "x": "527"}, {"y": "144", "x": "529"}, {"y": "147", "x": "531"}, {"y": "150", "x": "533"}, {"y": "153", "x": "535"}, {"y": "156", "x": "537"}, {"y": "159", "x": "539"}, {"y": "162", "x": "541"}, {"y": "165", "x": "543"}, {"y": "168", "x": "545"}, {"y": "171", "x": "547"}, {"y": "175", "x": "549"}, {"y": "178", "x": "551"}, {"y": "181", "x": "553"}, {"y": "184", "x": "555"}, {"y": "187", "x": "557"}, {"y": "190", "x": "559"}, {"y": "193", "x": "561"}, {"y": "196", "x": "563"}, {"y": "199", "x": "565"}, {"y": "202", "x": "567"}, {"y": "206", "x": "569"}, {"y": "209", "x": "571"}, {"y": "212", "x": "573"}, {"y": "215", "x": "575"}, {"y": "218", "x": "577"}, {"y": "221", "x": "579"}, {"y": "224", "x": "581"}, {"y": "227", "x": "583"}, {"y": "230", "x": "585"}, {"y": "233", "x": "587"}, {"y": "236", "x": "589"}, {"y": "240", "x": "591"}, {"y": "243", "x": "593"}, {"y": "246", "x": "595"}, {"y": "249", "x": "597"}, {"y": "252", "x": "600"}, {"y": "255", "x": "602"}, {"y": "258", "x": "604"}, {"y": "261", "x": "606"}, {"y": "264", "x": "608"}, {"y": "267", "x": "610"}, {"y": "270", "x": "612"}, {"y": "274", "x": "614"}, {"y": "277", "x": "616"}, {"y": "280", "x": "618"}, {"y": "283", "x": "620"}, {"y": "286", "x": "622"}, {"y": "289", "x": "624"}, {"y": "292", "x": "626"}, {"y": "295", "x": "628"}, {"y": "298", "x": "630"}, {"y": "301", "x": "632"}, {"y": "305", "x": "634"}, {"y": "308", "x": "636"}, {"y": "311", "x": "638"}]]}