{"Lines": [[{"y": "289", "x": "0"}, {"y": "289", "x": "0"}, {"y": "286", "x": "2"}, {"y": "283", "x": "4"}, {"y": "279", "x": "6"}, {"y": "276", "x": "8"}, {"y": "273", "x": "10"}, {"y": "270", "x": "12"}, {"y": "267", "x": "14"}, {"y": "264", "x": "16"}, {"y": "261", "x": "18"}, {"y": "258", "x": "20"}, {"y": "255", "x": "22"}, {"y": "252", "x": "24"}, {"y": "249", "x": "26"}, {"y": "246", "x": "28"}, {"y": "243", "x": "30"}, {"y": "240", "x": "32"}, {"y": "237", "x": "34"}, {"y": "233", "x": "36"}, {"y": "230", "x": "38"}, {"y": "227", "x": "40"}, {"y": "224", "x": "41"}, {"y": "221", "x": "43"}, {"y": "218", "x": "45"}, {"y": "215", "x": "47"}, {"y": "212", "x": "49"}, {"y": "209", "x": "51"}, {"y": "206", "x": "53"}, {"y": "203", "x": "55"}, {"y": "200", "x": "57"}, {"y": "197", "x": "59"}, {"y": "194", "x": "61"}, {"y": "191", "x": "63"}, {"y": "188", "x": "65"}, {"y": "184", "x": "67"}, {"y": "181", "x": "69"}, {"y": "178", "x": "71"}, {"y": "175", "x": "73"}, {"y": "172", "x": "75"}, {"y": "169", "x": "77"}, {"y": "166", "x": "79"}, {"y": "163", "x": "81"}, {"y": "160", "x": "83"}, {"y": "157", "x": "85"}, {"y": "154", "x": "87"}, {"y": "151", "x": "89"}, {"y": "148", "x": "91"}, {"y": "145", "x": "92"}, {"y": "142", "x": "94"}, {"y": "138", "x": "96"}, {"y": "135", "x": "98"}, {"y": "132", "x": "100"}, {"y": "132", "x": "100"}, {"y": "132", "x": "100"}, {"y": "129", "x": "102"}, {"y": "126", "x": "104"}, {"y": "123", "x": "106"}, {"y": "120", "x": "108"}, {"y": "117", "x": "110"}, {"y": "114", "x": "112"}, {"y": "111", "x": "114"}, {"y": "108", "x": "116"}, {"y": "105", "x": "117"}, {"y": "102", "x": "119"}, {"y": "99", "x": "121"}, {"y": "95", "x": "123"}, {"y": "92", "x": "125"}, {"y": "89", "x": "127"}, {"y": "86", "x": "129"}, {"y": "83", "x": "131"}, {"y": "80", "x": "133"}, {"y": "77", "x": "135"}, {"y": "74", "x": "137"}, {"y": "71", "x": "138"}, {"y": "68", "x": "140"}, {"y": "65", "x": "142"}, {"y": "62", "x": "144"}, {"y": "59", "x": "146"}, {"y": "55", "x": "148"}, {"y": "52", "x": "150"}, {"y": "49", "x": "152"}, {"y": "46", "x": "154"}, {"y": "43", "x": "156"}, {"y": "40", "x": "158"}, {"y": "37", "x": "159"}, {"y": "34", "x": "161"}, {"y": "31", "x": "163"}, {"y": "28", "x": "165"}, {"y": "25", "x": "167"}, {"y": "22", "x": "169"}, {"y": "19", "x": "171"}, {"y": "15", "x": "173"}, {"y": "12", "x": "175"}, {"y": "9", "x": "177"}, {"y": "6", "x": "179"}, {"y": "3", "x": "180"}, {"y": "0", "x": "182"}, {"y": "0", "x": "182"}], [{"y": "0", "x": "431"}, {"y": "0", "x": "431"}, {"y": "3", "x": "432"}, {"y": "6", "x": "433"}, {"y": "9", "x": "434"}, {"y": "12", "x": "435"}, {"y": "16", "x": "436"}, {"y": "19", "x": "437"}, {"y": "22", "x": "439"}, {"y": "25", "x": "440"}, {"y": "28", "x": "441"}, {"y": "32", "x": "442"}, {"y": "35", "x": "443"}, {"y": "38", "x": "444"}, {"y": "41", "x": "446"}, {"y": "44", "x": "447"}, {"y": "48", "x": "448"}, {"y": "51", "x": "449"}, {"y": "54", "x": "450"}, {"y": "57", "x": "451"}, {"y": "61", "x": "453"}, {"y": "61", "x": "453"}, {"y": "61", "x": "453"}, {"y": "64", "x": "456"}, {"y": "68", "x": "459"}, {"y": "71", "x": "463"}, {"y": "75", "x": "466"}, {"y": "79", "x": "469"}, {"y": "82", "x": "473"}, {"y": "86", "x": "476"}, {"y": "86", "x": "476"}, {"y": "86", "x": "476"}, {"y": "89", "x": "477"}, {"y": "92", "x": "479"}, {"y": "95", "x": "480"}, {"y": "98", "x": "481"}, {"y": "101", "x": "483"}, {"y": "104", "x": "484"}, {"y": "107", "x": "485"}, {"y": "110", "x": "487"}, {"y": "113", "x": "488"}, {"y": "116", "x": "489"}, {"y": "120", "x": "491"}, {"y": "123", "x": "492"}, {"y": "126", "x": "494"}, {"y": "129", "x": "495"}, {"y": "132", "x": "496"}, {"y": "135", "x": "498"}, {"y": "138", "x": "499"}, {"y": "141", "x": "500"}, {"y": "144", "x": "502"}, {"y": "147", "x": "503"}, {"y": "150", "x": "504"}, {"y": "153", "x": "506"}, {"y": "156", "x": "507"}, {"y": "159", "x": "508"}, {"y": "163", "x": "510"}, {"y": "166", "x": "511"}, {"y": "169", "x": "513"}, {"y": "172", "x": "514"}, {"y": "175", "x": "515"}, {"y": "178", "x": "517"}, {"y": "181", "x": "518"}, {"y": "184", "x": "519"}, {"y": "187", "x": "521"}, {"y": "190", "x": "522"}, {"y": "193", "x": "523"}, {"y": "196", "x": "525"}, {"y": "199", "x": "526"}, {"y": "202", "x": "528"}, {"y": "205", "x": "529"}, {"y": "209", "x": "530"}, {"y": "212", "x": "532"}, {"y": "215", "x": "533"}, {"y": "218", "x": "534"}, {"y": "221", "x": "536"}, {"y": "224", "x": "537"}, {"y": "227", "x": "538"}, {"y": "230", "x": "540"}, {"y": "233", "x": "541"}, {"y": "236", "x": "542"}, {"y": "239", "x": "544"}, {"y": "242", "x": "545"}, {"y": "245", "x": "547"}, {"y": "248", "x": "548"}, {"y": "251", "x": "549"}, {"y": "255", "x": "551"}, {"y": "258", "x": "552"}, {"y": "261", "x": "553"}, {"y": "264", "x": "555"}, {"y": "267", "x": "556"}, {"y": "270", "x": "557"}, {"y": "270", "x": "557"}, {"y": "273", "x": "559"}, {"y": "276", "x": "560"}, {"y": "279", "x": "561"}, {"y": "282", "x": "563"}, {"y": "286", "x": "564"}, {"y": "289", "x": "565"}, {"y": "292", "x": "566"}, {"y": "295", "x": "568"}, {"y": "298", "x": "569"}, {"y": "301", "x": "570"}, {"y": "304", "x": "571"}, {"y": "307", "x": "573"}, {"y": "311", "x": "574"}, {"y": "314", "x": "575"}, {"y": "317", "x": "576"}, {"y": "320", "x": "578"}, {"y": "323", "x": "579"}, {"y": "326", "x": "580"}, {"y": "329", "x": "582"}, {"y": "333", "x": "583"}, {"y": "336", "x": "584"}, {"y": "339", "x": "585"}, {"y": "342", "x": "587"}, {"y": "345", "x": "588"}, {"y": "348", "x": "589"}, {"y": "351", "x": "590"}, {"y": "355", "x": "592"}, {"y": "358", "x": "593"}]]}