{"Lines": [[{"y": "1", "x": "517"}, {"y": "1", "x": "517"}, {"y": "4", "x": "518"}, {"y": "7", "x": "519"}, {"y": "10", "x": "519"}, {"y": "141", "x": "520"}, {"y": "141", "x": "520"}, {"y": "137", "x": "520"}, {"y": "14", "x": "520"}, {"y": "134", "x": "520"}, {"y": "131", "x": "520"}, {"y": "128", "x": "520"}, {"y": "125", "x": "520"}, {"y": "122", "x": "520"}, {"y": "118", "x": "520"}, {"y": "115", "x": "520"}, {"y": "144", "x": "520"}, {"y": "112", "x": "520"}, {"y": "17", "x": "520"}, {"y": "109", "x": "520"}, {"y": "106", "x": "520"}, {"y": "103", "x": "520"}, {"y": "99", "x": "520"}, {"y": "96", "x": "520"}, {"y": "93", "x": "520"}, {"y": "90", "x": "521"}, {"y": "147", "x": "521"}, {"y": "87", "x": "521"}, {"y": "84", "x": "521"}, {"y": "20", "x": "521"}, {"y": "80", "x": "521"}, {"y": "80", "x": "521"}, {"y": "80", "x": "521"}, {"y": "77", "x": "521"}, {"y": "150", "x": "521"}, {"y": "23", "x": "521"}, {"y": "74", "x": "521"}, {"y": "153", "x": "522"}, {"y": "70", "x": "522"}, {"y": "27", "x": "522"}, {"y": "67", "x": "522"}, {"y": "156", "x": "522"}, {"y": "30", "x": "522"}, {"y": "63", "x": "522"}, {"y": "160", "x": "523"}, {"y": "60", "x": "523"}, {"y": "33", "x": "523"}, {"y": "57", "x": "523"}, {"y": "163", "x": "523"}, {"y": "36", "x": "523"}, {"y": "53", "x": "523"}, {"y": "166", "x": "524"}, {"y": "50", "x": "524"}, {"y": "40", "x": "524"}, {"y": "46", "x": "524"}, {"y": "169", "x": "524"}, {"y": "43", "x": "524"}, {"y": "43", "x": "524"}, {"y": "172", "x": "525"}, {"y": "176", "x": "525"}, {"y": "179", "x": "526"}, {"y": "182", "x": "526"}, {"y": "185", "x": "527"}, {"y": "188", "x": "527"}, {"y": "192", "x": "528"}, {"y": "195", "x": "528"}, {"y": "198", "x": "529"}, {"y": "198", "x": "529"}, {"y": "198", "x": "529"}, {"y": "201", "x": "530"}, {"y": "204", "x": "531"}, {"y": "207", "x": "531"}, {"y": "210", "x": "532"}, {"y": "213", "x": "533"}, {"y": "217", "x": "534"}, {"y": "220", "x": "535"}, {"y": "223", "x": "536"}, {"y": "226", "x": "536"}, {"y": "229", "x": "537"}, {"y": "232", "x": "538"}, {"y": "235", "x": "539"}, {"y": "238", "x": "540"}, {"y": "241", "x": "541"}, {"y": "244", "x": "541"}, {"y": "247", "x": "542"}, {"y": "251", "x": "543"}, {"y": "254", "x": "544"}, {"y": "257", "x": "545"}, {"y": "260", "x": "546"}, {"y": "263", "x": "547"}, {"y": "266", "x": "547"}, {"y": "269", "x": "548"}, {"y": "272", "x": "549"}, {"y": "275", "x": "550"}, {"y": "278", "x": "551"}, {"y": "281", "x": "552"}, {"y": "284", "x": "552"}, {"y": "288", "x": "553"}, {"y": "291", "x": "554"}, {"y": "294", "x": "555"}, {"y": "297", "x": "556"}, {"y": "300", "x": "557"}, {"y": "303", "x": "557"}, {"y": "306", "x": "558"}, {"y": "309", "x": "559"}, {"y": "312", "x": "560"}, {"y": "315", "x": "561"}, {"y": "318", "x": "562"}, {"y": "321", "x": "562"}, {"y": "325", "x": "563"}, {"y": "328", "x": "564"}, {"y": "331", "x": "565"}, {"y": "334", "x": "566"}, {"y": "337", "x": "567"}, {"y": "340", "x": "567"}, {"y": "343", "x": "568"}, {"y": "346", "x": "569"}, {"y": "349", "x": "570"}, {"y": "352", "x": "571"}, {"y": "355", "x": "572"}, {"y": "359", "x": "572"}, {"y": "359", "x": "573"}], [{"y": "306", "x": "0"}, {"y": "306", "x": "0"}, {"y": "303", "x": "2"}, {"y": "300", "x": "5"}, {"y": "297", "x": "7"}, {"y": "294", "x": "9"}, {"y": "290", "x": "11"}, {"y": "287", "x": "13"}, {"y": "284", "x": "16"}, {"y": "281", "x": "18"}, {"y": "278", "x": "20"}, {"y": "275", "x": "22"}, {"y": "272", "x": "24"}, {"y": "269", "x": "26"}, {"y": "266", "x": "29"}, {"y": "263", "x": "31"}, {"y": "260", "x": "33"}, {"y": "257", "x": "35"}, {"y": "254", "x": "37"}, {"y": "251", "x": "39"}, {"y": "247", "x": "42"}, {"y": "244", "x": "44"}, {"y": "241", "x": "46"}, {"y": "238", "x": "48"}, {"y": "235", "x": "50"}, {"y": "232", "x": "52"}, {"y": "229", "x": "55"}, {"y": "226", "x": "57"}, {"y": "223", "x": "59"}, {"y": "220", "x": "61"}, {"y": "217", "x": "63"}, {"y": "214", "x": "65"}, {"y": "211", "x": "68"}, {"y": "208", "x": "70"}, {"y": "205", "x": "72"}, {"y": "201", "x": "74"}, {"y": "198", "x": "76"}, {"y": "195", "x": "78"}, {"y": "192", "x": "81"}, {"y": "189", "x": "83"}, {"y": "186", "x": "85"}, {"y": "183", "x": "87"}, {"y": "180", "x": "89"}, {"y": "177", "x": "91"}, {"y": "174", "x": "94"}, {"y": "171", "x": "96"}, {"y": "168", "x": "98"}, {"y": "165", "x": "100"}, {"y": "162", "x": "102"}, {"y": "159", "x": "104"}, {"y": "155", "x": "107"}, {"y": "152", "x": "109"}, {"y": "149", "x": "111"}, {"y": "146", "x": "113"}, {"y": "143", "x": "115"}, {"y": "140", "x": "117"}, {"y": "140", "x": "117"}, {"y": "140", "x": "117"}, {"y": "137", "x": "121"}, {"y": "134", "x": "124"}, {"y": "131", "x": "127"}, {"y": "127", "x": "130"}, {"y": "124", "x": "133"}, {"y": "121", "x": "136"}, {"y": "118", "x": "139"}, {"y": "115", "x": "142"}, {"y": "112", "x": "145"}, {"y": "109", "x": "148"}, {"y": "105", "x": "151"}, {"y": "102", "x": "154"}, {"y": "99", "x": "157"}, {"y": "96", "x": "160"}, {"y": "93", "x": "163"}, {"y": "90", "x": "166"}, {"y": "87", "x": "169"}, {"y": "83", "x": "172"}, {"y": "80", "x": "175"}, {"y": "77", "x": "178"}, {"y": "74", "x": "182"}, {"y": "74", "x": "182"}, {"y": "74", "x": "182"}, {"y": "71", "x": "185"}, {"y": "67", "x": "189"}, {"y": "64", "x": "193"}, {"y": "61", "x": "196"}, {"y": "58", "x": "200"}, {"y": "55", "x": "204"}, {"y": "51", "x": "208"}, {"y": "48", "x": "211"}, {"y": "45", "x": "215"}, {"y": "42", "x": "219"}, {"y": "38", "x": "223"}, {"y": "35", "x": "226"}, {"y": "32", "x": "230"}, {"y": "29", "x": "234"}, {"y": "25", "x": "238"}, {"y": "22", "x": "241"}, {"y": "19", "x": "245"}, {"y": "16", "x": "249"}, {"y": "12", "x": "253"}, {"y": "9", "x": "256"}, {"y": "6", "x": "260"}, {"y": "3", "x": "264"}, {"y": "0", "x": "268"}, {"y": "0", "x": "268"}]]}