{"Lines": [[{"y": "111", "x": "555"}, {"y": "111", "x": "555"}, {"y": "114", "x": "556"}, {"y": "107", "x": "556"}, {"y": "117", "x": "556"}, {"y": "120", "x": "556"}, {"y": "104", "x": "556"}, {"y": "124", "x": "556"}, {"y": "101", "x": "556"}, {"y": "127", "x": "556"}, {"y": "130", "x": "557"}, {"y": "97", "x": "557"}, {"y": "133", "x": "557"}, {"y": "94", "x": "557"}, {"y": "136", "x": "557"}, {"y": "140", "x": "557"}, {"y": "91", "x": "557"}, {"y": "143", "x": "558"}, {"y": "146", "x": "558"}, {"y": "87", "x": "558"}, {"y": "149", "x": "558"}, {"y": "84", "x": "558"}, {"y": "153", "x": "558"}, {"y": "156", "x": "558"}, {"y": "81", "x": "558"}, {"y": "159", "x": "559"}, {"y": "77", "x": "559"}, {"y": "162", "x": "559"}, {"y": "165", "x": "559"}, {"y": "74", "x": "559"}, {"y": "169", "x": "559"}, {"y": "172", "x": "559"}, {"y": "71", "x": "559"}, {"y": "175", "x": "560"}, {"y": "67", "x": "560"}, {"y": "178", "x": "560"}, {"y": "181", "x": "560"}, {"y": "64", "x": "560"}, {"y": "185", "x": "560"}, {"y": "61", "x": "560"}, {"y": "188", "x": "561"}, {"y": "191", "x": "561"}, {"y": "191", "x": "561"}, {"y": "57", "x": "561"}, {"y": "54", "x": "561"}, {"y": "54", "x": "561"}, {"y": "194", "x": "561"}, {"y": "197", "x": "562"}, {"y": "51", "x": "562"}, {"y": "200", "x": "563"}, {"y": "47", "x": "563"}, {"y": "204", "x": "564"}, {"y": "207", "x": "564"}, {"y": "44", "x": "565"}, {"y": "210", "x": "565"}, {"y": "40", "x": "566"}, {"y": "213", "x": "566"}, {"y": "216", "x": "567"}, {"y": "37", "x": "567"}, {"y": "219", "x": "568"}, {"y": "34", "x": "568"}, {"y": "222", "x": "568"}, {"y": "225", "x": "569"}, {"y": "30", "x": "569"}, {"y": "228", "x": "570"}, {"y": "231", "x": "571"}, {"y": "27", "x": "571"}, {"y": "235", "x": "571"}, {"y": "23", "x": "572"}, {"y": "23", "x": "572"}, {"y": "238", "x": "572"}, {"y": "241", "x": "573"}, {"y": "20", "x": "573"}, {"y": "244", "x": "574"}, {"y": "247", "x": "574"}, {"y": "16", "x": "575"}, {"y": "250", "x": "575"}, {"y": "253", "x": "576"}, {"y": "256", "x": "577"}, {"y": "12", "x": "577"}, {"y": "259", "x": "577"}, {"y": "262", "x": "578"}, {"y": "8", "x": "578"}, {"y": "266", "x": "579"}, {"y": "269", "x": "580"}, {"y": "4", "x": "580"}, {"y": "4", "x": "580"}, {"y": "272", "x": "580"}, {"y": "275", "x": "581"}, {"y": "278", "x": "582"}, {"y": "281", "x": "583"}, {"y": "284", "x": "583"}, {"y": "287", "x": "584"}, {"y": "290", "x": "585"}, {"y": "293", "x": "586"}, {"y": "297", "x": "586"}, {"y": "300", "x": "587"}, {"y": "303", "x": "588"}, {"y": "306", "x": "589"}, {"y": "309", "x": "589"}, {"y": "312", "x": "590"}, {"y": "315", "x": "591"}, {"y": "318", "x": "592"}, {"y": "321", "x": "592"}, {"y": "324", "x": "593"}, {"y": "328", "x": "594"}, {"y": "331", "x": "595"}, {"y": "334", "x": "595"}, {"y": "337", "x": "596"}, {"y": "340", "x": "597"}, {"y": "343", "x": "598"}, {"y": "346", "x": "598"}, {"y": "349", "x": "599"}, {"y": "352", "x": "600"}, {"y": "355", "x": "601"}, {"y": "359", "x": "601"}, {"y": "359", "x": "602"}], [{"y": "325", "x": "0"}, {"y": "325", "x": "0"}, {"y": "322", "x": "0"}, {"y": "319", "x": "1"}, {"y": "316", "x": "2"}, {"y": "312", "x": "2"}, {"y": "309", "x": "3"}, {"y": "306", "x": "3"}, {"y": "303", "x": "4"}, {"y": "3", "x": "4"}, {"y": "3", "x": "4"}, {"y": "300", "x": "4"}, {"y": "297", "x": "5"}, {"y": "6", "x": "5"}, {"y": "294", "x": "5"}, {"y": "291", "x": "6"}, {"y": "287", "x": "7"}, {"y": "9", "x": "7"}, {"y": "284", "x": "7"}, {"y": "281", "x": "8"}, {"y": "13", "x": "8"}, {"y": "278", "x": "8"}, {"y": "275", "x": "9"}, {"y": "272", "x": "9"}, {"y": "16", "x": "9"}, {"y": "269", "x": "10"}, {"y": "265", "x": "10"}, {"y": "20", "x": "11"}, {"y": "262", "x": "11"}, {"y": "259", "x": "12"}, {"y": "256", "x": "12"}, {"y": "23", "x": "12"}, {"y": "253", "x": "13"}, {"y": "250", "x": "13"}, {"y": "26", "x": "14"}, {"y": "247", "x": "14"}, {"y": "244", "x": "14"}, {"y": "240", "x": "15"}, {"y": "30", "x": "15"}, {"y": "237", "x": "15"}, {"y": "234", "x": "16"}, {"y": "33", "x": "16"}, {"y": "231", "x": "16"}, {"y": "228", "x": "17"}, {"y": "228", "x": "17"}, {"y": "228", "x": "17"}, {"y": "225", "x": "18"}, {"y": "37", "x": "18"}, {"y": "221", "x": "18"}, {"y": "218", "x": "19"}, {"y": "215", "x": "19"}, {"y": "40", "x": "19"}, {"y": "40", "x": "19"}, {"y": "40", "x": "19"}, {"y": "212", "x": "19"}, {"y": "43", "x": "20"}, {"y": "209", "x": "20"}, {"y": "46", "x": "20"}, {"y": "206", "x": "20"}, {"y": "50", "x": "20"}, {"y": "53", "x": "21"}, {"y": "202", "x": "21"}, {"y": "56", "x": "21"}, {"y": "199", "x": "21"}, {"y": "59", "x": "22"}, {"y": "196", "x": "22"}, {"y": "62", "x": "22"}, {"y": "193", "x": "22"}, {"y": "65", "x": "23"}, {"y": "190", "x": "23"}, {"y": "69", "x": "23"}, {"y": "186", "x": "23"}, {"y": "72", "x": "24"}, {"y": "183", "x": "24"}, {"y": "75", "x": "24"}, {"y": "180", "x": "24"}, {"y": "78", "x": "25"}, {"y": "177", "x": "25"}, {"y": "81", "x": "25"}, {"y": "174", "x": "25"}, {"y": "84", "x": "26"}, {"y": "171", "x": "26"}, {"y": "88", "x": "26"}, {"y": "167", "x": "26"}, {"y": "91", "x": "27"}, {"y": "164", "x": "27"}, {"y": "164", "x": "27"}, {"y": "164", "x": "27"}, {"y": "161", "x": "27"}, {"y": "94", "x": "27"}, {"y": "158", "x": "27"}, {"y": "155", "x": "27"}, {"y": "151", "x": "27"}, {"y": "148", "x": "27"}, {"y": "97", "x": "27"}, {"y": "145", "x": "28"}, {"y": "142", "x": "28"}, {"y": "139", "x": "28"}, {"y": "135", "x": "28"}, {"y": "100", "x": "28"}, {"y": "132", "x": "28"}, {"y": "129", "x": "28"}, {"y": "126", "x": "28"}, {"y": "123", "x": "28"}, {"y": "103", "x": "28"}, {"y": "119", "x": "28"}, {"y": "116", "x": "29"}, {"y": "113", "x": "29"}, {"y": "110", "x": "29"}, {"y": "107", "x": "29"}, {"y": "107", "x": "29"}, {"y": "107", "x": "29"}]]}