{"Lines": [[{"y": "356", "x": "28"}, {"y": "356", "x": "28"}, {"y": "353", "x": "30"}, {"y": "350", "x": "33"}, {"y": "347", "x": "36"}, {"y": "344", "x": "38"}, {"y": "341", "x": "41"}, {"y": "338", "x": "43"}, {"y": "335", "x": "46"}, {"y": "332", "x": "49"}, {"y": "329", "x": "51"}, {"y": "326", "x": "54"}, {"y": "322", "x": "57"}, {"y": "319", "x": "59"}, {"y": "316", "x": "62"}, {"y": "313", "x": "65"}, {"y": "310", "x": "67"}, {"y": "307", "x": "70"}, {"y": "304", "x": "72"}, {"y": "301", "x": "75"}, {"y": "298", "x": "78"}, {"y": "295", "x": "80"}, {"y": "292", "x": "83"}, {"y": "289", "x": "86"}, {"y": "285", "x": "88"}, {"y": "282", "x": "91"}, {"y": "279", "x": "94"}, {"y": "276", "x": "96"}, {"y": "273", "x": "99"}, {"y": "270", "x": "101"}, {"y": "267", "x": "104"}, {"y": "264", "x": "107"}, {"y": "261", "x": "109"}, {"y": "258", "x": "112"}, {"y": "255", "x": "115"}, {"y": "252", "x": "117"}, {"y": "248", "x": "120"}, {"y": "245", "x": "123"}, {"y": "242", "x": "125"}, {"y": "239", "x": "128"}, {"y": "236", "x": "130"}, {"y": "233", "x": "133"}, {"y": "230", "x": "136"}, {"y": "227", "x": "138"}, {"y": "224", "x": "141"}, {"y": "221", "x": "144"}, {"y": "218", "x": "146"}, {"y": "214", "x": "149"}, {"y": "211", "x": "152"}, {"y": "208", "x": "154"}, {"y": "205", "x": "157"}, {"y": "202", "x": "159"}, {"y": "199", "x": "162"}, {"y": "196", "x": "165"}, {"y": "193", "x": "167"}, {"y": "190", "x": "170"}, {"y": "187", "x": "173"}, {"y": "184", "x": "175"}, {"y": "181", "x": "178"}, {"y": "177", "x": "181"}, {"y": "174", "x": "183"}, {"y": "174", "x": "183"}, {"y": "174", "x": "183"}, {"y": "171", "x": "186"}, {"y": "168", "x": "189"}, {"y": "165", "x": "192"}, {"y": "162", "x": "195"}, {"y": "159", "x": "198"}, {"y": "156", "x": "201"}, {"y": "152", "x": "204"}, {"y": "149", "x": "207"}, {"y": "146", "x": "209"}, {"y": "143", "x": "212"}, {"y": "140", "x": "215"}, {"y": "137", "x": "218"}, {"y": "133", "x": "221"}, {"y": "130", "x": "224"}, {"y": "127", "x": "227"}, {"y": "124", "x": "230"}, {"y": "121", "x": "233"}, {"y": "118", "x": "236"}, {"y": "115", "x": "239"}, {"y": "111", "x": "242"}, {"y": "108", "x": "244"}, {"y": "105", "x": "247"}, {"y": "102", "x": "250"}, {"y": "99", "x": "253"}, {"y": "96", "x": "256"}, {"y": "93", "x": "259"}, {"y": "89", "x": "262"}, {"y": "86", "x": "265"}, {"y": "83", "x": "268"}, {"y": "80", "x": "271"}, {"y": "77", "x": "274"}, {"y": "74", "x": "277"}, {"y": "71", "x": "279"}, {"y": "67", "x": "282"}, {"y": "67", "x": "282"}, {"y": "64", "x": "286"}, {"y": "61", "x": "289"}, {"y": "58", "x": "292"}, {"y": "54", "x": "296"}, {"y": "51", "x": "299"}, {"y": "48", "x": "302"}, {"y": "45", "x": "305"}, {"y": "42", "x": "309"}, {"y": "38", "x": "312"}, {"y": "35", "x": "315"}, {"y": "32", "x": "319"}, {"y": "29", "x": "322"}, {"y": "25", "x": "325"}, {"y": "22", "x": "328"}, {"y": "19", "x": "332"}, {"y": "16", "x": "335"}, {"y": "12", "x": "338"}, {"y": "9", "x": "342"}, {"y": "6", "x": "345"}, {"y": "3", "x": "348"}, {"y": "0", "x": "352"}], [{"y": "1", "x": "568"}, {"y": "1", "x": "568"}, {"y": "4", "x": "570"}, {"y": "7", "x": "571"}, {"y": "10", "x": "572"}, {"y": "13", "x": "573"}, {"y": "17", "x": "574"}, {"y": "20", "x": "575"}, {"y": "23", "x": "576"}, {"y": "26", "x": "577"}, {"y": "30", "x": "578"}, {"y": "33", "x": "579"}, {"y": "36", "x": "581"}, {"y": "39", "x": "582"}, {"y": "43", "x": "583"}, {"y": "46", "x": "584"}, {"y": "49", "x": "585"}, {"y": "52", "x": "586"}, {"y": "56", "x": "587"}, {"y": "59", "x": "587"}, {"y": "62", "x": "588"}, {"y": "65", "x": "588"}, {"y": "68", "x": "589"}, {"y": "71", "x": "590"}, {"y": "75", "x": "590"}, {"y": "78", "x": "591"}, {"y": "81", "x": "591"}, {"y": "84", "x": "592"}, {"y": "87", "x": "593"}, {"y": "91", "x": "593"}, {"y": "94", "x": "594"}, {"y": "97", "x": "594"}, {"y": "100", "x": "595"}, {"y": "103", "x": "596"}, {"y": "106", "x": "596"}, {"y": "110", "x": "597"}, {"y": "113", "x": "598"}, {"y": "116", "x": "598"}, {"y": "119", "x": "599"}, {"y": "122", "x": "599"}, {"y": "126", "x": "600"}, {"y": "129", "x": "601"}, {"y": "132", "x": "601"}, {"y": "135", "x": "601"}, {"y": "138", "x": "602"}, {"y": "141", "x": "602"}, {"y": "144", "x": "602"}, {"y": "147", "x": "603"}, {"y": "151", "x": "603"}, {"y": "154", "x": "603"}, {"y": "157", "x": "603"}, {"y": "160", "x": "604"}, {"y": "163", "x": "604"}, {"y": "166", "x": "604"}, {"y": "169", "x": "604"}, {"y": "172", "x": "605"}, {"y": "175", "x": "605"}, {"y": "179", "x": "605"}, {"y": "182", "x": "606"}, {"y": "185", "x": "606"}, {"y": "188", "x": "606"}, {"y": "191", "x": "606"}, {"y": "194", "x": "607"}, {"y": "197", "x": "607"}, {"y": "200", "x": "607"}, {"y": "203", "x": "608"}, {"y": "206", "x": "608"}, {"y": "210", "x": "608"}, {"y": "213", "x": "608"}, {"y": "216", "x": "609"}, {"y": "219", "x": "609"}, {"y": "222", "x": "609"}, {"y": "225", "x": "609"}, {"y": "228", "x": "610"}, {"y": "231", "x": "610"}, {"y": "234", "x": "610"}, {"y": "238", "x": "611"}, {"y": "241", "x": "611"}, {"y": "244", "x": "611"}, {"y": "247", "x": "611"}, {"y": "250", "x": "612"}, {"y": "253", "x": "612"}, {"y": "256", "x": "612"}, {"y": "259", "x": "613"}, {"y": "259", "x": "613"}, {"y": "262", "x": "613"}, {"y": "266", "x": "614"}, {"y": "269", "x": "615"}, {"y": "272", "x": "616"}, {"y": "275", "x": "617"}, {"y": "278", "x": "618"}, {"y": "281", "x": "618"}, {"y": "285", "x": "619"}, {"y": "288", "x": "620"}, {"y": "291", "x": "621"}, {"y": "294", "x": "622"}, {"y": "297", "x": "623"}, {"y": "300", "x": "623"}, {"y": "303", "x": "624"}, {"y": "307", "x": "625"}, {"y": "310", "x": "626"}, {"y": "313", "x": "627"}, {"y": "316", "x": "627"}, {"y": "319", "x": "628"}, {"y": "322", "x": "629"}, {"y": "326", "x": "630"}, {"y": "329", "x": "631"}, {"y": "332", "x": "632"}, {"y": "335", "x": "632"}, {"y": "338", "x": "633"}, {"y": "341", "x": "634"}, {"y": "344", "x": "635"}, {"y": "348", "x": "636"}, {"y": "351", "x": "637"}, {"y": "354", "x": "637"}]]}