{"Lines": [[{"y": "321", "x": "1"}, {"y": "321", "x": "1"}, {"y": "317", "x": "2"}, {"y": "314", "x": "3"}, {"y": "311", "x": "4"}, {"y": "308", "x": "5"}, {"y": "305", "x": "6"}, {"y": "302", "x": "7"}, {"y": "299", "x": "8"}, {"y": "296", "x": "9"}, {"y": "293", "x": "10"}, {"y": "290", "x": "11"}, {"y": "286", "x": "12"}, {"y": "283", "x": "13"}, {"y": "280", "x": "14"}, {"y": "277", "x": "15"}, {"y": "274", "x": "16"}, {"y": "271", "x": "17"}, {"y": "268", "x": "18"}, {"y": "265", "x": "19"}, {"y": "262", "x": "20"}, {"y": "259", "x": "21"}, {"y": "256", "x": "22"}, {"y": "252", "x": "23"}, {"y": "249", "x": "24"}, {"y": "246", "x": "25"}, {"y": "243", "x": "26"}, {"y": "240", "x": "27"}, {"y": "237", "x": "28"}, {"y": "234", "x": "29"}, {"y": "231", "x": "30"}, {"y": "228", "x": "31"}, {"y": "225", "x": "32"}, {"y": "222", "x": "33"}, {"y": "218", "x": "34"}, {"y": "215", "x": "35"}, {"y": "212", "x": "36"}, {"y": "209", "x": "37"}, {"y": "206", "x": "38"}, {"y": "203", "x": "39"}, {"y": "200", "x": "40"}, {"y": "197", "x": "41"}, {"y": "194", "x": "42"}, {"y": "191", "x": "43"}, {"y": "187", "x": "44"}, {"y": "184", "x": "45"}, {"y": "181", "x": "46"}, {"y": "178", "x": "47"}, {"y": "175", "x": "48"}, {"y": "172", "x": "49"}, {"y": "169", "x": "49"}, {"y": "166", "x": "50"}, {"y": "163", "x": "51"}, {"y": "160", "x": "52"}, {"y": "157", "x": "53"}, {"y": "153", "x": "54"}, {"y": "150", "x": "55"}, {"y": "147", "x": "56"}, {"y": "144", "x": "57"}, {"y": "144", "x": "57"}, {"y": "144", "x": "57"}, {"y": "141", "x": "58"}, {"y": "138", "x": "58"}, {"y": "135", "x": "59"}, {"y": "132", "x": "59"}, {"y": "129", "x": "59"}, {"y": "125", "x": "60"}, {"y": "122", "x": "60"}, {"y": "119", "x": "61"}, {"y": "116", "x": "61"}, {"y": "113", "x": "62"}, {"y": "110", "x": "62"}, {"y": "107", "x": "62"}, {"y": "103", "x": "63"}, {"y": "100", "x": "63"}, {"y": "97", "x": "64"}, {"y": "94", "x": "64"}, {"y": "91", "x": "64"}, {"y": "88", "x": "65"}, {"y": "85", "x": "65"}, {"y": "82", "x": "66"}, {"y": "78", "x": "66"}, {"y": "75", "x": "66"}, {"y": "72", "x": "67"}, {"y": "69", "x": "67"}, {"y": "66", "x": "68"}, {"y": "63", "x": "68"}, {"y": "60", "x": "68"}, {"y": "57", "x": "69"}, {"y": "53", "x": "69"}, {"y": "50", "x": "70"}, {"y": "47", "x": "70"}, {"y": "44", "x": "71"}, {"y": "41", "x": "71"}, {"y": "38", "x": "71"}, {"y": "35", "x": "72"}, {"y": "32", "x": "72"}, {"y": "28", "x": "73"}, {"y": "25", "x": "73"}, {"y": "22", "x": "73"}, {"y": "19", "x": "74"}, {"y": "16", "x": "74"}, {"y": "13", "x": "75"}, {"y": "10", "x": "75"}, {"y": "6", "x": "75"}, {"y": "3", "x": "76"}, {"y": "3", "x": "76"}], [{"y": "1", "x": "315"}, {"y": "1", "x": "315"}, {"y": "4", "x": "318"}, {"y": "8", "x": "321"}, {"y": "11", "x": "324"}, {"y": "14", "x": "327"}, {"y": "17", "x": "330"}, {"y": "20", "x": "333"}, {"y": "23", "x": "336"}, {"y": "26", "x": "339"}, {"y": "30", "x": "342"}, {"y": "33", "x": "345"}, {"y": "36", "x": "348"}, {"y": "39", "x": "351"}, {"y": "42", "x": "354"}, {"y": "45", "x": "357"}, {"y": "48", "x": "360"}, {"y": "51", "x": "362"}, {"y": "55", "x": "365"}, {"y": "58", "x": "368"}, {"y": "61", "x": "371"}, {"y": "64", "x": "374"}, {"y": "67", "x": "377"}, {"y": "70", "x": "380"}, {"y": "73", "x": "383"}, {"y": "77", "x": "386"}, {"y": "80", "x": "389"}, {"y": "83", "x": "392"}, {"y": "86", "x": "395"}, {"y": "89", "x": "398"}, {"y": "92", "x": "401"}, {"y": "95", "x": "404"}, {"y": "99", "x": "407"}, {"y": "102", "x": "410"}, {"y": "105", "x": "413"}, {"y": "108", "x": "416"}, {"y": "111", "x": "419"}, {"y": "114", "x": "422"}, {"y": "117", "x": "425"}, {"y": "120", "x": "428"}, {"y": "124", "x": "431"}, {"y": "127", "x": "434"}, {"y": "130", "x": "437"}, {"y": "130", "x": "437"}, {"y": "130", "x": "437"}, {"y": "133", "x": "439"}, {"y": "136", "x": "441"}, {"y": "139", "x": "443"}, {"y": "142", "x": "445"}, {"y": "146", "x": "447"}, {"y": "149", "x": "449"}, {"y": "152", "x": "451"}, {"y": "155", "x": "453"}, {"y": "158", "x": "455"}, {"y": "161", "x": "458"}, {"y": "164", "x": "460"}, {"y": "167", "x": "462"}, {"y": "171", "x": "464"}, {"y": "174", "x": "466"}, {"y": "177", "x": "468"}, {"y": "180", "x": "470"}, {"y": "183", "x": "472"}, {"y": "186", "x": "474"}, {"y": "189", "x": "476"}, {"y": "192", "x": "478"}, {"y": "196", "x": "480"}, {"y": "199", "x": "483"}, {"y": "202", "x": "485"}, {"y": "205", "x": "487"}, {"y": "208", "x": "489"}, {"y": "211", "x": "491"}, {"y": "214", "x": "493"}, {"y": "217", "x": "495"}, {"y": "221", "x": "497"}, {"y": "224", "x": "499"}, {"y": "227", "x": "501"}, {"y": "230", "x": "503"}, {"y": "233", "x": "506"}, {"y": "236", "x": "508"}, {"y": "239", "x": "510"}, {"y": "242", "x": "512"}, {"y": "246", "x": "514"}, {"y": "249", "x": "516"}, {"y": "252", "x": "518"}, {"y": "255", "x": "520"}, {"y": "258", "x": "522"}, {"y": "261", "x": "524"}, {"y": "264", "x": "526"}, {"y": "267", "x": "528"}, {"y": "267", "x": "528"}, {"y": "267", "x": "528"}, {"y": "271", "x": "530"}, {"y": "274", "x": "532"}, {"y": "277", "x": "533"}, {"y": "280", "x": "535"}, {"y": "283", "x": "536"}, {"y": "286", "x": "538"}, {"y": "289", "x": "540"}, {"y": "293", "x": "541"}, {"y": "296", "x": "543"}, {"y": "299", "x": "544"}, {"y": "302", "x": "546"}, {"y": "305", "x": "548"}, {"y": "308", "x": "549"}, {"y": "311", "x": "551"}, {"y": "315", "x": "552"}, {"y": "318", "x": "554"}, {"y": "321", "x": "555"}, {"y": "324", "x": "557"}, {"y": "327", "x": "559"}, {"y": "330", "x": "560"}, {"y": "333", "x": "562"}, {"y": "337", "x": "563"}, {"y": "340", "x": "565"}, {"y": "343", "x": "567"}, {"y": "346", "x": "568"}, {"y": "349", "x": "570"}, {"y": "352", "x": "571"}, {"y": "355", "x": "573"}, {"y": "359", "x": "574"}, {"y": "359", "x": "575"}]]}