{"Lines": [[{"y": "341", "x": "0"}, {"y": "341", "x": "0"}, {"y": "338", "x": "1"}, {"y": "335", "x": "3"}, {"y": "332", "x": "4"}, {"y": "329", "x": "5"}, {"y": "326", "x": "7"}, {"y": "323", "x": "8"}, {"y": "320", "x": "10"}, {"y": "317", "x": "11"}, {"y": "313", "x": "12"}, {"y": "310", "x": "14"}, {"y": "307", "x": "15"}, {"y": "304", "x": "16"}, {"y": "301", "x": "18"}, {"y": "298", "x": "19"}, {"y": "295", "x": "21"}, {"y": "292", "x": "22"}, {"y": "289", "x": "23"}, {"y": "286", "x": "25"}, {"y": "283", "x": "26"}, {"y": "279", "x": "28"}, {"y": "276", "x": "29"}, {"y": "273", "x": "30"}, {"y": "270", "x": "32"}, {"y": "267", "x": "33"}, {"y": "264", "x": "34"}, {"y": "261", "x": "36"}, {"y": "258", "x": "37"}, {"y": "255", "x": "39"}, {"y": "252", "x": "40"}, {"y": "249", "x": "41"}, {"y": "245", "x": "43"}, {"y": "242", "x": "44"}, {"y": "239", "x": "46"}, {"y": "236", "x": "47"}, {"y": "233", "x": "48"}, {"y": "230", "x": "50"}, {"y": "227", "x": "51"}, {"y": "224", "x": "52"}, {"y": "221", "x": "54"}, {"y": "218", "x": "55"}, {"y": "214", "x": "57"}, {"y": "211", "x": "58"}, {"y": "208", "x": "59"}, {"y": "205", "x": "61"}, {"y": "202", "x": "62"}, {"y": "199", "x": "63"}, {"y": "196", "x": "65"}, {"y": "193", "x": "66"}, {"y": "190", "x": "68"}, {"y": "187", "x": "69"}, {"y": "184", "x": "70"}, {"y": "180", "x": "72"}, {"y": "177", "x": "73"}, {"y": "174", "x": "75"}, {"y": "171", "x": "76"}, {"y": "168", "x": "77"}, {"y": "165", "x": "79"}, {"y": "165", "x": "79"}, {"y": "165", "x": "79"}, {"y": "162", "x": "80"}, {"y": "159", "x": "82"}, {"y": "156", "x": "84"}, {"y": "153", "x": "86"}, {"y": "149", "x": "87"}, {"y": "146", "x": "89"}, {"y": "143", "x": "91"}, {"y": "140", "x": "93"}, {"y": "137", "x": "95"}, {"y": "134", "x": "96"}, {"y": "131", "x": "98"}, {"y": "128", "x": "100"}, {"y": "125", "x": "102"}, {"y": "121", "x": "103"}, {"y": "118", "x": "105"}, {"y": "115", "x": "107"}, {"y": "112", "x": "109"}, {"y": "109", "x": "110"}, {"y": "106", "x": "112"}, {"y": "103", "x": "114"}, {"y": "100", "x": "116"}, {"y": "97", "x": "117"}, {"y": "93", "x": "119"}, {"y": "90", "x": "121"}, {"y": "87", "x": "123"}, {"y": "84", "x": "124"}, {"y": "81", "x": "126"}, {"y": "78", "x": "128"}, {"y": "75", "x": "130"}, {"y": "72", "x": "131"}, {"y": "69", "x": "133"}, {"y": "65", "x": "135"}, {"y": "65", "x": "135"}, {"y": "65", "x": "135"}, {"y": "62", "x": "138"}, {"y": "59", "x": "141"}, {"y": "56", "x": "144"}, {"y": "52", "x": "147"}, {"y": "49", "x": "150"}, {"y": "46", "x": "153"}, {"y": "42", "x": "155"}, {"y": "39", "x": "158"}, {"y": "36", "x": "161"}, {"y": "32", "x": "164"}, {"y": "29", "x": "167"}, {"y": "26", "x": "170"}, {"y": "23", "x": "173"}, {"y": "19", "x": "176"}, {"y": "16", "x": "179"}, {"y": "13", "x": "182"}, {"y": "9", "x": "185"}, {"y": "6", "x": "188"}, {"y": "3", "x": "191"}, {"y": "0", "x": "194"}, {"y": "0", "x": "194"}], [{"y": "29", "x": "442"}, {"y": "29", "x": "442"}, {"y": "33", "x": "443"}, {"y": "26", "x": "443"}, {"y": "36", "x": "443"}, {"y": "40", "x": "443"}, {"y": "22", "x": "443"}, {"y": "43", "x": "444"}, {"y": "19", "x": "444"}, {"y": "47", "x": "444"}, {"y": "51", "x": "444"}, {"y": "15", "x": "444"}, {"y": "54", "x": "445"}, {"y": "12", "x": "445"}, {"y": "58", "x": "445"}, {"y": "61", "x": "445"}, {"y": "8", "x": "445"}, {"y": "65", "x": "446"}, {"y": "65", "x": "446"}, {"y": "65", "x": "446"}, {"y": "5", "x": "446"}, {"y": "68", "x": "446"}, {"y": "1", "x": "446"}, {"y": "1", "x": "446"}, {"y": "72", "x": "447"}, {"y": "75", "x": "448"}, {"y": "78", "x": "449"}, {"y": "82", "x": "449"}, {"y": "85", "x": "450"}, {"y": "88", "x": "451"}, {"y": "92", "x": "452"}, {"y": "95", "x": "452"}, {"y": "98", "x": "453"}, {"y": "102", "x": "454"}, {"y": "105", "x": "455"}, {"y": "108", "x": "455"}, {"y": "112", "x": "456"}, {"y": "112", "x": "456"}, {"y": "115", "x": "458"}, {"y": "118", "x": "459"}, {"y": "121", "x": "461"}, {"y": "124", "x": "462"}, {"y": "127", "x": "464"}, {"y": "131", "x": "465"}, {"y": "134", "x": "467"}, {"y": "137", "x": "468"}, {"y": "140", "x": "470"}, {"y": "143", "x": "472"}, {"y": "146", "x": "473"}, {"y": "150", "x": "475"}, {"y": "153", "x": "476"}, {"y": "156", "x": "478"}, {"y": "159", "x": "479"}, {"y": "162", "x": "481"}, {"y": "166", "x": "482"}, {"y": "169", "x": "484"}, {"y": "172", "x": "485"}, {"y": "175", "x": "487"}, {"y": "178", "x": "488"}, {"y": "181", "x": "490"}, {"y": "185", "x": "491"}, {"y": "188", "x": "493"}, {"y": "191", "x": "494"}, {"y": "194", "x": "496"}, {"y": "197", "x": "498"}, {"y": "200", "x": "499"}, {"y": "204", "x": "501"}, {"y": "207", "x": "502"}, {"y": "210", "x": "504"}, {"y": "213", "x": "505"}, {"y": "213", "x": "505"}, {"y": "213", "x": "505"}, {"y": "216", "x": "507"}, {"y": "219", "x": "509"}, {"y": "222", "x": "510"}, {"y": "226", "x": "512"}, {"y": "229", "x": "514"}, {"y": "232", "x": "516"}, {"y": "235", "x": "517"}, {"y": "238", "x": "519"}, {"y": "241", "x": "521"}, {"y": "244", "x": "523"}, {"y": "247", "x": "524"}, {"y": "250", "x": "526"}, {"y": "253", "x": "528"}, {"y": "256", "x": "530"}, {"y": "260", "x": "531"}, {"y": "263", "x": "533"}, {"y": "266", "x": "535"}, {"y": "269", "x": "537"}, {"y": "272", "x": "538"}, {"y": "275", "x": "540"}, {"y": "278", "x": "542"}, {"y": "281", "x": "544"}, {"y": "284", "x": "545"}, {"y": "287", "x": "547"}, {"y": "290", "x": "549"}, {"y": "294", "x": "551"}, {"y": "297", "x": "552"}, {"y": "300", "x": "554"}, {"y": "303", "x": "556"}, {"y": "306", "x": "558"}, {"y": "309", "x": "559"}, {"y": "312", "x": "561"}, {"y": "315", "x": "563"}, {"y": "318", "x": "565"}, {"y": "321", "x": "566"}, {"y": "324", "x": "568"}, {"y": "328", "x": "570"}, {"y": "331", "x": "572"}, {"y": "334", "x": "573"}, {"y": "337", "x": "575"}, {"y": "340", "x": "577"}, {"y": "343", "x": "579"}, {"y": "346", "x": "580"}, {"y": "349", "x": "582"}, {"y": "352", "x": "584"}, {"y": "355", "x": "586"}, {"y": "359", "x": "588"}, {"y": "359", "x": "588"}]]}