{"Lines": [[{"y": "359", "x": "19"}, {"y": "359", "x": "20"}, {"y": "355", "x": "21"}, {"y": "352", "x": "22"}, {"y": "349", "x": "23"}, {"y": "346", "x": "24"}, {"y": "343", "x": "25"}, {"y": "340", "x": "26"}, {"y": "337", "x": "27"}, {"y": "334", "x": "28"}, {"y": "331", "x": "29"}, {"y": "328", "x": "30"}, {"y": "325", "x": "31"}, {"y": "322", "x": "32"}, {"y": "318", "x": "33"}, {"y": "315", "x": "34"}, {"y": "312", "x": "35"}, {"y": "309", "x": "36"}, {"y": "306", "x": "37"}, {"y": "303", "x": "38"}, {"y": "300", "x": "39"}, {"y": "297", "x": "40"}, {"y": "294", "x": "41"}, {"y": "291", "x": "42"}, {"y": "288", "x": "43"}, {"y": "285", "x": "44"}, {"y": "282", "x": "45"}, {"y": "278", "x": "46"}, {"y": "275", "x": "47"}, {"y": "272", "x": "48"}, {"y": "269", "x": "49"}, {"y": "266", "x": "50"}, {"y": "263", "x": "51"}, {"y": "260", "x": "52"}, {"y": "257", "x": "53"}, {"y": "254", "x": "55"}, {"y": "251", "x": "56"}, {"y": "248", "x": "57"}, {"y": "245", "x": "58"}, {"y": "242", "x": "59"}, {"y": "238", "x": "60"}, {"y": "235", "x": "61"}, {"y": "232", "x": "62"}, {"y": "229", "x": "63"}, {"y": "226", "x": "64"}, {"y": "223", "x": "65"}, {"y": "220", "x": "66"}, {"y": "217", "x": "67"}, {"y": "214", "x": "68"}, {"y": "211", "x": "69"}, {"y": "208", "x": "70"}, {"y": "205", "x": "71"}, {"y": "202", "x": "72"}, {"y": "198", "x": "73"}, {"y": "195", "x": "74"}, {"y": "192", "x": "75"}, {"y": "189", "x": "76"}, {"y": "186", "x": "77"}, {"y": "183", "x": "78"}, {"y": "180", "x": "79"}, {"y": "177", "x": "80"}, {"y": "174", "x": "81"}, {"y": "171", "x": "82"}, {"y": "168", "x": "83"}, {"y": "165", "x": "84"}, {"y": "165", "x": "84"}, {"y": "165", "x": "84"}, {"y": "161", "x": "86"}, {"y": "158", "x": "87"}, {"y": "155", "x": "88"}, {"y": "152", "x": "89"}, {"y": "149", "x": "91"}, {"y": "146", "x": "92"}, {"y": "143", "x": "93"}, {"y": "140", "x": "94"}, {"y": "137", "x": "96"}, {"y": "133", "x": "97"}, {"y": "130", "x": "98"}, {"y": "127", "x": "99"}, {"y": "124", "x": "101"}, {"y": "121", "x": "102"}, {"y": "118", "x": "103"}, {"y": "115", "x": "104"}, {"y": "112", "x": "105"}, {"y": "109", "x": "107"}, {"y": "105", "x": "108"}, {"y": "102", "x": "109"}, {"y": "99", "x": "110"}, {"y": "96", "x": "112"}, {"y": "93", "x": "113"}, {"y": "90", "x": "114"}, {"y": "87", "x": "115"}, {"y": "84", "x": "117"}, {"y": "81", "x": "118"}, {"y": "77", "x": "119"}, {"y": "74", "x": "120"}, {"y": "71", "x": "122"}, {"y": "68", "x": "123"}, {"y": "65", "x": "124"}, {"y": "62", "x": "125"}, {"y": "59", "x": "127"}, {"y": "56", "x": "128"}, {"y": "53", "x": "129"}, {"y": "49", "x": "130"}, {"y": "46", "x": "132"}, {"y": "43", "x": "133"}, {"y": "40", "x": "134"}, {"y": "37", "x": "135"}, {"y": "34", "x": "136"}, {"y": "31", "x": "138"}, {"y": "28", "x": "139"}, {"y": "25", "x": "140"}, {"y": "21", "x": "141"}, {"y": "18", "x": "143"}, {"y": "15", "x": "144"}, {"y": "12", "x": "145"}, {"y": "9", "x": "146"}, {"y": "6", "x": "148"}, {"y": "3", "x": "149"}, {"y": "0", "x": "150"}, {"y": "0", "x": "150"}], [{"y": "1", "x": "380"}, {"y": "1", "x": "380"}, {"y": "4", "x": "382"}, {"y": "7", "x": "384"}, {"y": "10", "x": "386"}, {"y": "13", "x": "388"}, {"y": "16", "x": "390"}, {"y": "20", "x": "392"}, {"y": "23", "x": "394"}, {"y": "26", "x": "396"}, {"y": "29", "x": "398"}, {"y": "32", "x": "400"}, {"y": "35", "x": "402"}, {"y": "38", "x": "404"}, {"y": "41", "x": "406"}, {"y": "44", "x": "408"}, {"y": "47", "x": "410"}, {"y": "51", "x": "412"}, {"y": "54", "x": "414"}, {"y": "57", "x": "416"}, {"y": "60", "x": "418"}, {"y": "63", "x": "420"}, {"y": "66", "x": "422"}, {"y": "69", "x": "424"}, {"y": "72", "x": "426"}, {"y": "75", "x": "428"}, {"y": "78", "x": "430"}, {"y": "82", "x": "432"}, {"y": "85", "x": "434"}, {"y": "88", "x": "436"}, {"y": "91", "x": "438"}, {"y": "94", "x": "440"}, {"y": "97", "x": "442"}, {"y": "100", "x": "444"}, {"y": "103", "x": "446"}, {"y": "106", "x": "448"}, {"y": "109", "x": "450"}, {"y": "113", "x": "452"}, {"y": "116", "x": "454"}, {"y": "119", "x": "456"}, {"y": "122", "x": "458"}, {"y": "125", "x": "461"}, {"y": "128", "x": "463"}, {"y": "131", "x": "465"}, {"y": "134", "x": "467"}, {"y": "137", "x": "469"}, {"y": "140", "x": "471"}, {"y": "144", "x": "473"}, {"y": "147", "x": "475"}, {"y": "150", "x": "477"}, {"y": "153", "x": "479"}, {"y": "156", "x": "481"}, {"y": "159", "x": "483"}, {"y": "162", "x": "485"}, {"y": "162", "x": "485"}, {"y": "162", "x": "485"}, {"y": "165", "x": "487"}, {"y": "168", "x": "490"}, {"y": "171", "x": "492"}, {"y": "174", "x": "494"}, {"y": "177", "x": "497"}, {"y": "181", "x": "499"}, {"y": "184", "x": "501"}, {"y": "187", "x": "504"}, {"y": "190", "x": "506"}, {"y": "193", "x": "508"}, {"y": "196", "x": "511"}, {"y": "199", "x": "513"}, {"y": "202", "x": "515"}, {"y": "205", "x": "518"}, {"y": "208", "x": "520"}, {"y": "211", "x": "522"}, {"y": "214", "x": "525"}, {"y": "217", "x": "527"}, {"y": "220", "x": "530"}, {"y": "223", "x": "532"}, {"y": "227", "x": "534"}, {"y": "230", "x": "537"}, {"y": "233", "x": "539"}, {"y": "236", "x": "541"}, {"y": "239", "x": "544"}, {"y": "242", "x": "546"}, {"y": "245", "x": "548"}, {"y": "248", "x": "551"}, {"y": "251", "x": "553"}, {"y": "254", "x": "555"}, {"y": "257", "x": "558"}, {"y": "260", "x": "560"}, {"y": "263", "x": "563"}, {"y": "266", "x": "565"}, {"y": "270", "x": "567"}, {"y": "273", "x": "570"}, {"y": "276", "x": "572"}, {"y": "279", "x": "574"}, {"y": "282", "x": "577"}, {"y": "285", "x": "579"}, {"y": "288", "x": "581"}, {"y": "291", "x": "584"}, {"y": "294", "x": "586"}, {"y": "297", "x": "588"}, {"y": "300", "x": "591"}, {"y": "303", "x": "593"}, {"y": "306", "x": "595"}, {"y": "309", "x": "598"}, {"y": "312", "x": "600"}, {"y": "316", "x": "603"}, {"y": "319", "x": "605"}, {"y": "322", "x": "607"}, {"y": "325", "x": "610"}, {"y": "328", "x": "612"}, {"y": "331", "x": "614"}, {"y": "334", "x": "617"}, {"y": "337", "x": "619"}, {"y": "340", "x": "621"}, {"y": "343", "x": "624"}, {"y": "346", "x": "626"}, {"y": "349", "x": "628"}, {"y": "352", "x": "631"}, {"y": "355", "x": "633"}, {"y": "359", "x": "636"}, {"y": "359", "x": "636"}]]}