{"Lines": [[{"y": "358", "x": "24"}, {"y": "358", "x": "24"}, {"y": "355", "x": "25"}, {"y": "352", "x": "27"}, {"y": "349", "x": "28"}, {"y": "346", "x": "30"}, {"y": "343", "x": "32"}, {"y": "340", "x": "33"}, {"y": "337", "x": "35"}, {"y": "334", "x": "36"}, {"y": "331", "x": "38"}, {"y": "328", "x": "40"}, {"y": "325", "x": "41"}, {"y": "322", "x": "43"}, {"y": "319", "x": "44"}, {"y": "316", "x": "46"}, {"y": "313", "x": "47"}, {"y": "310", "x": "49"}, {"y": "307", "x": "51"}, {"y": "304", "x": "52"}, {"y": "301", "x": "54"}, {"y": "298", "x": "55"}, {"y": "295", "x": "57"}, {"y": "291", "x": "59"}, {"y": "288", "x": "60"}, {"y": "285", "x": "62"}, {"y": "282", "x": "63"}, {"y": "279", "x": "65"}, {"y": "276", "x": "67"}, {"y": "273", "x": "68"}, {"y": "270", "x": "70"}, {"y": "267", "x": "71"}, {"y": "264", "x": "73"}, {"y": "261", "x": "75"}, {"y": "258", "x": "76"}, {"y": "255", "x": "78"}, {"y": "252", "x": "79"}, {"y": "249", "x": "81"}, {"y": "246", "x": "83"}, {"y": "243", "x": "84"}, {"y": "240", "x": "86"}, {"y": "237", "x": "87"}, {"y": "234", "x": "89"}, {"y": "231", "x": "91"}, {"y": "228", "x": "92"}, {"y": "225", "x": "94"}, {"y": "221", "x": "95"}, {"y": "218", "x": "97"}, {"y": "215", "x": "99"}, {"y": "212", "x": "100"}, {"y": "209", "x": "102"}, {"y": "206", "x": "103"}, {"y": "203", "x": "105"}, {"y": "200", "x": "106"}, {"y": "197", "x": "108"}, {"y": "194", "x": "110"}, {"y": "191", "x": "111"}, {"y": "188", "x": "113"}, {"y": "185", "x": "114"}, {"y": "182", "x": "116"}, {"y": "179", "x": "118"}, {"y": "176", "x": "119"}, {"y": "173", "x": "121"}, {"y": "170", "x": "122"}, {"y": "167", "x": "124"}, {"y": "164", "x": "126"}, {"y": "161", "x": "127"}, {"y": "158", "x": "129"}, {"y": "154", "x": "130"}, {"y": "151", "x": "132"}, {"y": "148", "x": "134"}, {"y": "145", "x": "135"}, {"y": "142", "x": "137"}, {"y": "139", "x": "138"}, {"y": "136", "x": "140"}, {"y": "133", "x": "142"}, {"y": "130", "x": "143"}, {"y": "127", "x": "145"}, {"y": "124", "x": "146"}, {"y": "121", "x": "148"}, {"y": "118", "x": "150"}, {"y": "115", "x": "151"}, {"y": "112", "x": "153"}, {"y": "109", "x": "154"}, {"y": "106", "x": "156"}, {"y": "103", "x": "157"}, {"y": "100", "x": "159"}, {"y": "100", "x": "159"}, {"y": "100", "x": "159"}, {"y": "97", "x": "161"}, {"y": "93", "x": "162"}, {"y": "90", "x": "164"}, {"y": "87", "x": "165"}, {"y": "84", "x": "167"}, {"y": "81", "x": "169"}, {"y": "78", "x": "170"}, {"y": "75", "x": "172"}, {"y": "72", "x": "173"}, {"y": "68", "x": "175"}, {"y": "65", "x": "176"}, {"y": "62", "x": "178"}, {"y": "59", "x": "180"}, {"y": "56", "x": "181"}, {"y": "53", "x": "183"}, {"y": "50", "x": "184"}, {"y": "46", "x": "186"}, {"y": "43", "x": "187"}, {"y": "40", "x": "189"}, {"y": "37", "x": "191"}, {"y": "34", "x": "192"}, {"y": "31", "x": "194"}, {"y": "28", "x": "195"}, {"y": "25", "x": "197"}, {"y": "21", "x": "198"}, {"y": "18", "x": "200"}, {"y": "15", "x": "202"}, {"y": "12", "x": "203"}, {"y": "9", "x": "205"}, {"y": "6", "x": "206"}, {"y": "3", "x": "208"}, {"y": "0", "x": "209"}, {"y": "0", "x": "210"}], [{"y": "0", "x": "436"}, {"y": "0", "x": "436"}, {"y": "3", "x": "437"}, {"y": "6", "x": "439"}, {"y": "9", "x": "441"}, {"y": "12", "x": "442"}, {"y": "16", "x": "444"}, {"y": "19", "x": "446"}, {"y": "22", "x": "447"}, {"y": "25", "x": "449"}, {"y": "28", "x": "450"}, {"y": "31", "x": "452"}, {"y": "34", "x": "454"}, {"y": "37", "x": "455"}, {"y": "40", "x": "457"}, {"y": "43", "x": "459"}, {"y": "47", "x": "460"}, {"y": "50", "x": "462"}, {"y": "53", "x": "463"}, {"y": "56", "x": "465"}, {"y": "59", "x": "467"}, {"y": "62", "x": "468"}, {"y": "65", "x": "470"}, {"y": "68", "x": "472"}, {"y": "71", "x": "473"}, {"y": "74", "x": "475"}, {"y": "78", "x": "476"}, {"y": "81", "x": "478"}, {"y": "84", "x": "480"}, {"y": "87", "x": "481"}, {"y": "90", "x": "483"}, {"y": "93", "x": "485"}, {"y": "96", "x": "486"}, {"y": "99", "x": "488"}, {"y": "102", "x": "489"}, {"y": "106", "x": "491"}, {"y": "109", "x": "493"}, {"y": "112", "x": "494"}, {"y": "115", "x": "496"}, {"y": "118", "x": "498"}, {"y": "121", "x": "499"}, {"y": "124", "x": "501"}, {"y": "127", "x": "502"}, {"y": "130", "x": "504"}, {"y": "133", "x": "506"}, {"y": "137", "x": "507"}, {"y": "140", "x": "509"}, {"y": "143", "x": "511"}, {"y": "146", "x": "512"}, {"y": "149", "x": "514"}, {"y": "152", "x": "515"}, {"y": "155", "x": "517"}, {"y": "158", "x": "518"}, {"y": "161", "x": "520"}, {"y": "164", "x": "521"}, {"y": "167", "x": "523"}, {"y": "170", "x": "525"}, {"y": "174", "x": "526"}, {"y": "177", "x": "528"}, {"y": "180", "x": "529"}, {"y": "183", "x": "531"}, {"y": "186", "x": "532"}, {"y": "189", "x": "534"}, {"y": "192", "x": "535"}, {"y": "195", "x": "537"}, {"y": "198", "x": "539"}, {"y": "201", "x": "540"}, {"y": "204", "x": "542"}, {"y": "207", "x": "543"}, {"y": "211", "x": "545"}, {"y": "214", "x": "546"}, {"y": "217", "x": "548"}, {"y": "220", "x": "549"}, {"y": "223", "x": "551"}, {"y": "226", "x": "553"}, {"y": "229", "x": "554"}, {"y": "232", "x": "556"}, {"y": "235", "x": "557"}, {"y": "238", "x": "559"}, {"y": "241", "x": "560"}, {"y": "244", "x": "562"}, {"y": "248", "x": "563"}, {"y": "251", "x": "565"}, {"y": "254", "x": "567"}, {"y": "257", "x": "568"}, {"y": "260", "x": "570"}, {"y": "263", "x": "571"}, {"y": "266", "x": "573"}, {"y": "269", "x": "574"}, {"y": "272", "x": "576"}, {"y": "275", "x": "577"}, {"y": "278", "x": "579"}, {"y": "281", "x": "581"}, {"y": "285", "x": "582"}, {"y": "288", "x": "584"}, {"y": "291", "x": "585"}, {"y": "294", "x": "587"}, {"y": "297", "x": "588"}, {"y": "300", "x": "590"}, {"y": "303", "x": "591"}, {"y": "306", "x": "593"}, {"y": "309", "x": "595"}, {"y": "312", "x": "596"}, {"y": "315", "x": "598"}, {"y": "318", "x": "599"}, {"y": "322", "x": "601"}, {"y": "325", "x": "602"}, {"y": "328", "x": "604"}, {"y": "331", "x": "605"}, {"y": "334", "x": "607"}, {"y": "337", "x": "609"}, {"y": "340", "x": "610"}, {"y": "343", "x": "612"}, {"y": "346", "x": "613"}, {"y": "349", "x": "615"}, {"y": "352", "x": "616"}, {"y": "355", "x": "618"}, {"y": "359", "x": "620"}]]}