{"Lines": [[{"y": "280", "x": "2"}, {"y": "280", "x": "2"}, {"y": "277", "x": "3"}, {"y": "274", "x": "4"}, {"y": "271", "x": "5"}, {"y": "267", "x": "7"}, {"y": "264", "x": "8"}, {"y": "261", "x": "9"}, {"y": "258", "x": "10"}, {"y": "255", "x": "12"}, {"y": "252", "x": "13"}, {"y": "248", "x": "14"}, {"y": "245", "x": "15"}, {"y": "242", "x": "17"}, {"y": "239", "x": "18"}, {"y": "236", "x": "19"}, {"y": "233", "x": "20"}, {"y": "229", "x": "22"}, {"y": "226", "x": "23"}, {"y": "223", "x": "24"}, {"y": "220", "x": "25"}, {"y": "217", "x": "27"}, {"y": "214", "x": "28"}, {"y": "210", "x": "29"}, {"y": "207", "x": "30"}, {"y": "204", "x": "32"}, {"y": "201", "x": "33"}, {"y": "198", "x": "34"}, {"y": "195", "x": "35"}, {"y": "191", "x": "36"}, {"y": "188", "x": "38"}, {"y": "185", "x": "39"}, {"y": "182", "x": "40"}, {"y": "179", "x": "41"}, {"y": "176", "x": "43"}, {"y": "172", "x": "44"}, {"y": "172", "x": "44"}, {"y": "172", "x": "44"}, {"y": "169", "x": "45"}, {"y": "166", "x": "45"}, {"y": "163", "x": "46"}, {"y": "160", "x": "46"}, {"y": "157", "x": "47"}, {"y": "153", "x": "48"}, {"y": "150", "x": "48"}, {"y": "147", "x": "49"}, {"y": "144", "x": "50"}, {"y": "141", "x": "50"}, {"y": "138", "x": "51"}, {"y": "135", "x": "51"}, {"y": "131", "x": "52"}, {"y": "128", "x": "53"}, {"y": "125", "x": "53"}, {"y": "122", "x": "54"}, {"y": "119", "x": "55"}, {"y": "116", "x": "55"}, {"y": "113", "x": "56"}, {"y": "109", "x": "56"}, {"y": "0", "x": "57"}, {"y": "0", "x": "57"}, {"y": "3", "x": "57"}, {"y": "106", "x": "57"}, {"y": "106", "x": "57"}, {"y": "106", "x": "57"}, {"y": "7", "x": "57"}, {"y": "103", "x": "57"}, {"y": "100", "x": "57"}, {"y": "10", "x": "57"}, {"y": "97", "x": "57"}, {"y": "94", "x": "58"}, {"y": "13", "x": "58"}, {"y": "90", "x": "58"}, {"y": "17", "x": "58"}, {"y": "87", "x": "58"}, {"y": "84", "x": "58"}, {"y": "20", "x": "58"}, {"y": "81", "x": "58"}, {"y": "78", "x": "58"}, {"y": "23", "x": "58"}, {"y": "75", "x": "58"}, {"y": "71", "x": "59"}, {"y": "26", "x": "59"}, {"y": "68", "x": "59"}, {"y": "30", "x": "59"}, {"y": "65", "x": "59"}, {"y": "62", "x": "59"}, {"y": "33", "x": "59"}, {"y": "59", "x": "59"}, {"y": "56", "x": "59"}, {"y": "36", "x": "59"}, {"y": "52", "x": "59"}, {"y": "49", "x": "60"}, {"y": "40", "x": "60"}, {"y": "46", "x": "60"}, {"y": "43", "x": "60"}, {"y": "43", "x": "60"}], [{"y": "0", "x": "316"}, {"y": "0", "x": "316"}, {"y": "3", "x": "320"}, {"y": "6", "x": "323"}, {"y": "10", "x": "327"}, {"y": "13", "x": "330"}, {"y": "17", "x": "333"}, {"y": "20", "x": "337"}, {"y": "23", "x": "340"}, {"y": "27", "x": "344"}, {"y": "30", "x": "347"}, {"y": "33", "x": "351"}, {"y": "37", "x": "354"}, {"y": "40", "x": "357"}, {"y": "44", "x": "361"}, {"y": "47", "x": "364"}, {"y": "50", "x": "368"}, {"y": "50", "x": "368"}, {"y": "50", "x": "368"}, {"y": "53", "x": "370"}, {"y": "56", "x": "372"}, {"y": "60", "x": "375"}, {"y": "63", "x": "377"}, {"y": "66", "x": "379"}, {"y": "69", "x": "381"}, {"y": "72", "x": "384"}, {"y": "75", "x": "386"}, {"y": "78", "x": "388"}, {"y": "81", "x": "391"}, {"y": "84", "x": "393"}, {"y": "87", "x": "395"}, {"y": "90", "x": "397"}, {"y": "94", "x": "400"}, {"y": "97", "x": "402"}, {"y": "100", "x": "404"}, {"y": "103", "x": "407"}, {"y": "106", "x": "409"}, {"y": "109", "x": "411"}, {"y": "112", "x": "413"}, {"y": "115", "x": "416"}, {"y": "118", "x": "418"}, {"y": "121", "x": "420"}, {"y": "125", "x": "423"}, {"y": "128", "x": "425"}, {"y": "131", "x": "427"}, {"y": "134", "x": "429"}, {"y": "137", "x": "432"}, {"y": "140", "x": "434"}, {"y": "143", "x": "436"}, {"y": "146", "x": "439"}, {"y": "149", "x": "441"}, {"y": "152", "x": "443"}, {"y": "152", "x": "443"}, {"y": "152", "x": "443"}, {"y": "155", "x": "445"}, {"y": "158", "x": "447"}, {"y": "162", "x": "448"}, {"y": "165", "x": "450"}, {"y": "168", "x": "452"}, {"y": "171", "x": "453"}, {"y": "174", "x": "455"}, {"y": "177", "x": "457"}, {"y": "180", "x": "458"}, {"y": "183", "x": "460"}, {"y": "186", "x": "462"}, {"y": "189", "x": "463"}, {"y": "192", "x": "465"}, {"y": "195", "x": "467"}, {"y": "198", "x": "468"}, {"y": "202", "x": "470"}, {"y": "205", "x": "472"}, {"y": "208", "x": "473"}, {"y": "211", "x": "475"}, {"y": "214", "x": "477"}, {"y": "217", "x": "478"}, {"y": "220", "x": "480"}, {"y": "223", "x": "482"}, {"y": "226", "x": "483"}, {"y": "229", "x": "485"}, {"y": "232", "x": "487"}, {"y": "235", "x": "488"}, {"y": "238", "x": "490"}, {"y": "242", "x": "492"}, {"y": "245", "x": "493"}, {"y": "248", "x": "495"}, {"y": "251", "x": "497"}, {"y": "254", "x": "498"}, {"y": "257", "x": "500"}, {"y": "260", "x": "502"}, {"y": "263", "x": "504"}, {"y": "266", "x": "505"}, {"y": "269", "x": "507"}, {"y": "272", "x": "509"}, {"y": "275", "x": "510"}, {"y": "278", "x": "512"}, {"y": "282", "x": "514"}, {"y": "285", "x": "515"}, {"y": "288", "x": "517"}, {"y": "291", "x": "519"}, {"y": "294", "x": "520"}, {"y": "297", "x": "522"}, {"y": "300", "x": "524"}, {"y": "303", "x": "525"}, {"y": "306", "x": "527"}, {"y": "309", "x": "529"}, {"y": "312", "x": "530"}, {"y": "315", "x": "532"}, {"y": "318", "x": "534"}, {"y": "322", "x": "535"}, {"y": "325", "x": "537"}, {"y": "328", "x": "539"}, {"y": "331", "x": "540"}, {"y": "334", "x": "542"}, {"y": "337", "x": "544"}, {"y": "340", "x": "545"}, {"y": "343", "x": "547"}, {"y": "346", "x": "549"}, {"y": "349", "x": "550"}, {"y": "352", "x": "552"}, {"y": "355", "x": "554"}, {"y": "359", "x": "556"}]]}