{"Lines": [[{"y": "356", "x": "13"}, {"y": "356", "x": "13"}, {"y": "353", "x": "15"}, {"y": "350", "x": "16"}, {"y": "347", "x": "18"}, {"y": "344", "x": "20"}, {"y": "341", "x": "21"}, {"y": "338", "x": "23"}, {"y": "335", "x": "24"}, {"y": "332", "x": "26"}, {"y": "329", "x": "27"}, {"y": "326", "x": "29"}, {"y": "322", "x": "30"}, {"y": "319", "x": "32"}, {"y": "316", "x": "34"}, {"y": "313", "x": "35"}, {"y": "310", "x": "37"}, {"y": "307", "x": "38"}, {"y": "304", "x": "40"}, {"y": "301", "x": "41"}, {"y": "298", "x": "43"}, {"y": "295", "x": "44"}, {"y": "292", "x": "46"}, {"y": "289", "x": "47"}, {"y": "286", "x": "49"}, {"y": "283", "x": "51"}, {"y": "280", "x": "52"}, {"y": "277", "x": "54"}, {"y": "274", "x": "55"}, {"y": "271", "x": "57"}, {"y": "268", "x": "58"}, {"y": "265", "x": "60"}, {"y": "261", "x": "61"}, {"y": "258", "x": "63"}, {"y": "255", "x": "64"}, {"y": "252", "x": "66"}, {"y": "249", "x": "68"}, {"y": "246", "x": "69"}, {"y": "243", "x": "71"}, {"y": "240", "x": "72"}, {"y": "237", "x": "74"}, {"y": "234", "x": "75"}, {"y": "231", "x": "77"}, {"y": "228", "x": "78"}, {"y": "225", "x": "80"}, {"y": "222", "x": "82"}, {"y": "219", "x": "83"}, {"y": "216", "x": "85"}, {"y": "213", "x": "86"}, {"y": "210", "x": "88"}, {"y": "207", "x": "89"}, {"y": "204", "x": "91"}, {"y": "201", "x": "92"}, {"y": "197", "x": "94"}, {"y": "194", "x": "95"}, {"y": "191", "x": "97"}, {"y": "188", "x": "99"}, {"y": "185", "x": "100"}, {"y": "182", "x": "102"}, {"y": "179", "x": "103"}, {"y": "176", "x": "105"}, {"y": "173", "x": "106"}, {"y": "170", "x": "108"}, {"y": "167", "x": "109"}, {"y": "164", "x": "111"}, {"y": "161", "x": "113"}, {"y": "158", "x": "114"}, {"y": "155", "x": "116"}, {"y": "152", "x": "117"}, {"y": "149", "x": "119"}, {"y": "146", "x": "120"}, {"y": "143", "x": "122"}, {"y": "140", "x": "123"}, {"y": "136", "x": "125"}, {"y": "133", "x": "126"}, {"y": "130", "x": "128"}, {"y": "127", "x": "130"}, {"y": "124", "x": "131"}, {"y": "121", "x": "133"}, {"y": "118", "x": "134"}, {"y": "115", "x": "136"}, {"y": "112", "x": "137"}, {"y": "109", "x": "139"}, {"y": "106", "x": "140"}, {"y": "103", "x": "142"}, {"y": "103", "x": "142"}, {"y": "103", "x": "142"}, {"y": "100", "x": "144"}, {"y": "97", "x": "145"}, {"y": "94", "x": "147"}, {"y": "91", "x": "148"}, {"y": "87", "x": "150"}, {"y": "84", "x": "151"}, {"y": "81", "x": "153"}, {"y": "78", "x": "155"}, {"y": "75", "x": "156"}, {"y": "72", "x": "158"}, {"y": "69", "x": "159"}, {"y": "66", "x": "161"}, {"y": "63", "x": "162"}, {"y": "59", "x": "164"}, {"y": "56", "x": "166"}, {"y": "53", "x": "167"}, {"y": "50", "x": "169"}, {"y": "47", "x": "170"}, {"y": "44", "x": "172"}, {"y": "41", "x": "173"}, {"y": "38", "x": "175"}, {"y": "35", "x": "177"}, {"y": "32", "x": "178"}, {"y": "28", "x": "180"}, {"y": "25", "x": "181"}, {"y": "22", "x": "183"}, {"y": "19", "x": "184"}, {"y": "16", "x": "186"}, {"y": "13", "x": "188"}, {"y": "10", "x": "189"}, {"y": "7", "x": "191"}, {"y": "4", "x": "192"}, {"y": "1", "x": "194"}, {"y": "1", "x": "194"}], [{"y": "1", "x": "437"}, {"y": "1", "x": "437"}, {"y": "4", "x": "438"}, {"y": "7", "x": "440"}, {"y": "10", "x": "441"}, {"y": "13", "x": "443"}, {"y": "16", "x": "445"}, {"y": "19", "x": "446"}, {"y": "22", "x": "448"}, {"y": "26", "x": "449"}, {"y": "29", "x": "451"}, {"y": "32", "x": "453"}, {"y": "35", "x": "454"}, {"y": "38", "x": "456"}, {"y": "41", "x": "457"}, {"y": "44", "x": "459"}, {"y": "47", "x": "461"}, {"y": "50", "x": "462"}, {"y": "53", "x": "464"}, {"y": "56", "x": "466"}, {"y": "59", "x": "467"}, {"y": "63", "x": "469"}, {"y": "66", "x": "470"}, {"y": "69", "x": "472"}, {"y": "72", "x": "474"}, {"y": "75", "x": "475"}, {"y": "78", "x": "477"}, {"y": "81", "x": "478"}, {"y": "84", "x": "480"}, {"y": "87", "x": "482"}, {"y": "90", "x": "483"}, {"y": "93", "x": "485"}, {"y": "96", "x": "486"}, {"y": "100", "x": "488"}, {"y": "103", "x": "490"}, {"y": "106", "x": "491"}, {"y": "109", "x": "493"}, {"y": "112", "x": "494"}, {"y": "115", "x": "496"}, {"y": "118", "x": "498"}, {"y": "121", "x": "499"}, {"y": "124", "x": "501"}, {"y": "127", "x": "502"}, {"y": "130", "x": "504"}, {"y": "133", "x": "506"}, {"y": "136", "x": "507"}, {"y": "140", "x": "509"}, {"y": "143", "x": "510"}, {"y": "146", "x": "512"}, {"y": "149", "x": "514"}, {"y": "152", "x": "515"}, {"y": "155", "x": "517"}, {"y": "158", "x": "518"}, {"y": "161", "x": "520"}, {"y": "164", "x": "522"}, {"y": "167", "x": "523"}, {"y": "170", "x": "525"}, {"y": "173", "x": "526"}, {"y": "177", "x": "528"}, {"y": "180", "x": "530"}, {"y": "183", "x": "531"}, {"y": "186", "x": "533"}, {"y": "189", "x": "534"}, {"y": "192", "x": "536"}, {"y": "195", "x": "538"}, {"y": "198", "x": "539"}, {"y": "201", "x": "541"}, {"y": "204", "x": "543"}, {"y": "207", "x": "544"}, {"y": "210", "x": "546"}, {"y": "214", "x": "547"}, {"y": "217", "x": "549"}, {"y": "220", "x": "551"}, {"y": "223", "x": "552"}, {"y": "226", "x": "554"}, {"y": "229", "x": "556"}, {"y": "232", "x": "558"}, {"y": "235", "x": "560"}, {"y": "238", "x": "562"}, {"y": "241", "x": "563"}, {"y": "244", "x": "565"}, {"y": "247", "x": "567"}, {"y": "251", "x": "569"}, {"y": "254", "x": "571"}, {"y": "257", "x": "573"}, {"y": "260", "x": "574"}, {"y": "263", "x": "576"}, {"y": "266", "x": "578"}, {"y": "269", "x": "580"}, {"y": "272", "x": "582"}, {"y": "275", "x": "584"}, {"y": "278", "x": "586"}, {"y": "281", "x": "587"}, {"y": "284", "x": "589"}, {"y": "288", "x": "591"}, {"y": "291", "x": "593"}, {"y": "294", "x": "595"}, {"y": "297", "x": "597"}, {"y": "300", "x": "598"}, {"y": "303", "x": "600"}, {"y": "306", "x": "602"}, {"y": "309", "x": "604"}, {"y": "312", "x": "606"}, {"y": "315", "x": "608"}, {"y": "318", "x": "610"}, {"y": "321", "x": "611"}, {"y": "325", "x": "613"}, {"y": "328", "x": "615"}, {"y": "331", "x": "617"}, {"y": "334", "x": "619"}, {"y": "337", "x": "621"}, {"y": "340", "x": "622"}, {"y": "343", "x": "624"}, {"y": "346", "x": "626"}, {"y": "349", "x": "628"}, {"y": "352", "x": "630"}, {"y": "355", "x": "632"}, {"y": "359", "x": "634"}, {"y": "359", "x": "634"}]]}