{"Lines": [[{"y": "359", "x": "28"}, {"y": "359", "x": "29"}, {"y": "355", "x": "30"}, {"y": "352", "x": "32"}, {"y": "349", "x": "33"}, {"y": "346", "x": "35"}, {"y": "343", "x": "37"}, {"y": "340", "x": "38"}, {"y": "337", "x": "40"}, {"y": "334", "x": "41"}, {"y": "331", "x": "43"}, {"y": "328", "x": "45"}, {"y": "325", "x": "46"}, {"y": "321", "x": "48"}, {"y": "318", "x": "49"}, {"y": "315", "x": "51"}, {"y": "312", "x": "53"}, {"y": "309", "x": "54"}, {"y": "306", "x": "56"}, {"y": "303", "x": "57"}, {"y": "300", "x": "59"}, {"y": "297", "x": "61"}, {"y": "294", "x": "62"}, {"y": "291", "x": "64"}, {"y": "288", "x": "65"}, {"y": "284", "x": "67"}, {"y": "281", "x": "69"}, {"y": "278", "x": "70"}, {"y": "275", "x": "72"}, {"y": "272", "x": "73"}, {"y": "269", "x": "75"}, {"y": "266", "x": "77"}, {"y": "263", "x": "78"}, {"y": "260", "x": "80"}, {"y": "257", "x": "81"}, {"y": "254", "x": "83"}, {"y": "250", "x": "85"}, {"y": "247", "x": "86"}, {"y": "244", "x": "88"}, {"y": "241", "x": "89"}, {"y": "238", "x": "91"}, {"y": "235", "x": "93"}, {"y": "232", "x": "94"}, {"y": "229", "x": "96"}, {"y": "226", "x": "97"}, {"y": "223", "x": "99"}, {"y": "220", "x": "101"}, {"y": "217", "x": "102"}, {"y": "213", "x": "104"}, {"y": "210", "x": "105"}, {"y": "207", "x": "107"}, {"y": "204", "x": "109"}, {"y": "201", "x": "110"}, {"y": "198", "x": "112"}, {"y": "195", "x": "113"}, {"y": "192", "x": "115"}, {"y": "189", "x": "117"}, {"y": "186", "x": "118"}, {"y": "183", "x": "120"}, {"y": "180", "x": "121"}, {"y": "176", "x": "123"}, {"y": "173", "x": "125"}, {"y": "170", "x": "126"}, {"y": "167", "x": "128"}, {"y": "164", "x": "129"}, {"y": "161", "x": "131"}, {"y": "158", "x": "133"}, {"y": "155", "x": "134"}, {"y": "152", "x": "136"}, {"y": "149", "x": "137"}, {"y": "149", "x": "137"}, {"y": "149", "x": "137"}, {"y": "146", "x": "139"}, {"y": "143", "x": "140"}, {"y": "139", "x": "142"}, {"y": "136", "x": "143"}, {"y": "133", "x": "145"}, {"y": "130", "x": "146"}, {"y": "127", "x": "148"}, {"y": "124", "x": "149"}, {"y": "121", "x": "151"}, {"y": "118", "x": "152"}, {"y": "115", "x": "154"}, {"y": "112", "x": "155"}, {"y": "109", "x": "157"}, {"y": "106", "x": "158"}, {"y": "102", "x": "160"}, {"y": "99", "x": "161"}, {"y": "96", "x": "163"}, {"y": "93", "x": "164"}, {"y": "90", "x": "166"}, {"y": "87", "x": "167"}, {"y": "84", "x": "169"}, {"y": "81", "x": "170"}, {"y": "78", "x": "172"}, {"y": "75", "x": "173"}, {"y": "72", "x": "175"}, {"y": "69", "x": "176"}, {"y": "66", "x": "178"}, {"y": "62", "x": "179"}, {"y": "59", "x": "181"}, {"y": "56", "x": "182"}, {"y": "53", "x": "184"}, {"y": "50", "x": "185"}, {"y": "47", "x": "187"}, {"y": "44", "x": "188"}, {"y": "41", "x": "190"}, {"y": "38", "x": "191"}, {"y": "35", "x": "193"}, {"y": "32", "x": "194"}, {"y": "29", "x": "196"}, {"y": "26", "x": "197"}, {"y": "22", "x": "199"}, {"y": "19", "x": "200"}, {"y": "16", "x": "202"}, {"y": "13", "x": "203"}, {"y": "10", "x": "205"}, {"y": "7", "x": "206"}, {"y": "4", "x": "208"}, {"y": "1", "x": "209"}, {"y": "1", "x": "209"}], [{"y": "0", "x": "444"}, {"y": "0", "x": "444"}, {"y": "3", "x": "445"}, {"y": "6", "x": "447"}, {"y": "9", "x": "448"}, {"y": "13", "x": "450"}, {"y": "16", "x": "452"}, {"y": "19", "x": "453"}, {"y": "22", "x": "455"}, {"y": "25", "x": "456"}, {"y": "28", "x": "458"}, {"y": "31", "x": "459"}, {"y": "34", "x": "461"}, {"y": "37", "x": "463"}, {"y": "41", "x": "464"}, {"y": "44", "x": "466"}, {"y": "47", "x": "467"}, {"y": "50", "x": "469"}, {"y": "53", "x": "471"}, {"y": "56", "x": "472"}, {"y": "59", "x": "474"}, {"y": "62", "x": "475"}, {"y": "66", "x": "477"}, {"y": "69", "x": "479"}, {"y": "72", "x": "480"}, {"y": "75", "x": "482"}, {"y": "78", "x": "483"}, {"y": "81", "x": "485"}, {"y": "84", "x": "487"}, {"y": "87", "x": "488"}, {"y": "90", "x": "490"}, {"y": "94", "x": "491"}, {"y": "97", "x": "493"}, {"y": "100", "x": "494"}, {"y": "103", "x": "496"}, {"y": "106", "x": "498"}, {"y": "109", "x": "499"}, {"y": "112", "x": "501"}, {"y": "115", "x": "502"}, {"y": "118", "x": "504"}, {"y": "122", "x": "506"}, {"y": "125", "x": "507"}, {"y": "128", "x": "509"}, {"y": "131", "x": "510"}, {"y": "134", "x": "512"}, {"y": "137", "x": "514"}, {"y": "140", "x": "515"}, {"y": "143", "x": "517"}, {"y": "147", "x": "518"}, {"y": "150", "x": "520"}, {"y": "153", "x": "522"}, {"y": "153", "x": "522"}, {"y": "153", "x": "522"}, {"y": "156", "x": "523"}, {"y": "159", "x": "525"}, {"y": "162", "x": "527"}, {"y": "165", "x": "528"}, {"y": "168", "x": "530"}, {"y": "171", "x": "532"}, {"y": "174", "x": "533"}, {"y": "177", "x": "535"}, {"y": "180", "x": "537"}, {"y": "183", "x": "538"}, {"y": "187", "x": "540"}, {"y": "190", "x": "542"}, {"y": "193", "x": "543"}, {"y": "196", "x": "545"}, {"y": "199", "x": "547"}, {"y": "202", "x": "548"}, {"y": "205", "x": "550"}, {"y": "208", "x": "552"}, {"y": "211", "x": "553"}, {"y": "214", "x": "555"}, {"y": "217", "x": "557"}, {"y": "220", "x": "558"}, {"y": "223", "x": "560"}, {"y": "226", "x": "562"}, {"y": "230", "x": "563"}, {"y": "233", "x": "565"}, {"y": "236", "x": "567"}, {"y": "239", "x": "568"}, {"y": "242", "x": "570"}, {"y": "245", "x": "572"}, {"y": "248", "x": "573"}, {"y": "251", "x": "575"}, {"y": "254", "x": "577"}, {"y": "257", "x": "578"}, {"y": "260", "x": "580"}, {"y": "263", "x": "582"}, {"y": "266", "x": "583"}, {"y": "269", "x": "585"}, {"y": "273", "x": "587"}, {"y": "276", "x": "588"}, {"y": "279", "x": "590"}, {"y": "282", "x": "592"}, {"y": "285", "x": "593"}, {"y": "288", "x": "595"}, {"y": "291", "x": "597"}, {"y": "294", "x": "598"}, {"y": "297", "x": "600"}, {"y": "300", "x": "602"}, {"y": "303", "x": "603"}, {"y": "306", "x": "605"}, {"y": "309", "x": "607"}, {"y": "312", "x": "608"}, {"y": "316", "x": "610"}, {"y": "319", "x": "612"}, {"y": "322", "x": "613"}, {"y": "325", "x": "615"}, {"y": "328", "x": "617"}, {"y": "331", "x": "618"}, {"y": "334", "x": "620"}, {"y": "337", "x": "622"}, {"y": "340", "x": "623"}, {"y": "343", "x": "625"}, {"y": "346", "x": "627"}, {"y": "349", "x": "628"}, {"y": "352", "x": "630"}, {"y": "355", "x": "632"}, {"y": "359", "x": "633"}, {"y": "359", "x": "634"}]]}