{"Lines": [[{"y": "209", "x": "0"}, {"y": "209", "x": "0"}, {"y": "206", "x": "1"}, {"y": "203", "x": "3"}, {"y": "200", "x": "4"}, {"y": "197", "x": "6"}, {"y": "194", "x": "7"}, {"y": "191", "x": "9"}, {"y": "188", "x": "10"}, {"y": "185", "x": "12"}, {"y": "182", "x": "13"}, {"y": "178", "x": "15"}, {"y": "175", "x": "16"}, {"y": "172", "x": "18"}, {"y": "169", "x": "19"}, {"y": "166", "x": "21"}, {"y": "163", "x": "22"}, {"y": "160", "x": "24"}, {"y": "157", "x": "25"}, {"y": "154", "x": "27"}, {"y": "151", "x": "28"}, {"y": "147", "x": "30"}, {"y": "144", "x": "31"}, {"y": "141", "x": "33"}, {"y": "138", "x": "34"}, {"y": "135", "x": "36"}, {"y": "132", "x": "37"}, {"y": "129", "x": "39"}, {"y": "126", "x": "40"}, {"y": "123", "x": "42"}, {"y": "119", "x": "43"}, {"y": "116", "x": "45"}, {"y": "113", "x": "46"}, {"y": "110", "x": "48"}, {"y": "107", "x": "49"}, {"y": "104", "x": "51"}, {"y": "101", "x": "52"}, {"y": "98", "x": "54"}, {"y": "95", "x": "55"}, {"y": "92", "x": "57"}, {"y": "88", "x": "58"}, {"y": "85", "x": "60"}, {"y": "82", "x": "61"}, {"y": "79", "x": "62"}, {"y": "76", "x": "64"}, {"y": "76", "x": "64"}, {"y": "76", "x": "64"}, {"y": "73", "x": "65"}, {"y": "70", "x": "67"}, {"y": "66", "x": "69"}, {"y": "63", "x": "70"}, {"y": "60", "x": "72"}, {"y": "57", "x": "73"}, {"y": "53", "x": "75"}, {"y": "50", "x": "76"}, {"y": "47", "x": "78"}, {"y": "44", "x": "79"}, {"y": "40", "x": "81"}, {"y": "37", "x": "82"}, {"y": "34", "x": "84"}, {"y": "31", "x": "85"}, {"y": "27", "x": "87"}, {"y": "24", "x": "88"}, {"y": "21", "x": "90"}, {"y": "18", "x": "91"}, {"y": "14", "x": "93"}, {"y": "11", "x": "94"}, {"y": "8", "x": "96"}, {"y": "5", "x": "97"}, {"y": "1", "x": "99"}, {"y": "1", "x": "99"}]]}