{"Lines": [[{"y": "3", "x": "468"}, {"y": "3", "x": "468"}, {"y": "6", "x": "470"}, {"y": "9", "x": "473"}, {"y": "12", "x": "475"}, {"y": "16", "x": "477"}, {"y": "19", "x": "480"}, {"y": "22", "x": "482"}, {"y": "25", "x": "484"}, {"y": "29", "x": "487"}, {"y": "32", "x": "489"}, {"y": "35", "x": "491"}, {"y": "38", "x": "494"}, {"y": "42", "x": "496"}, {"y": "45", "x": "498"}, {"y": "48", "x": "500"}, {"y": "52", "x": "503"}, {"y": "55", "x": "505"}, {"y": "58", "x": "507"}, {"y": "61", "x": "510"}, {"y": "61", "x": "510"}, {"y": "65", "x": "511"}, {"y": "68", "x": "513"}, {"y": "71", "x": "514"}, {"y": "75", "x": "516"}, {"y": "78", "x": "518"}, {"y": "81", "x": "519"}, {"y": "85", "x": "521"}, {"y": "88", "x": "522"}, {"y": "91", "x": "524"}, {"y": "95", "x": "525"}, {"y": "98", "x": "527"}, {"y": "102", "x": "529"}, {"y": "105", "x": "530"}, {"y": "108", "x": "532"}, {"y": "108", "x": "532"}, {"y": "111", "x": "533"}, {"y": "115", "x": "534"}, {"y": "118", "x": "535"}, {"y": "121", "x": "537"}, {"y": "124", "x": "538"}, {"y": "127", "x": "539"}, {"y": "130", "x": "540"}, {"y": "133", "x": "541"}, {"y": "137", "x": "543"}, {"y": "140", "x": "544"}, {"y": "143", "x": "545"}, {"y": "146", "x": "546"}, {"y": "149", "x": "547"}, {"y": "152", "x": "549"}, {"y": "155", "x": "550"}, {"y": "159", "x": "551"}, {"y": "162", "x": "552"}, {"y": "165", "x": "553"}, {"y": "168", "x": "555"}, {"y": "171", "x": "556"}, {"y": "174", "x": "557"}, {"y": "177", "x": "558"}, {"y": "181", "x": "560"}, {"y": "184", "x": "561"}, {"y": "184", "x": "561"}, {"y": "187", "x": "562"}, {"y": "190", "x": "563"}, {"y": "193", "x": "564"}, {"y": "197", "x": "565"}, {"y": "200", "x": "566"}, {"y": "203", "x": "566"}, {"y": "206", "x": "567"}, {"y": "209", "x": "568"}, {"y": "212", "x": "569"}, {"y": "216", "x": "570"}, {"y": "219", "x": "571"}, {"y": "222", "x": "572"}, {"y": "225", "x": "573"}, {"y": "228", "x": "574"}, {"y": "232", "x": "575"}, {"y": "235", "x": "576"}, {"y": "238", "x": "577"}, {"y": "241", "x": "578"}, {"y": "244", "x": "579"}, {"y": "247", "x": "580"}, {"y": "247", "x": "580"}, {"y": "247", "x": "580"}, {"y": "251", "x": "581"}, {"y": "254", "x": "581"}, {"y": "257", "x": "582"}, {"y": "260", "x": "583"}, {"y": "263", "x": "584"}, {"y": "266", "x": "584"}, {"y": "270", "x": "585"}, {"y": "273", "x": "586"}, {"y": "276", "x": "586"}, {"y": "279", "x": "587"}, {"y": "282", "x": "588"}, {"y": "285", "x": "589"}, {"y": "289", "x": "589"}, {"y": "292", "x": "590"}, {"y": "295", "x": "591"}, {"y": "298", "x": "591"}, {"y": "301", "x": "592"}, {"y": "304", "x": "593"}, {"y": "307", "x": "594"}, {"y": "311", "x": "594"}, {"y": "314", "x": "595"}, {"y": "317", "x": "596"}, {"y": "320", "x": "597"}, {"y": "323", "x": "597"}, {"y": "326", "x": "598"}, {"y": "330", "x": "599"}, {"y": "333", "x": "599"}, {"y": "336", "x": "600"}, {"y": "339", "x": "601"}, {"y": "342", "x": "602"}, {"y": "345", "x": "602"}, {"y": "349", "x": "603"}, {"y": "352", "x": "604"}, {"y": "355", "x": "604"}, {"y": "358", "x": "605"}], [{"y": "337", "x": "1"}, {"y": "337", "x": "1"}, {"y": "334", "x": "4"}, {"y": "331", "x": "6"}, {"y": "328", "x": "9"}, {"y": "325", "x": "11"}, {"y": "322", "x": "14"}, {"y": "318", "x": "17"}, {"y": "315", "x": "19"}, {"y": "312", "x": "22"}, {"y": "309", "x": "24"}, {"y": "306", "x": "27"}, {"y": "303", "x": "29"}, {"y": "300", "x": "32"}, {"y": "297", "x": "35"}, {"y": "293", "x": "37"}, {"y": "290", "x": "40"}, {"y": "287", "x": "42"}, {"y": "284", "x": "45"}, {"y": "281", "x": "47"}, {"y": "278", "x": "50"}, {"y": "275", "x": "53"}, {"y": "271", "x": "55"}, {"y": "268", "x": "58"}, {"y": "265", "x": "60"}, {"y": "262", "x": "63"}, {"y": "259", "x": "65"}, {"y": "256", "x": "68"}, {"y": "253", "x": "71"}, {"y": "250", "x": "73"}, {"y": "246", "x": "76"}, {"y": "243", "x": "78"}, {"y": "240", "x": "81"}, {"y": "237", "x": "83"}, {"y": "234", "x": "86"}, {"y": "231", "x": "89"}, {"y": "228", "x": "91"}, {"y": "224", "x": "94"}, {"y": "221", "x": "96"}, {"y": "218", "x": "99"}, {"y": "215", "x": "101"}, {"y": "212", "x": "104"}, {"y": "209", "x": "107"}, {"y": "206", "x": "109"}, {"y": "203", "x": "112"}, {"y": "203", "x": "112"}, {"y": "203", "x": "112"}, {"y": "199", "x": "114"}, {"y": "196", "x": "117"}, {"y": "193", "x": "120"}, {"y": "190", "x": "122"}, {"y": "186", "x": "125"}, {"y": "183", "x": "128"}, {"y": "180", "x": "130"}, {"y": "177", "x": "133"}, {"y": "173", "x": "136"}, {"y": "170", "x": "138"}, {"y": "167", "x": "141"}, {"y": "164", "x": "143"}, {"y": "160", "x": "146"}, {"y": "157", "x": "149"}, {"y": "154", "x": "151"}, {"y": "151", "x": "154"}, {"y": "147", "x": "157"}, {"y": "144", "x": "159"}, {"y": "141", "x": "162"}, {"y": "138", "x": "165"}, {"y": "134", "x": "167"}, {"y": "134", "x": "167"}, {"y": "134", "x": "167"}, {"y": "131", "x": "170"}, {"y": "128", "x": "172"}, {"y": "124", "x": "175"}, {"y": "121", "x": "177"}, {"y": "117", "x": "180"}, {"y": "114", "x": "182"}, {"y": "111", "x": "185"}, {"y": "107", "x": "188"}, {"y": "104", "x": "190"}, {"y": "100", "x": "193"}, {"y": "97", "x": "195"}, {"y": "93", "x": "198"}, {"y": "90", "x": "200"}, {"y": "87", "x": "203"}, {"y": "87", "x": "203"}, {"y": "87", "x": "203"}, {"y": "83", "x": "204"}, {"y": "80", "x": "205"}, {"y": "77", "x": "206"}, {"y": "74", "x": "207"}, {"y": "70", "x": "208"}, {"y": "67", "x": "209"}, {"y": "64", "x": "210"}, {"y": "60", "x": "211"}, {"y": "57", "x": "212"}, {"y": "54", "x": "213"}, {"y": "51", "x": "214"}, {"y": "47", "x": "215"}, {"y": "44", "x": "215"}, {"y": "41", "x": "216"}, {"y": "38", "x": "217"}, {"y": "38", "x": "217"}, {"y": "34", "x": "218"}, {"y": "31", "x": "218"}, {"y": "27", "x": "218"}, {"y": "24", "x": "218"}, {"y": "20", "x": "218"}, {"y": "17", "x": "219"}, {"y": "13", "x": "219"}, {"y": "10", "x": "219"}, {"y": "6", "x": "219"}, {"y": "3", "x": "219"}, {"y": "0", "x": "219"}, {"y": "0", "x": "220"}]]}