{"Lines": [[{"y": "29", "x": "0"}, {"y": "33", "x": "0"}, {"y": "178", "x": "0"}, {"y": "178", "x": "0"}, {"y": "175", "x": "0"}, {"y": "36", "x": "0"}, {"y": "172", "x": "0"}, {"y": "169", "x": "0"}, {"y": "40", "x": "1"}, {"y": "166", "x": "1"}, {"y": "43", "x": "1"}, {"y": "163", "x": "1"}, {"y": "159", "x": "1"}, {"y": "46", "x": "1"}, {"y": "156", "x": "1"}, {"y": "153", "x": "1"}, {"y": "50", "x": "2"}, {"y": "150", "x": "2"}, {"y": "147", "x": "2"}, {"y": "53", "x": "2"}, {"y": "143", "x": "2"}, {"y": "57", "x": "2"}, {"y": "140", "x": "2"}, {"y": "137", "x": "2"}, {"y": "60", "x": "3"}, {"y": "134", "x": "3"}, {"y": "131", "x": "3"}, {"y": "63", "x": "3"}, {"y": "127", "x": "3"}, {"y": "124", "x": "3"}, {"y": "67", "x": "3"}, {"y": "121", "x": "3"}, {"y": "70", "x": "4"}, {"y": "70", "x": "4"}, {"y": "118", "x": "4"}, {"y": "74", "x": "4"}, {"y": "77", "x": "4"}, {"y": "81", "x": "4"}, {"y": "84", "x": "4"}, {"y": "87", "x": "4"}, {"y": "91", "x": "4"}, {"y": "115", "x": "4"}, {"y": "94", "x": "4"}, {"y": "98", "x": "4"}, {"y": "101", "x": "4"}, {"y": "105", "x": "4"}, {"y": "108", "x": "4"}, {"y": "112", "x": "4"}, {"y": "112", "x": "4"}], [{"y": "1", "x": "244"}, {"y": "1", "x": "244"}, {"y": "4", "x": "247"}, {"y": "7", "x": "250"}, {"y": "10", "x": "253"}, {"y": "13", "x": "256"}, {"y": "16", "x": "259"}, {"y": "19", "x": "262"}, {"y": "22", "x": "265"}, {"y": "25", "x": "269"}, {"y": "28", "x": "272"}, {"y": "31", "x": "275"}, {"y": "35", "x": "278"}, {"y": "38", "x": "281"}, {"y": "41", "x": "284"}, {"y": "44", "x": "287"}, {"y": "47", "x": "290"}, {"y": "50", "x": "294"}, {"y": "53", "x": "297"}, {"y": "56", "x": "300"}, {"y": "59", "x": "303"}, {"y": "62", "x": "306"}, {"y": "66", "x": "309"}, {"y": "69", "x": "312"}, {"y": "72", "x": "315"}, {"y": "75", "x": "319"}, {"y": "78", "x": "322"}, {"y": "81", "x": "325"}, {"y": "84", "x": "328"}, {"y": "87", "x": "331"}, {"y": "90", "x": "334"}, {"y": "93", "x": "337"}, {"y": "97", "x": "340"}, {"y": "100", "x": "343"}, {"y": "103", "x": "347"}, {"y": "106", "x": "350"}, {"y": "109", "x": "353"}, {"y": "112", "x": "356"}, {"y": "115", "x": "359"}, {"y": "115", "x": "359"}, {"y": "115", "x": "359"}, {"y": "118", "x": "361"}, {"y": "121", "x": "364"}, {"y": "124", "x": "366"}, {"y": "127", "x": "368"}, {"y": "130", "x": "371"}, {"y": "133", "x": "373"}, {"y": "136", "x": "375"}, {"y": "140", "x": "378"}, {"y": "143", "x": "380"}, {"y": "146", "x": "382"}, {"y": "149", "x": "385"}, {"y": "152", "x": "387"}, {"y": "155", "x": "389"}, {"y": "158", "x": "392"}, {"y": "161", "x": "394"}, {"y": "164", "x": "396"}, {"y": "167", "x": "398"}, {"y": "170", "x": "401"}, {"y": "173", "x": "403"}, {"y": "176", "x": "405"}, {"y": "179", "x": "408"}, {"y": "182", "x": "410"}, {"y": "185", "x": "412"}, {"y": "188", "x": "415"}, {"y": "191", "x": "417"}, {"y": "194", "x": "419"}, {"y": "197", "x": "422"}, {"y": "200", "x": "424"}, {"y": "203", "x": "426"}, {"y": "206", "x": "429"}, {"y": "209", "x": "431"}, {"y": "213", "x": "433"}, {"y": "216", "x": "436"}, {"y": "219", "x": "438"}, {"y": "222", "x": "440"}, {"y": "225", "x": "443"}, {"y": "228", "x": "445"}, {"y": "231", "x": "447"}, {"y": "234", "x": "449"}, {"y": "237", "x": "452"}, {"y": "240", "x": "454"}, {"y": "243", "x": "456"}, {"y": "246", "x": "459"}, {"y": "249", "x": "461"}, {"y": "252", "x": "463"}, {"y": "255", "x": "466"}, {"y": "258", "x": "468"}, {"y": "261", "x": "470"}, {"y": "264", "x": "473"}, {"y": "267", "x": "475"}, {"y": "270", "x": "477"}, {"y": "273", "x": "480"}, {"y": "276", "x": "482"}, {"y": "279", "x": "484"}, {"y": "282", "x": "487"}, {"y": "286", "x": "489"}, {"y": "289", "x": "491"}, {"y": "292", "x": "494"}, {"y": "295", "x": "496"}, {"y": "298", "x": "498"}, {"y": "301", "x": "500"}, {"y": "304", "x": "503"}, {"y": "307", "x": "505"}, {"y": "310", "x": "507"}, {"y": "313", "x": "510"}, {"y": "316", "x": "512"}, {"y": "319", "x": "514"}, {"y": "322", "x": "517"}, {"y": "325", "x": "519"}, {"y": "328", "x": "521"}, {"y": "331", "x": "524"}, {"y": "334", "x": "526"}, {"y": "337", "x": "528"}, {"y": "340", "x": "531"}, {"y": "343", "x": "533"}, {"y": "346", "x": "535"}, {"y": "349", "x": "538"}, {"y": "352", "x": "540"}, {"y": "355", "x": "542"}, {"y": "359", "x": "544"}, {"y": "359", "x": "545"}]]}