{"Lines": [[{"y": "1", "x": "316"}, {"y": "1", "x": "316"}, {"y": "4", "x": "319"}, {"y": "7", "x": "322"}, {"y": "11", "x": "325"}, {"y": "14", "x": "328"}, {"y": "17", "x": "331"}, {"y": "21", "x": "334"}, {"y": "24", "x": "337"}, {"y": "27", "x": "340"}, {"y": "30", "x": "343"}, {"y": "34", "x": "346"}, {"y": "37", "x": "349"}, {"y": "40", "x": "352"}, {"y": "43", "x": "355"}, {"y": "47", "x": "358"}, {"y": "50", "x": "361"}, {"y": "53", "x": "364"}, {"y": "56", "x": "367"}, {"y": "60", "x": "370"}, {"y": "63", "x": "373"}, {"y": "66", "x": "376"}, {"y": "69", "x": "379"}, {"y": "69", "x": "380"}, {"y": "69", "x": "380"}, {"y": "73", "x": "382"}, {"y": "76", "x": "385"}, {"y": "79", "x": "388"}, {"y": "82", "x": "391"}, {"y": "85", "x": "393"}, {"y": "88", "x": "396"}, {"y": "91", "x": "399"}, {"y": "94", "x": "402"}, {"y": "97", "x": "404"}, {"y": "100", "x": "407"}, {"y": "103", "x": "410"}, {"y": "107", "x": "413"}, {"y": "110", "x": "415"}, {"y": "113", "x": "418"}, {"y": "116", "x": "421"}, {"y": "119", "x": "424"}, {"y": "122", "x": "426"}, {"y": "125", "x": "429"}, {"y": "128", "x": "432"}, {"y": "131", "x": "435"}, {"y": "134", "x": "437"}, {"y": "137", "x": "440"}, {"y": "141", "x": "443"}, {"y": "144", "x": "446"}, {"y": "147", "x": "448"}, {"y": "150", "x": "451"}, {"y": "153", "x": "454"}, {"y": "156", "x": "457"}, {"y": "159", "x": "459"}, {"y": "162", "x": "462"}, {"y": "165", "x": "465"}, {"y": "168", "x": "468"}, {"y": "171", "x": "470"}, {"y": "175", "x": "473"}, {"y": "178", "x": "476"}, {"y": "181", "x": "479"}, {"y": "184", "x": "481"}, {"y": "187", "x": "484"}, {"y": "190", "x": "487"}, {"y": "193", "x": "490"}, {"y": "196", "x": "492"}, {"y": "199", "x": "495"}, {"y": "202", "x": "498"}, {"y": "205", "x": "501"}, {"y": "208", "x": "503"}, {"y": "212", "x": "506"}, {"y": "215", "x": "509"}, {"y": "218", "x": "512"}, {"y": "221", "x": "514"}, {"y": "224", "x": "517"}, {"y": "227", "x": "520"}, {"y": "227", "x": "520"}, {"y": "227", "x": "520"}, {"y": "230", "x": "522"}, {"y": "233", "x": "525"}, {"y": "236", "x": "527"}, {"y": "240", "x": "529"}, {"y": "243", "x": "532"}, {"y": "246", "x": "534"}, {"y": "249", "x": "537"}, {"y": "252", "x": "539"}, {"y": "255", "x": "541"}, {"y": "258", "x": "544"}, {"y": "261", "x": "546"}, {"y": "265", "x": "548"}, {"y": "268", "x": "551"}, {"y": "271", "x": "553"}, {"y": "274", "x": "555"}, {"y": "277", "x": "558"}, {"y": "280", "x": "560"}, {"y": "283", "x": "563"}, {"y": "287", "x": "565"}, {"y": "290", "x": "567"}, {"y": "293", "x": "570"}, {"y": "296", "x": "572"}, {"y": "299", "x": "574"}, {"y": "302", "x": "577"}, {"y": "305", "x": "579"}, {"y": "308", "x": "582"}, {"y": "312", "x": "584"}, {"y": "315", "x": "586"}, {"y": "318", "x": "589"}, {"y": "321", "x": "591"}, {"y": "324", "x": "593"}, {"y": "327", "x": "596"}, {"y": "330", "x": "598"}, {"y": "333", "x": "601"}, {"y": "337", "x": "603"}, {"y": "340", "x": "605"}, {"y": "343", "x": "608"}, {"y": "346", "x": "610"}, {"y": "349", "x": "612"}, {"y": "352", "x": "615"}, {"y": "355", "x": "617"}, {"y": "359", "x": "619"}, {"y": "359", "x": "620"}], [{"y": "357", "x": "7"}, {"y": "357", "x": "7"}, {"y": "354", "x": "8"}, {"y": "351", "x": "8"}, {"y": "348", "x": "9"}, {"y": "345", "x": "10"}, {"y": "342", "x": "11"}, {"y": "339", "x": "12"}, {"y": "336", "x": "12"}, {"y": "332", "x": "13"}, {"y": "329", "x": "14"}, {"y": "326", "x": "15"}, {"y": "323", "x": "16"}, {"y": "320", "x": "16"}, {"y": "317", "x": "17"}, {"y": "314", "x": "18"}, {"y": "311", "x": "19"}, {"y": "308", "x": "20"}, {"y": "305", "x": "20"}, {"y": "301", "x": "21"}, {"y": "298", "x": "22"}, {"y": "295", "x": "23"}, {"y": "292", "x": "24"}, {"y": "289", "x": "24"}, {"y": "286", "x": "25"}, {"y": "283", "x": "26"}, {"y": "280", "x": "27"}, {"y": "277", "x": "28"}, {"y": "274", "x": "28"}, {"y": "270", "x": "29"}, {"y": "267", "x": "30"}, {"y": "264", "x": "31"}, {"y": "261", "x": "31"}, {"y": "258", "x": "32"}, {"y": "255", "x": "33"}, {"y": "252", "x": "34"}, {"y": "249", "x": "35"}, {"y": "246", "x": "35"}, {"y": "243", "x": "36"}, {"y": "239", "x": "37"}, {"y": "236", "x": "38"}, {"y": "233", "x": "39"}, {"y": "230", "x": "39"}, {"y": "227", "x": "40"}, {"y": "224", "x": "41"}, {"y": "221", "x": "42"}, {"y": "218", "x": "43"}, {"y": "215", "x": "43"}, {"y": "212", "x": "44"}, {"y": "208", "x": "45"}, {"y": "205", "x": "46"}, {"y": "202", "x": "47"}, {"y": "199", "x": "47"}, {"y": "196", "x": "48"}, {"y": "193", "x": "49"}, {"y": "190", "x": "50"}, {"y": "187", "x": "51"}, {"y": "184", "x": "51"}, {"y": "180", "x": "52"}, {"y": "180", "x": "52"}, {"y": "180", "x": "52"}, {"y": "177", "x": "53"}, {"y": "174", "x": "53"}, {"y": "171", "x": "53"}, {"y": "168", "x": "54"}, {"y": "165", "x": "54"}, {"y": "162", "x": "54"}, {"y": "159", "x": "55"}, {"y": "156", "x": "55"}, {"y": "153", "x": "55"}, {"y": "150", "x": "56"}, {"y": "147", "x": "56"}, {"y": "143", "x": "57"}, {"y": "140", "x": "57"}, {"y": "137", "x": "57"}, {"y": "134", "x": "58"}, {"y": "131", "x": "58"}, {"y": "128", "x": "58"}, {"y": "125", "x": "59"}, {"y": "122", "x": "59"}, {"y": "119", "x": "60"}, {"y": "116", "x": "60"}, {"y": "113", "x": "60"}, {"y": "109", "x": "61"}, {"y": "106", "x": "61"}, {"y": "103", "x": "61"}, {"y": "100", "x": "62"}, {"y": "97", "x": "62"}, {"y": "94", "x": "62"}, {"y": "91", "x": "63"}, {"y": "88", "x": "63"}, {"y": "85", "x": "64"}, {"y": "82", "x": "64"}, {"y": "79", "x": "64"}, {"y": "75", "x": "65"}, {"y": "72", "x": "65"}, {"y": "69", "x": "65"}, {"y": "66", "x": "66"}, {"y": "63", "x": "66"}, {"y": "60", "x": "67"}, {"y": "57", "x": "67"}, {"y": "54", "x": "67"}, {"y": "51", "x": "68"}, {"y": "51", "x": "68"}, {"y": "48", "x": "68"}, {"y": "44", "x": "69"}, {"y": "41", "x": "70"}, {"y": "38", "x": "70"}, {"y": "35", "x": "71"}, {"y": "32", "x": "71"}, {"y": "28", "x": "72"}, {"y": "25", "x": "73"}, {"y": "22", "x": "73"}, {"y": "19", "x": "74"}, {"y": "16", "x": "74"}, {"y": "12", "x": "75"}, {"y": "9", "x": "76"}, {"y": "6", "x": "76"}, {"y": "3", "x": "77"}, {"y": "0", "x": "78"}, {"y": "0", "x": "78"}]]}