{"Lines": [[{"y": "312", "x": "0"}, {"y": "312", "x": "0"}, {"y": "308", "x": "2"}, {"y": "305", "x": "5"}, {"y": "302", "x": "7"}, {"y": "299", "x": "9"}, {"y": "296", "x": "11"}, {"y": "293", "x": "13"}, {"y": "290", "x": "15"}, {"y": "287", "x": "17"}, {"y": "284", "x": "20"}, {"y": "281", "x": "22"}, {"y": "278", "x": "24"}, {"y": "274", "x": "26"}, {"y": "271", "x": "28"}, {"y": "268", "x": "30"}, {"y": "265", "x": "32"}, {"y": "262", "x": "34"}, {"y": "259", "x": "37"}, {"y": "256", "x": "39"}, {"y": "253", "x": "41"}, {"y": "250", "x": "43"}, {"y": "247", "x": "45"}, {"y": "244", "x": "47"}, {"y": "241", "x": "49"}, {"y": "237", "x": "52"}, {"y": "234", "x": "54"}, {"y": "231", "x": "56"}, {"y": "228", "x": "58"}, {"y": "225", "x": "60"}, {"y": "222", "x": "62"}, {"y": "219", "x": "64"}, {"y": "216", "x": "66"}, {"y": "213", "x": "69"}, {"y": "210", "x": "71"}, {"y": "207", "x": "73"}, {"y": "203", "x": "75"}, {"y": "200", "x": "77"}, {"y": "197", "x": "79"}, {"y": "194", "x": "81"}, {"y": "191", "x": "84"}, {"y": "188", "x": "86"}, {"y": "185", "x": "88"}, {"y": "182", "x": "90"}, {"y": "179", "x": "92"}, {"y": "176", "x": "94"}, {"y": "173", "x": "96"}, {"y": "170", "x": "98"}, {"y": "166", "x": "101"}, {"y": "163", "x": "103"}, {"y": "163", "x": "103"}, {"y": "163", "x": "103"}, {"y": "160", "x": "105"}, {"y": "157", "x": "108"}, {"y": "154", "x": "111"}, {"y": "151", "x": "113"}, {"y": "147", "x": "116"}, {"y": "144", "x": "119"}, {"y": "141", "x": "122"}, {"y": "138", "x": "124"}, {"y": "135", "x": "127"}, {"y": "131", "x": "130"}, {"y": "128", "x": "132"}, {"y": "125", "x": "135"}, {"y": "122", "x": "138"}, {"y": "119", "x": "140"}, {"y": "115", "x": "143"}, {"y": "112", "x": "146"}, {"y": "109", "x": "148"}, {"y": "106", "x": "151"}, {"y": "103", "x": "154"}, {"y": "99", "x": "156"}, {"y": "96", "x": "159"}, {"y": "93", "x": "162"}, {"y": "90", "x": "164"}, {"y": "87", "x": "167"}, {"y": "83", "x": "170"}, {"y": "83", "x": "170"}, {"y": "83", "x": "170"}, {"y": "80", "x": "173"}, {"y": "77", "x": "177"}, {"y": "74", "x": "180"}, {"y": "70", "x": "184"}, {"y": "67", "x": "187"}, {"y": "64", "x": "190"}, {"y": "61", "x": "194"}, {"y": "58", "x": "197"}, {"y": "54", "x": "201"}, {"y": "51", "x": "204"}, {"y": "48", "x": "208"}, {"y": "45", "x": "211"}, {"y": "41", "x": "215"}, {"y": "38", "x": "218"}, {"y": "35", "x": "222"}, {"y": "32", "x": "225"}, {"y": "29", "x": "228"}, {"y": "25", "x": "232"}, {"y": "22", "x": "235"}, {"y": "19", "x": "239"}, {"y": "16", "x": "242"}, {"y": "12", "x": "246"}, {"y": "9", "x": "249"}, {"y": "6", "x": "253"}, {"y": "3", "x": "256"}, {"y": "0", "x": "259"}, {"y": "0", "x": "260"}], [{"y": "127", "x": "520"}, {"y": "124", "x": "520"}, {"y": "121", "x": "520"}, {"y": "130", "x": "520"}, {"y": "117", "x": "520"}, {"y": "114", "x": "520"}, {"y": "134", "x": "520"}, {"y": "111", "x": "520"}, {"y": "108", "x": "520"}, {"y": "137", "x": "521"}, {"y": "105", "x": "521"}, {"y": "102", "x": "521"}, {"y": "98", "x": "521"}, {"y": "140", "x": "521"}, {"y": "95", "x": "521"}, {"y": "92", "x": "521"}, {"y": "143", "x": "521"}, {"y": "89", "x": "521"}, {"y": "86", "x": "522"}, {"y": "147", "x": "522"}, {"y": "82", "x": "522"}, {"y": "79", "x": "522"}, {"y": "76", "x": "522"}, {"y": "150", "x": "522"}, {"y": "73", "x": "522"}, {"y": "70", "x": "522"}, {"y": "153", "x": "522"}, {"y": "67", "x": "523"}, {"y": "63", "x": "523"}, {"y": "63", "x": "523"}, {"y": "156", "x": "523"}, {"y": "60", "x": "523"}, {"y": "57", "x": "523"}, {"y": "160", "x": "523"}, {"y": "54", "x": "523"}, {"y": "51", "x": "524"}, {"y": "163", "x": "524"}, {"y": "47", "x": "524"}, {"y": "44", "x": "524"}, {"y": "41", "x": "524"}, {"y": "169", "x": "524"}, {"y": "38", "x": "524"}, {"y": "35", "x": "525"}, {"y": "173", "x": "525"}, {"y": "32", "x": "525"}, {"y": "28", "x": "525"}, {"y": "176", "x": "525"}, {"y": "25", "x": "525"}, {"y": "22", "x": "525"}, {"y": "179", "x": "525"}, {"y": "19", "x": "526"}, {"y": "16", "x": "526"}, {"y": "182", "x": "526"}, {"y": "12", "x": "526"}, {"y": "185", "x": "526"}, {"y": "9", "x": "526"}, {"y": "6", "x": "526"}, {"y": "189", "x": "527"}, {"y": "3", "x": "527"}, {"y": "0", "x": "527"}, {"y": "0", "x": "527"}, {"y": "192", "x": "527"}, {"y": "195", "x": "527"}, {"y": "198", "x": "528"}, {"y": "202", "x": "528"}, {"y": "205", "x": "528"}, {"y": "205", "x": "528"}, {"y": "205", "x": "528"}, {"y": "208", "x": "529"}, {"y": "211", "x": "530"}, {"y": "214", "x": "531"}, {"y": "217", "x": "532"}, {"y": "220", "x": "533"}, {"y": "223", "x": "534"}, {"y": "226", "x": "535"}, {"y": "230", "x": "535"}, {"y": "233", "x": "536"}, {"y": "236", "x": "537"}, {"y": "239", "x": "538"}, {"y": "242", "x": "539"}, {"y": "245", "x": "540"}, {"y": "248", "x": "541"}, {"y": "251", "x": "541"}, {"y": "254", "x": "542"}, {"y": "257", "x": "543"}, {"y": "260", "x": "544"}, {"y": "263", "x": "545"}, {"y": "266", "x": "546"}, {"y": "269", "x": "547"}, {"y": "273", "x": "547"}, {"y": "276", "x": "548"}, {"y": "279", "x": "549"}, {"y": "282", "x": "550"}, {"y": "285", "x": "551"}, {"y": "288", "x": "552"}, {"y": "291", "x": "553"}, {"y": "294", "x": "553"}, {"y": "297", "x": "554"}, {"y": "300", "x": "555"}, {"y": "303", "x": "556"}, {"y": "306", "x": "557"}, {"y": "309", "x": "558"}, {"y": "312", "x": "559"}, {"y": "316", "x": "559"}, {"y": "319", "x": "560"}, {"y": "322", "x": "561"}, {"y": "325", "x": "562"}, {"y": "328", "x": "563"}, {"y": "331", "x": "564"}, {"y": "334", "x": "565"}, {"y": "337", "x": "565"}, {"y": "340", "x": "566"}, {"y": "343", "x": "567"}, {"y": "346", "x": "568"}, {"y": "349", "x": "569"}, {"y": "352", "x": "570"}, {"y": "355", "x": "571"}, {"y": "359", "x": "571"}, {"y": "359", "x": "572"}]]}