{"Lines": [[{"y": "284", "x": "0"}, {"y": "284", "x": "0"}, {"y": "281", "x": "4"}, {"y": "278", "x": "8"}, {"y": "274", "x": "12"}, {"y": "271", "x": "16"}, {"y": "268", "x": "20"}, {"y": "265", "x": "24"}, {"y": "262", "x": "28"}, {"y": "259", "x": "32"}, {"y": "256", "x": "36"}, {"y": "253", "x": "41"}, {"y": "250", "x": "45"}, {"y": "247", "x": "49"}, {"y": "243", "x": "53"}, {"y": "240", "x": "57"}, {"y": "237", "x": "61"}, {"y": "234", "x": "65"}, {"y": "231", "x": "69"}, {"y": "228", "x": "73"}, {"y": "225", "x": "77"}, {"y": "222", "x": "81"}, {"y": "219", "x": "85"}, {"y": "216", "x": "89"}, {"y": "213", "x": "93"}, {"y": "209", "x": "97"}, {"y": "206", "x": "101"}, {"y": "203", "x": "105"}, {"y": "200", "x": "110"}, {"y": "197", "x": "114"}, {"y": "194", "x": "118"}, {"y": "191", "x": "122"}, {"y": "188", "x": "126"}, {"y": "185", "x": "130"}, {"y": "182", "x": "134"}, {"y": "178", "x": "138"}, {"y": "175", "x": "142"}, {"y": "172", "x": "146"}, {"y": "169", "x": "150"}, {"y": "166", "x": "154"}, {"y": "163", "x": "158"}, {"y": "163", "x": "158"}, {"y": "163", "x": "158"}, {"y": "160", "x": "162"}, {"y": "156", "x": "166"}, {"y": "153", "x": "169"}, {"y": "150", "x": "173"}, {"y": "147", "x": "176"}, {"y": "143", "x": "180"}, {"y": "140", "x": "184"}, {"y": "137", "x": "187"}, {"y": "134", "x": "191"}, {"y": "130", "x": "195"}, {"y": "127", "x": "198"}, {"y": "124", "x": "202"}, {"y": "121", "x": "206"}, {"y": "117", "x": "209"}, {"y": "114", "x": "213"}, {"y": "111", "x": "216"}, {"y": "108", "x": "220"}, {"y": "105", "x": "224"}, {"y": "101", "x": "227"}, {"y": "98", "x": "231"}, {"y": "95", "x": "235"}, {"y": "92", "x": "238"}, {"y": "92", "x": "238"}, {"y": "92", "x": "238"}, {"y": "88", "x": "241"}, {"y": "85", "x": "244"}, {"y": "82", "x": "246"}, {"y": "78", "x": "249"}, {"y": "75", "x": "252"}, {"y": "72", "x": "254"}, {"y": "68", "x": "257"}, {"y": "65", "x": "260"}, {"y": "62", "x": "263"}, {"y": "59", "x": "265"}, {"y": "55", "x": "268"}, {"y": "52", "x": "271"}, {"y": "49", "x": "273"}, {"y": "45", "x": "276"}, {"y": "42", "x": "279"}, {"y": "39", "x": "282"}, {"y": "39", "x": "282"}, {"y": "35", "x": "282"}, {"y": "32", "x": "283"}, {"y": "29", "x": "284"}, {"y": "25", "x": "285"}, {"y": "22", "x": "286"}, {"y": "18", "x": "287"}, {"y": "15", "x": "288"}, {"y": "11", "x": "288"}, {"y": "8", "x": "289"}, {"y": "5", "x": "290"}, {"y": "5", "x": "290"}], [{"y": "1", "x": "524"}, {"y": "1", "x": "524"}, {"y": "4", "x": "525"}, {"y": "7", "x": "527"}, {"y": "10", "x": "528"}, {"y": "13", "x": "530"}, {"y": "17", "x": "531"}, {"y": "20", "x": "533"}, {"y": "23", "x": "534"}, {"y": "26", "x": "536"}, {"y": "29", "x": "537"}, {"y": "32", "x": "539"}, {"y": "35", "x": "540"}, {"y": "39", "x": "542"}, {"y": "42", "x": "543"}, {"y": "45", "x": "545"}, {"y": "48", "x": "546"}, {"y": "51", "x": "548"}, {"y": "54", "x": "549"}, {"y": "57", "x": "551"}, {"y": "60", "x": "553"}, {"y": "64", "x": "554"}, {"y": "67", "x": "556"}, {"y": "70", "x": "557"}, {"y": "73", "x": "559"}, {"y": "76", "x": "560"}, {"y": "79", "x": "562"}, {"y": "82", "x": "563"}, {"y": "86", "x": "565"}, {"y": "89", "x": "566"}, {"y": "92", "x": "568"}, {"y": "95", "x": "569"}, {"y": "98", "x": "571"}, {"y": "101", "x": "572"}, {"y": "104", "x": "574"}, {"y": "107", "x": "575"}, {"y": "107", "x": "575"}, {"y": "107", "x": "575"}, {"y": "111", "x": "576"}, {"y": "114", "x": "577"}, {"y": "117", "x": "577"}, {"y": "120", "x": "578"}, {"y": "123", "x": "579"}, {"y": "126", "x": "580"}, {"y": "130", "x": "581"}, {"y": "133", "x": "581"}, {"y": "136", "x": "582"}, {"y": "139", "x": "583"}, {"y": "142", "x": "584"}, {"y": "145", "x": "584"}, {"y": "149", "x": "585"}, {"y": "152", "x": "586"}, {"y": "155", "x": "587"}, {"y": "158", "x": "588"}, {"y": "161", "x": "588"}, {"y": "165", "x": "589"}, {"y": "168", "x": "590"}, {"y": "171", "x": "591"}, {"y": "174", "x": "592"}, {"y": "177", "x": "592"}, {"y": "180", "x": "593"}, {"y": "184", "x": "594"}, {"y": "187", "x": "595"}, {"y": "190", "x": "596"}, {"y": "193", "x": "596"}, {"y": "196", "x": "597"}, {"y": "199", "x": "598"}, {"y": "203", "x": "599"}, {"y": "203", "x": "599"}, {"y": "203", "x": "599"}, {"y": "206", "x": "599"}, {"y": "209", "x": "599"}, {"y": "212", "x": "599"}, {"y": "215", "x": "599"}, {"y": "218", "x": "600"}, {"y": "221", "x": "600"}, {"y": "224", "x": "600"}, {"y": "227", "x": "600"}, {"y": "231", "x": "600"}, {"y": "234", "x": "600"}, {"y": "237", "x": "601"}, {"y": "240", "x": "601"}, {"y": "243", "x": "601"}, {"y": "246", "x": "601"}, {"y": "249", "x": "601"}, {"y": "252", "x": "602"}, {"y": "256", "x": "602"}, {"y": "259", "x": "602"}, {"y": "262", "x": "602"}, {"y": "265", "x": "602"}, {"y": "268", "x": "602"}, {"y": "271", "x": "603"}, {"y": "274", "x": "603"}, {"y": "277", "x": "603"}, {"y": "281", "x": "603"}, {"y": "284", "x": "603"}, {"y": "287", "x": "603"}, {"y": "290", "x": "604"}, {"y": "293", "x": "604"}, {"y": "296", "x": "604"}, {"y": "299", "x": "604"}, {"y": "302", "x": "604"}, {"y": "305", "x": "605"}, {"y": "309", "x": "605"}, {"y": "312", "x": "605"}, {"y": "315", "x": "605"}, {"y": "318", "x": "605"}, {"y": "321", "x": "605"}, {"y": "324", "x": "606"}, {"y": "327", "x": "606"}, {"y": "330", "x": "606"}, {"y": "334", "x": "606"}, {"y": "337", "x": "606"}, {"y": "340", "x": "606"}, {"y": "343", "x": "607"}, {"y": "346", "x": "607"}, {"y": "349", "x": "607"}, {"y": "352", "x": "607"}, {"y": "355", "x": "607"}, {"y": "359", "x": "608"}]]}