{"Lines": [[{"y": "2", "x": "457"}, {"y": "2", "x": "457"}, {"y": "5", "x": "458"}, {"y": "8", "x": "460"}, {"y": "11", "x": "461"}, {"y": "15", "x": "462"}, {"y": "18", "x": "464"}, {"y": "21", "x": "465"}, {"y": "24", "x": "467"}, {"y": "28", "x": "468"}, {"y": "31", "x": "470"}, {"y": "34", "x": "471"}, {"y": "37", "x": "473"}, {"y": "40", "x": "474"}, {"y": "44", "x": "476"}, {"y": "47", "x": "477"}, {"y": "50", "x": "478"}, {"y": "53", "x": "480"}, {"y": "57", "x": "481"}, {"y": "60", "x": "483"}, {"y": "63", "x": "484"}, {"y": "66", "x": "486"}, {"y": "70", "x": "487"}, {"y": "73", "x": "489"}, {"y": "76", "x": "490"}, {"y": "76", "x": "490"}, {"y": "76", "x": "490"}, {"y": "79", "x": "492"}, {"y": "82", "x": "493"}, {"y": "85", "x": "495"}, {"y": "88", "x": "496"}, {"y": "92", "x": "498"}, {"y": "95", "x": "500"}, {"y": "98", "x": "501"}, {"y": "101", "x": "503"}, {"y": "104", "x": "504"}, {"y": "107", "x": "506"}, {"y": "110", "x": "507"}, {"y": "113", "x": "509"}, {"y": "117", "x": "511"}, {"y": "120", "x": "512"}, {"y": "123", "x": "514"}, {"y": "126", "x": "515"}, {"y": "129", "x": "517"}, {"y": "132", "x": "519"}, {"y": "135", "x": "520"}, {"y": "138", "x": "522"}, {"y": "142", "x": "523"}, {"y": "145", "x": "525"}, {"y": "148", "x": "526"}, {"y": "151", "x": "528"}, {"y": "154", "x": "530"}, {"y": "157", "x": "531"}, {"y": "160", "x": "533"}, {"y": "163", "x": "534"}, {"y": "166", "x": "536"}, {"y": "170", "x": "538"}, {"y": "173", "x": "539"}, {"y": "176", "x": "541"}, {"y": "179", "x": "542"}, {"y": "182", "x": "544"}, {"y": "185", "x": "545"}, {"y": "188", "x": "547"}, {"y": "191", "x": "549"}, {"y": "195", "x": "550"}, {"y": "198", "x": "552"}, {"y": "198", "x": "552"}, {"y": "201", "x": "553"}, {"y": "204", "x": "555"}, {"y": "207", "x": "556"}, {"y": "210", "x": "557"}, {"y": "213", "x": "559"}, {"y": "216", "x": "560"}, {"y": "219", "x": "562"}, {"y": "222", "x": "563"}, {"y": "225", "x": "565"}, {"y": "229", "x": "566"}, {"y": "232", "x": "567"}, {"y": "235", "x": "569"}, {"y": "238", "x": "570"}, {"y": "241", "x": "572"}, {"y": "244", "x": "573"}, {"y": "247", "x": "574"}, {"y": "250", "x": "576"}, {"y": "253", "x": "577"}, {"y": "256", "x": "579"}, {"y": "260", "x": "580"}, {"y": "263", "x": "582"}, {"y": "266", "x": "583"}, {"y": "269", "x": "584"}, {"y": "272", "x": "586"}, {"y": "275", "x": "587"}, {"y": "278", "x": "589"}, {"y": "281", "x": "590"}, {"y": "284", "x": "591"}, {"y": "287", "x": "593"}, {"y": "290", "x": "594"}, {"y": "294", "x": "596"}, {"y": "297", "x": "597"}, {"y": "300", "x": "599"}, {"y": "303", "x": "600"}, {"y": "306", "x": "601"}, {"y": "309", "x": "603"}, {"y": "312", "x": "604"}, {"y": "315", "x": "606"}, {"y": "318", "x": "607"}, {"y": "321", "x": "608"}, {"y": "324", "x": "610"}, {"y": "328", "x": "611"}, {"y": "331", "x": "613"}, {"y": "334", "x": "614"}, {"y": "337", "x": "616"}, {"y": "340", "x": "617"}, {"y": "343", "x": "618"}, {"y": "346", "x": "620"}, {"y": "349", "x": "621"}, {"y": "352", "x": "623"}, {"y": "355", "x": "624"}, {"y": "359", "x": "626"}, {"y": "359", "x": "626"}], [{"y": "356", "x": "26"}, {"y": "356", "x": "26"}, {"y": "353", "x": "27"}, {"y": "350", "x": "29"}, {"y": "347", "x": "30"}, {"y": "344", "x": "32"}, {"y": "341", "x": "33"}, {"y": "338", "x": "35"}, {"y": "335", "x": "36"}, {"y": "332", "x": "38"}, {"y": "329", "x": "39"}, {"y": "325", "x": "40"}, {"y": "322", "x": "42"}, {"y": "319", "x": "43"}, {"y": "316", "x": "45"}, {"y": "313", "x": "46"}, {"y": "310", "x": "48"}, {"y": "307", "x": "49"}, {"y": "304", "x": "51"}, {"y": "301", "x": "52"}, {"y": "298", "x": "54"}, {"y": "295", "x": "55"}, {"y": "292", "x": "57"}, {"y": "289", "x": "58"}, {"y": "286", "x": "60"}, {"y": "283", "x": "61"}, {"y": "280", "x": "63"}, {"y": "277", "x": "64"}, {"y": "274", "x": "66"}, {"y": "271", "x": "67"}, {"y": "267", "x": "69"}, {"y": "264", "x": "70"}, {"y": "261", "x": "72"}, {"y": "258", "x": "73"}, {"y": "255", "x": "75"}, {"y": "252", "x": "76"}, {"y": "249", "x": "78"}, {"y": "246", "x": "79"}, {"y": "243", "x": "81"}, {"y": "240", "x": "82"}, {"y": "237", "x": "84"}, {"y": "234", "x": "85"}, {"y": "231", "x": "86"}, {"y": "228", "x": "88"}, {"y": "225", "x": "89"}, {"y": "222", "x": "91"}, {"y": "219", "x": "92"}, {"y": "216", "x": "94"}, {"y": "213", "x": "95"}, {"y": "209", "x": "97"}, {"y": "206", "x": "98"}, {"y": "203", "x": "100"}, {"y": "200", "x": "101"}, {"y": "197", "x": "103"}, {"y": "194", "x": "104"}, {"y": "191", "x": "106"}, {"y": "188", "x": "107"}, {"y": "185", "x": "109"}, {"y": "182", "x": "110"}, {"y": "179", "x": "112"}, {"y": "176", "x": "113"}, {"y": "173", "x": "115"}, {"y": "170", "x": "116"}, {"y": "167", "x": "118"}, {"y": "164", "x": "119"}, {"y": "161", "x": "121"}, {"y": "158", "x": "122"}, {"y": "155", "x": "124"}, {"y": "152", "x": "125"}, {"y": "148", "x": "127"}, {"y": "145", "x": "128"}, {"y": "145", "x": "128"}, {"y": "142", "x": "130"}, {"y": "139", "x": "132"}, {"y": "136", "x": "133"}, {"y": "133", "x": "135"}, {"y": "130", "x": "137"}, {"y": "127", "x": "138"}, {"y": "124", "x": "140"}, {"y": "121", "x": "142"}, {"y": "117", "x": "144"}, {"y": "114", "x": "145"}, {"y": "111", "x": "147"}, {"y": "108", "x": "149"}, {"y": "105", "x": "151"}, {"y": "102", "x": "152"}, {"y": "99", "x": "154"}, {"y": "96", "x": "156"}, {"y": "93", "x": "158"}, {"y": "90", "x": "159"}, {"y": "86", "x": "161"}, {"y": "83", "x": "163"}, {"y": "80", "x": "164"}, {"y": "77", "x": "166"}, {"y": "74", "x": "168"}, {"y": "71", "x": "170"}, {"y": "68", "x": "171"}, {"y": "65", "x": "173"}, {"y": "62", "x": "175"}, {"y": "58", "x": "177"}, {"y": "55", "x": "178"}, {"y": "52", "x": "180"}, {"y": "49", "x": "182"}, {"y": "46", "x": "184"}, {"y": "43", "x": "185"}, {"y": "40", "x": "187"}, {"y": "37", "x": "189"}, {"y": "34", "x": "190"}, {"y": "31", "x": "192"}, {"y": "27", "x": "194"}, {"y": "24", "x": "196"}, {"y": "21", "x": "197"}, {"y": "18", "x": "199"}, {"y": "15", "x": "201"}, {"y": "12", "x": "203"}, {"y": "9", "x": "204"}, {"y": "6", "x": "206"}, {"y": "3", "x": "208"}, {"y": "0", "x": "209"}, {"y": "0", "x": "210"}]]}