{"Lines": [[{"y": "269", "x": "0"}, {"y": "269", "x": "0"}, {"y": "266", "x": "1"}, {"y": "263", "x": "3"}, {"y": "259", "x": "5"}, {"y": "256", "x": "6"}, {"y": "253", "x": "8"}, {"y": "250", "x": "10"}, {"y": "247", "x": "11"}, {"y": "244", "x": "13"}, {"y": "241", "x": "15"}, {"y": "238", "x": "16"}, {"y": "235", "x": "18"}, {"y": "232", "x": "20"}, {"y": "229", "x": "21"}, {"y": "226", "x": "23"}, {"y": "223", "x": "25"}, {"y": "220", "x": "27"}, {"y": "217", "x": "28"}, {"y": "214", "x": "30"}, {"y": "211", "x": "32"}, {"y": "207", "x": "33"}, {"y": "204", "x": "35"}, {"y": "201", "x": "37"}, {"y": "198", "x": "38"}, {"y": "195", "x": "40"}, {"y": "192", "x": "42"}, {"y": "189", "x": "43"}, {"y": "186", "x": "45"}, {"y": "183", "x": "47"}, {"y": "180", "x": "48"}, {"y": "177", "x": "50"}, {"y": "174", "x": "52"}, {"y": "171", "x": "54"}, {"y": "168", "x": "55"}, {"y": "165", "x": "57"}, {"y": "162", "x": "59"}, {"y": "158", "x": "60"}, {"y": "155", "x": "62"}, {"y": "152", "x": "64"}, {"y": "149", "x": "65"}, {"y": "146", "x": "67"}, {"y": "143", "x": "69"}, {"y": "140", "x": "70"}, {"y": "137", "x": "72"}, {"y": "134", "x": "74"}, {"y": "131", "x": "76"}, {"y": "128", "x": "77"}, {"y": "125", "x": "79"}, {"y": "122", "x": "81"}, {"y": "119", "x": "82"}, {"y": "116", "x": "84"}, {"y": "113", "x": "86"}, {"y": "109", "x": "87"}, {"y": "106", "x": "89"}, {"y": "103", "x": "91"}, {"y": "100", "x": "92"}, {"y": "97", "x": "94"}, {"y": "94", "x": "96"}, {"y": "91", "x": "97"}, {"y": "91", "x": "97"}, {"y": "91", "x": "97"}, {"y": "88", "x": "99"}, {"y": "85", "x": "101"}, {"y": "82", "x": "103"}, {"y": "78", "x": "105"}, {"y": "75", "x": "107"}, {"y": "72", "x": "108"}, {"y": "69", "x": "110"}, {"y": "66", "x": "112"}, {"y": "63", "x": "114"}, {"y": "60", "x": "116"}, {"y": "56", "x": "118"}, {"y": "53", "x": "119"}, {"y": "50", "x": "121"}, {"y": "47", "x": "123"}, {"y": "44", "x": "125"}, {"y": "41", "x": "127"}, {"y": "37", "x": "129"}, {"y": "34", "x": "130"}, {"y": "31", "x": "132"}, {"y": "28", "x": "134"}, {"y": "25", "x": "136"}, {"y": "22", "x": "138"}, {"y": "18", "x": "140"}, {"y": "15", "x": "141"}, {"y": "12", "x": "143"}, {"y": "9", "x": "145"}, {"y": "6", "x": "147"}, {"y": "3", "x": "149"}, {"y": "0", "x": "150"}, {"y": "0", "x": "151"}], [{"y": "10", "x": "415"}, {"y": "10", "x": "415"}, {"y": "13", "x": "416"}, {"y": "17", "x": "418"}, {"y": "20", "x": "419"}, {"y": "23", "x": "420"}, {"y": "26", "x": "422"}, {"y": "29", "x": "423"}, {"y": "32", "x": "425"}, {"y": "35", "x": "426"}, {"y": "38", "x": "428"}, {"y": "41", "x": "429"}, {"y": "45", "x": "431"}, {"y": "48", "x": "432"}, {"y": "51", "x": "434"}, {"y": "54", "x": "435"}, {"y": "57", "x": "437"}, {"y": "60", "x": "438"}, {"y": "63", "x": "440"}, {"y": "66", "x": "441"}, {"y": "69", "x": "443"}, {"y": "73", "x": "444"}, {"y": "76", "x": "445"}, {"y": "79", "x": "447"}, {"y": "82", "x": "448"}, {"y": "85", "x": "450"}, {"y": "88", "x": "451"}, {"y": "91", "x": "453"}, {"y": "94", "x": "454"}, {"y": "97", "x": "456"}, {"y": "101", "x": "457"}, {"y": "104", "x": "459"}, {"y": "107", "x": "460"}, {"y": "110", "x": "462"}, {"y": "113", "x": "463"}, {"y": "116", "x": "465"}, {"y": "119", "x": "466"}, {"y": "119", "x": "466"}, {"y": "119", "x": "466"}, {"y": "122", "x": "468"}, {"y": "126", "x": "469"}, {"y": "129", "x": "471"}, {"y": "132", "x": "472"}, {"y": "135", "x": "474"}, {"y": "138", "x": "475"}, {"y": "141", "x": "477"}, {"y": "144", "x": "478"}, {"y": "148", "x": "480"}, {"y": "151", "x": "481"}, {"y": "154", "x": "483"}, {"y": "157", "x": "484"}, {"y": "160", "x": "486"}, {"y": "163", "x": "487"}, {"y": "166", "x": "489"}, {"y": "170", "x": "490"}, {"y": "173", "x": "492"}, {"y": "176", "x": "493"}, {"y": "179", "x": "495"}, {"y": "182", "x": "496"}, {"y": "185", "x": "498"}, {"y": "188", "x": "499"}, {"y": "192", "x": "501"}, {"y": "195", "x": "502"}, {"y": "198", "x": "504"}, {"y": "201", "x": "506"}, {"y": "204", "x": "507"}, {"y": "207", "x": "509"}, {"y": "210", "x": "510"}, {"y": "213", "x": "512"}, {"y": "217", "x": "513"}, {"y": "220", "x": "515"}, {"y": "223", "x": "516"}, {"y": "226", "x": "518"}, {"y": "229", "x": "519"}, {"y": "232", "x": "521"}, {"y": "232", "x": "521"}, {"y": "235", "x": "522"}, {"y": "238", "x": "524"}, {"y": "242", "x": "526"}, {"y": "245", "x": "527"}, {"y": "248", "x": "529"}, {"y": "251", "x": "530"}, {"y": "254", "x": "532"}, {"y": "257", "x": "534"}, {"y": "260", "x": "535"}, {"y": "263", "x": "537"}, {"y": "266", "x": "538"}, {"y": "269", "x": "540"}, {"y": "272", "x": "542"}, {"y": "275", "x": "543"}, {"y": "278", "x": "545"}, {"y": "282", "x": "546"}, {"y": "285", "x": "548"}, {"y": "288", "x": "550"}, {"y": "291", "x": "551"}, {"y": "294", "x": "553"}, {"y": "297", "x": "554"}, {"y": "300", "x": "556"}, {"y": "303", "x": "558"}, {"y": "306", "x": "559"}, {"y": "309", "x": "561"}, {"y": "312", "x": "562"}, {"y": "315", "x": "564"}, {"y": "318", "x": "566"}, {"y": "322", "x": "567"}, {"y": "325", "x": "569"}, {"y": "328", "x": "570"}, {"y": "331", "x": "572"}, {"y": "334", "x": "574"}, {"y": "337", "x": "575"}, {"y": "340", "x": "577"}, {"y": "343", "x": "578"}, {"y": "346", "x": "580"}, {"y": "349", "x": "582"}, {"y": "352", "x": "583"}, {"y": "355", "x": "585"}, {"y": "359", "x": "586"}, {"y": "359", "x": "587"}]]}