{"Lines": [[{"y": "359", "x": "50"}, {"y": "359", "x": "51"}, {"y": "355", "x": "52"}, {"y": "352", "x": "54"}, {"y": "349", "x": "56"}, {"y": "346", "x": "57"}, {"y": "343", "x": "59"}, {"y": "340", "x": "61"}, {"y": "337", "x": "63"}, {"y": "334", "x": "64"}, {"y": "331", "x": "66"}, {"y": "328", "x": "68"}, {"y": "324", "x": "70"}, {"y": "321", "x": "71"}, {"y": "318", "x": "73"}, {"y": "315", "x": "75"}, {"y": "312", "x": "77"}, {"y": "309", "x": "78"}, {"y": "306", "x": "80"}, {"y": "303", "x": "82"}, {"y": "300", "x": "84"}, {"y": "297", "x": "85"}, {"y": "293", "x": "87"}, {"y": "290", "x": "89"}, {"y": "287", "x": "91"}, {"y": "284", "x": "92"}, {"y": "281", "x": "94"}, {"y": "278", "x": "96"}, {"y": "275", "x": "98"}, {"y": "272", "x": "99"}, {"y": "269", "x": "101"}, {"y": "266", "x": "103"}, {"y": "262", "x": "105"}, {"y": "259", "x": "106"}, {"y": "256", "x": "108"}, {"y": "253", "x": "110"}, {"y": "250", "x": "112"}, {"y": "247", "x": "113"}, {"y": "244", "x": "115"}, {"y": "241", "x": "117"}, {"y": "238", "x": "119"}, {"y": "235", "x": "120"}, {"y": "232", "x": "122"}, {"y": "228", "x": "124"}, {"y": "225", "x": "126"}, {"y": "222", "x": "127"}, {"y": "219", "x": "129"}, {"y": "216", "x": "131"}, {"y": "213", "x": "133"}, {"y": "210", "x": "134"}, {"y": "207", "x": "136"}, {"y": "204", "x": "138"}, {"y": "201", "x": "140"}, {"y": "197", "x": "141"}, {"y": "194", "x": "143"}, {"y": "191", "x": "145"}, {"y": "188", "x": "147"}, {"y": "185", "x": "148"}, {"y": "182", "x": "150"}, {"y": "179", "x": "152"}, {"y": "179", "x": "152"}, {"y": "176", "x": "154"}, {"y": "172", "x": "157"}, {"y": "169", "x": "159"}, {"y": "166", "x": "161"}, {"y": "163", "x": "164"}, {"y": "160", "x": "166"}, {"y": "156", "x": "169"}, {"y": "153", "x": "171"}, {"y": "150", "x": "173"}, {"y": "147", "x": "176"}, {"y": "144", "x": "178"}, {"y": "140", "x": "181"}, {"y": "137", "x": "183"}, {"y": "134", "x": "185"}, {"y": "131", "x": "188"}, {"y": "128", "x": "190"}, {"y": "124", "x": "193"}, {"y": "121", "x": "195"}, {"y": "118", "x": "197"}, {"y": "115", "x": "200"}, {"y": "112", "x": "202"}, {"y": "108", "x": "205"}, {"y": "105", "x": "207"}, {"y": "102", "x": "209"}, {"y": "99", "x": "212"}, {"y": "96", "x": "214"}, {"y": "96", "x": "214"}, {"y": "92", "x": "217"}, {"y": "89", "x": "219"}, {"y": "86", "x": "222"}, {"y": "83", "x": "224"}, {"y": "80", "x": "227"}, {"y": "76", "x": "229"}, {"y": "73", "x": "232"}, {"y": "70", "x": "234"}, {"y": "67", "x": "237"}, {"y": "63", "x": "239"}, {"y": "60", "x": "242"}, {"y": "57", "x": "244"}, {"y": "54", "x": "247"}, {"y": "51", "x": "250"}, {"y": "47", "x": "252"}, {"y": "44", "x": "255"}, {"y": "44", "x": "255"}, {"y": "44", "x": "255"}, {"y": "41", "x": "256"}, {"y": "38", "x": "258"}, {"y": "34", "x": "259"}, {"y": "31", "x": "261"}, {"y": "28", "x": "263"}, {"y": "25", "x": "264"}, {"y": "21", "x": "266"}, {"y": "18", "x": "267"}, {"y": "15", "x": "269"}, {"y": "12", "x": "271"}, {"y": "8", "x": "272"}, {"y": "5", "x": "274"}, {"y": "2", "x": "275"}, {"y": "2", "x": "275"}], [{"y": "2", "x": "509"}, {"y": "2", "x": "509"}, {"y": "5", "x": "510"}, {"y": "8", "x": "512"}, {"y": "11", "x": "513"}, {"y": "15", "x": "515"}, {"y": "18", "x": "516"}, {"y": "21", "x": "518"}, {"y": "24", "x": "519"}, {"y": "28", "x": "521"}, {"y": "31", "x": "522"}, {"y": "34", "x": "524"}, {"y": "37", "x": "525"}, {"y": "41", "x": "527"}, {"y": "44", "x": "528"}, {"y": "47", "x": "530"}, {"y": "50", "x": "531"}, {"y": "54", "x": "532"}, {"y": "57", "x": "534"}, {"y": "60", "x": "535"}, {"y": "63", "x": "537"}, {"y": "67", "x": "538"}, {"y": "70", "x": "540"}, {"y": "73", "x": "541"}, {"y": "76", "x": "543"}, {"y": "76", "x": "543"}, {"y": "80", "x": "544"}, {"y": "83", "x": "545"}, {"y": "86", "x": "545"}, {"y": "89", "x": "546"}, {"y": "92", "x": "547"}, {"y": "95", "x": "548"}, {"y": "98", "x": "549"}, {"y": "101", "x": "550"}, {"y": "104", "x": "551"}, {"y": "108", "x": "552"}, {"y": "111", "x": "553"}, {"y": "114", "x": "553"}, {"y": "117", "x": "554"}, {"y": "120", "x": "555"}, {"y": "123", "x": "556"}, {"y": "126", "x": "557"}, {"y": "129", "x": "558"}, {"y": "133", "x": "559"}, {"y": "136", "x": "560"}, {"y": "139", "x": "561"}, {"y": "142", "x": "561"}, {"y": "145", "x": "562"}, {"y": "148", "x": "563"}, {"y": "151", "x": "564"}, {"y": "154", "x": "565"}, {"y": "157", "x": "566"}, {"y": "161", "x": "567"}, {"y": "164", "x": "568"}, {"y": "167", "x": "569"}, {"y": "170", "x": "569"}, {"y": "173", "x": "570"}, {"y": "176", "x": "571"}, {"y": "179", "x": "572"}, {"y": "179", "x": "572"}, {"y": "179", "x": "572"}, {"y": "182", "x": "573"}, {"y": "185", "x": "574"}, {"y": "189", "x": "575"}, {"y": "192", "x": "576"}, {"y": "195", "x": "578"}, {"y": "198", "x": "579"}, {"y": "201", "x": "580"}, {"y": "204", "x": "581"}, {"y": "207", "x": "582"}, {"y": "210", "x": "583"}, {"y": "213", "x": "584"}, {"y": "216", "x": "585"}, {"y": "219", "x": "586"}, {"y": "223", "x": "587"}, {"y": "226", "x": "588"}, {"y": "229", "x": "589"}, {"y": "232", "x": "590"}, {"y": "235", "x": "592"}, {"y": "238", "x": "593"}, {"y": "241", "x": "594"}, {"y": "244", "x": "595"}, {"y": "247", "x": "596"}, {"y": "250", "x": "597"}, {"y": "253", "x": "598"}, {"y": "257", "x": "599"}, {"y": "260", "x": "600"}, {"y": "263", "x": "601"}, {"y": "266", "x": "602"}, {"y": "269", "x": "603"}, {"y": "272", "x": "604"}, {"y": "275", "x": "605"}, {"y": "278", "x": "607"}, {"y": "281", "x": "608"}, {"y": "284", "x": "609"}, {"y": "287", "x": "610"}, {"y": "291", "x": "611"}, {"y": "294", "x": "612"}, {"y": "297", "x": "613"}, {"y": "300", "x": "614"}, {"y": "303", "x": "615"}, {"y": "306", "x": "616"}, {"y": "309", "x": "617"}, {"y": "312", "x": "618"}, {"y": "315", "x": "619"}, {"y": "318", "x": "621"}, {"y": "321", "x": "622"}, {"y": "325", "x": "623"}, {"y": "328", "x": "624"}, {"y": "331", "x": "625"}, {"y": "334", "x": "626"}, {"y": "337", "x": "627"}, {"y": "340", "x": "628"}, {"y": "343", "x": "629"}, {"y": "346", "x": "630"}, {"y": "349", "x": "631"}, {"y": "352", "x": "632"}, {"y": "355", "x": "633"}, {"y": "359", "x": "635"}]]}