{"Lines": [[{"y": "294", "x": "0"}, {"y": "294", "x": "0"}, {"y": "290", "x": "2"}, {"y": "287", "x": "5"}, {"y": "284", "x": "7"}, {"y": "281", "x": "10"}, {"y": "278", "x": "12"}, {"y": "275", "x": "15"}, {"y": "272", "x": "18"}, {"y": "269", "x": "20"}, {"y": "266", "x": "23"}, {"y": "263", "x": "25"}, {"y": "259", "x": "28"}, {"y": "256", "x": "31"}, {"y": "253", "x": "33"}, {"y": "250", "x": "36"}, {"y": "247", "x": "38"}, {"y": "244", "x": "41"}, {"y": "241", "x": "44"}, {"y": "238", "x": "46"}, {"y": "235", "x": "49"}, {"y": "232", "x": "51"}, {"y": "229", "x": "54"}, {"y": "225", "x": "57"}, {"y": "222", "x": "59"}, {"y": "219", "x": "62"}, {"y": "216", "x": "64"}, {"y": "213", "x": "67"}, {"y": "210", "x": "70"}, {"y": "207", "x": "72"}, {"y": "204", "x": "75"}, {"y": "201", "x": "77"}, {"y": "198", "x": "80"}, {"y": "194", "x": "82"}, {"y": "191", "x": "85"}, {"y": "188", "x": "88"}, {"y": "185", "x": "90"}, {"y": "182", "x": "93"}, {"y": "179", "x": "95"}, {"y": "176", "x": "98"}, {"y": "173", "x": "101"}, {"y": "170", "x": "103"}, {"y": "167", "x": "106"}, {"y": "163", "x": "108"}, {"y": "160", "x": "111"}, {"y": "157", "x": "114"}, {"y": "154", "x": "116"}, {"y": "151", "x": "119"}, {"y": "148", "x": "121"}, {"y": "145", "x": "124"}, {"y": "142", "x": "127"}, {"y": "139", "x": "129"}, {"y": "136", "x": "132"}, {"y": "136", "x": "132"}, {"y": "136", "x": "132"}, {"y": "133", "x": "134"}, {"y": "129", "x": "136"}, {"y": "126", "x": "138"}, {"y": "123", "x": "140"}, {"y": "120", "x": "143"}, {"y": "117", "x": "145"}, {"y": "114", "x": "147"}, {"y": "111", "x": "149"}, {"y": "108", "x": "151"}, {"y": "105", "x": "154"}, {"y": "102", "x": "156"}, {"y": "98", "x": "158"}, {"y": "95", "x": "160"}, {"y": "92", "x": "162"}, {"y": "89", "x": "164"}, {"y": "86", "x": "167"}, {"y": "83", "x": "169"}, {"y": "80", "x": "171"}, {"y": "77", "x": "173"}, {"y": "74", "x": "175"}, {"y": "71", "x": "177"}, {"y": "68", "x": "180"}, {"y": "64", "x": "182"}, {"y": "61", "x": "184"}, {"y": "58", "x": "186"}, {"y": "55", "x": "188"}, {"y": "52", "x": "191"}, {"y": "49", "x": "193"}, {"y": "46", "x": "195"}, {"y": "43", "x": "197"}, {"y": "40", "x": "199"}, {"y": "37", "x": "201"}, {"y": "34", "x": "204"}, {"y": "30", "x": "206"}, {"y": "27", "x": "208"}, {"y": "24", "x": "210"}, {"y": "21", "x": "212"}, {"y": "18", "x": "214"}, {"y": "15", "x": "217"}, {"y": "12", "x": "219"}, {"y": "9", "x": "221"}, {"y": "6", "x": "223"}, {"y": "3", "x": "225"}, {"y": "0", "x": "227"}, {"y": "0", "x": "228"}], [{"y": "12", "x": "486"}, {"y": "12", "x": "486"}, {"y": "15", "x": "487"}, {"y": "18", "x": "487"}, {"y": "21", "x": "488"}, {"y": "24", "x": "489"}, {"y": "28", "x": "490"}, {"y": "31", "x": "491"}, {"y": "34", "x": "492"}, {"y": "37", "x": "493"}, {"y": "40", "x": "494"}, {"y": "44", "x": "494"}, {"y": "47", "x": "495"}, {"y": "50", "x": "496"}, {"y": "53", "x": "497"}, {"y": "57", "x": "498"}, {"y": "60", "x": "499"}, {"y": "63", "x": "500"}, {"y": "66", "x": "501"}, {"y": "69", "x": "501"}, {"y": "73", "x": "502"}, {"y": "76", "x": "503"}, {"y": "79", "x": "504"}, {"y": "82", "x": "505"}, {"y": "86", "x": "506"}, {"y": "89", "x": "507"}, {"y": "92", "x": "508"}, {"y": "95", "x": "508"}, {"y": "95", "x": "508"}, {"y": "95", "x": "508"}, {"y": "98", "x": "509"}, {"y": "101", "x": "510"}, {"y": "104", "x": "511"}, {"y": "107", "x": "512"}, {"y": "111", "x": "513"}, {"y": "114", "x": "514"}, {"y": "117", "x": "515"}, {"y": "120", "x": "516"}, {"y": "123", "x": "517"}, {"y": "126", "x": "518"}, {"y": "129", "x": "519"}, {"y": "132", "x": "520"}, {"y": "135", "x": "521"}, {"y": "138", "x": "522"}, {"y": "141", "x": "523"}, {"y": "144", "x": "524"}, {"y": "147", "x": "525"}, {"y": "150", "x": "526"}, {"y": "153", "x": "527"}, {"y": "156", "x": "528"}, {"y": "159", "x": "529"}, {"y": "163", "x": "529"}, {"y": "166", "x": "530"}, {"y": "169", "x": "531"}, {"y": "172", "x": "532"}, {"y": "175", "x": "533"}, {"y": "178", "x": "534"}, {"y": "181", "x": "535"}, {"y": "184", "x": "536"}, {"y": "187", "x": "537"}, {"y": "190", "x": "538"}, {"y": "193", "x": "539"}, {"y": "196", "x": "540"}, {"y": "199", "x": "541"}, {"y": "202", "x": "542"}, {"y": "205", "x": "543"}, {"y": "208", "x": "544"}, {"y": "212", "x": "545"}, {"y": "215", "x": "546"}, {"y": "218", "x": "547"}, {"y": "221", "x": "548"}, {"y": "224", "x": "549"}, {"y": "227", "x": "549"}, {"y": "230", "x": "550"}, {"y": "233", "x": "551"}, {"y": "236", "x": "552"}, {"y": "239", "x": "553"}, {"y": "242", "x": "554"}, {"y": "245", "x": "555"}, {"y": "248", "x": "556"}, {"y": "251", "x": "557"}, {"y": "254", "x": "558"}, {"y": "257", "x": "559"}, {"y": "261", "x": "560"}, {"y": "264", "x": "561"}, {"y": "267", "x": "562"}, {"y": "270", "x": "563"}, {"y": "273", "x": "564"}, {"y": "276", "x": "565"}, {"y": "279", "x": "566"}, {"y": "282", "x": "567"}, {"y": "285", "x": "568"}, {"y": "288", "x": "569"}, {"y": "291", "x": "570"}, {"y": "294", "x": "570"}, {"y": "297", "x": "571"}, {"y": "300", "x": "572"}, {"y": "303", "x": "573"}, {"y": "306", "x": "574"}, {"y": "310", "x": "575"}, {"y": "313", "x": "576"}, {"y": "316", "x": "577"}, {"y": "319", "x": "578"}, {"y": "322", "x": "579"}, {"y": "325", "x": "580"}, {"y": "328", "x": "581"}, {"y": "331", "x": "582"}, {"y": "334", "x": "583"}, {"y": "337", "x": "584"}, {"y": "340", "x": "585"}, {"y": "343", "x": "586"}, {"y": "346", "x": "587"}, {"y": "349", "x": "588"}, {"y": "352", "x": "589"}, {"y": "355", "x": "590"}, {"y": "359", "x": "590"}, {"y": "359", "x": "591"}]]}