{"Lines": [[{"y": "342", "x": "1"}, {"y": "342", "x": "1"}, {"y": "339", "x": "2"}, {"y": "336", "x": "3"}, {"y": "332", "x": "4"}, {"y": "329", "x": "6"}, {"y": "326", "x": "7"}, {"y": "323", "x": "8"}, {"y": "320", "x": "9"}, {"y": "317", "x": "10"}, {"y": "314", "x": "12"}, {"y": "311", "x": "13"}, {"y": "308", "x": "14"}, {"y": "305", "x": "15"}, {"y": "302", "x": "16"}, {"y": "298", "x": "18"}, {"y": "295", "x": "19"}, {"y": "292", "x": "20"}, {"y": "289", "x": "21"}, {"y": "286", "x": "23"}, {"y": "283", "x": "24"}, {"y": "280", "x": "25"}, {"y": "277", "x": "26"}, {"y": "274", "x": "27"}, {"y": "271", "x": "29"}, {"y": "267", "x": "30"}, {"y": "264", "x": "31"}, {"y": "261", "x": "32"}, {"y": "258", "x": "33"}, {"y": "255", "x": "35"}, {"y": "252", "x": "36"}, {"y": "249", "x": "37"}, {"y": "246", "x": "38"}, {"y": "243", "x": "39"}, {"y": "240", "x": "41"}, {"y": "237", "x": "42"}, {"y": "233", "x": "43"}, {"y": "230", "x": "44"}, {"y": "227", "x": "46"}, {"y": "224", "x": "47"}, {"y": "221", "x": "48"}, {"y": "218", "x": "49"}, {"y": "215", "x": "50"}, {"y": "212", "x": "52"}, {"y": "209", "x": "53"}, {"y": "206", "x": "54"}, {"y": "203", "x": "55"}, {"y": "199", "x": "56"}, {"y": "196", "x": "58"}, {"y": "193", "x": "59"}, {"y": "190", "x": "60"}, {"y": "187", "x": "61"}, {"y": "184", "x": "62"}, {"y": "181", "x": "64"}, {"y": "178", "x": "65"}, {"y": "175", "x": "66"}, {"y": "172", "x": "67"}, {"y": "168", "x": "68"}, {"y": "165", "x": "70"}, {"y": "165", "x": "70"}, {"y": "165", "x": "70"}, {"y": "162", "x": "70"}, {"y": "159", "x": "71"}, {"y": "156", "x": "72"}, {"y": "152", "x": "73"}, {"y": "149", "x": "73"}, {"y": "146", "x": "74"}, {"y": "143", "x": "75"}, {"y": "139", "x": "75"}, {"y": "136", "x": "76"}, {"y": "133", "x": "77"}, {"y": "130", "x": "78"}, {"y": "126", "x": "78"}, {"y": "123", "x": "79"}, {"y": "6", "x": "79"}, {"y": "120", "x": "80"}, {"y": "9", "x": "80"}, {"y": "117", "x": "80"}, {"y": "13", "x": "81"}, {"y": "113", "x": "81"}, {"y": "16", "x": "81"}, {"y": "110", "x": "82"}, {"y": "20", "x": "82"}, {"y": "107", "x": "82"}, {"y": "23", "x": "83"}, {"y": "104", "x": "83"}, {"y": "27", "x": "84"}, {"y": "100", "x": "84"}, {"y": "30", "x": "85"}, {"y": "97", "x": "85"}, {"y": "34", "x": "85"}, {"y": "94", "x": "85"}, {"y": "91", "x": "86"}, {"y": "91", "x": "86"}, {"y": "37", "x": "86"}, {"y": "87", "x": "86"}, {"y": "84", "x": "86"}, {"y": "81", "x": "86"}, {"y": "77", "x": "86"}, {"y": "74", "x": "86"}, {"y": "71", "x": "86"}, {"y": "67", "x": "86"}, {"y": "64", "x": "86"}, {"y": "61", "x": "87"}, {"y": "58", "x": "87"}, {"y": "54", "x": "87"}, {"y": "51", "x": "87"}, {"y": "48", "x": "87"}, {"y": "44", "x": "87"}, {"y": "41", "x": "87"}, {"y": "41", "x": "87"}], [{"y": "0", "x": "335"}, {"y": "0", "x": "335"}, {"y": "3", "x": "338"}, {"y": "6", "x": "341"}, {"y": "10", "x": "344"}, {"y": "13", "x": "347"}, {"y": "16", "x": "350"}, {"y": "19", "x": "353"}, {"y": "22", "x": "356"}, {"y": "26", "x": "359"}, {"y": "29", "x": "362"}, {"y": "32", "x": "365"}, {"y": "35", "x": "368"}, {"y": "38", "x": "371"}, {"y": "42", "x": "375"}, {"y": "45", "x": "378"}, {"y": "48", "x": "381"}, {"y": "51", "x": "384"}, {"y": "54", "x": "387"}, {"y": "58", "x": "390"}, {"y": "61", "x": "393"}, {"y": "64", "x": "396"}, {"y": "67", "x": "399"}, {"y": "70", "x": "402"}, {"y": "74", "x": "405"}, {"y": "77", "x": "408"}, {"y": "80", "x": "411"}, {"y": "80", "x": "411"}, {"y": "83", "x": "414"}, {"y": "86", "x": "416"}, {"y": "90", "x": "419"}, {"y": "93", "x": "421"}, {"y": "96", "x": "423"}, {"y": "99", "x": "426"}, {"y": "102", "x": "428"}, {"y": "106", "x": "431"}, {"y": "109", "x": "433"}, {"y": "112", "x": "436"}, {"y": "115", "x": "438"}, {"y": "118", "x": "440"}, {"y": "122", "x": "443"}, {"y": "125", "x": "445"}, {"y": "128", "x": "448"}, {"y": "131", "x": "450"}, {"y": "134", "x": "453"}, {"y": "138", "x": "455"}, {"y": "141", "x": "457"}, {"y": "144", "x": "460"}, {"y": "147", "x": "462"}, {"y": "150", "x": "465"}, {"y": "154", "x": "467"}, {"y": "157", "x": "469"}, {"y": "160", "x": "472"}, {"y": "163", "x": "474"}, {"y": "166", "x": "477"}, {"y": "170", "x": "479"}, {"y": "173", "x": "482"}, {"y": "176", "x": "484"}, {"y": "176", "x": "484"}, {"y": "179", "x": "486"}, {"y": "182", "x": "488"}, {"y": "185", "x": "489"}, {"y": "188", "x": "491"}, {"y": "191", "x": "493"}, {"y": "195", "x": "495"}, {"y": "198", "x": "497"}, {"y": "201", "x": "498"}, {"y": "204", "x": "500"}, {"y": "207", "x": "502"}, {"y": "210", "x": "504"}, {"y": "213", "x": "506"}, {"y": "216", "x": "507"}, {"y": "219", "x": "509"}, {"y": "222", "x": "511"}, {"y": "225", "x": "513"}, {"y": "229", "x": "515"}, {"y": "232", "x": "516"}, {"y": "235", "x": "518"}, {"y": "238", "x": "520"}, {"y": "241", "x": "522"}, {"y": "244", "x": "524"}, {"y": "247", "x": "526"}, {"y": "250", "x": "527"}, {"y": "253", "x": "529"}, {"y": "256", "x": "531"}, {"y": "260", "x": "533"}, {"y": "263", "x": "535"}, {"y": "266", "x": "536"}, {"y": "269", "x": "538"}, {"y": "272", "x": "540"}, {"y": "275", "x": "542"}, {"y": "278", "x": "544"}, {"y": "281", "x": "545"}, {"y": "284", "x": "547"}, {"y": "287", "x": "549"}, {"y": "290", "x": "551"}, {"y": "294", "x": "553"}, {"y": "297", "x": "554"}, {"y": "300", "x": "556"}, {"y": "303", "x": "558"}, {"y": "306", "x": "560"}, {"y": "309", "x": "562"}, {"y": "312", "x": "563"}, {"y": "315", "x": "565"}, {"y": "318", "x": "567"}, {"y": "321", "x": "569"}, {"y": "324", "x": "571"}, {"y": "328", "x": "572"}, {"y": "331", "x": "574"}, {"y": "334", "x": "576"}, {"y": "337", "x": "578"}, {"y": "340", "x": "580"}, {"y": "343", "x": "581"}, {"y": "346", "x": "583"}, {"y": "349", "x": "585"}, {"y": "352", "x": "587"}, {"y": "355", "x": "589"}, {"y": "359", "x": "591"}]]}