{"Lines": [[{"y": "354", "x": "14"}, {"y": "354", "x": "14"}, {"y": "350", "x": "16"}, {"y": "347", "x": "17"}, {"y": "344", "x": "19"}, {"y": "341", "x": "20"}, {"y": "338", "x": "22"}, {"y": "335", "x": "23"}, {"y": "332", "x": "25"}, {"y": "329", "x": "26"}, {"y": "326", "x": "28"}, {"y": "323", "x": "29"}, {"y": "320", "x": "31"}, {"y": "317", "x": "32"}, {"y": "314", "x": "34"}, {"y": "311", "x": "36"}, {"y": "307", "x": "37"}, {"y": "304", "x": "39"}, {"y": "301", "x": "40"}, {"y": "298", "x": "42"}, {"y": "295", "x": "43"}, {"y": "292", "x": "45"}, {"y": "289", "x": "46"}, {"y": "286", "x": "48"}, {"y": "283", "x": "49"}, {"y": "280", "x": "51"}, {"y": "277", "x": "52"}, {"y": "274", "x": "54"}, {"y": "271", "x": "55"}, {"y": "267", "x": "57"}, {"y": "264", "x": "58"}, {"y": "261", "x": "60"}, {"y": "258", "x": "61"}, {"y": "255", "x": "63"}, {"y": "252", "x": "64"}, {"y": "249", "x": "66"}, {"y": "246", "x": "68"}, {"y": "243", "x": "69"}, {"y": "240", "x": "71"}, {"y": "237", "x": "72"}, {"y": "234", "x": "74"}, {"y": "231", "x": "75"}, {"y": "228", "x": "77"}, {"y": "224", "x": "78"}, {"y": "221", "x": "80"}, {"y": "218", "x": "81"}, {"y": "215", "x": "83"}, {"y": "212", "x": "84"}, {"y": "209", "x": "86"}, {"y": "206", "x": "87"}, {"y": "203", "x": "89"}, {"y": "203", "x": "89"}, {"y": "200", "x": "90"}, {"y": "197", "x": "91"}, {"y": "193", "x": "92"}, {"y": "190", "x": "93"}, {"y": "187", "x": "94"}, {"y": "184", "x": "95"}, {"y": "181", "x": "97"}, {"y": "177", "x": "98"}, {"y": "174", "x": "99"}, {"y": "171", "x": "100"}, {"y": "168", "x": "101"}, {"y": "165", "x": "102"}, {"y": "161", "x": "103"}, {"y": "158", "x": "104"}, {"y": "155", "x": "105"}, {"y": "152", "x": "106"}, {"y": "149", "x": "107"}, {"y": "145", "x": "109"}, {"y": "142", "x": "110"}, {"y": "139", "x": "111"}, {"y": "136", "x": "112"}, {"y": "133", "x": "113"}, {"y": "129", "x": "114"}, {"y": "126", "x": "115"}, {"y": "123", "x": "116"}, {"y": "123", "x": "116"}, {"y": "120", "x": "117"}, {"y": "3", "x": "118"}, {"y": "3", "x": "118"}, {"y": "116", "x": "118"}, {"y": "6", "x": "119"}, {"y": "113", "x": "119"}, {"y": "10", "x": "120"}, {"y": "110", "x": "120"}, {"y": "13", "x": "121"}, {"y": "106", "x": "121"}, {"y": "17", "x": "121"}, {"y": "103", "x": "122"}, {"y": "20", "x": "122"}, {"y": "100", "x": "123"}, {"y": "24", "x": "123"}, {"y": "27", "x": "124"}, {"y": "96", "x": "124"}, {"y": "31", "x": "125"}, {"y": "93", "x": "125"}, {"y": "34", "x": "126"}, {"y": "38", "x": "126"}, {"y": "90", "x": "126"}, {"y": "41", "x": "126"}, {"y": "44", "x": "127"}, {"y": "47", "x": "127"}, {"y": "51", "x": "127"}, {"y": "86", "x": "127"}, {"y": "54", "x": "127"}, {"y": "57", "x": "128"}, {"y": "60", "x": "128"}, {"y": "64", "x": "128"}, {"y": "83", "x": "128"}, {"y": "67", "x": "128"}, {"y": "70", "x": "129"}, {"y": "73", "x": "129"}, {"y": "76", "x": "129"}, {"y": "80", "x": "129"}, {"y": "80", "x": "129"}], [{"y": "28", "x": "486"}, {"y": "28", "x": "486"}, {"y": "28", "x": "486"}, {"y": "31", "x": "486"}, {"y": "34", "x": "486"}, {"y": "38", "x": "486"}, {"y": "41", "x": "486"}, {"y": "44", "x": "486"}, {"y": "47", "x": "486"}, {"y": "50", "x": "486"}, {"y": "54", "x": "486"}, {"y": "57", "x": "486"}, {"y": "60", "x": "486"}, {"y": "63", "x": "486"}, {"y": "67", "x": "486"}, {"y": "70", "x": "486"}, {"y": "70", "x": "486"}, {"y": "70", "x": "486"}, {"y": "24", "x": "487"}, {"y": "73", "x": "487"}, {"y": "76", "x": "487"}, {"y": "80", "x": "488"}, {"y": "20", "x": "488"}, {"y": "83", "x": "488"}, {"y": "86", "x": "488"}, {"y": "89", "x": "489"}, {"y": "93", "x": "489"}, {"y": "16", "x": "489"}, {"y": "96", "x": "489"}, {"y": "99", "x": "490"}, {"y": "102", "x": "490"}, {"y": "13", "x": "490"}, {"y": "106", "x": "491"}, {"y": "109", "x": "491"}, {"y": "112", "x": "491"}, {"y": "9", "x": "491"}, {"y": "115", "x": "492"}, {"y": "118", "x": "492"}, {"y": "122", "x": "493"}, {"y": "122", "x": "493"}, {"y": "122", "x": "493"}, {"y": "5", "x": "493"}, {"y": "125", "x": "494"}, {"y": "1", "x": "494"}, {"y": "1", "x": "494"}, {"y": "128", "x": "495"}, {"y": "131", "x": "496"}, {"y": "135", "x": "497"}, {"y": "138", "x": "498"}, {"y": "141", "x": "499"}, {"y": "144", "x": "500"}, {"y": "148", "x": "501"}, {"y": "151", "x": "502"}, {"y": "154", "x": "503"}, {"y": "157", "x": "504"}, {"y": "161", "x": "505"}, {"y": "164", "x": "506"}, {"y": "167", "x": "507"}, {"y": "170", "x": "508"}, {"y": "174", "x": "509"}, {"y": "174", "x": "509"}, {"y": "174", "x": "509"}, {"y": "177", "x": "510"}, {"y": "180", "x": "512"}, {"y": "183", "x": "514"}, {"y": "186", "x": "515"}, {"y": "189", "x": "517"}, {"y": "193", "x": "518"}, {"y": "196", "x": "520"}, {"y": "199", "x": "522"}, {"y": "202", "x": "523"}, {"y": "205", "x": "525"}, {"y": "208", "x": "526"}, {"y": "212", "x": "528"}, {"y": "215", "x": "530"}, {"y": "218", "x": "531"}, {"y": "221", "x": "533"}, {"y": "224", "x": "534"}, {"y": "227", "x": "536"}, {"y": "231", "x": "538"}, {"y": "234", "x": "539"}, {"y": "237", "x": "541"}, {"y": "240", "x": "542"}, {"y": "243", "x": "544"}, {"y": "246", "x": "546"}, {"y": "250", "x": "547"}, {"y": "253", "x": "549"}, {"y": "256", "x": "550"}, {"y": "259", "x": "552"}, {"y": "262", "x": "554"}, {"y": "265", "x": "555"}, {"y": "269", "x": "557"}, {"y": "272", "x": "558"}, {"y": "275", "x": "560"}, {"y": "278", "x": "562"}, {"y": "278", "x": "562"}, {"y": "278", "x": "562"}, {"y": "281", "x": "563"}, {"y": "284", "x": "565"}, {"y": "288", "x": "567"}, {"y": "291", "x": "569"}, {"y": "294", "x": "571"}, {"y": "297", "x": "572"}, {"y": "300", "x": "574"}, {"y": "304", "x": "576"}, {"y": "307", "x": "578"}, {"y": "310", "x": "580"}, {"y": "313", "x": "581"}, {"y": "316", "x": "583"}, {"y": "320", "x": "585"}, {"y": "323", "x": "587"}, {"y": "326", "x": "588"}, {"y": "329", "x": "590"}, {"y": "332", "x": "592"}, {"y": "336", "x": "594"}, {"y": "339", "x": "596"}, {"y": "342", "x": "597"}, {"y": "345", "x": "599"}, {"y": "348", "x": "601"}, {"y": "352", "x": "603"}, {"y": "355", "x": "605"}, {"y": "358", "x": "606"}, {"y": "358", "x": "606"}]]}