{"Lines": [[{"y": "94", "x": "3"}, {"y": "94", "x": "3"}, {"y": "91", "x": "6"}, {"y": "88", "x": "9"}, {"y": "85", "x": "12"}, {"y": "81", "x": "15"}, {"y": "78", "x": "17"}, {"y": "75", "x": "20"}, {"y": "72", "x": "23"}, {"y": "68", "x": "26"}, {"y": "65", "x": "29"}, {"y": "62", "x": "32"}, {"y": "58", "x": "35"}, {"y": "55", "x": "38"}, {"y": "52", "x": "41"}, {"y": "49", "x": "44"}, {"y": "49", "x": "44"}, {"y": "49", "x": "44"}, {"y": "45", "x": "47"}, {"y": "42", "x": "50"}, {"y": "39", "x": "53"}, {"y": "36", "x": "56"}, {"y": "32", "x": "59"}, {"y": "29", "x": "63"}, {"y": "26", "x": "66"}, {"y": "22", "x": "69"}, {"y": "19", "x": "72"}, {"y": "16", "x": "75"}, {"y": "13", "x": "78"}, {"y": "9", "x": "81"}, {"y": "6", "x": "84"}, {"y": "3", "x": "87"}, {"y": "0", "x": "90"}, {"y": "0", "x": "91"}]]}