{"Lines": [[{"y": "346", "x": "1"}, {"y": "346", "x": "1"}, {"y": "343", "x": "2"}, {"y": "340", "x": "3"}, {"y": "337", "x": "4"}, {"y": "334", "x": "5"}, {"y": "331", "x": "6"}, {"y": "328", "x": "7"}, {"y": "325", "x": "8"}, {"y": "321", "x": "9"}, {"y": "318", "x": "10"}, {"y": "315", "x": "11"}, {"y": "312", "x": "12"}, {"y": "309", "x": "13"}, {"y": "306", "x": "14"}, {"y": "303", "x": "15"}, {"y": "300", "x": "16"}, {"y": "297", "x": "18"}, {"y": "294", "x": "19"}, {"y": "291", "x": "20"}, {"y": "287", "x": "21"}, {"y": "284", "x": "22"}, {"y": "281", "x": "23"}, {"y": "278", "x": "24"}, {"y": "275", "x": "25"}, {"y": "272", "x": "26"}, {"y": "269", "x": "27"}, {"y": "266", "x": "28"}, {"y": "263", "x": "29"}, {"y": "260", "x": "30"}, {"y": "257", "x": "31"}, {"y": "253", "x": "32"}, {"y": "250", "x": "33"}, {"y": "247", "x": "34"}, {"y": "244", "x": "35"}, {"y": "241", "x": "36"}, {"y": "238", "x": "37"}, {"y": "235", "x": "39"}, {"y": "232", "x": "40"}, {"y": "229", "x": "41"}, {"y": "226", "x": "42"}, {"y": "223", "x": "43"}, {"y": "219", "x": "44"}, {"y": "216", "x": "45"}, {"y": "213", "x": "46"}, {"y": "210", "x": "47"}, {"y": "207", "x": "48"}, {"y": "204", "x": "49"}, {"y": "201", "x": "50"}, {"y": "198", "x": "51"}, {"y": "195", "x": "52"}, {"y": "192", "x": "53"}, {"y": "189", "x": "54"}, {"y": "185", "x": "55"}, {"y": "182", "x": "56"}, {"y": "179", "x": "57"}, {"y": "179", "x": "57"}, {"y": "179", "x": "57"}, {"y": "176", "x": "58"}, {"y": "173", "x": "59"}, {"y": "170", "x": "59"}, {"y": "166", "x": "60"}, {"y": "163", "x": "61"}, {"y": "160", "x": "61"}, {"y": "157", "x": "62"}, {"y": "154", "x": "62"}, {"y": "150", "x": "63"}, {"y": "3", "x": "64"}, {"y": "3", "x": "64"}, {"y": "147", "x": "64"}, {"y": "144", "x": "64"}, {"y": "6", "x": "65"}, {"y": "141", "x": "65"}, {"y": "137", "x": "66"}, {"y": "10", "x": "66"}, {"y": "134", "x": "66"}, {"y": "13", "x": "67"}, {"y": "131", "x": "67"}, {"y": "128", "x": "67"}, {"y": "17", "x": "67"}, {"y": "125", "x": "68"}, {"y": "20", "x": "68"}, {"y": "121", "x": "69"}, {"y": "118", "x": "69"}, {"y": "24", "x": "69"}, {"y": "115", "x": "70"}, {"y": "27", "x": "70"}, {"y": "112", "x": "70"}, {"y": "108", "x": "71"}, {"y": "30", "x": "71"}, {"y": "105", "x": "72"}, {"y": "102", "x": "72"}, {"y": "34", "x": "72"}, {"y": "99", "x": "73"}, {"y": "37", "x": "73"}, {"y": "37", "x": "73"}, {"y": "40", "x": "73"}, {"y": "44", "x": "73"}, {"y": "47", "x": "74"}, {"y": "50", "x": "74"}, {"y": "96", "x": "74"}, {"y": "53", "x": "74"}, {"y": "57", "x": "74"}, {"y": "60", "x": "74"}, {"y": "63", "x": "74"}, {"y": "66", "x": "74"}, {"y": "70", "x": "74"}, {"y": "73", "x": "74"}, {"y": "76", "x": "74"}, {"y": "79", "x": "74"}, {"y": "83", "x": "74"}, {"y": "86", "x": "74"}, {"y": "89", "x": "74"}, {"y": "92", "x": "74"}, {"y": "92", "x": "74"}, {"y": "92", "x": "74"}], [{"y": "1", "x": "326"}, {"y": "1", "x": "326"}, {"y": "4", "x": "329"}, {"y": "7", "x": "332"}, {"y": "10", "x": "335"}, {"y": "13", "x": "338"}, {"y": "17", "x": "341"}, {"y": "20", "x": "344"}, {"y": "23", "x": "347"}, {"y": "26", "x": "350"}, {"y": "29", "x": "353"}, {"y": "32", "x": "356"}, {"y": "35", "x": "359"}, {"y": "39", "x": "363"}, {"y": "42", "x": "366"}, {"y": "45", "x": "369"}, {"y": "48", "x": "372"}, {"y": "51", "x": "375"}, {"y": "54", "x": "378"}, {"y": "57", "x": "381"}, {"y": "61", "x": "384"}, {"y": "64", "x": "387"}, {"y": "67", "x": "390"}, {"y": "70", "x": "393"}, {"y": "73", "x": "396"}, {"y": "76", "x": "399"}, {"y": "79", "x": "403"}, {"y": "83", "x": "406"}, {"y": "83", "x": "406"}, {"y": "83", "x": "406"}, {"y": "86", "x": "408"}, {"y": "89", "x": "410"}, {"y": "92", "x": "413"}, {"y": "95", "x": "415"}, {"y": "98", "x": "417"}, {"y": "101", "x": "420"}, {"y": "104", "x": "422"}, {"y": "107", "x": "425"}, {"y": "110", "x": "427"}, {"y": "114", "x": "429"}, {"y": "117", "x": "432"}, {"y": "120", "x": "434"}, {"y": "123", "x": "436"}, {"y": "126", "x": "439"}, {"y": "129", "x": "441"}, {"y": "132", "x": "443"}, {"y": "135", "x": "446"}, {"y": "138", "x": "448"}, {"y": "141", "x": "451"}, {"y": "144", "x": "453"}, {"y": "148", "x": "455"}, {"y": "151", "x": "458"}, {"y": "154", "x": "460"}, {"y": "157", "x": "462"}, {"y": "160", "x": "465"}, {"y": "163", "x": "467"}, {"y": "166", "x": "469"}, {"y": "169", "x": "472"}, {"y": "172", "x": "474"}, {"y": "175", "x": "477"}, {"y": "179", "x": "479"}, {"y": "182", "x": "481"}, {"y": "185", "x": "484"}, {"y": "188", "x": "486"}, {"y": "188", "x": "486"}, {"y": "191", "x": "488"}, {"y": "194", "x": "490"}, {"y": "197", "x": "492"}, {"y": "200", "x": "494"}, {"y": "203", "x": "496"}, {"y": "206", "x": "498"}, {"y": "210", "x": "500"}, {"y": "213", "x": "502"}, {"y": "216", "x": "504"}, {"y": "219", "x": "506"}, {"y": "222", "x": "508"}, {"y": "225", "x": "509"}, {"y": "228", "x": "511"}, {"y": "231", "x": "513"}, {"y": "234", "x": "515"}, {"y": "237", "x": "517"}, {"y": "241", "x": "519"}, {"y": "244", "x": "521"}, {"y": "247", "x": "523"}, {"y": "250", "x": "525"}, {"y": "253", "x": "527"}, {"y": "256", "x": "529"}, {"y": "259", "x": "531"}, {"y": "262", "x": "533"}, {"y": "265", "x": "535"}, {"y": "269", "x": "537"}, {"y": "272", "x": "539"}, {"y": "275", "x": "541"}, {"y": "278", "x": "543"}, {"y": "281", "x": "545"}, {"y": "284", "x": "547"}, {"y": "287", "x": "549"}, {"y": "290", "x": "551"}, {"y": "293", "x": "552"}, {"y": "296", "x": "554"}, {"y": "300", "x": "556"}, {"y": "303", "x": "558"}, {"y": "306", "x": "560"}, {"y": "309", "x": "562"}, {"y": "312", "x": "564"}, {"y": "315", "x": "566"}, {"y": "318", "x": "568"}, {"y": "321", "x": "570"}, {"y": "324", "x": "572"}, {"y": "327", "x": "574"}, {"y": "331", "x": "576"}, {"y": "334", "x": "578"}, {"y": "337", "x": "580"}, {"y": "340", "x": "582"}, {"y": "343", "x": "584"}, {"y": "346", "x": "586"}, {"y": "349", "x": "588"}, {"y": "352", "x": "590"}, {"y": "355", "x": "592"}, {"y": "359", "x": "594"}, {"y": "359", "x": "594"}]]}