{"Lines": [[{"y": "292", "x": "1"}, {"y": "292", "x": "1"}, {"y": "289", "x": "2"}, {"y": "286", "x": "4"}, {"y": "283", "x": "5"}, {"y": "280", "x": "7"}, {"y": "277", "x": "9"}, {"y": "274", "x": "10"}, {"y": "271", "x": "12"}, {"y": "268", "x": "13"}, {"y": "264", "x": "15"}, {"y": "261", "x": "16"}, {"y": "258", "x": "18"}, {"y": "255", "x": "19"}, {"y": "252", "x": "21"}, {"y": "249", "x": "23"}, {"y": "246", "x": "24"}, {"y": "243", "x": "26"}, {"y": "240", "x": "27"}, {"y": "237", "x": "29"}, {"y": "233", "x": "30"}, {"y": "230", "x": "32"}, {"y": "227", "x": "33"}, {"y": "224", "x": "35"}, {"y": "221", "x": "37"}, {"y": "218", "x": "38"}, {"y": "215", "x": "40"}, {"y": "212", "x": "41"}, {"y": "209", "x": "43"}, {"y": "206", "x": "44"}, {"y": "202", "x": "46"}, {"y": "199", "x": "47"}, {"y": "196", "x": "49"}, {"y": "193", "x": "51"}, {"y": "190", "x": "52"}, {"y": "187", "x": "54"}, {"y": "184", "x": "55"}, {"y": "181", "x": "57"}, {"y": "178", "x": "58"}, {"y": "175", "x": "60"}, {"y": "172", "x": "62"}, {"y": "168", "x": "63"}, {"y": "165", "x": "65"}, {"y": "162", "x": "66"}, {"y": "159", "x": "68"}, {"y": "156", "x": "69"}, {"y": "156", "x": "69"}, {"y": "156", "x": "69"}, {"y": "153", "x": "71"}, {"y": "150", "x": "72"}, {"y": "147", "x": "74"}, {"y": "144", "x": "76"}, {"y": "141", "x": "77"}, {"y": "137", "x": "79"}, {"y": "134", "x": "80"}, {"y": "131", "x": "82"}, {"y": "128", "x": "84"}, {"y": "125", "x": "85"}, {"y": "122", "x": "87"}, {"y": "119", "x": "88"}, {"y": "116", "x": "90"}, {"y": "113", "x": "91"}, {"y": "110", "x": "93"}, {"y": "107", "x": "95"}, {"y": "104", "x": "96"}, {"y": "100", "x": "98"}, {"y": "97", "x": "99"}, {"y": "94", "x": "101"}, {"y": "91", "x": "103"}, {"y": "88", "x": "104"}, {"y": "85", "x": "106"}, {"y": "82", "x": "107"}, {"y": "79", "x": "109"}, {"y": "76", "x": "110"}, {"y": "73", "x": "112"}, {"y": "70", "x": "114"}, {"y": "67", "x": "115"}, {"y": "63", "x": "117"}, {"y": "60", "x": "118"}, {"y": "57", "x": "120"}, {"y": "54", "x": "122"}, {"y": "51", "x": "123"}, {"y": "48", "x": "125"}, {"y": "45", "x": "126"}, {"y": "42", "x": "128"}, {"y": "39", "x": "129"}, {"y": "36", "x": "131"}, {"y": "33", "x": "133"}, {"y": "29", "x": "134"}, {"y": "26", "x": "136"}, {"y": "23", "x": "137"}, {"y": "20", "x": "139"}, {"y": "17", "x": "141"}, {"y": "14", "x": "142"}, {"y": "11", "x": "144"}, {"y": "8", "x": "145"}, {"y": "5", "x": "147"}, {"y": "2", "x": "148"}, {"y": "2", "x": "148"}], [{"y": "1", "x": "384"}, {"y": "4", "x": "385"}, {"y": "7", "x": "387"}, {"y": "10", "x": "388"}, {"y": "13", "x": "390"}, {"y": "16", "x": "391"}, {"y": "19", "x": "393"}, {"y": "22", "x": "394"}, {"y": "25", "x": "395"}, {"y": "28", "x": "397"}, {"y": "31", "x": "398"}, {"y": "34", "x": "400"}, {"y": "37", "x": "401"}, {"y": "40", "x": "403"}, {"y": "43", "x": "404"}, {"y": "46", "x": "405"}, {"y": "49", "x": "407"}, {"y": "52", "x": "408"}, {"y": "55", "x": "410"}, {"y": "58", "x": "411"}, {"y": "61", "x": "413"}, {"y": "64", "x": "414"}, {"y": "67", "x": "415"}, {"y": "71", "x": "417"}, {"y": "74", "x": "418"}, {"y": "77", "x": "420"}, {"y": "80", "x": "421"}, {"y": "83", "x": "423"}, {"y": "86", "x": "424"}, {"y": "89", "x": "425"}, {"y": "92", "x": "427"}, {"y": "95", "x": "428"}, {"y": "98", "x": "430"}, {"y": "101", "x": "431"}, {"y": "104", "x": "433"}, {"y": "107", "x": "434"}, {"y": "110", "x": "435"}, {"y": "113", "x": "437"}, {"y": "116", "x": "438"}, {"y": "119", "x": "440"}, {"y": "122", "x": "441"}, {"y": "125", "x": "443"}, {"y": "128", "x": "444"}, {"y": "131", "x": "445"}, {"y": "134", "x": "447"}, {"y": "137", "x": "448"}, {"y": "141", "x": "450"}, {"y": "144", "x": "451"}, {"y": "147", "x": "453"}, {"y": "150", "x": "454"}, {"y": "153", "x": "455"}, {"y": "156", "x": "457"}, {"y": "159", "x": "458"}, {"y": "162", "x": "460"}, {"y": "165", "x": "461"}, {"y": "168", "x": "463"}, {"y": "171", "x": "464"}, {"y": "174", "x": "465"}, {"y": "177", "x": "467"}, {"y": "180", "x": "468"}, {"y": "183", "x": "470"}, {"y": "186", "x": "471"}, {"y": "189", "x": "473"}, {"y": "192", "x": "474"}, {"y": "195", "x": "475"}, {"y": "198", "x": "477"}, {"y": "201", "x": "478"}, {"y": "204", "x": "480"}, {"y": "208", "x": "481"}, {"y": "211", "x": "483"}, {"y": "214", "x": "484"}, {"y": "217", "x": "485"}, {"y": "220", "x": "487"}, {"y": "220", "x": "487"}, {"y": "223", "x": "489"}, {"y": "226", "x": "490"}, {"y": "229", "x": "492"}, {"y": "232", "x": "494"}, {"y": "235", "x": "496"}, {"y": "238", "x": "498"}, {"y": "241", "x": "500"}, {"y": "244", "x": "501"}, {"y": "247", "x": "503"}, {"y": "251", "x": "505"}, {"y": "254", "x": "507"}, {"y": "257", "x": "509"}, {"y": "260", "x": "510"}, {"y": "263", "x": "512"}, {"y": "266", "x": "514"}, {"y": "269", "x": "516"}, {"y": "272", "x": "518"}, {"y": "275", "x": "520"}, {"y": "278", "x": "521"}, {"y": "281", "x": "523"}, {"y": "284", "x": "525"}, {"y": "288", "x": "527"}, {"y": "291", "x": "529"}, {"y": "294", "x": "530"}, {"y": "297", "x": "532"}, {"y": "300", "x": "534"}, {"y": "303", "x": "536"}, {"y": "306", "x": "538"}, {"y": "309", "x": "539"}, {"y": "312", "x": "541"}, {"y": "315", "x": "543"}, {"y": "318", "x": "545"}, {"y": "321", "x": "547"}, {"y": "325", "x": "549"}, {"y": "328", "x": "550"}, {"y": "331", "x": "552"}, {"y": "334", "x": "554"}, {"y": "337", "x": "556"}, {"y": "340", "x": "558"}, {"y": "343", "x": "559"}, {"y": "346", "x": "561"}, {"y": "349", "x": "563"}, {"y": "352", "x": "565"}, {"y": "355", "x": "567"}, {"y": "359", "x": "569"}]]}