{"Lines": [[{"y": "319", "x": "0"}, {"y": "319", "x": "0"}, {"y": "316", "x": "2"}, {"y": "313", "x": "4"}, {"y": "310", "x": "6"}, {"y": "307", "x": "8"}, {"y": "304", "x": "11"}, {"y": "301", "x": "13"}, {"y": "298", "x": "15"}, {"y": "294", "x": "17"}, {"y": "291", "x": "19"}, {"y": "288", "x": "21"}, {"y": "285", "x": "23"}, {"y": "282", "x": "26"}, {"y": "279", "x": "28"}, {"y": "276", "x": "30"}, {"y": "273", "x": "32"}, {"y": "270", "x": "34"}, {"y": "266", "x": "36"}, {"y": "263", "x": "38"}, {"y": "260", "x": "41"}, {"y": "257", "x": "43"}, {"y": "254", "x": "45"}, {"y": "251", "x": "47"}, {"y": "248", "x": "49"}, {"y": "245", "x": "51"}, {"y": "242", "x": "53"}, {"y": "239", "x": "56"}, {"y": "235", "x": "58"}, {"y": "232", "x": "60"}, {"y": "229", "x": "62"}, {"y": "226", "x": "64"}, {"y": "223", "x": "66"}, {"y": "220", "x": "68"}, {"y": "217", "x": "70"}, {"y": "214", "x": "73"}, {"y": "211", "x": "75"}, {"y": "207", "x": "77"}, {"y": "204", "x": "79"}, {"y": "201", "x": "81"}, {"y": "198", "x": "83"}, {"y": "195", "x": "85"}, {"y": "192", "x": "88"}, {"y": "189", "x": "90"}, {"y": "186", "x": "92"}, {"y": "183", "x": "94"}, {"y": "180", "x": "96"}, {"y": "176", "x": "98"}, {"y": "176", "x": "98"}, {"y": "176", "x": "98"}, {"y": "173", "x": "101"}, {"y": "170", "x": "104"}, {"y": "167", "x": "106"}, {"y": "164", "x": "109"}, {"y": "161", "x": "112"}, {"y": "158", "x": "115"}, {"y": "155", "x": "117"}, {"y": "152", "x": "120"}, {"y": "149", "x": "123"}, {"y": "145", "x": "125"}, {"y": "142", "x": "128"}, {"y": "139", "x": "131"}, {"y": "136", "x": "134"}, {"y": "133", "x": "136"}, {"y": "130", "x": "139"}, {"y": "127", "x": "142"}, {"y": "124", "x": "144"}, {"y": "121", "x": "147"}, {"y": "118", "x": "150"}, {"y": "115", "x": "153"}, {"y": "111", "x": "155"}, {"y": "108", "x": "158"}, {"y": "105", "x": "161"}, {"y": "102", "x": "163"}, {"y": "99", "x": "166"}, {"y": "96", "x": "169"}, {"y": "93", "x": "172"}, {"y": "90", "x": "174"}, {"y": "87", "x": "177"}, {"y": "84", "x": "180"}, {"y": "81", "x": "183"}, {"y": "77", "x": "185"}, {"y": "74", "x": "188"}, {"y": "71", "x": "191"}, {"y": "68", "x": "193"}, {"y": "65", "x": "196"}, {"y": "62", "x": "199"}, {"y": "59", "x": "202"}, {"y": "59", "x": "202"}, {"y": "59", "x": "202"}, {"y": "56", "x": "205"}, {"y": "52", "x": "209"}, {"y": "49", "x": "213"}, {"y": "46", "x": "217"}, {"y": "42", "x": "221"}, {"y": "39", "x": "225"}, {"y": "36", "x": "229"}, {"y": "32", "x": "233"}, {"y": "29", "x": "237"}, {"y": "26", "x": "240"}, {"y": "23", "x": "244"}, {"y": "19", "x": "248"}, {"y": "16", "x": "252"}, {"y": "13", "x": "256"}, {"y": "9", "x": "260"}, {"y": "6", "x": "264"}, {"y": "3", "x": "268"}, {"y": "0", "x": "271"}, {"y": "0", "x": "272"}], [{"y": "117", "x": "531"}, {"y": "117", "x": "531"}, {"y": "114", "x": "531"}, {"y": "111", "x": "531"}, {"y": "120", "x": "531"}, {"y": "108", "x": "531"}, {"y": "105", "x": "532"}, {"y": "123", "x": "532"}, {"y": "101", "x": "532"}, {"y": "98", "x": "532"}, {"y": "127", "x": "532"}, {"y": "95", "x": "532"}, {"y": "92", "x": "532"}, {"y": "130", "x": "532"}, {"y": "89", "x": "532"}, {"y": "86", "x": "533"}, {"y": "82", "x": "533"}, {"y": "133", "x": "533"}, {"y": "79", "x": "533"}, {"y": "76", "x": "533"}, {"y": "136", "x": "533"}, {"y": "73", "x": "533"}, {"y": "70", "x": "534"}, {"y": "139", "x": "534"}, {"y": "67", "x": "534"}, {"y": "64", "x": "534"}, {"y": "142", "x": "534"}, {"y": "60", "x": "534"}, {"y": "57", "x": "534"}, {"y": "57", "x": "534"}, {"y": "57", "x": "534"}, {"y": "145", "x": "534"}, {"y": "148", "x": "535"}, {"y": "54", "x": "535"}, {"y": "151", "x": "535"}, {"y": "155", "x": "536"}, {"y": "51", "x": "536"}, {"y": "158", "x": "536"}, {"y": "161", "x": "536"}, {"y": "48", "x": "536"}, {"y": "164", "x": "537"}, {"y": "167", "x": "537"}, {"y": "45", "x": "537"}, {"y": "170", "x": "537"}, {"y": "173", "x": "538"}, {"y": "41", "x": "538"}, {"y": "176", "x": "538"}, {"y": "38", "x": "539"}, {"y": "179", "x": "539"}, {"y": "182", "x": "539"}, {"y": "35", "x": "539"}, {"y": "186", "x": "539"}, {"y": "189", "x": "540"}, {"y": "32", "x": "540"}, {"y": "192", "x": "540"}, {"y": "195", "x": "540"}, {"y": "29", "x": "541"}, {"y": "198", "x": "541"}, {"y": "201", "x": "541"}, {"y": "25", "x": "541"}, {"y": "204", "x": "542"}, {"y": "207", "x": "542"}, {"y": "22", "x": "542"}, {"y": "210", "x": "542"}, {"y": "214", "x": "543"}, {"y": "214", "x": "543"}, {"y": "214", "x": "543"}, {"y": "19", "x": "543"}, {"y": "217", "x": "544"}, {"y": "16", "x": "544"}, {"y": "13", "x": "544"}, {"y": "220", "x": "544"}, {"y": "10", "x": "545"}, {"y": "223", "x": "545"}, {"y": "6", "x": "546"}, {"y": "226", "x": "546"}, {"y": "3", "x": "547"}, {"y": "229", "x": "547"}, {"y": "0", "x": "547"}, {"y": "0", "x": "547"}, {"y": "232", "x": "548"}, {"y": "235", "x": "549"}, {"y": "238", "x": "549"}, {"y": "241", "x": "550"}, {"y": "244", "x": "551"}, {"y": "247", "x": "552"}, {"y": "251", "x": "553"}, {"y": "254", "x": "553"}, {"y": "257", "x": "554"}, {"y": "260", "x": "555"}, {"y": "263", "x": "556"}, {"y": "266", "x": "557"}, {"y": "269", "x": "558"}, {"y": "272", "x": "558"}, {"y": "275", "x": "559"}, {"y": "278", "x": "560"}, {"y": "281", "x": "561"}, {"y": "284", "x": "562"}, {"y": "288", "x": "563"}, {"y": "291", "x": "563"}, {"y": "294", "x": "564"}, {"y": "297", "x": "565"}, {"y": "300", "x": "566"}, {"y": "303", "x": "567"}, {"y": "306", "x": "567"}, {"y": "309", "x": "568"}, {"y": "312", "x": "569"}, {"y": "315", "x": "570"}, {"y": "318", "x": "571"}, {"y": "321", "x": "572"}, {"y": "325", "x": "572"}, {"y": "328", "x": "573"}, {"y": "331", "x": "574"}, {"y": "334", "x": "575"}, {"y": "337", "x": "576"}, {"y": "340", "x": "577"}, {"y": "343", "x": "577"}, {"y": "346", "x": "578"}, {"y": "349", "x": "579"}, {"y": "352", "x": "580"}, {"y": "355", "x": "581"}, {"y": "359", "x": "581"}, {"y": "359", "x": "582"}]]}