{"Lines": [[{"y": "1", "x": "389"}, {"y": "1", "x": "389"}, {"y": "4", "x": "391"}, {"y": "8", "x": "392"}, {"y": "11", "x": "394"}, {"y": "14", "x": "395"}, {"y": "17", "x": "397"}, {"y": "20", "x": "398"}, {"y": "23", "x": "400"}, {"y": "26", "x": "401"}, {"y": "29", "x": "403"}, {"y": "32", "x": "404"}, {"y": "35", "x": "406"}, {"y": "39", "x": "407"}, {"y": "42", "x": "409"}, {"y": "45", "x": "410"}, {"y": "48", "x": "412"}, {"y": "51", "x": "413"}, {"y": "54", "x": "415"}, {"y": "57", "x": "416"}, {"y": "60", "x": "418"}, {"y": "63", "x": "419"}, {"y": "66", "x": "421"}, {"y": "70", "x": "422"}, {"y": "73", "x": "424"}, {"y": "76", "x": "425"}, {"y": "79", "x": "427"}, {"y": "82", "x": "428"}, {"y": "85", "x": "430"}, {"y": "88", "x": "431"}, {"y": "91", "x": "433"}, {"y": "94", "x": "434"}, {"y": "98", "x": "436"}, {"y": "101", "x": "437"}, {"y": "104", "x": "439"}, {"y": "107", "x": "440"}, {"y": "110", "x": "442"}, {"y": "113", "x": "443"}, {"y": "116", "x": "445"}, {"y": "119", "x": "446"}, {"y": "122", "x": "448"}, {"y": "125", "x": "449"}, {"y": "129", "x": "451"}, {"y": "132", "x": "452"}, {"y": "135", "x": "454"}, {"y": "135", "x": "454"}, {"y": "135", "x": "454"}, {"y": "138", "x": "455"}, {"y": "141", "x": "457"}, {"y": "144", "x": "458"}, {"y": "147", "x": "460"}, {"y": "150", "x": "462"}, {"y": "153", "x": "463"}, {"y": "156", "x": "465"}, {"y": "159", "x": "466"}, {"y": "162", "x": "468"}, {"y": "165", "x": "469"}, {"y": "168", "x": "471"}, {"y": "172", "x": "472"}, {"y": "175", "x": "474"}, {"y": "178", "x": "476"}, {"y": "181", "x": "477"}, {"y": "184", "x": "479"}, {"y": "187", "x": "480"}, {"y": "190", "x": "482"}, {"y": "193", "x": "483"}, {"y": "196", "x": "485"}, {"y": "199", "x": "486"}, {"y": "202", "x": "488"}, {"y": "205", "x": "490"}, {"y": "208", "x": "491"}, {"y": "211", "x": "493"}, {"y": "214", "x": "494"}, {"y": "218", "x": "496"}, {"y": "221", "x": "497"}, {"y": "224", "x": "499"}, {"y": "227", "x": "501"}, {"y": "230", "x": "502"}, {"y": "233", "x": "504"}, {"y": "236", "x": "505"}, {"y": "239", "x": "507"}, {"y": "242", "x": "508"}, {"y": "245", "x": "510"}, {"y": "248", "x": "511"}, {"y": "251", "x": "513"}, {"y": "254", "x": "515"}, {"y": "257", "x": "516"}, {"y": "260", "x": "518"}, {"y": "263", "x": "519"}, {"y": "267", "x": "521"}, {"y": "270", "x": "522"}, {"y": "273", "x": "524"}, {"y": "276", "x": "525"}, {"y": "279", "x": "527"}, {"y": "282", "x": "529"}, {"y": "285", "x": "530"}, {"y": "288", "x": "532"}, {"y": "291", "x": "533"}, {"y": "294", "x": "535"}, {"y": "297", "x": "536"}, {"y": "300", "x": "538"}, {"y": "303", "x": "539"}, {"y": "306", "x": "541"}, {"y": "309", "x": "543"}, {"y": "313", "x": "544"}, {"y": "316", "x": "546"}, {"y": "319", "x": "547"}, {"y": "322", "x": "549"}, {"y": "325", "x": "550"}, {"y": "328", "x": "552"}, {"y": "331", "x": "553"}, {"y": "334", "x": "555"}, {"y": "337", "x": "557"}, {"y": "340", "x": "558"}, {"y": "343", "x": "560"}, {"y": "346", "x": "561"}, {"y": "349", "x": "563"}, {"y": "352", "x": "564"}, {"y": "355", "x": "566"}, {"y": "359", "x": "567"}, {"y": "359", "x": "568"}], [{"y": "294", "x": "0"}, {"y": "294", "x": "0"}, {"y": "291", "x": "1"}, {"y": "288", "x": "3"}, {"y": "285", "x": "5"}, {"y": "282", "x": "6"}, {"y": "278", "x": "8"}, {"y": "275", "x": "9"}, {"y": "272", "x": "11"}, {"y": "269", "x": "12"}, {"y": "266", "x": "14"}, {"y": "263", "x": "16"}, {"y": "260", "x": "17"}, {"y": "257", "x": "19"}, {"y": "254", "x": "20"}, {"y": "251", "x": "22"}, {"y": "247", "x": "23"}, {"y": "244", "x": "25"}, {"y": "241", "x": "26"}, {"y": "238", "x": "28"}, {"y": "235", "x": "30"}, {"y": "232", "x": "31"}, {"y": "229", "x": "33"}, {"y": "226", "x": "34"}, {"y": "223", "x": "36"}, {"y": "220", "x": "37"}, {"y": "216", "x": "39"}, {"y": "213", "x": "41"}, {"y": "210", "x": "42"}, {"y": "207", "x": "44"}, {"y": "204", "x": "45"}, {"y": "201", "x": "47"}, {"y": "198", "x": "48"}, {"y": "195", "x": "50"}, {"y": "192", "x": "51"}, {"y": "189", "x": "53"}, {"y": "185", "x": "55"}, {"y": "185", "x": "55"}, {"y": "182", "x": "56"}, {"y": "179", "x": "58"}, {"y": "176", "x": "60"}, {"y": "173", "x": "61"}, {"y": "170", "x": "63"}, {"y": "167", "x": "65"}, {"y": "164", "x": "66"}, {"y": "161", "x": "68"}, {"y": "158", "x": "70"}, {"y": "155", "x": "71"}, {"y": "152", "x": "73"}, {"y": "149", "x": "75"}, {"y": "145", "x": "77"}, {"y": "142", "x": "78"}, {"y": "139", "x": "80"}, {"y": "136", "x": "82"}, {"y": "133", "x": "83"}, {"y": "130", "x": "85"}, {"y": "127", "x": "87"}, {"y": "124", "x": "88"}, {"y": "121", "x": "90"}, {"y": "118", "x": "92"}, {"y": "115", "x": "93"}, {"y": "112", "x": "95"}, {"y": "109", "x": "97"}, {"y": "105", "x": "98"}, {"y": "102", "x": "100"}, {"y": "99", "x": "102"}, {"y": "96", "x": "104"}, {"y": "93", "x": "105"}, {"y": "90", "x": "107"}, {"y": "87", "x": "109"}, {"y": "84", "x": "110"}, {"y": "81", "x": "112"}, {"y": "78", "x": "114"}, {"y": "75", "x": "115"}, {"y": "72", "x": "117"}, {"y": "69", "x": "119"}, {"y": "65", "x": "120"}, {"y": "62", "x": "122"}, {"y": "59", "x": "124"}, {"y": "56", "x": "125"}, {"y": "53", "x": "127"}, {"y": "50", "x": "129"}, {"y": "47", "x": "131"}, {"y": "44", "x": "132"}, {"y": "41", "x": "134"}, {"y": "38", "x": "136"}, {"y": "35", "x": "137"}, {"y": "32", "x": "139"}, {"y": "29", "x": "141"}, {"y": "26", "x": "142"}, {"y": "22", "x": "144"}, {"y": "19", "x": "146"}, {"y": "16", "x": "147"}, {"y": "13", "x": "149"}, {"y": "10", "x": "151"}, {"y": "7", "x": "152"}, {"y": "4", "x": "154"}, {"y": "1", "x": "156"}]]}