{"Lines": [[{"y": "359", "x": "2"}, {"y": "359", "x": "2"}, {"y": "355", "x": "3"}, {"y": "352", "x": "4"}, {"y": "349", "x": "6"}, {"y": "346", "x": "7"}, {"y": "343", "x": "9"}, {"y": "340", "x": "10"}, {"y": "337", "x": "11"}, {"y": "334", "x": "13"}, {"y": "331", "x": "14"}, {"y": "328", "x": "16"}, {"y": "324", "x": "17"}, {"y": "321", "x": "19"}, {"y": "318", "x": "20"}, {"y": "315", "x": "21"}, {"y": "312", "x": "23"}, {"y": "309", "x": "24"}, {"y": "306", "x": "26"}, {"y": "303", "x": "27"}, {"y": "300", "x": "29"}, {"y": "297", "x": "30"}, {"y": "293", "x": "31"}, {"y": "290", "x": "33"}, {"y": "287", "x": "34"}, {"y": "284", "x": "36"}, {"y": "281", "x": "37"}, {"y": "278", "x": "39"}, {"y": "275", "x": "40"}, {"y": "272", "x": "41"}, {"y": "269", "x": "43"}, {"y": "266", "x": "44"}, {"y": "262", "x": "46"}, {"y": "259", "x": "47"}, {"y": "256", "x": "49"}, {"y": "253", "x": "50"}, {"y": "250", "x": "51"}, {"y": "247", "x": "53"}, {"y": "244", "x": "54"}, {"y": "241", "x": "56"}, {"y": "238", "x": "57"}, {"y": "235", "x": "59"}, {"y": "231", "x": "60"}, {"y": "228", "x": "61"}, {"y": "225", "x": "63"}, {"y": "222", "x": "64"}, {"y": "219", "x": "66"}, {"y": "216", "x": "67"}, {"y": "213", "x": "68"}, {"y": "210", "x": "70"}, {"y": "207", "x": "71"}, {"y": "207", "x": "71"}, {"y": "207", "x": "71"}, {"y": "204", "x": "73"}, {"y": "200", "x": "74"}, {"y": "197", "x": "76"}, {"y": "194", "x": "78"}, {"y": "191", "x": "79"}, {"y": "188", "x": "81"}, {"y": "185", "x": "82"}, {"y": "182", "x": "84"}, {"y": "179", "x": "85"}, {"y": "176", "x": "87"}, {"y": "173", "x": "88"}, {"y": "170", "x": "90"}, {"y": "167", "x": "91"}, {"y": "164", "x": "93"}, {"y": "161", "x": "94"}, {"y": "158", "x": "96"}, {"y": "155", "x": "98"}, {"y": "151", "x": "99"}, {"y": "148", "x": "101"}, {"y": "145", "x": "102"}, {"y": "142", "x": "104"}, {"y": "139", "x": "105"}, {"y": "136", "x": "107"}, {"y": "133", "x": "108"}, {"y": "130", "x": "110"}, {"y": "127", "x": "111"}, {"y": "124", "x": "113"}, {"y": "121", "x": "114"}, {"y": "118", "x": "116"}, {"y": "115", "x": "118"}, {"y": "112", "x": "119"}, {"y": "109", "x": "121"}, {"y": "106", "x": "122"}, {"y": "102", "x": "124"}, {"y": "99", "x": "125"}, {"y": "96", "x": "127"}, {"y": "93", "x": "128"}, {"y": "90", "x": "130"}, {"y": "87", "x": "131"}, {"y": "84", "x": "133"}, {"y": "81", "x": "135"}, {"y": "78", "x": "136"}, {"y": "75", "x": "138"}, {"y": "72", "x": "139"}, {"y": "69", "x": "141"}, {"y": "66", "x": "142"}, {"y": "63", "x": "144"}, {"y": "60", "x": "145"}, {"y": "56", "x": "147"}, {"y": "53", "x": "148"}, {"y": "50", "x": "150"}, {"y": "47", "x": "151"}, {"y": "44", "x": "153"}, {"y": "41", "x": "155"}, {"y": "38", "x": "156"}, {"y": "35", "x": "158"}, {"y": "32", "x": "159"}, {"y": "29", "x": "161"}, {"y": "26", "x": "162"}, {"y": "23", "x": "164"}, {"y": "20", "x": "165"}, {"y": "17", "x": "167"}, {"y": "14", "x": "168"}, {"y": "11", "x": "170"}, {"y": "7", "x": "172"}, {"y": "4", "x": "173"}, {"y": "1", "x": "175"}], [{"y": "1", "x": "426"}, {"y": "1", "x": "426"}, {"y": "4", "x": "428"}, {"y": "7", "x": "430"}, {"y": "10", "x": "431"}, {"y": "13", "x": "433"}, {"y": "16", "x": "434"}, {"y": "20", "x": "436"}, {"y": "23", "x": "437"}, {"y": "26", "x": "439"}, {"y": "29", "x": "440"}, {"y": "32", "x": "442"}, {"y": "35", "x": "443"}, {"y": "38", "x": "445"}, {"y": "41", "x": "446"}, {"y": "44", "x": "448"}, {"y": "47", "x": "450"}, {"y": "51", "x": "451"}, {"y": "54", "x": "453"}, {"y": "57", "x": "454"}, {"y": "60", "x": "456"}, {"y": "63", "x": "457"}, {"y": "66", "x": "459"}, {"y": "69", "x": "460"}, {"y": "72", "x": "462"}, {"y": "75", "x": "463"}, {"y": "78", "x": "465"}, {"y": "82", "x": "466"}, {"y": "85", "x": "468"}, {"y": "88", "x": "470"}, {"y": "91", "x": "471"}, {"y": "94", "x": "473"}, {"y": "97", "x": "474"}, {"y": "100", "x": "476"}, {"y": "103", "x": "477"}, {"y": "106", "x": "479"}, {"y": "109", "x": "480"}, {"y": "113", "x": "482"}, {"y": "116", "x": "483"}, {"y": "119", "x": "485"}, {"y": "122", "x": "486"}, {"y": "125", "x": "488"}, {"y": "128", "x": "490"}, {"y": "131", "x": "491"}, {"y": "134", "x": "493"}, {"y": "137", "x": "494"}, {"y": "140", "x": "496"}, {"y": "144", "x": "497"}, {"y": "147", "x": "499"}, {"y": "150", "x": "500"}, {"y": "153", "x": "502"}, {"y": "156", "x": "503"}, {"y": "159", "x": "505"}, {"y": "162", "x": "506"}, {"y": "162", "x": "506"}, {"y": "162", "x": "506"}, {"y": "165", "x": "508"}, {"y": "168", "x": "510"}, {"y": "171", "x": "511"}, {"y": "174", "x": "513"}, {"y": "177", "x": "515"}, {"y": "181", "x": "516"}, {"y": "184", "x": "518"}, {"y": "187", "x": "520"}, {"y": "190", "x": "521"}, {"y": "193", "x": "523"}, {"y": "196", "x": "525"}, {"y": "199", "x": "526"}, {"y": "202", "x": "528"}, {"y": "205", "x": "530"}, {"y": "208", "x": "531"}, {"y": "211", "x": "533"}, {"y": "214", "x": "535"}, {"y": "217", "x": "536"}, {"y": "220", "x": "538"}, {"y": "223", "x": "540"}, {"y": "227", "x": "541"}, {"y": "230", "x": "543"}, {"y": "233", "x": "545"}, {"y": "236", "x": "546"}, {"y": "239", "x": "548"}, {"y": "242", "x": "550"}, {"y": "245", "x": "551"}, {"y": "248", "x": "553"}, {"y": "251", "x": "554"}, {"y": "254", "x": "556"}, {"y": "257", "x": "558"}, {"y": "260", "x": "559"}, {"y": "263", "x": "561"}, {"y": "266", "x": "563"}, {"y": "270", "x": "564"}, {"y": "273", "x": "566"}, {"y": "276", "x": "568"}, {"y": "279", "x": "569"}, {"y": "282", "x": "571"}, {"y": "285", "x": "573"}, {"y": "288", "x": "574"}, {"y": "291", "x": "576"}, {"y": "294", "x": "578"}, {"y": "297", "x": "579"}, {"y": "300", "x": "581"}, {"y": "303", "x": "583"}, {"y": "306", "x": "584"}, {"y": "309", "x": "586"}, {"y": "312", "x": "588"}, {"y": "316", "x": "589"}, {"y": "319", "x": "591"}, {"y": "322", "x": "593"}, {"y": "325", "x": "594"}, {"y": "328", "x": "596"}, {"y": "331", "x": "598"}, {"y": "334", "x": "599"}, {"y": "337", "x": "601"}, {"y": "340", "x": "603"}, {"y": "343", "x": "604"}, {"y": "346", "x": "606"}, {"y": "349", "x": "608"}, {"y": "352", "x": "609"}, {"y": "355", "x": "611"}, {"y": "359", "x": "612"}, {"y": "359", "x": "613"}]]}