{"Lines": [[{"y": "320", "x": "0"}, {"y": "320", "x": "0"}, {"y": "317", "x": "1"}, {"y": "314", "x": "2"}, {"y": "311", "x": "2"}, {"y": "308", "x": "3"}, {"y": "304", "x": "4"}, {"y": "301", "x": "5"}, {"y": "298", "x": "6"}, {"y": "295", "x": "7"}, {"y": "292", "x": "8"}, {"y": "289", "x": "8"}, {"y": "286", "x": "9"}, {"y": "282", "x": "10"}, {"y": "279", "x": "11"}, {"y": "276", "x": "12"}, {"y": "273", "x": "13"}, {"y": "270", "x": "13"}, {"y": "267", "x": "14"}, {"y": "264", "x": "15"}, {"y": "261", "x": "16"}, {"y": "257", "x": "17"}, {"y": "254", "x": "18"}, {"y": "251", "x": "19"}, {"y": "248", "x": "19"}, {"y": "245", "x": "20"}, {"y": "242", "x": "21"}, {"y": "239", "x": "22"}, {"y": "235", "x": "23"}, {"y": "232", "x": "24"}, {"y": "232", "x": "24"}, {"y": "232", "x": "24"}, {"y": "229", "x": "25"}, {"y": "226", "x": "26"}, {"y": "223", "x": "27"}, {"y": "220", "x": "28"}, {"y": "217", "x": "29"}, {"y": "214", "x": "30"}, {"y": "211", "x": "31"}, {"y": "208", "x": "32"}, {"y": "204", "x": "33"}, {"y": "201", "x": "34"}, {"y": "198", "x": "35"}, {"y": "195", "x": "36"}, {"y": "192", "x": "37"}, {"y": "189", "x": "38"}, {"y": "186", "x": "39"}, {"y": "183", "x": "40"}, {"y": "180", "x": "41"}, {"y": "177", "x": "42"}, {"y": "173", "x": "43"}, {"y": "170", "x": "44"}, {"y": "167", "x": "45"}, {"y": "164", "x": "46"}, {"y": "161", "x": "47"}, {"y": "158", "x": "48"}, {"y": "155", "x": "49"}, {"y": "152", "x": "50"}, {"y": "149", "x": "51"}, {"y": "145", "x": "52"}, {"y": "142", "x": "53"}, {"y": "139", "x": "54"}, {"y": "136", "x": "55"}, {"y": "133", "x": "56"}, {"y": "130", "x": "58"}, {"y": "127", "x": "59"}, {"y": "124", "x": "60"}, {"y": "121", "x": "61"}, {"y": "118", "x": "62"}, {"y": "114", "x": "63"}, {"y": "111", "x": "64"}, {"y": "108", "x": "65"}, {"y": "105", "x": "66"}, {"y": "102", "x": "67"}, {"y": "99", "x": "68"}, {"y": "96", "x": "69"}, {"y": "93", "x": "70"}, {"y": "90", "x": "71"}, {"y": "87", "x": "72"}, {"y": "83", "x": "73"}, {"y": "80", "x": "74"}, {"y": "77", "x": "75"}, {"y": "77", "x": "75"}, {"y": "74", "x": "76"}, {"y": "71", "x": "78"}, {"y": "68", "x": "79"}, {"y": "64", "x": "80"}, {"y": "61", "x": "82"}, {"y": "58", "x": "83"}, {"y": "55", "x": "84"}, {"y": "51", "x": "86"}, {"y": "48", "x": "87"}, {"y": "45", "x": "88"}, {"y": "42", "x": "90"}, {"y": "38", "x": "91"}, {"y": "35", "x": "92"}, {"y": "32", "x": "94"}, {"y": "29", "x": "95"}, {"y": "26", "x": "97"}, {"y": "22", "x": "98"}, {"y": "19", "x": "99"}, {"y": "16", "x": "101"}, {"y": "13", "x": "102"}, {"y": "9", "x": "103"}, {"y": "6", "x": "105"}, {"y": "3", "x": "106"}, {"y": "0", "x": "107"}, {"y": "0", "x": "107"}], [{"y": "1", "x": "337"}, {"y": "1", "x": "337"}, {"y": "4", "x": "339"}, {"y": "7", "x": "341"}, {"y": "10", "x": "343"}, {"y": "13", "x": "345"}, {"y": "16", "x": "347"}, {"y": "20", "x": "349"}, {"y": "23", "x": "351"}, {"y": "26", "x": "353"}, {"y": "29", "x": "354"}, {"y": "32", "x": "356"}, {"y": "35", "x": "358"}, {"y": "38", "x": "360"}, {"y": "41", "x": "362"}, {"y": "44", "x": "364"}, {"y": "47", "x": "366"}, {"y": "51", "x": "368"}, {"y": "54", "x": "370"}, {"y": "57", "x": "372"}, {"y": "60", "x": "374"}, {"y": "63", "x": "376"}, {"y": "66", "x": "378"}, {"y": "69", "x": "380"}, {"y": "72", "x": "382"}, {"y": "75", "x": "383"}, {"y": "78", "x": "385"}, {"y": "82", "x": "387"}, {"y": "85", "x": "389"}, {"y": "88", "x": "391"}, {"y": "91", "x": "393"}, {"y": "94", "x": "395"}, {"y": "97", "x": "397"}, {"y": "100", "x": "399"}, {"y": "103", "x": "401"}, {"y": "106", "x": "403"}, {"y": "109", "x": "405"}, {"y": "113", "x": "407"}, {"y": "116", "x": "409"}, {"y": "119", "x": "411"}, {"y": "122", "x": "412"}, {"y": "125", "x": "414"}, {"y": "128", "x": "416"}, {"y": "131", "x": "418"}, {"y": "131", "x": "418"}, {"y": "134", "x": "420"}, {"y": "137", "x": "423"}, {"y": "140", "x": "425"}, {"y": "144", "x": "427"}, {"y": "147", "x": "429"}, {"y": "150", "x": "431"}, {"y": "153", "x": "434"}, {"y": "156", "x": "436"}, {"y": "159", "x": "438"}, {"y": "162", "x": "440"}, {"y": "165", "x": "442"}, {"y": "168", "x": "445"}, {"y": "172", "x": "447"}, {"y": "175", "x": "449"}, {"y": "178", "x": "451"}, {"y": "181", "x": "453"}, {"y": "184", "x": "456"}, {"y": "187", "x": "458"}, {"y": "190", "x": "460"}, {"y": "193", "x": "462"}, {"y": "197", "x": "464"}, {"y": "200", "x": "466"}, {"y": "203", "x": "469"}, {"y": "206", "x": "471"}, {"y": "209", "x": "473"}, {"y": "212", "x": "475"}, {"y": "215", "x": "477"}, {"y": "218", "x": "480"}, {"y": "221", "x": "482"}, {"y": "225", "x": "484"}, {"y": "228", "x": "486"}, {"y": "231", "x": "488"}, {"y": "234", "x": "491"}, {"y": "237", "x": "493"}, {"y": "240", "x": "495"}, {"y": "243", "x": "497"}, {"y": "246", "x": "499"}, {"y": "249", "x": "502"}, {"y": "249", "x": "502"}, {"y": "249", "x": "502"}, {"y": "253", "x": "505"}, {"y": "256", "x": "508"}, {"y": "259", "x": "511"}, {"y": "262", "x": "514"}, {"y": "265", "x": "517"}, {"y": "268", "x": "520"}, {"y": "271", "x": "523"}, {"y": "275", "x": "526"}, {"y": "278", "x": "529"}, {"y": "281", "x": "532"}, {"y": "284", "x": "535"}, {"y": "287", "x": "538"}, {"y": "290", "x": "541"}, {"y": "294", "x": "544"}, {"y": "297", "x": "547"}, {"y": "300", "x": "550"}, {"y": "303", "x": "553"}, {"y": "306", "x": "556"}, {"y": "309", "x": "559"}, {"y": "312", "x": "562"}, {"y": "316", "x": "565"}, {"y": "319", "x": "568"}, {"y": "322", "x": "571"}, {"y": "325", "x": "574"}, {"y": "328", "x": "577"}, {"y": "331", "x": "580"}, {"y": "334", "x": "583"}, {"y": "338", "x": "586"}, {"y": "341", "x": "589"}, {"y": "344", "x": "592"}, {"y": "347", "x": "595"}, {"y": "350", "x": "598"}, {"y": "353", "x": "601"}, {"y": "356", "x": "604"}]]}