{"Lines": [[{"y": "243", "x": "0"}, {"y": "243", "x": "0"}, {"y": "239", "x": "2"}, {"y": "236", "x": "3"}, {"y": "233", "x": "4"}, {"y": "230", "x": "6"}, {"y": "227", "x": "7"}, {"y": "224", "x": "9"}, {"y": "221", "x": "10"}, {"y": "218", "x": "11"}, {"y": "215", "x": "13"}, {"y": "212", "x": "14"}, {"y": "209", "x": "16"}, {"y": "206", "x": "17"}, {"y": "203", "x": "18"}, {"y": "200", "x": "20"}, {"y": "197", "x": "21"}, {"y": "194", "x": "23"}, {"y": "190", "x": "24"}, {"y": "187", "x": "25"}, {"y": "184", "x": "27"}, {"y": "181", "x": "28"}, {"y": "178", "x": "29"}, {"y": "175", "x": "31"}, {"y": "172", "x": "32"}, {"y": "169", "x": "34"}, {"y": "166", "x": "35"}, {"y": "163", "x": "36"}, {"y": "160", "x": "38"}, {"y": "157", "x": "39"}, {"y": "154", "x": "41"}, {"y": "151", "x": "42"}, {"y": "148", "x": "43"}, {"y": "144", "x": "45"}, {"y": "141", "x": "46"}, {"y": "138", "x": "47"}, {"y": "135", "x": "49"}, {"y": "132", "x": "50"}, {"y": "129", "x": "52"}, {"y": "126", "x": "53"}, {"y": "123", "x": "54"}, {"y": "120", "x": "56"}, {"y": "117", "x": "57"}, {"y": "114", "x": "59"}, {"y": "111", "x": "60"}, {"y": "108", "x": "61"}, {"y": "105", "x": "63"}, {"y": "102", "x": "64"}, {"y": "98", "x": "66"}, {"y": "95", "x": "67"}, {"y": "92", "x": "68"}, {"y": "89", "x": "70"}, {"y": "86", "x": "71"}, {"y": "83", "x": "72"}, {"y": "80", "x": "74"}, {"y": "77", "x": "75"}, {"y": "74", "x": "77"}, {"y": "74", "x": "77"}, {"y": "74", "x": "77"}, {"y": "71", "x": "78"}, {"y": "67", "x": "80"}, {"y": "64", "x": "81"}, {"y": "61", "x": "83"}, {"y": "58", "x": "84"}, {"y": "55", "x": "85"}, {"y": "51", "x": "87"}, {"y": "48", "x": "88"}, {"y": "45", "x": "90"}, {"y": "42", "x": "91"}, {"y": "38", "x": "93"}, {"y": "35", "x": "94"}, {"y": "32", "x": "96"}, {"y": "29", "x": "97"}, {"y": "25", "x": "99"}, {"y": "22", "x": "100"}, {"y": "19", "x": "102"}, {"y": "16", "x": "103"}, {"y": "12", "x": "105"}, {"y": "9", "x": "106"}, {"y": "6", "x": "108"}, {"y": "3", "x": "109"}, {"y": "0", "x": "111"}, {"y": "0", "x": "111"}], [{"y": "39", "x": "375"}, {"y": "39", "x": "375"}, {"y": "42", "x": "377"}, {"y": "45", "x": "379"}, {"y": "49", "x": "380"}, {"y": "52", "x": "382"}, {"y": "55", "x": "383"}, {"y": "58", "x": "385"}, {"y": "61", "x": "386"}, {"y": "64", "x": "388"}, {"y": "67", "x": "389"}, {"y": "70", "x": "391"}, {"y": "73", "x": "393"}, {"y": "76", "x": "394"}, {"y": "79", "x": "396"}, {"y": "82", "x": "397"}, {"y": "85", "x": "399"}, {"y": "89", "x": "400"}, {"y": "92", "x": "402"}, {"y": "95", "x": "404"}, {"y": "98", "x": "405"}, {"y": "101", "x": "407"}, {"y": "104", "x": "408"}, {"y": "107", "x": "410"}, {"y": "110", "x": "411"}, {"y": "113", "x": "413"}, {"y": "116", "x": "414"}, {"y": "119", "x": "416"}, {"y": "122", "x": "418"}, {"y": "125", "x": "419"}, {"y": "129", "x": "421"}, {"y": "132", "x": "422"}, {"y": "135", "x": "424"}, {"y": "138", "x": "425"}, {"y": "141", "x": "427"}, {"y": "144", "x": "428"}, {"y": "147", "x": "430"}, {"y": "150", "x": "432"}, {"y": "153", "x": "433"}, {"y": "156", "x": "435"}, {"y": "159", "x": "436"}, {"y": "162", "x": "438"}, {"y": "166", "x": "439"}, {"y": "169", "x": "441"}, {"y": "172", "x": "443"}, {"y": "175", "x": "444"}, {"y": "178", "x": "446"}, {"y": "181", "x": "447"}, {"y": "184", "x": "449"}, {"y": "187", "x": "450"}, {"y": "190", "x": "452"}, {"y": "193", "x": "453"}, {"y": "196", "x": "455"}, {"y": "199", "x": "457"}, {"y": "202", "x": "458"}, {"y": "206", "x": "460"}, {"y": "209", "x": "461"}, {"y": "212", "x": "463"}, {"y": "215", "x": "464"}, {"y": "215", "x": "464"}, {"y": "215", "x": "464"}, {"y": "218", "x": "466"}, {"y": "221", "x": "469"}, {"y": "224", "x": "471"}, {"y": "227", "x": "473"}, {"y": "230", "x": "475"}, {"y": "234", "x": "477"}, {"y": "237", "x": "479"}, {"y": "240", "x": "481"}, {"y": "243", "x": "483"}, {"y": "246", "x": "485"}, {"y": "249", "x": "487"}, {"y": "252", "x": "489"}, {"y": "255", "x": "491"}, {"y": "259", "x": "493"}, {"y": "262", "x": "495"}, {"y": "265", "x": "497"}, {"y": "268", "x": "500"}, {"y": "271", "x": "502"}, {"y": "274", "x": "504"}, {"y": "277", "x": "506"}, {"y": "280", "x": "508"}, {"y": "284", "x": "510"}, {"y": "287", "x": "512"}, {"y": "290", "x": "514"}, {"y": "293", "x": "516"}, {"y": "296", "x": "518"}, {"y": "299", "x": "520"}, {"y": "302", "x": "522"}, {"y": "305", "x": "524"}, {"y": "309", "x": "526"}, {"y": "312", "x": "528"}, {"y": "315", "x": "531"}, {"y": "318", "x": "533"}, {"y": "321", "x": "535"}, {"y": "324", "x": "537"}, {"y": "327", "x": "539"}, {"y": "330", "x": "541"}, {"y": "334", "x": "543"}, {"y": "337", "x": "545"}, {"y": "340", "x": "547"}, {"y": "343", "x": "549"}, {"y": "346", "x": "551"}, {"y": "349", "x": "553"}, {"y": "352", "x": "555"}, {"y": "355", "x": "557"}, {"y": "359", "x": "560"}]]}