{"Lines": [[{"y": "321", "x": "0"}, {"y": "321", "x": "0"}, {"y": "318", "x": "4"}, {"y": "315", "x": "8"}, {"y": "312", "x": "12"}, {"y": "308", "x": "15"}, {"y": "305", "x": "19"}, {"y": "302", "x": "23"}, {"y": "299", "x": "27"}, {"y": "296", "x": "30"}, {"y": "292", "x": "34"}, {"y": "289", "x": "38"}, {"y": "286", "x": "42"}, {"y": "283", "x": "45"}, {"y": "279", "x": "49"}, {"y": "276", "x": "53"}, {"y": "273", "x": "57"}, {"y": "270", "x": "61"}, {"y": "267", "x": "64"}, {"y": "263", "x": "68"}, {"y": "260", "x": "72"}, {"y": "257", "x": "76"}, {"y": "254", "x": "79"}, {"y": "250", "x": "83"}, {"y": "247", "x": "87"}, {"y": "244", "x": "91"}, {"y": "241", "x": "94"}, {"y": "238", "x": "98"}, {"y": "234", "x": "102"}, {"y": "234", "x": "102"}, {"y": "234", "x": "102"}, {"y": "231", "x": "105"}, {"y": "228", "x": "108"}, {"y": "225", "x": "112"}, {"y": "222", "x": "115"}, {"y": "218", "x": "118"}, {"y": "215", "x": "121"}, {"y": "212", "x": "124"}, {"y": "209", "x": "128"}, {"y": "205", "x": "131"}, {"y": "202", "x": "134"}, {"y": "199", "x": "137"}, {"y": "196", "x": "140"}, {"y": "193", "x": "143"}, {"y": "189", "x": "147"}, {"y": "186", "x": "150"}, {"y": "183", "x": "153"}, {"y": "180", "x": "156"}, {"y": "177", "x": "159"}, {"y": "173", "x": "163"}, {"y": "170", "x": "166"}, {"y": "167", "x": "169"}, {"y": "164", "x": "172"}, {"y": "161", "x": "175"}, {"y": "161", "x": "175"}, {"y": "161", "x": "175"}, {"y": "157", "x": "178"}, {"y": "154", "x": "180"}, {"y": "151", "x": "182"}, {"y": "148", "x": "185"}, {"y": "144", "x": "187"}, {"y": "141", "x": "189"}, {"y": "138", "x": "192"}, {"y": "135", "x": "194"}, {"y": "132", "x": "196"}, {"y": "128", "x": "198"}, {"y": "125", "x": "201"}, {"y": "122", "x": "203"}, {"y": "119", "x": "205"}, {"y": "116", "x": "208"}, {"y": "112", "x": "210"}, {"y": "109", "x": "212"}, {"y": "106", "x": "215"}, {"y": "103", "x": "217"}, {"y": "100", "x": "219"}, {"y": "96", "x": "222"}, {"y": "96", "x": "222"}, {"y": "93", "x": "223"}, {"y": "90", "x": "224"}, {"y": "87", "x": "225"}, {"y": "84", "x": "226"}, {"y": "81", "x": "227"}, {"y": "77", "x": "228"}, {"y": "74", "x": "229"}, {"y": "71", "x": "230"}, {"y": "68", "x": "231"}, {"y": "65", "x": "232"}, {"y": "61", "x": "233"}, {"y": "58", "x": "234"}, {"y": "55", "x": "235"}, {"y": "52", "x": "236"}, {"y": "49", "x": "237"}, {"y": "46", "x": "238"}, {"y": "42", "x": "239"}, {"y": "39", "x": "241"}, {"y": "36", "x": "242"}, {"y": "33", "x": "243"}, {"y": "30", "x": "244"}, {"y": "26", "x": "245"}, {"y": "23", "x": "246"}, {"y": "20", "x": "247"}, {"y": "20", "x": "247"}], [{"y": "1", "x": "488"}, {"y": "1", "x": "488"}, {"y": "4", "x": "491"}, {"y": "7", "x": "493"}, {"y": "11", "x": "496"}, {"y": "14", "x": "498"}, {"y": "17", "x": "500"}, {"y": "20", "x": "503"}, {"y": "24", "x": "505"}, {"y": "27", "x": "507"}, {"y": "30", "x": "510"}, {"y": "33", "x": "512"}, {"y": "37", "x": "514"}, {"y": "40", "x": "517"}, {"y": "43", "x": "519"}, {"y": "46", "x": "522"}, {"y": "49", "x": "523"}, {"y": "53", "x": "525"}, {"y": "56", "x": "526"}, {"y": "59", "x": "528"}, {"y": "63", "x": "530"}, {"y": "66", "x": "531"}, {"y": "69", "x": "533"}, {"y": "72", "x": "535"}, {"y": "76", "x": "536"}, {"y": "79", "x": "538"}, {"y": "82", "x": "540"}, {"y": "86", "x": "541"}, {"y": "89", "x": "543"}, {"y": "92", "x": "544"}, {"y": "95", "x": "546"}, {"y": "99", "x": "548"}, {"y": "102", "x": "549"}, {"y": "105", "x": "551"}, {"y": "109", "x": "553"}, {"y": "112", "x": "554"}, {"y": "115", "x": "556"}, {"y": "115", "x": "556"}, {"y": "115", "x": "556"}, {"y": "118", "x": "557"}, {"y": "121", "x": "558"}, {"y": "125", "x": "559"}, {"y": "128", "x": "561"}, {"y": "131", "x": "562"}, {"y": "134", "x": "563"}, {"y": "137", "x": "564"}, {"y": "140", "x": "566"}, {"y": "143", "x": "567"}, {"y": "147", "x": "568"}, {"y": "150", "x": "569"}, {"y": "153", "x": "570"}, {"y": "156", "x": "572"}, {"y": "159", "x": "573"}, {"y": "162", "x": "574"}, {"y": "165", "x": "575"}, {"y": "169", "x": "576"}, {"y": "172", "x": "578"}, {"y": "175", "x": "579"}, {"y": "178", "x": "580"}, {"y": "181", "x": "581"}, {"y": "184", "x": "582"}, {"y": "187", "x": "584"}, {"y": "191", "x": "585"}, {"y": "194", "x": "586"}, {"y": "197", "x": "587"}, {"y": "200", "x": "589"}, {"y": "203", "x": "590"}, {"y": "206", "x": "591"}, {"y": "206", "x": "591"}, {"y": "206", "x": "591"}, {"y": "209", "x": "591"}, {"y": "212", "x": "592"}, {"y": "216", "x": "592"}, {"y": "219", "x": "593"}, {"y": "222", "x": "594"}, {"y": "225", "x": "594"}, {"y": "228", "x": "595"}, {"y": "231", "x": "595"}, {"y": "234", "x": "596"}, {"y": "237", "x": "596"}, {"y": "240", "x": "597"}, {"y": "244", "x": "597"}, {"y": "247", "x": "598"}, {"y": "250", "x": "598"}, {"y": "253", "x": "599"}, {"y": "256", "x": "599"}, {"y": "259", "x": "600"}, {"y": "262", "x": "600"}, {"y": "265", "x": "601"}, {"y": "268", "x": "601"}, {"y": "271", "x": "602"}, {"y": "275", "x": "602"}, {"y": "278", "x": "603"}, {"y": "281", "x": "603"}, {"y": "284", "x": "604"}, {"y": "287", "x": "604"}, {"y": "290", "x": "605"}, {"y": "293", "x": "606"}, {"y": "296", "x": "606"}, {"y": "299", "x": "607"}, {"y": "303", "x": "607"}, {"y": "306", "x": "608"}, {"y": "309", "x": "608"}, {"y": "312", "x": "609"}, {"y": "315", "x": "609"}, {"y": "318", "x": "610"}, {"y": "321", "x": "610"}, {"y": "324", "x": "611"}, {"y": "327", "x": "611"}, {"y": "331", "x": "612"}, {"y": "334", "x": "612"}, {"y": "337", "x": "613"}, {"y": "340", "x": "613"}, {"y": "343", "x": "614"}, {"y": "346", "x": "614"}, {"y": "349", "x": "615"}, {"y": "352", "x": "615"}, {"y": "355", "x": "616"}, {"y": "359", "x": "616"}, {"y": "359", "x": "617"}]]}