{"Lines": [[{"y": "1", "x": "422"}, {"y": "1", "x": "422"}, {"y": "4", "x": "424"}, {"y": "7", "x": "425"}, {"y": "10", "x": "427"}, {"y": "14", "x": "428"}, {"y": "17", "x": "429"}, {"y": "20", "x": "431"}, {"y": "23", "x": "432"}, {"y": "26", "x": "434"}, {"y": "29", "x": "435"}, {"y": "32", "x": "436"}, {"y": "35", "x": "438"}, {"y": "38", "x": "439"}, {"y": "41", "x": "441"}, {"y": "44", "x": "442"}, {"y": "47", "x": "443"}, {"y": "50", "x": "445"}, {"y": "53", "x": "446"}, {"y": "56", "x": "447"}, {"y": "59", "x": "449"}, {"y": "62", "x": "450"}, {"y": "66", "x": "452"}, {"y": "69", "x": "453"}, {"y": "72", "x": "454"}, {"y": "75", "x": "456"}, {"y": "78", "x": "457"}, {"y": "81", "x": "459"}, {"y": "84", "x": "460"}, {"y": "87", "x": "461"}, {"y": "90", "x": "463"}, {"y": "93", "x": "464"}, {"y": "96", "x": "466"}, {"y": "99", "x": "467"}, {"y": "102", "x": "468"}, {"y": "105", "x": "470"}, {"y": "108", "x": "471"}, {"y": "111", "x": "473"}, {"y": "114", "x": "474"}, {"y": "118", "x": "475"}, {"y": "121", "x": "477"}, {"y": "124", "x": "478"}, {"y": "127", "x": "480"}, {"y": "130", "x": "481"}, {"y": "133", "x": "482"}, {"y": "136", "x": "484"}, {"y": "139", "x": "485"}, {"y": "142", "x": "487"}, {"y": "145", "x": "488"}, {"y": "148", "x": "489"}, {"y": "151", "x": "491"}, {"y": "154", "x": "492"}, {"y": "157", "x": "494"}, {"y": "160", "x": "495"}, {"y": "163", "x": "496"}, {"y": "166", "x": "498"}, {"y": "169", "x": "499"}, {"y": "173", "x": "501"}, {"y": "176", "x": "502"}, {"y": "176", "x": "502"}, {"y": "176", "x": "502"}, {"y": "179", "x": "503"}, {"y": "182", "x": "505"}, {"y": "185", "x": "506"}, {"y": "188", "x": "508"}, {"y": "191", "x": "509"}, {"y": "194", "x": "510"}, {"y": "197", "x": "512"}, {"y": "200", "x": "513"}, {"y": "204", "x": "515"}, {"y": "207", "x": "516"}, {"y": "210", "x": "518"}, {"y": "213", "x": "519"}, {"y": "216", "x": "520"}, {"y": "219", "x": "522"}, {"y": "222", "x": "523"}, {"y": "225", "x": "525"}, {"y": "228", "x": "526"}, {"y": "231", "x": "527"}, {"y": "235", "x": "529"}, {"y": "238", "x": "530"}, {"y": "241", "x": "532"}, {"y": "244", "x": "533"}, {"y": "247", "x": "535"}, {"y": "250", "x": "536"}, {"y": "253", "x": "537"}, {"y": "256", "x": "539"}, {"y": "259", "x": "540"}, {"y": "262", "x": "542"}, {"y": "266", "x": "543"}, {"y": "269", "x": "544"}, {"y": "272", "x": "546"}, {"y": "275", "x": "547"}, {"y": "278", "x": "549"}, {"y": "281", "x": "550"}, {"y": "284", "x": "552"}, {"y": "287", "x": "553"}, {"y": "290", "x": "554"}, {"y": "293", "x": "556"}, {"y": "297", "x": "557"}, {"y": "300", "x": "559"}, {"y": "303", "x": "560"}, {"y": "306", "x": "561"}, {"y": "309", "x": "563"}, {"y": "312", "x": "564"}, {"y": "315", "x": "566"}, {"y": "318", "x": "567"}, {"y": "321", "x": "569"}, {"y": "324", "x": "570"}, {"y": "328", "x": "571"}, {"y": "331", "x": "573"}, {"y": "334", "x": "574"}, {"y": "337", "x": "576"}, {"y": "340", "x": "577"}, {"y": "343", "x": "578"}, {"y": "346", "x": "580"}, {"y": "349", "x": "581"}, {"y": "352", "x": "583"}, {"y": "355", "x": "584"}, {"y": "359", "x": "585"}, {"y": "359", "x": "586"}], [{"y": "338", "x": "3"}, {"y": "338", "x": "3"}, {"y": "335", "x": "5"}, {"y": "331", "x": "7"}, {"y": "328", "x": "8"}, {"y": "325", "x": "10"}, {"y": "322", "x": "12"}, {"y": "319", "x": "13"}, {"y": "316", "x": "15"}, {"y": "313", "x": "17"}, {"y": "310", "x": "18"}, {"y": "307", "x": "20"}, {"y": "304", "x": "22"}, {"y": "300", "x": "23"}, {"y": "297", "x": "25"}, {"y": "294", "x": "27"}, {"y": "291", "x": "28"}, {"y": "288", "x": "30"}, {"y": "285", "x": "32"}, {"y": "282", "x": "33"}, {"y": "279", "x": "35"}, {"y": "276", "x": "37"}, {"y": "272", "x": "38"}, {"y": "269", "x": "40"}, {"y": "266", "x": "42"}, {"y": "263", "x": "43"}, {"y": "260", "x": "45"}, {"y": "257", "x": "47"}, {"y": "254", "x": "48"}, {"y": "251", "x": "50"}, {"y": "248", "x": "52"}, {"y": "245", "x": "53"}, {"y": "241", "x": "55"}, {"y": "238", "x": "57"}, {"y": "235", "x": "58"}, {"y": "232", "x": "60"}, {"y": "229", "x": "62"}, {"y": "226", "x": "63"}, {"y": "223", "x": "65"}, {"y": "220", "x": "67"}, {"y": "217", "x": "68"}, {"y": "214", "x": "70"}, {"y": "210", "x": "72"}, {"y": "207", "x": "74"}, {"y": "204", "x": "75"}, {"y": "201", "x": "77"}, {"y": "198", "x": "79"}, {"y": "195", "x": "80"}, {"y": "192", "x": "82"}, {"y": "189", "x": "84"}, {"y": "186", "x": "85"}, {"y": "182", "x": "87"}, {"y": "179", "x": "89"}, {"y": "176", "x": "90"}, {"y": "173", "x": "92"}, {"y": "170", "x": "94"}, {"y": "167", "x": "95"}, {"y": "164", "x": "97"}, {"y": "161", "x": "99"}, {"y": "158", "x": "100"}, {"y": "158", "x": "100"}, {"y": "155", "x": "102"}, {"y": "151", "x": "103"}, {"y": "148", "x": "105"}, {"y": "145", "x": "106"}, {"y": "142", "x": "108"}, {"y": "139", "x": "109"}, {"y": "136", "x": "111"}, {"y": "133", "x": "112"}, {"y": "130", "x": "113"}, {"y": "127", "x": "115"}, {"y": "124", "x": "116"}, {"y": "121", "x": "118"}, {"y": "117", "x": "119"}, {"y": "114", "x": "121"}, {"y": "111", "x": "122"}, {"y": "108", "x": "124"}, {"y": "105", "x": "125"}, {"y": "102", "x": "127"}, {"y": "99", "x": "128"}, {"y": "96", "x": "130"}, {"y": "93", "x": "131"}, {"y": "90", "x": "132"}, {"y": "86", "x": "134"}, {"y": "83", "x": "135"}, {"y": "80", "x": "137"}, {"y": "77", "x": "138"}, {"y": "74", "x": "140"}, {"y": "71", "x": "141"}, {"y": "68", "x": "143"}, {"y": "65", "x": "144"}, {"y": "62", "x": "146"}, {"y": "59", "x": "147"}, {"y": "55", "x": "149"}, {"y": "52", "x": "150"}, {"y": "49", "x": "152"}, {"y": "46", "x": "153"}, {"y": "46", "x": "153"}, {"y": "43", "x": "153"}, {"y": "40", "x": "154"}, {"y": "36", "x": "154"}, {"y": "33", "x": "155"}, {"y": "30", "x": "155"}, {"y": "27", "x": "156"}, {"y": "23", "x": "156"}, {"y": "20", "x": "157"}, {"y": "17", "x": "157"}, {"y": "14", "x": "158"}, {"y": "10", "x": "158"}, {"y": "7", "x": "159"}, {"y": "4", "x": "159"}, {"y": "1", "x": "160"}]]}