{"Lines": [[{"y": "357", "x": "22"}, {"y": "357", "x": "22"}, {"y": "354", "x": "23"}, {"y": "351", "x": "25"}, {"y": "348", "x": "26"}, {"y": "345", "x": "28"}, {"y": "342", "x": "29"}, {"y": "339", "x": "31"}, {"y": "336", "x": "33"}, {"y": "333", "x": "34"}, {"y": "330", "x": "36"}, {"y": "327", "x": "37"}, {"y": "324", "x": "39"}, {"y": "321", "x": "41"}, {"y": "318", "x": "42"}, {"y": "315", "x": "44"}, {"y": "311", "x": "45"}, {"y": "308", "x": "47"}, {"y": "305", "x": "49"}, {"y": "302", "x": "50"}, {"y": "299", "x": "52"}, {"y": "296", "x": "53"}, {"y": "293", "x": "55"}, {"y": "290", "x": "56"}, {"y": "287", "x": "58"}, {"y": "284", "x": "60"}, {"y": "281", "x": "61"}, {"y": "278", "x": "63"}, {"y": "275", "x": "64"}, {"y": "272", "x": "66"}, {"y": "269", "x": "68"}, {"y": "266", "x": "69"}, {"y": "263", "x": "71"}, {"y": "260", "x": "72"}, {"y": "257", "x": "74"}, {"y": "253", "x": "76"}, {"y": "250", "x": "77"}, {"y": "247", "x": "79"}, {"y": "244", "x": "80"}, {"y": "241", "x": "82"}, {"y": "238", "x": "83"}, {"y": "235", "x": "85"}, {"y": "232", "x": "87"}, {"y": "229", "x": "88"}, {"y": "226", "x": "90"}, {"y": "223", "x": "91"}, {"y": "220", "x": "93"}, {"y": "217", "x": "95"}, {"y": "214", "x": "96"}, {"y": "211", "x": "98"}, {"y": "208", "x": "99"}, {"y": "205", "x": "101"}, {"y": "202", "x": "103"}, {"y": "199", "x": "104"}, {"y": "196", "x": "106"}, {"y": "192", "x": "107"}, {"y": "189", "x": "109"}, {"y": "186", "x": "110"}, {"y": "183", "x": "112"}, {"y": "180", "x": "114"}, {"y": "177", "x": "115"}, {"y": "174", "x": "117"}, {"y": "171", "x": "118"}, {"y": "168", "x": "120"}, {"y": "165", "x": "122"}, {"y": "162", "x": "123"}, {"y": "159", "x": "125"}, {"y": "156", "x": "126"}, {"y": "153", "x": "128"}, {"y": "150", "x": "130"}, {"y": "147", "x": "131"}, {"y": "144", "x": "133"}, {"y": "141", "x": "134"}, {"y": "138", "x": "136"}, {"y": "134", "x": "137"}, {"y": "131", "x": "139"}, {"y": "128", "x": "141"}, {"y": "125", "x": "142"}, {"y": "122", "x": "144"}, {"y": "119", "x": "145"}, {"y": "116", "x": "147"}, {"y": "113", "x": "149"}, {"y": "110", "x": "150"}, {"y": "107", "x": "152"}, {"y": "107", "x": "152"}, {"y": "107", "x": "152"}, {"y": "104", "x": "153"}, {"y": "101", "x": "155"}, {"y": "98", "x": "157"}, {"y": "94", "x": "158"}, {"y": "91", "x": "160"}, {"y": "88", "x": "161"}, {"y": "85", "x": "163"}, {"y": "82", "x": "165"}, {"y": "79", "x": "166"}, {"y": "75", "x": "168"}, {"y": "72", "x": "169"}, {"y": "69", "x": "171"}, {"y": "66", "x": "173"}, {"y": "63", "x": "174"}, {"y": "60", "x": "176"}, {"y": "56", "x": "178"}, {"y": "53", "x": "179"}, {"y": "50", "x": "181"}, {"y": "47", "x": "182"}, {"y": "44", "x": "184"}, {"y": "41", "x": "186"}, {"y": "37", "x": "187"}, {"y": "34", "x": "189"}, {"y": "31", "x": "190"}, {"y": "28", "x": "192"}, {"y": "25", "x": "194"}, {"y": "22", "x": "195"}, {"y": "18", "x": "197"}, {"y": "15", "x": "198"}, {"y": "12", "x": "200"}, {"y": "9", "x": "202"}, {"y": "6", "x": "203"}, {"y": "3", "x": "205"}, {"y": "0", "x": "206"}, {"y": "0", "x": "207"}], [{"y": "1", "x": "447"}, {"y": "1", "x": "447"}, {"y": "4", "x": "448"}, {"y": "7", "x": "450"}, {"y": "10", "x": "452"}, {"y": "13", "x": "453"}, {"y": "16", "x": "455"}, {"y": "19", "x": "456"}, {"y": "22", "x": "458"}, {"y": "25", "x": "460"}, {"y": "28", "x": "461"}, {"y": "32", "x": "463"}, {"y": "35", "x": "464"}, {"y": "38", "x": "466"}, {"y": "41", "x": "468"}, {"y": "44", "x": "469"}, {"y": "47", "x": "471"}, {"y": "50", "x": "472"}, {"y": "53", "x": "474"}, {"y": "56", "x": "476"}, {"y": "59", "x": "477"}, {"y": "63", "x": "479"}, {"y": "66", "x": "480"}, {"y": "69", "x": "482"}, {"y": "72", "x": "483"}, {"y": "75", "x": "485"}, {"y": "78", "x": "487"}, {"y": "81", "x": "488"}, {"y": "84", "x": "490"}, {"y": "87", "x": "491"}, {"y": "91", "x": "493"}, {"y": "94", "x": "495"}, {"y": "97", "x": "496"}, {"y": "100", "x": "498"}, {"y": "103", "x": "499"}, {"y": "106", "x": "501"}, {"y": "109", "x": "503"}, {"y": "112", "x": "504"}, {"y": "115", "x": "506"}, {"y": "118", "x": "507"}, {"y": "122", "x": "509"}, {"y": "125", "x": "511"}, {"y": "128", "x": "512"}, {"y": "131", "x": "514"}, {"y": "134", "x": "515"}, {"y": "137", "x": "517"}, {"y": "140", "x": "519"}, {"y": "143", "x": "520"}, {"y": "146", "x": "522"}, {"y": "150", "x": "523"}, {"y": "153", "x": "525"}, {"y": "156", "x": "526"}, {"y": "159", "x": "528"}, {"y": "159", "x": "528"}, {"y": "159", "x": "528"}, {"y": "162", "x": "530"}, {"y": "165", "x": "531"}, {"y": "168", "x": "532"}, {"y": "171", "x": "534"}, {"y": "174", "x": "535"}, {"y": "177", "x": "537"}, {"y": "180", "x": "538"}, {"y": "183", "x": "540"}, {"y": "187", "x": "541"}, {"y": "190", "x": "543"}, {"y": "193", "x": "544"}, {"y": "196", "x": "546"}, {"y": "199", "x": "547"}, {"y": "202", "x": "549"}, {"y": "205", "x": "550"}, {"y": "208", "x": "552"}, {"y": "211", "x": "553"}, {"y": "214", "x": "554"}, {"y": "217", "x": "556"}, {"y": "220", "x": "557"}, {"y": "223", "x": "559"}, {"y": "226", "x": "560"}, {"y": "230", "x": "562"}, {"y": "233", "x": "563"}, {"y": "236", "x": "565"}, {"y": "239", "x": "566"}, {"y": "242", "x": "568"}, {"y": "245", "x": "569"}, {"y": "248", "x": "571"}, {"y": "251", "x": "572"}, {"y": "254", "x": "574"}, {"y": "257", "x": "575"}, {"y": "260", "x": "577"}, {"y": "263", "x": "578"}, {"y": "266", "x": "579"}, {"y": "269", "x": "581"}, {"y": "273", "x": "582"}, {"y": "276", "x": "584"}, {"y": "279", "x": "585"}, {"y": "282", "x": "587"}, {"y": "285", "x": "588"}, {"y": "288", "x": "590"}, {"y": "291", "x": "591"}, {"y": "294", "x": "593"}, {"y": "297", "x": "594"}, {"y": "300", "x": "596"}, {"y": "303", "x": "597"}, {"y": "306", "x": "599"}, {"y": "309", "x": "600"}, {"y": "312", "x": "601"}, {"y": "316", "x": "603"}, {"y": "319", "x": "604"}, {"y": "322", "x": "606"}, {"y": "325", "x": "607"}, {"y": "328", "x": "609"}, {"y": "331", "x": "610"}, {"y": "334", "x": "612"}, {"y": "337", "x": "613"}, {"y": "340", "x": "615"}, {"y": "343", "x": "616"}, {"y": "346", "x": "618"}, {"y": "349", "x": "619"}, {"y": "352", "x": "621"}, {"y": "355", "x": "622"}, {"y": "359", "x": "624"}, {"y": "359", "x": "624"}]]}